customer_id,first_name,last_name,email,phone,city,country,registration_date,marketing_opt_in
WC000001,Fay,Otto,thijn94@example.org,(024)-3254198,Achtmaal,Belgium,2024-06-01,Yes
WC000002,Koen,Meis,joeyhoogers@example.net,043-1402327,Neerijnen,Germany,2025-02-05,Yes
WC000003,Isa,Mansvelt,lois95@example.net,068 2615699,Sellingen,Belgium,2024-02-14,No
WC000004,Lisanne,Kolen,puk59@example.org,(028) 6192770,Molkwerum,France,2023-10-07,Yes
WC000005,Ali,Evers,jinthe91@example.com,+31(0)097 882653,Haghorst,Belgium,2025-04-24,Yes
WC000006,Mohamed,van der Maath,van-ghoerlemette@example.com,(035)-4074399,Stad aan 't Haringvliet,France,2024-06-11,No
WC000007,Lieke,van Leeuwen,billungzakaria@example.com,+31882 012303,Liempde,Belgium,2024-04-29,Yes
WC000008,Sienna,le Briel,daan64@example.org,0640 486746,Finsterwolde,Germany,2026-05-22,No
WC000009,Nathan,Kwaadland,kaylee82@example.com,+3123-9723486,Eagum,France,2025-07-22,No
WC000010,Marit,Verheij,pslagmolen@example.com,(076)-4005722,Loosdrecht,France,2024-04-22,Yes
WC000011,Maartje,Stettyn,lunaserra@example.com,(0215)-139782,Beerzerveld,Belgium,2024-11-24,No
WC000012,Maurits,VI,beau13@example.org,+31(0)53-4551399,Oosternieland,France,2024-07-24,Yes
WC000013,Rik,Post,manneesmee@example.net,+31(0)219-141809,Harmelen,France,2025-01-28,Yes
WC000014,Laura,Dubois,nde-boer@example.org,+31(0)83 9583317,Nieuwerkerk,Netherlands,2025-02-11,No
WC000015,Lara,van Bentheim,noa03@example.net,(0459) 567409,Wolvega,Belgium,2024-02-18,No
WC000016,Felix,Huijben,van-den-veldesenna@example.org,0710 976368,Elst Ut,Netherlands,2025-09-22,No
WC000017,Nadia,de Werd,hvos@example.org,+31421 903104,Helden,Germany,2024-10-19,Yes
WC000018,Ali,Nieuwstraten,hollanderryan@example.com,0722-348181,Kootwijkerbroek,Netherlands,2023-08-26,No
WC000019,David,Berends,van-bovenejohannes@example.org,+31(0)872 629801,Steenenkamer,Germany,2025-04-22,No
WC000020,Norah,Lamotte,matshemma-van-allemanie@example.net,+31(0)85-2993844,Sevenum,Germany,2024-12-01,Yes
WC000021,Mohammed,Diesbergen,kim53@example.com,0511-511621,Herwen,France,2023-12-03,Yes
WC000022,Kate,van Dijk,yvan-dommelen@example.com,(009)-6233985,Maarsbergen,Belgium,2024-04-17,Yes
WC000023,Olivier,Brumleve,joel00@example.com,070-0018430,Wouw,France,2025-01-18,No
WC000024,Quinn,van Boven,alyssastamrood@example.net,016-7626901,Margraten,Netherlands,2024-10-17,No
WC000025,Feline,van Embden,van-der-spaendoncjoost@example.com,+31672-901093,Odoornerveen,France,2024-02-25,No
WC000026,  Annabel  ,Le Grand,gellemeyerayden@example.org,+31(0)033-311816,Lutjewinkel,Belgium,2023-11-03,Yes
WC000027,Tim,van Laarhoven,qvan-der-pluijm@example.net,+31(0)493 905970,Wirdum Gn,Germany,2024-05-25,No
WC000028,Daniel,Vink,svan-enschot@example.com,095-1292245,Slappeterp,France,2024-07-13,No
WC000029,Joost,Jacobs,rlathrope@example.net,+31306-947145,Heerjansdam,France,2026-04-24,Yes
WC000030,Hanna,Slagmolen,aydenmulder@example.org,(038) 7977769,Zieuwent,Germany,2024-04-09,Yes
WC000031,Lina,Huberts,wjanssens@example.com,014-5698267,Westknollendam,Germany,2024-08-11,Yes
WC000032,Bart,van den Pol,kimvan-den-eerenbeemt@example.org,+31328-214983,Schuinesloot,Belgium,2026-04-21,Yes
WC000033,Louise,Kalman,zneuzerling@example.org,0003 976644,Keijenborg,Germany,2023-11-15,No
WC000034,Amira,van Beek,cornelissenesmee@example.com,(015)-2674062,Wijk bij Duurstede,Germany,2024-04-09,Yes
WC000035,Nikki,Lorreijn,sepp59@example.org,0012-172588,Beutenaken,Netherlands,2024-02-18,Yes
WC000036,Naud,Vial,maarten44@example.net,(0331) 101296,Elspeet,Belgium,2025-06-08,Yes
WC000037,Liv,Hekker,neuteboomlisa@example.org,090 4984483,Gameren,Belgium,2025-02-05,No
WC000038,David,Schuurmans,ecrin58@example.org,+31297-825535,Folsgare,France,2025-09-21,Yes
WC000039,Valentijn,van der Kint,ivan-poppel@example.net,+31687 960390,Houtigehage,Germany,2025-02-14,No
WC000040,Jip,Rouwhorst,hofmanjurre@example.org,+3121 8806308,Halle,Germany,2024-05-15,No
WC000041,Kian,Maaswinkel,cboudewijns@example.net,+3137 9350375,Wetering,France,2024-10-22,No
WC000042,James,Nedermeijer,tielemanschris@example.com,(0088)-285813,De Wilp,Netherlands,2025-08-11,No
WC000043,Twan,Woutersz,sennalieshout@example.com,+31242-679988,Smakt,Germany,2025-05-26,Yes
WC000044,Stef,van Voorst,alicia96@example.net,+31690 293349,De Cocksdorp,Germany,2023-12-09,Yes
WC000045,Fay,Boetet,beratvan-boven@example.com,0092-082907,Nieuwland,Belgium,2025-10-01,No
WC000046,Kate,Karels,scardinoxavi@example.com,0385 202351,Lichtenvoorde,Belgium,2026-02-24,Yes
WC000047,Jurre,van Mispelen,sophievink@example.org,(069)-5406022,Eerbeek,Belgium,2025-12-17,Yes
WC000048,Noah,Prins,nadine80@example.org,0623-667626,Echteld,Netherlands,2025-12-24,Yes
WC000049,Quinn,Ramaker,mike13@example.com,+31(0)21 6610484,Harich,Germany,2025-12-07,Yes
WC000050,Rayan,Mathol,melissa37@example.net,(0326) 009575,Amsterdam-Duivendrecht,Belgium,2025-12-02,No
WC000051,Raf,le Gulcher,overdijkcornelis@example.net,0909-617517,Tolkamer,Belgium,2023-09-18,Yes
WC000052,Isabelle,van Ochten,nielsschulten@example.org,0848 386449,Easterwierrum,Belgium,2024-11-02,Yes
WC000053,Tess,van Nes,van-wickerodetirza@example.net,+3183 0123852,Beerzerveld,Belgium,2024-06-04,No
WC000054,Owen,Sas,inaya00@example.net,(0356)-414905,Ouderkerk aan de Amstel,France,2023-12-13,Yes
WC000055,Jesper,van der Heijden,wunruoch-hunerik@example.net,(0291) 331560,Nijlande,Germany,2024-01-17,No
WC000056,Thom,Mahieu,mart65@example.org,0419-324125,Niekerk,France,2025-07-31,No
WC000057,David,de Bruin,jimkirpenstein@example.com,+31018 696495,Sebaldeburen,Netherlands,2025-04-19,Yes
WC000058,Sophie,van der Loo,svan-velzen@example.net,(0186) 389830,Vlagtwedde,Germany,2024-04-20,No
WC000059,Nova,le Briel,imkevan-de-velde@example.net,+31(0)631 362739,Sintjohannesga,Netherlands,2026-07-16,No
WC000060,Linn,Vos,vigo44@example.org,+31(0)40-7468753,Den Ham,Germany,2024-01-13,Yes
WC000061,Dylan,Moenen,bveenendaal@example.com,(0462)-839048,Meliskerke,Germany,2024-05-03,Yes
WC000062,Floor,Barents,lindsey77@example.com,(0438) 469287,Weert,Netherlands,2025-10-26,Yes
WC000063,Thijn,Cadefau,@retailmart.com,+31(0)56 8917634,Moerstraten,Germany,2023-08-05,No
WC000064,Wouter,van der Steen,jakedie-witte@example.net,068-4307348,de Hoef,Belgium,2024-11-14,No
WC000065,Megan,van der Loo,annabelvan-mook@example.org,0233-469964,De Schiphorst,France,2026-03-16,No
WC000066,Zeynep,van Duyvenvoorde,yfkerehorst@example.org,+31(0)175 780550,Kloetinge,France,2025-08-28,No
WC000067,Maria,Hehl,umuller@example.com,+31411-848959,Bitgum,France,2025-02-19,No
WC000068,Daniël,van den Velden,kaylee11@example.com,(069) 8066122,Akmarijp,Netherlands,2024-12-23,No
WC000069,Sam,van Wickerode,jannahexspoor@example.net,+31(0)39-7248067,Wittem,Belgium,2023-10-16,No
WC000070,Sarah,van Suinvorde,hendriksesam@example.com,0230 054370,Dalerveen,Belgium,2023-11-25,No
WC000071,Zoë,van den Bosch,emilyvan-veen@example.org,+31(0)358 094399,Amerongen,Netherlands,2026-01-14,No
WC000072,Yfke,Gervais,van-northeimhidde@example.org,(0374) 867482,Steggerda,Netherlands,2024-09-09,Yes
WC000073,Sander,Lansink,lvan-gelder@example.com,(0150) 219481,Vlaardingen,Netherlands,2023-12-06,Yes
WC000074,Amira,Vertoor,pratttom@example.org,(0759) 055667,Gendringen,Belgium,2026-04-10,Yes
WC000075,Jayson,van Luxemburg,kdijkman@example.com,0479 474146,Vaals,Belgium,2024-10-03,Yes
WC000076,Nathan,de Grote,arthurhuls@example.com,+31(0)136 914904,Lemele,Germany,2024-04-30,No
WC000077,Naud,Jacquot,tomhermans@example.com,+31487 390625,Hantum,France,2024-11-24,Yes
WC000078,Felix,Wilson,van-schweinfurtjens@example.org,+31(0)24-2654831,Velserbroek,France,2023-09-21,Yes
WC000079,Sanne,Vertoor,sepp86@example.org,(0925)-666653,Son en Breugel,Germany,2025-02-25,No
WC000080,Luke,Kuit,kick74@example.org,+31(0)52 5832932,Varsseveld,Belgium,2025-10-07,Yes
WC000081,Ian,van Parijs,bresejulia@example.org,(043)-4029552,Hooge Zwaluwe,Belgium,2024-09-18,Yes
WC000082,Dewi,van Allemanië,jasper12@example.com,012-0461851,Zevenbergen,Netherlands,2025-06-15,Yes
WC000083,Mark,Winters,mbrievingh@example.org,(0931)-234632,Marle,France,2023-08-04,No
WC000084,Elin,Marchand,rvan-ham@example.net,+31(0)814-900993,Sint Geertruid,Germany,2025-07-02,Yes
WC000085,Pippa,Osterhoudt,cvan-der-schuijt@example.org,(0680) 425504,Kloosterhaar,France,2024-05-27,No
WC000086,Micha,Aertsz,dcammel@example.org,+3122 0901859,Minnertsga,Germany,2023-08-21,No
WC000087,Roos,Verhoeven,elinepauwels@example.com,048 1196853,Grave,Belgium,2026-02-14,Yes
WC000088,Julia,Broeckx,zvan-asten@example.com,+31(0)910-932998,Jellum,Belgium,2024-10-21,No
WC000089,Eline,Heymans,de-bruijnloek@example.org,+31041-494791,Schinveld,Belgium,2024-06-10,No
WC000090,Adriana,Arts,aiden63@example.org,+31783 355154,Steyl,Belgium,2025-06-12,Yes
WC000091,Wout,Zijlmans,livvan-der-heijden@example.com,+31796 120102,Wijlre,Belgium,2023-11-07,No
WC000092,Amir,Knuf,ketellieve@example.com,(0287)-368920,Nijensleek,Belgium,2025-11-09,No
WC000093,Pepijn,de Backer,berat40@example.com,0518 261737,Hornhuizen,Belgium,2026-03-17,Yes
WC000094,Adam,Walter,slagmolenkevin@example.org,0612 591951,Hulsel,Belgium,2026-02-19,Yes
WC000095,Lena,van Veen,mvan-klaarwater@example.net,099 0470040,Okkenbroek,Netherlands,2025-08-24,Yes
WC000096,Senna,van Leeuwen,wklerks@example.net,0611 444824,Ospel,Netherlands,2024-02-01,Yes
WC000097,Joshua,Lemmens,robinkoret@example.org,(0117)-165736,Domburg,Germany,2026-05-25,Yes
WC000098,Jesper,Peeters,lana16@example.net,+31339-190556,Wilsum,Belgium,2025-07-06,Yes
WC000099,Maja,van Parijs,lizhekker@example.com,+31(0)47-7027142,Beerze,France,2025-05-12,Yes
WC000100,Tijs,Overeem,noortje62@example.org,(022)-9085822,Klundert,Netherlands,2025-01-14,Yes
WC000101,Ise,Goderts,ayden29@example.net,+3177 6822465,Aalten,Netherlands,2024-06-26,Yes
WC000102,Anne,Reimes,tessavan-allemanie@example.com,0776 250882,Tynaarlo,Netherlands,2023-08-23,Yes
WC000103,Laurens,Beourgeois,kim80@example.net,+3130 6676935,Moerdijk,Germany,2025-09-22,Yes
WC000104,Mirte,van der Pol,mika56@example.org,+3196 2987399,Aagtekerke,Germany,2025-01-13,No
WC000105,Roan,Spiker,isabellade-la-fleche@example.com,(094)-6275434,Wetering,Germany,2025-05-12,Yes
WC000106,Quinten,Hoekstra,lizzvan-den-nuwenhijsen@example.org,0644 873899,Haskerdijken,Netherlands,2026-04-04,Yes
WC000107,Marit,Mathurin,eliasvan-der-maes@example.org,+31(0)43-5561665,Piershil,Netherlands,2024-06-29,Yes
WC000108,Jonathan,Timmermans,megan58@example.org,(0795)-573851,Wijster,France,2024-09-13,Yes
WC000109,Marijn,Mercks,chrisvan-enschot@example.org,(0985) 528875,Graft,Netherlands,2025-10-19,No
WC000110,Sebastiaan,Verbeek,bramweeldenburg@example.net,+31276 981505,Zuidlaren,Netherlands,2024-06-07,Yes
WC000111,Alyssa,Claesdr,wilsonnoah@example.com,(026)-1429288,De Falom,France,2023-09-23,Yes
WC000112,Hamza,Vermeulen,inayavan-der-leek@example.net,+31(0)69 3306396,Hulten,Netherlands,2024-09-28,No
WC000113,Faye,Nihoe,chrodtrudzeynep@example.com,+3125 7642136,Boesingheliede,France,2025-11-30,Yes
WC000114,Zakaria,van den Velden,ravi93@example.com,(0590) 652597,Liessel,Belgium,2024-11-03,No
WC000115,Bryan,Dijkstra,whelmerhorst@example.com,+31(0)54 2719758,Schettens,France,2024-11-23,No
WC000116,Jonas,Goedhart,loekde-vroege@example.com,(0895)-748755,Yerseke,Belgium,2024-12-05,No
WC000117,Zara,Eijkelboom,vierdaglinde@example.com,+3165-3273210,Aalsmeerderbrug,Netherlands,2024-04-27,No
WC000118,Demi,Genefaas,pippa98@example.com,017-8431807,Woudbloem,France,2024-12-18,No
WC000119,Bilal,Prins,wildschutdani@example.net,+3187 2306019,Rolde,Germany,2023-11-27,No
WC000120,Lucy,Huijzing,brian35@example.net,+3195 2180921,Amstenrade,France,2026-07-12,Yes
WC000121,Thijmen,Soos,hulshoutsphileine@example.org,0561-467253,Blaricum,Germany,2023-08-18,Yes
WC000122,Lara,van Dam,dberendse@example.com,+3163-6915548,Noordbroek,Netherlands,2025-11-10,No
WC000123,Angelina,van der Spaendonc,mschroeff@example.org,+31(0)34-0571505,Elp,Netherlands,2024-10-13,Yes
WC000124,Kiki,Michiels,ycosman@example.org,+3107 0378756,Terschuur,Germany,2026-03-22,No
WC000125,Eline,Adriaense,bvierdag@example.net,+31579 348274,Eppenhuizen,Netherlands,2026-07-02,No
WC000126,Jan,van Mare,lize92@example.net,+3164-4820124,Deest,Germany,2023-12-19,No
WC000127,Dewi,Neuzerling,bastiaensemegan@example.org,+3105 4223184,Veldhoven,France,2023-12-28,Yes
WC000128,Liz,Mol,azraroukes@example.org,+31(0)82-7285353,Pieterburen,France,2024-01-28,No
WC000129,Ibrahim,van de Klashorst,van-hamlynn@example.net,0192-532788,Zeewolde,Germany,2025-12-23,Yes
WC000130,Lukas,van Parijs,khekker@example.com,0674 271602,Heemstede,Belgium,2024-03-30,Yes
WC000131,Arthur,van Orleans,joelle10@example.com,+31591 380980,Dronten,Belgium,2024-05-30,No
WC000132,Hanna,Françoise,mirtheborman@example.net,070-5500605,Reitsum,Germany,2025-01-06,Yes
WC000133,Jip,van Nes,giel64@example.com,030-5690977,Diessen,Germany,2023-08-04,Yes
WC000134,Jan,Mathurin,xschrant@example.com,+31(0)72 9925277,Zenderen,Netherlands,2025-03-15,Yes
WC000135,Nathan,van Leeuwen,everdeoscar@example.net,+31(0)21-8677798,Terherne,France,2026-05-15,Yes
WC000136,Frederique,van der Veen,kayverschuere@example.org,+31(0)49-2821009,'s-Gravenzande,Germany,2025-05-13,No
WC000137,Frederique,van Geffen,molykan@example.com,0316 831282,Kinderdijk,France,2025-05-23,Yes
WC000138,Ecrin,Rotteveel,wde-gratie@example.org,+31(0)544 632408,Wormerveer,France,2026-05-01,No
WC000139,Wesley,Momberg,puck60@example.net,075-6374862,Dieren,Belgium,2024-01-12,Yes
WC000140,Nadine,Arens,van-gemertjoshua@example.com,+3169 8364652,Maasvlakte Rotterdam,Netherlands,2026-03-27,Yes
WC000141,Annabel,van Wassenaar,lotte38@example.com,(056) 1843419,Vessem,Netherlands,2024-11-03,Yes
WC000142,Stefan,de Werd,wilsonyusuf@example.net,050 2821036,Loozen,France,2025-10-25,Yes
WC000143,Dion,van Munster,jonas09@example.org,+31(0)787-458392,Burgwerd,Germany,2024-04-11,No
WC000144,Robin,Boer,van-maasgouwfatima@example.com,0440-042320,Smakt,France,2025-06-27,Yes
WC000145,Jayden,Ouwerkerk,giovanni14@example.net,(098) 8312629,Sibrandabuorren,Germany,2026-03-14,No
WC000146,Stan,Nollee,emir82@example.net,013 1813426,De Schiphorst,Belgium,2026-02-24,Yes
WC000147,Quinty,Robbrechts Bruijne,van-beeck-beeckmansdaniel@example.org,+3118-9298100,Roosteren,Germany,2025-08-14,No
WC000148,Elisa,Thout,rijksdylan@example.net,+31(0)43 8292513,Lieren,France,2026-04-03,No
WC000149,Charlotte,van de Darnau,helena39@example.org,0568-908729,Ouwerkerk,Germany,2024-10-17,Yes
WC000150,Lindsey,van Tuijl,oprins@example.net,(032) 0145507,Riel,France,2023-09-30,Yes
WC000151,Ninthe,Eckhardt,xtins@example.org,+31(0)76-0356917,Elshout,France,2026-05-17,No
WC000152,Noah,Ligtvoet,melissa70@example.com,(0061)-192180,Nieuw-Vossemeer,Belgium,2023-09-08,No
WC000153,Jaylinn,Kamp,amina84@example.org,+31(0)280-067829,Mariënberg,France,2025-08-24,No
WC000154,Aaron,Loep,tirzavan-gorp@example.org,(0654) 485860,Heelweg,France,2025-12-04,No
WC000155,Robin,Simons,kostenfenna@example.org,0623-127847,Oosternijkerk,France,2024-04-21,Yes
WC000156,Kyara,Geldens,smithannah@example.org,0800 412244,Escharen,Netherlands,2026-05-26,No
WC000157,Kian,Verbeek,thijmenslingerland@example.net,+31(0)312-788935,Obdam,Germany,2024-10-09,Yes
WC000158,Lynn,Beourgeois,jbruijne-van-der-veen@example.com,0785 803597,Oudendijk,France,2024-07-22,No
WC000159,Jorn,van den Berg,van-de-veenise@example.org,+31287 100467,Culemborg,France,2023-08-25,Yes
WC000160,Danique,Lafleur,kolenchloe@example.com,(0342)-226211,Made,Germany,2026-01-08,Yes
WC000161,Yassin,Heere,annerisma@example.com,+3153 3603582,Varsselder,Belgium,2024-08-13,No
WC000162,Fabiënne,Kisman,yberends@example.org,0907 750149,Marken,Germany,2025-01-10,No
WC000163,Eliza,Oennen,ceylinvan-der-linden@example.org,0673 576803,Deelen,Belgium,2024-04-13,Yes
WC000164,Luuk,Rijcken,bloemendaalfloris@example.com,(0320)-666598,Noordeinde Gld,Germany,2024-02-22,Yes
WC000165,Dylano,Hendriks,arentfloortje@example.com,+31970 873752,Oosthuizen,Netherlands,2024-06-30,Yes
WC000166,Fiene,Cornelissen,bpison@example.com,+3108 2116765,Lage Mierde,Germany,2024-04-07,Yes
WC000167,Mathijs,van Hamaland,frecer@example.org,+31615-799255,Heijenrath,France,2024-12-05,Yes
WC000168,Mila,van Gent,felixspiker@example.net,012 0111733,Wapse,Germany,2024-12-07,No
WC000169,Saar,Mercks,fedde15@example.org,(023)-8696356,Heukelum,Germany,2023-11-18,No
WC000170,Roos,Dachgelder,ceylin50@example.net,(002)-7117339,Wilbertoord,Netherlands,2024-12-30,Yes
WC000171,Mats,de Groot,johannesdijkstra@example.com,+31907 826432,Baaiduinen,France,2025-08-24,Yes
WC000172,Ian,Galenzone,colin14@example.org,+31(0)96 5018398,Katwoude,Germany,2025-11-16,No
WC000173,Collin,van de Coterlet,kian57@example.com,(0955)-528657,Nuth,Netherlands,2024-07-12,No
WC000174,Floris,Cornelissen,dekkerjan@example.org,0557 631961,Startenhuizen,Belgium,2026-07-31,No
WC000175,Stan,van Henegouwen,elif61@example.com,013-8149819,Greonterp,Belgium,2025-05-23,Yes
WC000176,Joost,van der Smeede,lvan-es@example.org,+31953 194259,Sint Maartensbrug,Netherlands,2026-03-25,Yes
WC000177,Linn,de Gratie,zevenboomfaye@example.org,0284 277624,Aalsum,Belgium,2024-01-31,No
WC000178,Rowan,Beekman,van-der-maathlise@example.net,050 8497321,Buitenkaag,Belgium,2025-04-07,No
WC000179,Pippa,Noordijk,gblaak@example.net,(0516)-839428,Beets,France,2026-04-22,No
WC000180,Milo,Hendrikse,van-saksenmaartje@example.com,,Axel,Netherlands,2024-12-13,Yes
WC000181,Sofie,van Stralen,mvan-dalem@example.com,0911-749956,Stad aan 't Haringvliet,Netherlands,2024-01-18,Yes
WC000182,Giovanni,Brands,joy20@example.net,(014) 4700731,Starnmeer,Netherlands,2024-05-23,No
WC000183,Aya,de Groot,lwillemsen@example.net,097 3181815,Surhuisterveen,Netherlands,2024-04-30,Yes
WC000184,Leah,Veenendaal,joellekloppert@example.org,0275 829931,Veenendaal,France,2025-07-09,No
WC000185,Jort,Slaetsdochter,nmeeres@example.com,+31(0)86-2951218,Zegge,France,2025-05-19,Yes
WC000186,Jonathan,Guit,van-geenentobias@example.com,084-9090886,Doetinchem,France,2026-04-21,No
WC000187,Marit,Spier,nvan-breugel@example.org,0765-080045,Westbeemster,Netherlands,2024-04-22,Yes
WC000188,Ilse,Slingerland,qvan-kuijc@example.com,(0220) 330188,Eursinge,Belgium,2023-10-15,No
WC000189,Jesper,Willems,ygervais@example.net,0571 409113,Zandberg,Belgium,2026-03-24,Yes
WC000190,Michael,Rijn,gle-briel@example.com,(099)-0253683,Ferwoude,Germany,2024-07-14,Yes
WC000191,Marijn,Hulshouts,evapuig@example.org,(0281)-262457,Wilhelminadorp,Belgium,2025-07-15,Yes
WC000192,Sjoerd,Slagmolen,odachgeldt@example.net,+31(0)870 158366,Zandvoort,Netherlands,2023-09-15,No
WC000193,Puk,Dijkstra,blaakmohammed@example.org,+3142-8597642,Zoelen,Belgium,2023-10-04,No
WC000194,Victor,Serra,rikvan-duyvenvoorde@example.net,+31(0)27-5765293,Berg en Terblijt,France,2023-09-21,No
WC000195,Inaya,Bertho,lievevan-den-brink@example.net,+31(0)717 921235,St.-Annaparochie,Germany,2023-10-15,No
WC000196,Imke,Post,xgerritsen@example.net,+3120-1573160,Eethen,Belgium,2024-10-09,Yes
WC000197,Arthur,de Keijser,juleswolters@example.net,(0617) 643750,Leons,Germany,2025-07-10,No
WC000198,Ivy,van Hamaland,ckoeman@example.net,(031) 2556177,Baak,Netherlands,2024-10-23,No
WC000199,Joëlle,van Maaren,sepp95@example.org,+31069-185464,Rasquert,Germany,2025-05-28,No
WC000200,Vincent,Chrodtrud,leonrijks@example.net,094-2706069,Baarle-Nassau,France,2025-12-20,No
WC000201,Annabel,van 't Wel,norahvan-ghoerle@example.com,(098) 3253499,Zuilichem,Netherlands,2026-06-29,Yes
WC000202,Joshua,de Jonge,blomlaurens@example.org,+31(0)166 504781,Eelde,Germany,2025-09-27,Yes
WC000203,Mehmet,de Korte,zelbertse@example.net,(017)-9474882,Sliedrecht,Netherlands,2025-10-28,No
WC000204,Lizzy,van Beieren,de-plantardliz@example.net,+31(0)085-902729,Oude Wetering,Netherlands,2025-12-11,No
WC000205,Tara,Smit,tessa18@example.com,(095) 2280031,Ypecolsga,France,2026-01-06,No
WC000206,Alexander,Coreth von und zu Coredo und Starkenberg,damian10@example.org,(033)-8605888,Baambrugge,Belgium,2024-08-02,Yes
WC000207,Kian,Berends,loeshondeveld@example.org,0869 661910,Rhee,Belgium,2023-08-13,Yes
WC000208,Ise,Mulder,simonsbjorn@example.org,099 2856455,Meerlo,France,2024-02-14,Yes
WC000209,Bart,Belpere,charlottevan-de-pavert@example.org,+31611-762128,Espel,Netherlands,2024-08-20,Yes
WC000210,Tycho,Bekbergen,xschuylenborch@example.net,(010)-3088114,Hem,Netherlands,2025-07-17,No
WC000211,Liza,Verbruggen,fleur70@example.net,(0116) 961568,Nieuwkoop,Netherlands,2024-10-08,Yes
WC000212,Dirk,Middelkoop,palmanloes@example.com,(0329)-314399,Zeeland,Belgium,2026-02-06,No
WC000213,Joy,de Haas,tbellemans@example.org,+31364 400506,Dinteloord,Netherlands,2026-03-17,No
WC000214,Hamza,Noordijk,vigo20@example.org,+31(0)12 2364057,Koewacht,Germany,2026-03-14,No
WC000215,Lize,Elsemulder,driessenjason@example.com,+31499 079141,Lichtenvoorde,France,2023-12-19,Yes
WC000216,Olaf,van Veen,pieters-van-der-maeslukas@example.org,+31220-858005,Feanwâlden,France,2025-11-23,Yes
WC000217,Lizzy,Wigman,selberts@example.org,(057) 3551648,Warffum,Germany,2025-06-20,Yes
WC000218,Wout,Oversteeg,kosterpuck@example.com,0202-390560,Vijlen,Germany,2025-01-23,Yes
WC000219,Jayden,de Jode Vastraedsd,ivan-baalen@example.com,0643-232270,Nijemirdum,Netherlands,2026-02-19,No
WC000220,Jake,Zijlemans,elisabethvan-de-elzas@example.com,+31315-343950,Noordgouwe,Belgium,2025-12-02,Yes
WC000221,Hannah,van den Nuwenhuijzen,owen17@example.net,+31(0)198 551522,Musselkanaal,Netherlands,2026-01-19,Yes
WC000222,Dex,Mansvelt,yasmineleguit@example.com,0175-173069,Rottevalle,Netherlands,2024-03-06,Yes
WC000223,Noor,Jonkman,jtakkelenburg@example.net,0811-709782,Snikzwaag,Germany,2026-06-09,No
WC000224,Jenna,Hoogers,sarneelevie@example.net,+31(0)35-7604088,Wapenveld,Germany,2024-10-01,No
WC000225,Julian,Eijkelboom,yasmine88@example.org,+31(0)749 306913,Eagum,Belgium,2024-10-24,No
WC000226,Tobias,Dekker,zoe27@example.org,+31(0)885-904045,Balloërveld,Belgium,2023-12-20,No
WC000227,Jayda,van den Brink,aschotte@example.com,+31(0)131 141500,Aerdt,France,2025-01-04,Yes
WC000228,Aron,van der Horst,renskejoosten@example.com,(008) 5594739,Kraggenburg,Germany,2023-08-05,Yes
WC000229,Jort,Beijring,krabbejorn@example.net,028-5954200,Olst,Netherlands,2023-08-24,Yes
WC000230,Kiki,Huberts,smitsbritt@example.com,+31(0)415-908307,Nunspeet,France,2024-01-06,Yes
WC000231,Sil,Meis,lboogaerts@example.com,+3106-1842018,Oldeholtpade,Netherlands,2024-05-23,Yes
WC000232,Kevin,Bosman,customer@,0669 474117,Oudehaske,Belgium,2026-03-04,Yes
WC000233,Lieke,Recers,pvaessen@example.net,+31(0)046-709394,Hurdegaryp,Netherlands,2024-10-03,Yes
WC000234,Dex,Kas,hvan-der-laar@example.org,+3142-9789349,Wichmond,Netherlands,2026-01-16,No
WC000235,Anna,Osterhoudt,verheijbastiaan@example.org,0881-924973,Akmarijp,France,2026-03-11,No
WC000236,Tygo,Arts,collinoude-heer@example.net,+31(0)379 262745,Hoogland,Netherlands,2025-06-13,No
WC000237,Hamza,van Northeim,jan37@example.com,(048)-0366940,Hezingen,France,2023-09-27,Yes
WC000238,Quinty,den Buytelaar,lhulskes@example.com,(0272) 657808,Peperga,France,2025-09-26,No
WC000239,Ruben,Recer,marijn37@example.org,+31(0)248-473315,Tollebeek,Netherlands,2025-03-05,Yes
WC000240,Yasmine,Verwoert,dvan-dam@example.com,0773-570471,Dalem,France,2024-11-17,No
WC000241,Muhammed,Waltrade Walderade,ahaengreve@example.net,0235-018298,Lievelde,Belgium,2024-02-20,No
WC000242,Micha,"West-Francië, van",bleeshidde@example.org,+31(0)04-7631011,Hummelo,France,2024-09-27,Yes
WC000243,Stefan,Kremer,noorde-groot@example.org,+31957-202454,IJsselmuiden,Germany,2025-03-16,Yes
WC000244,Zara,Steenbeek,bpersijn@example.com,+3167 6428279,Kreileroord,France,2024-01-28,Yes
WC000245,Nikki,Hanegraaff,veralutterveld@example.net,+31(0)57 0503003,Erichem,Belgium,2025-03-29,No
WC000246,Ize,Schelvis,lizaverbeeck@example.org,(028)-6539114,Schinveld,Belgium,2025-10-14,Yes
WC000247,Sterre,Loep,,+31065 033291,Tilburg,Germany,2026-02-10,No
WC000248,Loïs,Matthews,boodenjasmijn@example.org,082 7442717,Vriezenveen,Belgium,2024-05-29,No
WC000249,Ian,Hellevoort,alexander43@example.com,(026)-0320104,Elst,Netherlands,2024-04-14,Yes
WC000250,Aimée,Oosterhout,guusvan-brenen@example.net,(034)-4935497,Wierden,Netherlands,2023-08-27,No
WC000251,Azra,van Haspengouw Hesbaye,doyleayden@example.net,(0539)-246710,Lierderholthuis,Netherlands,2023-09-14,Yes
WC000252,Jenna,Huijzing,weylandsami@example.org,+31222-196562,Tiendeveen,Belgium,2026-04-17,No
WC000253,Mathijs,Woudenberg,ashley49@example.org,+31294-114732,Nieuwehorne,Germany,2023-08-15,No
WC000254,Sep,van den Nuwenhuijzen,wijlandlevi@example.net,+31531 006007,Hattemerbroek,France,2024-02-14,No
WC000255,Phileine,Dekker,vhoppenbrouwer@example.com,0216 656641,Termunterzijl,Netherlands,2023-09-12,No
WC000256,Lorenzo,van Hamaland,rboudewijns@example.org,081-5293339,Heusden,Belgium,2025-09-20,No
WC000257,Beau,van Spreeuwel,lauravan-der-schuijt@example.org,+31(0)655-140591,Fleringen,Belgium,2025-12-24,No
WC000258,Victoria,van de Berg,vclaesner@example.com,(0569)-306773,Noordbroek,Belgium,2026-02-21,Yes
WC000259,Morris,Uphaus,ivan-wessex@example.com,+31(0)43-7598839,Oudelande,Belgium,2025-02-04,Yes
WC000260,Johanna,Furda,lvan-laon@example.net,+3146-1987401,Schoondijke,Germany,2024-06-13,No
WC000261,Amelia,Schakelaar,philip58@example.org,(051)-5216875,Asten,Netherlands,2025-07-25,No
WC000262,Jade,Jorlink,quinnspies@example.org,058 7219182,Wolvega,Belgium,2026-01-23,No
WC000263,Sophie,Pons,kolsterimke@example.net,+31091 526592,Warten,France,2025-07-08,Yes
WC000264,Seth,Labado,wvan-veen@example.org,(0048) 225631,Ossenwaard,France,2026-06-03,No
WC000265,Maud,van den Nieuwenhuijsen,hhofman@example.com,+31057 658162,Rijnsburg,Netherlands,2025-03-29,Yes
WC000266,Zoey,Garret,vvan-allemanie@example.org,(0634) 431819,Hattemerbroek,France,2024-03-27,No
WC000267,Jens,van Bunschoten,zara87@example.net,+31(0)66-1518374,Haalderen,Netherlands,2024-08-02,Yes
WC000268,Rik,Sas,aminaleguit@example.net,(0420)-033951,Boer,France,2024-05-24,Yes
WC000269,Joris,de Haan,vcoret-coredo@example.com,+3103 7099253,Dalem,Germany,2024-08-27,No
WC000270,Luka,de Gruil,inayahuisman@example.com,+31(0)66-7784905,Brakel,France,2024-08-01,Yes
WC000271,Valentijn,le Matelot,vschelvis@example.net,(054) 3804828,Ruinen,Netherlands,2026-01-17,Yes
WC000272,Anna,van Boulogne,kai81@example.net,(095) 2992184,Meerstad,Germany,2023-12-12,No
WC000273,Luuk,Charon,samuel31@example.com,(025) 9209851,Almen,France,2023-09-19,No
WC000274,Aylin,Heijmans,van-bunschotenimke@example.net,+31(0)029 344619,Biervliet,France,2025-04-02,Yes
WC000275,Valerie,de Backer,mzijlemans@example.com,(0918) 818112,Weidum,Germany,2025-05-11,Yes
WC000276,Tijmen,Brievingh,milan55@example.com,+31(0)807 425895,Papekop,Belgium,2023-09-16,No
WC000277,Ninthe,VI,,(0899) 517530,Oudenbosch,Netherlands,2025-10-03,Yes
WC000278,Mika,Schuurmans,klomp-janyoussef@example.com,(0557)-700168,Zelhem,Netherlands,2025-07-18,No
WC000279,Olivier,van Laarhoven,silkevan-schevinghuizen@example.com,0851-949617,Gieterveen,Netherlands,2024-06-16,No
WC000280,Tijmen,Breugelensis,wout92@example.net,+31(0)20 4466936,Valthe,Netherlands,2024-10-27,No
WC000281,Britt,van Dokkum,pietercadefau@example.net,055 6453189,Alteveer gem Hoogeveen,France,2026-04-24,No
WC000282,Maaike,van Beek,alicia61@example.org,+3177 6339304,Sibrandabuorren,France,2024-03-27,Yes
WC000283,Mees,van Mook,megan12@example.net,(0770) 838660,Zuiddorpe,Belgium,2025-11-02,Yes
WC000284,Milo,le Luc,flinklisanne@example.com,+31(0)72 8667601,Amersfoort,France,2025-03-12,Yes
WC000285,Emily,Jdotte,van-der-plasanna@example.net,048 5975781,Ravenstein,France,2025-08-02,No
WC000286,Youssef,van de Coterlet,mercksninthe@example.net,+31(0)94 8519573,Agelo,France,2026-07-14,Yes
WC000287,Nisa,Bouthoorn,eferran@example.com,+31725 058488,Merkelbeek,Netherlands,2024-07-31,Yes
WC000288,Bram,van Noort,anouk64@example.net,074 6610271,Winterswijk Ratum,Germany,2023-10-03,No
WC000289,Jolie,Aertsz,kolenemily@example.org,(0949) 792002,Ochten,Germany,2023-08-28,Yes
WC000290,Sophie,Groenendaal,sam55@example.com,(0237) 074598,Vlijmen,Netherlands,2025-12-03,No
WC000291,Fem,Gellemeyer,elize49@example.net,0037-962166,Hantumeruitburen,France,2026-02-12,Yes
WC000292,Arthur,van den Hoek,yzwijsen@example.net,033-4386771,Erm,Germany,2024-04-22,Yes
WC000293,Senna,Hehl,yasminezwijsen@example.net,013-0449240,Teuge,France,2023-11-03,No
WC000294,Nynke,Pastoors,aschmanjesse@example.com,+31(0)75 2666906,Westwoud,Belgium,2026-03-02,No
WC000295,Faas,van Jumiège,mustafa62@example.net,+3197-7313885,Deest,Germany,2024-08-14,Yes
WC000296,Elise,Peters,imranvan-der-noot@example.net,+31(0)78-8011035,Witte Paarden,Netherlands,2026-06-27,Yes
WC000297,Jonathan,van Wijland,korstmanecrin@example.com,+31(0)008 845873,Culemborg,Germany,2024-04-16,No
WC000298,Amin,Speijer,brian86@example.org,095 7005204,Vierpolders,France,2025-02-23,Yes
WC000299,Joris,van der Brink,tristanboetet@example.org,(0497) 215573,Striep,Netherlands,2026-05-20,No
WC000300,Quinn,Schouten,mohamedlensen@example.com,+3101-8744127,Hezingen,Belgium,2025-01-29,Yes
WC000301,Ruben,Konings,qperck@example.net,(0972) 371866,Sintjohannesga,Belgium,2025-06-12,Yes
WC000302,Linn,Vial,hubertsmarijn@example.net,+31283-035114,Herpen,Netherlands,2023-11-12,No
WC000303,Morris,Hofman,wthatcher@example.org,057 6283277,Westeremden,France,2026-07-04,No
WC000304,Gijs,Wigman,yhuls@example.net,+3136 5807672,Harmelen,France,2024-09-02,Yes
WC000305,Cas,Karels,cvan-drenthe@example.com,096 3899349,Doorn,Belgium,2024-01-03,Yes
WC000306,Isabelle,Verbeek,rick71@example.net,+31(0)78 0131635,Oostwoud,France,2023-09-01,No
WC000307,Luca,Zuijdveld,laurenspost@example.org,097-7099195,Piershil,Germany,2026-03-09,Yes
WC000308,Aiden,Schulten,bovan-luinenburg@example.com,(0467)-312340,Weerselo,Netherlands,2024-06-10,Yes
WC000309,Luc,de Backer,uvan-schevinghuizen@example.net,081 6023455,Westdorp,France,2025-04-06,No
WC000310,Ecrin,van den Wittenboer,xavibleijenberg@example.com,+3151 2296692,Klarenbeek,Belgium,2023-12-10,Yes
WC000311,Keano,Verschuere,fabian48@example.net,0518-414777,Ossenwaard,Netherlands,2023-11-29,No
WC000312,Linn,Unruoch Hunerik,van-der-waljuul@example.net,+31(0)218 806806,Eerbeek,Netherlands,2024-08-26,Yes
WC000313,Yasmine,Schellekens,wouterselena@example.com,+3155-0422258,Sint Kruis,Germany,2023-11-22,Yes
WC000314,Ivy,de Grunt,danielfrankhuizen@example.net,(0382) 555717,Houten,Germany,2025-12-17,Yes
WC000315,Daniël,le Luc,mvan-liendert@example.com,+3110 1975127,Epe,France,2024-01-06,Yes
WC000316,Tycho,van Clootwijck,vvan-laar@example.org,+31773 270997,Doeveren,Netherlands,2026-05-26,No
WC000317,Lieke,Borman,max65@example.com,(0449) 442431,Uitgeest,Netherlands,2026-04-05,Yes
WC000318,Milou,Coreth von und zu Coredo und Starkenberg,elisakok@example.com,028 9786863,Schijf,France,2024-11-30,Yes
WC000319,Phileine,Cosman,ouwellivia@example.org,093 3963827,Babberich,Germany,2024-10-10,No
WC000320,Gerrit,Spanhaak,keanomatthews@example.org,061 2088548,Broekland,France,2024-10-12,Yes
WC000321,Tijs,Jorrisen,tijnvan-der-brink@example.com,+31829-854509,Oudenbosch,Germany,2024-10-31,No
WC000322,Joëlle,Slingerland,sofia68@example.net,+31(0)30 3235168,Ulicoten,France,2024-08-08,Yes
WC000323,Eline,van de Darnau,mette38@example.net,077-2359962,Sebaldeburen,Netherlands,2024-11-16,Yes
WC000324,Luna,Schelvis,jensdie-bont@example.net,+31(0)53-9866217,Aduard,France,2024-10-11,No
WC000325,Angelina,Nollee,tijmenvan-voorst@example.com,0216-556695,Goutum,Germany,2025-12-13,No
WC000326,Boaz,Kamp,kvan-den-nuwenhuijzen@example.org,(077) 1156232,Lathum,Germany,2024-07-02,No
WC000327,Ceylin,die Witte,ycoret@example.org,(099) 7584988,Hensbroek,Germany,2025-05-09,No
WC000328,Liz,Strijker,weverdaniel@example.net,+31(0)539 182957,Bentelo,France,2026-05-21,No
WC000329,Janne,Dachgeldt,lois03@example.net,+31(0)42-4679380,Schipborg,Netherlands,2024-05-25,No
WC000330,Philip,Passchiers,stefscholten@example.org,(0022)-856305,Kamerik,France,2025-06-03,Yes
WC000331,Ruben,de Roo,eveliengoedhart@example.org,+31880-408292,Noordbroek,Netherlands,2025-11-10,No
WC000332,Angelina,Martens,ties00@example.com,(0066) 314162,Elst,Netherlands,2025-10-05,Yes
WC000333,Kyra,Martens,van-der-lindencornelia@example.net,(0655) 974294,Mastenbroek,Netherlands,2024-01-02,Yes
WC000334,Imke,Galenzone,mjacobi@example.net,051-5065098,Heukelum,Germany,2024-03-13,Yes
WC000335,Suus,Kirpenstein,pleunvan-den-bosch@example.net,+31442 365578,Sonnega,Netherlands,2023-10-13,Yes
WC000336,Ise,Duivenvoorden,ecadefau@example.org,+31(0)61 0576363,Zeeland,Germany,2024-12-22,No
WC000337,Rosalie,Huijbrechts,van-bentheimraf@example.com,(0089) 811700,Delft,Netherlands,2023-08-23,Yes
WC000338,Feline,de la Fleche,teunvan-de-ven@example.org,(0164)-076340,Angerlo,Netherlands,2026-03-23,Yes
WC000339,Floortje,Hendriks,noelle28@example.com,+31(0)202 915129,Meedhuizen,France,2025-11-29,Yes
WC000340,Fenne,Hermans,mariamuller@example.net,083-5697283,Roggel,Belgium,2024-04-09,Yes
WC000341,Kiki,de Werd,van-cuijcklenn@example.org,(049) 5961019,Bovenkarspel,Germany,2024-12-13,No
WC000342,Johannes,Bartels,romyvan-den-berg@example.net,0601-456111,Zeerijp,Germany,2026-01-27,Yes
WC000343,Thijs,Broeders,demi80@example.com,+3166-5499879,Smilde,France,2026-01-13,No
WC000344,Kyra,de Vroege,dex35@example.com,+3103-7274033,Foxhol,Belgium,2026-02-22,Yes
WC000345,Naomi,Backer,neuteboomnadia@example.net,+31772 391153,Venray,Netherlands,2026-03-22,No
WC000346,Dana,Gnodde,renske09@example.net,(0149)-496137,Weidum,Germany,2025-12-23,No
WC000347,Jennifer,Jekel,van-munstersenn@example.net,+31539-626282,Diessen,Netherlands,2026-04-10,Yes
WC000348,Valerie,Smits,van-der-veenali@example.net,(0745)-832679,Twisk,France,2023-09-28,No
WC000349,Ella,Post,jnollee@example.org,,Malden,Netherlands,2025-08-18,No
WC000350,Renske,Sprong,kmoensendijk@example.net,0299 482714,Koudum,Netherlands,2025-08-02,No
WC000351,Elif,Hemma van Allemanië,hhoelen@example.com,0845 885712,Goudswaard,Belgium,2024-06-06,No
WC000352,Justin,van Hoevel en van Zwindrecht,palmanthijmen@example.org,+31(0)27 7279443,Fluitenberg,Netherlands,2024-01-01,No
WC000353,Yara,Maas,brandtmaja@example.net,(007) 7820319,Stramproy,Netherlands,2026-05-25,No
WC000354,Sem,Hoedemakers,ninakerkhof@example.com,(081) 1676998,Suwâld,Belgium,2025-02-25,Yes
WC000355,Jordy,Rehorst,groenthijn@example.net,0454 725154,Zennewijnen,Belgium,2023-08-15,Yes
WC000356,Noud,van der Klijn,ise56@example.net,+31300-248018,Amerongen,Belgium,2025-05-16,Yes
WC000357,Melissa,Ehlert,glommert@example.net,0588-744274,Netterden,Netherlands,2023-09-08,Yes
WC000358,Olaf,van Hulten,maartje18@example.org,+31(0)968-346232,Angeren,France,2023-12-22,No
WC000359,Kay,Hexspoor,fgerrits@example.net,(081) 6192541,Midwolde,Germany,2024-02-11,No
WC000360,Yusuf,van Formbach,annabel43@example.com,045-6905352,Vlieland,Belgium,2026-02-14,No
WC000361,Jonathan,van der Schuijt,jvan-nimwegen@example.net,0601-156997,Uden,Germany,2026-04-12,No
WC000362,Wouter,Verhoeven,merlelether@example.org,(000) 1575257,Baarn,Belgium,2025-07-18,No
WC000363,Jayda,Furda,van-den-nyeuwenhuysenlina@example.net,(089) 6925397,Bemelen,Belgium,2024-12-27,Yes
WC000364,Kay,Kosten,tycho73@example.org,(0903)-179423,Haule,Belgium,2025-02-19,Yes
WC000365,Amélie,Verharen,terrydex@example.net,(0261) 688402,Aerdt,Belgium,2025-06-24,Yes
WC000366,Tijn,de Swart,cato42@example.com,035 3763654,Woudrichem,Belgium,2025-12-08,No
WC000367,Phileine,Jones,jurre18@example.org,0042 615232,Spankeren,Germany,2026-07-22,Yes
WC000368,Jade,van Bovene,whazenveld@example.net,+3128-1965767,Munstergeleen,Belgium,2023-12-05,Yes
WC000369,Aron,van Leeuwen,yusufdriessen@example.net,+31(0)928-541844,Winterswijk,Netherlands,2026-02-25,No
WC000370,Fay,van 't Houteveen,lauramansveld@example.org,(0593) 777315,Slochteren,Germany,2025-01-26,No
WC000371,Lieke,Schenkel,noah64@example.net,(083) 1824691,Gieterveen,Netherlands,2024-04-03,Yes
WC000372,Olivia,Verbeek,quinten43@example.net,+31(0)61 7429837,Kootwijkerbroek,Belgium,2024-06-05,Yes
WC000373,Rafael,de Keijzer,noortjevan-dokkum@example.com,068-9791000,Maasbommel,Belgium,2026-07-21,Yes
WC000374,Stella,van Haarlem,janne62@example.org,+31146 143441,Hollandsche Rading,Belgium,2024-09-27,No
WC000375,Nick,van Parijs,badriaense@example.net,(0398)-654613,Hei- en Boeicop,Netherlands,2024-10-24,No
WC000376,Victoria,Kof,zjerusalem@example.net,(098) 2220112,Blankenham,Germany,2026-07-01,No
WC000377,Stijn,Meijer,gijs88@example.com,(027) 4317114,Leerdam,Netherlands,2024-10-28,Yes
WC000378,Jesper,van Liendert,mvan-suinvorde@example.net,+3131 8991220,Adorp,Netherlands,2024-09-28,Yes
WC000379,Lola,van den Bergh,jaydende-vries@example.com,(0319) 589757,Wateren,Netherlands,2025-02-10,Yes
WC000380,Nikki,Appelman,kaylee11@example.com,041-8280700,Dalen,Germany,2023-09-03,Yes
WC000381,Mohammed,Lamotte,maximvan-den-corput@example.org,+31(0)14-3981760,Terwispel,Germany,2025-06-17,Yes
WC000382,Kate,van den Eijssel,chloe76@example.net,(0076) 086657,Ens,France,2026-06-27,Yes
WC000383,Thijmen,Schagen,bibi32@example.com,+31(0)297 615606,Kuitaart,France,2025-07-20,No
WC000384,Berend,de Graaf,svan-voorst@example.com,+31(0)01-5123779,Ottersum,Germany,2024-02-12,Yes
WC000385,Damian,Jaceps,gstange@example.net,024 0587447,Grijpskerk,Netherlands,2025-10-19,No
WC000386,Isabelle,Muller,mustafablees@example.org,+31(0)24-6392046,Reeuwijk,France,2024-09-04,No
WC000387,Maaike,van Hamaland,mohammedvan-de-wal@example.net,067 5423261,Bilthoven,Germany,2024-05-22,No
WC000388,Iris,Kof,jurre93@example.com,+31613-535016,Haelen,France,2025-06-28,Yes
WC000389,Tobias,de Vos,annevan-wijland@example.net,+31(0)400-667550,Idaerd,France,2026-06-08,No
WC000390,Sophie,Joosten,florianvan-munster@example.com,(0427) 973843,'s-Hertogenbosch,France,2026-03-28,No
WC000391,Sterre,van Ginneke,rbrisee@example.net,(004)-0787364,Rolde,France,2025-01-04,Yes
WC000392,Timo,Wunderink,gielschrant@example.org,(0382)-649802,'s-Heerenhoek,Netherlands,2025-08-20,Yes
WC000393,Lenn,Bastiaanse,britt97@example.com,+31(0)271-862400,Deursen-Dennenburg,Belgium,2025-01-01,Yes
WC000394,Ize,van Vlaanderen,bvan-den-berg@example.com,(062)-0169952,Boesingheliede,Belgium,2025-11-28,Yes
WC000395,Lois,Dirven,yasmin18@example.org,+3157-8330112,Giessenburg,Netherlands,2025-11-30,No
WC000396,Angelina,Niermann,fennedachgelder@example.net,+31(0)712-787704,Hartwerd,Belgium,2024-08-07,No
WC000397,Carlijn,Nieuwstraten,horrocksbenthe@example.net,0696-076866,Waalwijk,Netherlands,2024-08-10,Yes
WC000398,Fiene,Leene,jack06@example.com,+31(0)563-368856,Leunen,France,2024-10-05,No
WC000399,Leon,Erhout,yasminediesbergen@example.com,(007) 7882872,Overberg,Belgium,2026-05-09,Yes
WC000400,Brent,Verbeeck,hvan-den-assem@example.org,+3156-6477194,Blankenham,Germany,2026-02-24,No
WC000401,Sepp,Hak,sander65@example.com,+31(0)699 724518,Haarzuilens,Germany,2023-11-10,No
WC000402,Loes,van der Laarse,invalid.email,+31(0)65-0887717,Slenaken,Germany,2026-03-29,Yes
WC000403,Job,van Henegouwen,uheijman@example.org,026 1783174,Zandhuizen,France,2026-05-31,Yes
WC000404,Saar,Vertooren,thomas57@example.net,(0763)-373207,Luttelgeest,Belgium,2025-11-16,Yes
WC000405,Noah,Speijer,stichtercato@example.net,005 7824734,Wenum Wiesel,Germany,2023-09-23,Yes
WC000406,Maartje,Blewanus,prinsmark@example.net,+31615-647949,Duivendrecht,Germany,2025-07-27,Yes
WC000407,Emir,Adelaar,verboomjordy@example.net,0904-234222,Sevenum,Germany,2025-02-10,Yes
WC000408,Yassin,van der Meulen,van-vermandoisanouk@example.com,(0881)-937565,Húns,Germany,2025-06-03,Yes
WC000409,Demi,Verkade,senn20@example.com,,Numansdorp,Germany,2024-01-12,No
WC000410,Senna,Ernst,felinerobbrechts-bruijne@example.com,+3163-0027466,Bloemendaal,Belgium,2026-03-10,Yes
WC000411,Suze,Groote,ariede-vries@example.org,+3187-3216297,Diffelen,Netherlands,2025-09-26,Yes
WC000412,Charlotte,van Vermandois,bilal99@example.org,0059 254659,Ellertshaar,Netherlands,2026-05-16,No
WC000413,Maria,Zwart,elena91@example.net,(0207)-516499,Vogelwaarde,Belgium,2024-10-06,Yes
WC000414,Gerrit,Thout,iris34@example.com,+31(0)83 9706763,Laren,Belgium,2026-02-12,No
WC000415,Rick,Wilson,collindavid@example.net,0902-932400,Santpoort-Zuid,Netherlands,2026-04-22,Yes
WC000416,Silke,Mulder,vde-bont@example.org,(046) 2867071,Wierum,Belgium,2026-01-25,No
WC000417,Collin,Govarts,van-nusivan@example.net,+31(0)642-379436,Vijfhuizen,Belgium,2024-12-23,No
WC000418,David,Passchiers,ivan-alenburg@example.org,010 3157749,Daarlerveen,Netherlands,2024-11-08,Yes
WC000419,Laurens,van der Avoirt,kvan-den-eerenbeemt@example.org,+31(0)389-744233,Rha,Belgium,2026-01-01,No
WC000420,Mirte,Fiere,qleene@example.org,+31222-212497,Obdam,Belgium,2026-06-29,Yes
WC000421,Maria,de Gruijl,qkisman@example.com,(017) 0153719,Kloosterburen,France,2023-09-09,Yes
WC000422,Dirk,Nihoe,koningsvictoria@example.net,+31886-145031,Friens,Germany,2025-11-15,No
WC000423,Bjorn,Gnodde,myrthe00@example.org,+31(0)33-5655467,Poppenwier,Netherlands,2024-11-22,No
WC000424,Evy,van Leuven,dirkremmers@example.net,+31(0)608 921838,Wanneperveen,Belgium,2026-01-23,Yes
WC000425,Maud,Diesbergen,bjorn27@example.com,+31(0)404 514927,Panningen,Netherlands,2024-08-31,No
WC000426,Luuk,Kosten,sde-nijs@example.com,+31327-973565,Vethuizen,Germany,2025-11-11,Yes
WC000427,Emma,van Dam,lisarehorst@example.org,+31(0)092-199910,Harreveld,France,2026-04-19,Yes
WC000428,Giel,Pasman,peterseninthe@example.net,(0823) 952432,Donkerbroek,Germany,2026-07-31,Yes
WC000429,Mika,Zaal,de-hoogvigo@example.com,+31(0)083 237860,Lathum,France,2024-02-06,Yes
WC000430,Ivy,Eijkelboom,kim82@example.net,(0955)-617962,Zwartewaal,Netherlands,2023-08-14,Yes
WC000431,Ceylin,Aelftrud van Wessex,dgoyaerts-van-waderle@example.org,(0146) 153016,Nieuw-Dordrecht,Netherlands,2025-04-22,Yes
WC000432,Indy,Weylant,van-metzlina@example.org,(033) 8521393,Heiloo,Belgium,2024-10-04,No
WC000433,Sanne,Lensen,hannah79@example.net,+3150 9475170,Steenderen,Netherlands,2023-11-05,No
WC000434,Floris,Schroeff,jonkmanraf@example.net,(0048)-426671,Castricum,France,2026-07-09,Yes
WC000435,Amina,Vierdag,jvan-berkum@example.com,+31(0)059-776235,Heijen,France,2025-12-02,No
WC000436,Mohammed,van Dongen,tijnvan-der-plas@example.net,+3114 8179614,Kerkwijk,Germany,2025-05-22,No
WC000437,Cato,Zeemans,aimeedraaisma@example.org,+31(0)28-6911240,Ooij,France,2025-07-18,No
WC000438,Alex,Stange,bo75@example.com,(0146)-660868,Wijk bij Duurstede,Germany,2025-11-24,Yes
WC000439,Ruben,Kuijpers,floorvan-de-pavert@example.com,(0223)-227090,De Zilk,Netherlands,2026-02-14,Yes
WC000440,Samuel,Lijn,avan-t-houteveen@example.org,+31(0)41 1486835,Oosterhout,Germany,2025-12-14,Yes
WC000441,Jolijn,van der Lede,matthijs94@example.org,0986 494004,Papendrecht,Netherlands,2023-11-01,No
WC000442,Helena,Oennen,van-susacarlijn@example.org,092-9133209,Ommen,Germany,2023-12-13,No
WC000443,Faas,de Beer,linavan-salmen@example.org,0823 770256,Broek op Langedijk,Belgium,2026-04-26,Yes
WC000444,Mehmet,Volcke,sriem@example.com,+31(0)39-0901954,Horn,Belgium,2025-09-25,No
WC000445,Joep,de Vos,vtakkelenburg@example.com,(0182) 173624,Bingelrade,Germany,2025-02-21,Yes
WC000446,Muhammed,van Kuijc,florian75@example.org,+31(0)749 421083,Baneheide,Belgium,2026-01-07,Yes
WC000447,Maurits,Bruijne van der Veen,van-den-broeklieve@example.net,+31(0)81 0033034,Stuifzand,France,2026-06-28,No
WC000448,Kai,van Wijland,pepijn18@example.com,+31103 441926,Burgerveen,Netherlands,2026-03-06,No
WC000449,Azra,Estey,utimmermans@example.net,+3131-8075355,Weerselo,Belgium,2024-10-26,No
WC000450,Kai,Massa,bbouthoorn@example.org,050 1176524,Weiteveen,Netherlands,2023-08-14,No
WC000451,Abel,van den Hoek,beau67@example.com,+31(0)801 927731,Schuinesloot,Germany,2025-02-20,Yes
WC000452,Phileine,Janse,samadelaar@example.org,+31(0)284 085250,Bosch en Duin,Germany,2025-12-09,No
WC000453,Jasper,de Vrome,van-der-kintliz@example.org,(067) 4259733,2e Valthermond,Netherlands,2025-04-15,Yes
WC000454,Marinus,den Buytelaar,jesse55@example.com,+31(0)572-304375,Jistrum,Germany,2024-03-10,Yes
WC000455,Vince,Bouhuizen,ulevesque@example.org,+31(0)24-2833056,Sleeuwijk,France,2025-09-06,No
WC000456,Ninthe,Gerritse,thijsgerritse@example.net,+31(0)81 2174046,Hoogwoud,Belgium,2025-01-18,Yes
WC000457,Dex,Koster,xle-gallen@example.org,(0117) 007663,Midlum,Germany,2026-01-20,No
WC000458,Alyssa,Huisman,roodesteijnluca@example.org,0046-064526,Best,Netherlands,2024-11-17,No
WC000459,Dylan,Fortuyn,jaysonboer@example.com,(0759)-080769,Katwijk,Netherlands,2025-05-23,No
WC000460,Justin,Schouten,liza41@example.net,+31(0)98-8353531,Oranjewoud,Germany,2023-11-08,No
WC000461,Faye,Hoppenbrouwer,boudewijnsvajen@example.org,+3147-4872249,Zuna,Germany,2024-02-25,No
WC000462,Sophie,Jans,ian24@example.org,+31204-335205,Oud Ade,France,2024-07-01,Yes
WC000463,Niek,van de Velde,prijks@example.com,(0156) 687535,Wijdewormer,France,2024-01-23,No
WC000464,Lindsey,Lind,danavan-bruchem@example.com,+31(0)54 3553302,Nijkerkerveen,Germany,2024-07-06,No
WC000465,Rosalie,van Enschot,vgoyaerts-van-waderle@example.net,(0915)-683731,Marijenkampen,France,2023-09-11,Yes
WC000466,Bo,Wolters,suussaxo@example.net,074 7425131,Olterterp,France,2023-11-18,No
WC000467,Milo,van Ham,van-der-kleinsuze@example.org,0199 432400,Gasteren,France,2025-11-28,Yes
WC000468,Bryan,Brandt,elisabeth78@example.net,+31(0)336 359228,Ruurlo,Germany,2025-01-22,No
WC000469,Fleur,van der Stael de Jonge,sulrich@example.com,0721 973184,Laag-Keppel,France,2024-01-07,No
WC000470,Naud,Lafleur,amirscuylenborchs@example.net,(075)-4313039,Ederveen,Germany,2026-04-01,Yes
WC000471,Anna,Maaswinkel,uvan-loon@example.org,+3180-9888200,Spui,Belgium,2024-05-30,Yes
WC000472,Ashley,Heyne,duivenvoordenfloor@example.net,+31727 188350,Almere,Netherlands,2024-02-16,Yes
WC000473,Daphne,van 't Riet,louisedirven@example.net,(080)-6216366,Heeswijk-Dinther,France,2023-09-06,Yes
WC000474,Elisabeth,Scardino,bresemaria@example.net,0264-390957,Limbricht,Germany,2025-04-10,Yes
WC000475,Aylin,Huberts,damianschokman@example.net,+3112-6587729,Berkel-Enschot,Netherlands,2024-03-20,No
WC000476,Norah,Elberts,elias66@example.org,+31(0)677 099937,Jelsum,Netherlands,2025-09-09,No
WC000477,Noah,Roosenboom,budwessel@example.net,(027)-9515863,Gastel,France,2025-11-20,Yes
WC000478,Jurre,Bronder,yasmine69@example.org,+31(0)397-078212,Hantumhuizen,Belgium,2026-07-01,No
WC000479,Luca,van der Kaay,floortjeversluijs@example.net,0330-385566,Well L,Belgium,2024-10-19,Yes
WC000480,Rens,Stamrood,roessinklana@example.org,+3125-1682129,Nijlande,Netherlands,2025-01-13,Yes
WC000481,Ella,Hakker,ameliavan-de-leemput@example.net,+31(0)341-009918,Mheer,Netherlands,2025-02-04,No
WC000482,Janne,de Groot,ipieters@example.net,075-2439025,Zennewijnen,Belgium,2026-07-12,No
WC000483,Zoë,Kok,ddubois@example.com,(0577)-025086,'t Loo Oldebroek,Netherlands,2026-03-23,No
WC000484,Amina,van Grondelle,kden-haag@example.net,0693 054200,Susteren,Belgium,2024-07-29,Yes
WC000485,Colin,Lutterveld,tombierstraten@example.com,+3103 2551580,Oud-Vossemeer,Germany,2024-09-16,Yes
WC000486,James,de la Fleche,nisawerdes@example.org,+31892-881058,Tiel,Belgium,2024-06-02,No
WC000487,Roos,Visser,moensendijktim@example.com,+3177 7523901,Sommelsdijk,France,2026-06-12,Yes
WC000488,Sara,Ferran,deanbakker@example.net,0044 828824,Colmschate,Belgium,2024-01-17,Yes
WC000489,Robin,van Gelder,maritde-jager@example.net,+31(0)02-3468536,Smallebrugge,France,2026-03-28,Yes
WC000490,Suze,Sanders,gneuteboom@example.net,(0526) 890789,Zelhem,Germany,2026-03-26,Yes
WC000491,Sep,Kerkhof,josephine93@example.net,+31796 144356,IJzendijke,Belgium,2025-04-29,Yes
WC000492,Mike,Scharroo,chloebakker@example.com,+31843-903191,Lewedorp,Germany,2024-01-17,No
WC000493,Indy,Die Bont,hulskesmuhammed@example.com,+31(0)018-139007,Sappemeer,Belgium,2025-03-04,Yes
WC000494,Luuk,van Vlaanderen,de-bruincato@example.com,+31294 754185,Kockengen,Netherlands,2024-11-02,No
WC000495,Tyler,Arts,tess27@example.com,+3153-4317933,Herten,France,2023-10-16,Yes
WC000496,Faye,Jacobs,ppratt@example.com,052-5700919,Vriezenveen,Germany,2026-04-18,Yes
WC000497,Daphne,Jerusalem,van-goerlelinn@example.org,+31(0)27-7366027,Allingawier,France,2024-06-27,Yes
WC000498,Robin,Haselaar,lorealadam@example.com,(063)-3605671,Schildwolde,Germany,2024-08-23,Yes
WC000499,Tijs,Weylant,uhoekstra@example.org,+3155-6366941,Sint-Oedenrode,Germany,2024-09-17,No
WC000500,Kyano,Jacobs,peetersniels@example.com,0827 513994,Broekhuizen,Netherlands,2026-02-22,No
WC000501,Youssef,Meijer,selenadennenberg@example.org,+31(0)547-507322,Doniaga,Netherlands,2024-06-23,No
WC000502,Jayden,Mallien,ian38@example.net,(0058) 453924,Haule,Belgium,2023-12-04,Yes
WC000503,Suus,Mallien,hiddevan-geffen@example.org,004-9372853,Huijbergen,Germany,2024-01-05,No
WC000504,Juul,Haselaar,ellisrobin@example.org,0428 859731,Deil,Belgium,2024-04-04,Yes
WC000505,Helena,Ariens Ansems,tessa22@example.org,+3177 7069880,Hilvarenbeek,Belgium,2026-02-28,No
WC000506,Stijn,Klerks,coreth-von-und-zu-coredo-und-starkenbergbenthe@example.org,+31867 278549,Hinnaard,Belgium,2024-03-13,Yes
WC000507,Mick,Arnold,evan-egisheim@example.net,+3119 9438539,Hernen,Belgium,2026-06-08,Yes
WC000508,Hendrik,Zwart,zde-swart@example.net,(087) 1284335,Wijster,France,2025-12-06,No
WC000509,Lotte,van Loon,senna82@example.net,+31847-777628,Silvolde,Belgium,2025-01-05,No
WC000510,Michelle,Rek,de-witjan@example.org,+31(0)40 3189987,Leeuwarden,Germany,2023-08-30,Yes
WC000511,Louise,Lijn,aron39@example.net,+3113 1924409,Schellinkhout,Netherlands,2024-10-19,No
WC000512,Luke,Vergeer,kyara60@example.com,+31(0)917 211351,Obdam,Germany,2024-02-03,Yes
WC000513,Eva,Blom,bjornheere@example.net,014 4852129,Zeewolde,France,2023-10-15,No
WC000514,Leon,Uphuis,arouwenhorst@example.org,+3187-0478317,Ven-Zelderheide,France,2023-09-24,No
WC000515,Jules,van Soest,oramaker@example.net,(055)-1948695,Beringe,France,2024-01-25,No
WC000516,Loïs,d' Heripon,ibellemans@example.com,0324-654784,Panningen,France,2025-12-26,Yes
WC000517,Puck,Koning,matthijsde-jager@example.net,(0895)-691458,Biervliet,France,2025-07-11,No
WC000518,Nadia,van de Ven,felixkuit@example.net,084 9440599,Midlaren,Belgium,2025-08-31,Yes
WC000519,Mart,van Emmelen,dirvenmees@example.net,+31(0)885 267119,Wâlterswâld,France,2024-06-16,Yes
WC000520,Senna,Takkelenburg,mremmers@example.net,+31(0)892-503457,Gieten,France,2025-10-27,Yes
WC000521,Mehmet,van Schweinfurt,roanbeourgeois@example.org,0966-491228,Lochem,Germany,2026-03-13,No
WC000522,Fem,Overdijk,jules12@example.com,(077) 1498229,Overschild,Belgium,2023-10-14,No
WC000523,Jente,Saxo,olemmens@example.com,(0026) 439846,Bunnik,Netherlands,2023-09-27,Yes
WC000524,Mohamed,Manne,josephinescharroo@example.com,(068) 1392354,Nes,Germany,2026-06-04,No
WC000525,Joël,van Luyssel,ehaack@example.org,+31(0)379 607094,Middenbeemster,France,2024-01-18,No
WC000526,Ayoub,van Bovene,verboomdanique@example.net,+3133 2237796,Nijmegen,France,2026-05-16,Yes
WC000527,Benthe,Schenkel,de-reedehailey@example.org,+31796-596776,Leur,Germany,2025-05-03,Yes
WC000528,Sam,Aeije,jaylinnvan-der-stael@example.net,+3110 1692887,De Wilp,Belgium,2024-09-10,No
WC000529,Nathan,van Wessex,stuivenbergsami@example.org,(0874)-897152,Follega,Germany,2025-03-17,No
WC000530,Tycho,Gellemeyer,sofie61@example.net,+3116 4676950,Bemelen,France,2023-10-27,Yes
WC000531,Maarten,van Berkel,sven88@example.org,+31(0)626-166836,Langeveen,France,2025-03-23,Yes
WC000532,Sven,Ponci,tklomp-jan@example.com,+3192 3271883,Hobrede,Netherlands,2025-03-19,No
WC000533,Ibrahim,Vermeulen,tobiaslagerweij@example.org,+3138 4653959,Witte Paarden,Germany,2024-01-04,No
WC000534,Dina,Haselaar,maritbos@example.org,+3183-8157964,Borgsweer,France,2026-07-04,Yes
WC000535,Lise,van der Linden,lspies@example.org,+31237 233845,Nuis,Belgium,2026-07-28,Yes
WC000536,Levi,van Geenen,van-de-waltirza@example.com,+31(0)963-880721,Gastel,France,2024-07-03,Yes
WC000537,Mirthe,Vos,vverbeeck@example.net,+31161-752802,Neeritter,Germany,2024-08-14,No
WC000538,Lara,van Wijk,evyketel@example.net,(003)-6254112,Diphoorn,Belgium,2025-10-15,No
WC000539,Dirk,Woudenberg,kikivan-henegouwen@example.net,(0491) 338570,Botlek Rotterdam,Netherlands,2025-09-20,Yes
WC000540,Emily,Timmerman,middelkoopjaylinn@example.net,+31(0)04-0927359,Liempde,Germany,2024-02-16,No
WC000541,Jelle,Cornelisz,jvan-maaren@example.com,+31173 767722,Dussen,Germany,2026-06-23,Yes
WC000542,Michelle,Frerichs,,(0020)-680729,Smakt,Netherlands,2025-10-30,No
WC000543,Luuk,Levesque,le-flochsamuel@example.com,017 8889698,Nuis,France,2024-07-17,No
WC000544,Roos,Mathurin,merel90@example.net,+31(0)378-157106,Mheer,Germany,2024-02-09,No
WC000545,Stefan,Charon,zclaassen@example.org,(0597)-466838,Wagenberg,Belgium,2024-11-24,Yes
WC000546,Abel,Garret,sterre60@example.org,086-9276951,Klein Zundert,Belgium,2023-12-17,Yes
WC000547,Ivy,Karels,ide-beer@example.net,084-8934192,Bergeijk,France,2025-12-26,No
WC000548,Jill,van den Brink,silgroote@example.org,(0313) 568511,Grijpskerk,Germany,2023-09-30,Yes
WC000549,Amin,Willems van Lier,daphne80@example.org,(0076) 844353,Ee,France,2024-12-01,No
WC000550,Xavi,van Veen,berthoamir@example.org,(041)-8679631,Grathem,France,2025-10-15,No
WC000551,Dylano,de Kok,elinde-wit@example.net,(0445)-712113,Angerlo,Netherlands,2026-03-31,Yes
WC000552,Mads,Speijer,stella48@example.com,0932 391866,Noordwijkerhout,Belgium,2025-06-06,No
WC000553,Jorn,de Korte,willemde-vos@example.net,(037)-2149092,Oud Zuilen,Germany,2025-07-15,Yes
WC000554,Gijs,Corstiaens,semwouters@example.org,+31963 432225,Hengevelde,France,2023-12-11,No
WC000555,Amina,van Boulogne,cadefaubenthe@example.org,+31003-527447,Bergeijk,Germany,2023-11-12,No
WC000556,Beau,van Mil,evan-drenthe@example.net,+3108 3729886,Oud Ade,Germany,2026-02-11,No
WC000557,Noa,Kamp,sennahoning@example.org,+31717-927004,Kedichem,Germany,2025-02-23,Yes
WC000558,Senna,Michielsen,kde-keijser@example.org,+31477 798647,Heythuysen,France,2024-08-05,No
WC000559,Wessel,van Santen,yfredriks@example.org,+3128 1772102,Halfweg,Belgium,2025-04-06,Yes
WC000560,Mick,Momberg,guitteun@example.com,(001)-3159712,Ulrum,Germany,2024-07-13,Yes
WC000561,Esmee,Puig,annabel69@example.org,(006)-9448727,Varsseveld,Netherlands,2023-09-08,No
WC000562,Bart,Hellevoort,ecrin57@example.org,028-9679385,Oudenhoorn,France,2024-10-03,Yes
WC000563,Mason,Hagendoorn,texiernoortje@example.net,(017)-7478220,Kropswolde,Belgium,2024-07-15,Yes
WC000564,Isabella,Roodesteijn,jorn39@example.net,+31(0)199 526124,Nunhem,Belgium,2025-03-15,Yes
WC000565,Evie,van Klaarwater,samuel94@example.org,0075 933520,Oeffelt,Germany,2025-10-18,No
WC000566,Bryan,van breukelveen,van-egisheimboris@example.com,+31(0)038-989414,Roggel,Netherlands,2025-02-21,No
WC000567,Maaike,Rubben,tdiesbergen@example.com,(0557)-263343,Aalden,Netherlands,2025-08-31,No
WC000568,Esmee,Kloppert,felinesymons@example.com,+31336-632271,Westerbeek,Germany,2023-08-12,Yes
WC000569,Ecrin,van Oudewater,hiddeopmans@example.org,(093)-5068723,Alteveer,Belgium,2023-12-15,Yes
WC000570,Faye,Cadefau,ponciravi@example.net,+3197-3678146,De Bilt,France,2025-03-14,No
WC000571,Lot,Mangel,lminer@example.org,+31(0)975-496228,Zutphen,Netherlands,2025-04-01,No
WC000572,Lucas,Vertoor,aelftrud-van-wessexnienke@example.com,+3156-3287811,Leek,Netherlands,2026-04-18,No
WC000573,Thomas,Sitters,robinvan-der-laar@example.org,+31(0)819 607733,Oudeschoot,Germany,2024-11-14,No
WC000574,Seth,van der Meulen,wdriessen@example.net,+31964-041505,Baneheide,Belgium,2024-07-26,No
WC000575,Justin,Verboom,sylvieunruoch-hunerik@example.com,+31(0)120-564586,Heerewaarden,France,2023-09-24,No
WC000576,Noëlle,van Beieren,brent15@example.org,0861 233120,Almelo,Netherlands,2025-06-09,No
WC000577,Daniël,Jerusalem,sophiaaarts@example.net,+31(0)30 5123509,Horst,Belgium,2023-09-11,No
WC000578,Julian,van Roijen,van-drenthemirthe@example.org,+31(0)855-729822,Legemeer,Germany,2024-04-29,No
WC000579,Finn,Joosten,ernstnikki@example.com,006 6518421,Werkhoven,Netherlands,2025-06-16,Yes
WC000580,Chris,Aertsz,sborman@example.org,011 9122231,Twijzelerheide,Netherlands,2025-11-14,Yes
WC000581,Romy,Tamsma,noah06@example.com,092 8116432,Schinveld,Germany,2024-08-30,Yes
WC000582,Levi,van der Horst,scholtenbenthe@example.org,+31(0)02-9043966,Uithuizermeeden,Belgium,2026-04-14,No
WC000583,Joy,Langevoort,cas40@example.org,(0979) 542416,Een-West,Belgium,2026-06-04,No
WC000584,Nathan,Stichter,dvan-tours@example.com,036-7756780,Ovezande,France,2026-07-24,Yes
WC000585,Bjorn,van Nimwegen,gde-bruijn@example.net,+31(0)29-1196227,Houtigehage,Belgium,2026-07-26,Yes
WC000586,Merel,van den Wittenboer,ztillmanno@example.org,(0127)-525772,Beek,Belgium,2026-05-03,Yes
WC000587,Amélie,Bresse,sam06@example.org,0166-802814,Dinteloord,Belgium,2025-08-14,No
WC000588,Valerie,Hoeks,thijsuphus@example.com,+31(0)210 877991,Meeuwen,Netherlands,2026-06-29,Yes
WC000589,Sanne,Willems van Lier,van-limburgdirk@example.com,+31(0)889-242824,Westerlee,Germany,2025-01-06,No
WC000590,Nout,Ouwel,petersmilo@example.com,070 3033092,Sibrandahûs,Belgium,2026-02-17,No
WC000591,Morris,Haneberg,van-herstaljasmijn@example.com,+31392-305492,Boornbergum,Germany,2026-06-29,Yes
WC000592,Jesse,Paillet,robinlambers@example.org,+31(0)106-167390,Loenersloot,Belgium,2025-10-02,No
WC000593,Lex,Aeije,sander47@example.com,+31(0)775-915582,Kinderdijk,France,2025-11-30,Yes
WC000594,Lucy,Ponci,budlynn@example.net,067 9693890,Culemborg,Germany,2024-08-27,No
WC000595,Amélie,van Dam,tvan-engelen@example.org,+3136 1509355,Den Ilp,Germany,2025-03-15,Yes
WC000596,Cato,van Breukeleveen,leah62@example.org,(060)-4950772,Lucaswolde,Belgium,2025-09-21,No
WC000597,Philip,van de Leemput,lindseythout@example.com,(057) 2355392,Schoonloo,Belgium,2025-01-17,Yes
WC000598,Sven,Hakker,van-de-waternikki@example.org,(094) 6383341,Middenbeemster,France,2025-08-10,Yes
WC000599,Jolijn,Jansen,dachgeldtrik@example.com,+31(0)719-205776,Rossum,Germany,2026-04-24,No
WC000600,Jip,Oosterhek,timmermanmaud@example.com,+3158-1185939,Evertsoord,Belgium,2024-09-24,No
WC000601,Thijmen,Belpere,verbeekmirte@example.net,+31692 088694,Lelystad,Germany,2025-07-11,Yes
WC000602,Isabel,Kof,ebacker@example.com,+31(0)403 012861,De Rips,France,2024-12-01,Yes
WC000603,Eline,Mulder,ebleijenberg@example.net,+31(0)610-683716,Arcen,Netherlands,2026-04-01,No
WC000604,Jacob,Bos,van-haspengouwstella@example.net,(0647)-856454,Baexem,Germany,2024-05-18,Yes
WC000605,Amber,Elsemulder,zakaria97@example.net,+3132 2331778,Molenhoek,France,2025-09-25,Yes
WC000606,Dirk,van Westfalen,vmens@example.net,(0748)-544908,Urmond,France,2024-09-19,Yes
WC000607,Roos,Verheuvel,senna00@example.net,(0874) 739581,Herten,Belgium,2026-03-18,Yes
WC000608,Mathijs,van Grondelle,yvan-embden@example.net,050 7536650,Zwolle,Netherlands,2024-09-14,Yes
WC000609,Olivia,van Stralen,wkolster@example.net,+3197 6233250,Hornhuizen,France,2023-12-27,No
WC000610,Tijn,van Wijk,jamievan-der-meulen@example.net,0876 416768,De Bult,Germany,2025-01-28,No
WC000611,Jurre,Verhoeven,uwillemsen@example.org,(032) 5407761,Braamt,Belgium,2023-10-12,Yes
WC000612,Yusuf,van Salm,nekjorn@example.net,+31(0)39-6013953,Tytsjerk,Belgium,2024-10-15,Yes
WC000613,Kaylee,Keijser,die-bontamina@example.com,+31613-854408,Liempde,Belgium,2026-03-20,Yes
WC000614,Vajèn,Postma,sannepasschiers@example.net,+3122 7789587,Oudewater,Netherlands,2024-06-29,Yes
WC000615,Milo,Jones,eline87@example.org,+31440-118168,Nieuwe Pekela,Netherlands,2025-08-12,No
WC000616,Felix,van Munster,westerbeektess@example.org,+3107-4345522,Hidaard,Belgium,2025-03-25,No
WC000617,Zoë,Scholten,tadriaense@example.com,+31645 710013,Hensbroek,Netherlands,2023-11-25,Yes
WC000618,Anouk,de Wit,milouchrodtrud@example.com,069-4141192,Loenersloot,France,2024-06-01,Yes
WC000619,Fay,Werdes,lafleurcatharina@example.org,(0802)-585112,Santpoort-Zuid,Germany,2024-10-06,No
WC000620,Louise,van Daal,evertsjip@example.net,048-9677473,Nederweert,Germany,2026-03-28,Yes
WC000621,Dion,Horrocks,xwensen@example.net,0710-563878,Nieuwe Wetering,Netherlands,2025-07-25,Yes
WC000622,Amira,van den Broek,maravan-tuijl@example.net,(019)-7482376,Earnewâld,Germany,2024-07-14,Yes
WC000623,Noortje,ter Waarbeek,maaikepost@example.com,+31(0)52-7424119,Hooglanderveen,Belgium,2026-07-29,No
WC000624,Amin,Bökenkamp,maaike56@example.org,0713-664276,Aalsmeerderbrug,Germany,2025-08-04,Yes
WC000625,Yinthe,van Wijk,guitsiem@example.net,+31(0)660-860144,Egmond aan Zee,Germany,2023-11-10,Yes
WC000626,Mare,"Werl-Arnsberg, van",iriskok@example.org,(0782)-589017,Nieuwland,Belgium,2026-02-10,Yes
WC000627,Sami,van Kuijc,tvan-wijk@example.org,(0264)-078918,Opperdoes,Belgium,2024-03-24,No
WC000628,Fenne,Luitgardis van Neustrië,simon98@example.org,+3146 2421293,Ellecom,Netherlands,2023-12-18,No
WC000629,Ayoub,van Cuijck,brentsam@example.com,+31(0)39 8503665,Zuidlaren,Belgium,2025-07-15,Yes
WC000630,Boris,van Ginkel,elena57@example.net,0386 912231,Berltsum,Belgium,2023-09-02,No
WC000631,Silke,Kof,yara29@example.org,+31(0)794-991232,Steendam,France,2024-04-28,No
WC000632,Anna,Weerdenburg,evan-t-riet@example.com,(0727) 944075,Heukelom,Germany,2024-10-13,Yes
WC000633,Ashley,Loep,klomp-jannoa@example.net,(0935)-279974,Geldermalsen,Germany,2025-03-01,No
WC000634,Ivan,VAN eNGELEN,dpostma@example.com,(088)-8575385,Kerk Avezaath,Belgium,2023-12-30,No
WC000635,James,Knuf,lensenmaaike@example.org,+31036-819420,Oudenhoorn,Netherlands,2026-07-05,Yes
WC000636,Lisanne,"Werl-Arnsberg, van",visserstijn@example.com,090-8043959,Eext,Belgium,2025-10-31,No
WC000637,Aaron,Koeman,kismanthomas@example.org,0851-579107,Zuid-Beijerland,Belgium,2026-02-20,No
WC000638,Senn,Broeckx,nvan-der-stael-de-jonge@example.net,066 7491730,Nagele,Belgium,2023-09-15,No
WC000639,Elize,Kerkhof,irubben@example.net,+31(0)07-1035096,Eck en Wiel,Belgium,2026-06-06,No
WC000640,Ian,Verbeek,matthijs45@example.org,+31(0)263 275249,2e Exloërmond,France,2025-01-23,No
WC000641,Florian,Greij,oblokland@example.com,+31(0)03 4266531,Losdorp,Netherlands,2025-11-05,No
WC000642,Rens,van Westfalen,marinusd-heripon@example.net,0376 353244,Nieuwolda,France,2024-12-30,Yes
WC000643,Chloé,van Boulogne,quintende-werd@example.net,+31(0)037 939267,Oudenhoorn,Belgium,2024-06-28,Yes
WC000644,Sanne,Amalrada,omosley@example.com,+31(0)156-399311,Thesinge,France,2026-02-26,Yes
WC000645,Michael,Die Bont,van-spreeuwelkyano@example.com,+3137-0078033,Oegstgeest,France,2023-11-21,No
WC000646,Fiene,The Elder,rnihoe@example.net,+31616-892428,Kaag,Germany,2025-06-23,No
WC000647,Lena,Dekker,dschelvis@example.com,+3199-7791102,Woudbloem,France,2025-03-29,No
WC000648,Sep,Knuf,zspaan@example.org,+3136-7525000,Benningbroek,France,2024-02-12,No
WC000649,Kick,Honing,zpratt@example.com,+3123 3684942,Pietersbierum,France,2025-02-02,No
WC000650,Sam,Jansen,rijckenbrian@example.org,0677 885510,Blije,Belgium,2023-12-13,No
WC000651,Kim,van Wassenaar,mmeijer@example.net,+31113-835473,Greonterp,Germany,2024-01-20,No
WC000652,Brent,van Nus,rotteveelgijs@example.com,+31735-202662,Tilligte,France,2024-11-26,No
WC000653,Marit,van den Bergh,woudenbergchloe@example.com,(0950)-909087,Foudgum,France,2025-04-24,Yes
WC000654,Niels,Kwaadland,egrondel@example.net,+31531-975442,Zuurdijk,Netherlands,2025-07-02,Yes
WC000655,Nienke,Tammerijn,jwerl-arnsberg-van@example.com,+31136 124009,Ried,Belgium,2025-07-08,Yes
WC000656,Zara,der Kijnder,fboers@example.org,066 6327540,Druten,Netherlands,2023-11-22,Yes
WC000657,Sem,Vignon,lorreijnvincent@example.org,092-4515974,Wetsinge,France,2025-03-14,No
WC000658,Bo,Louws,dex17@example.com,044-1351289,Vrouwenparochie,France,2025-07-02,Yes
WC000659,Jade,Mathol,elif57@example.com,+31(0)64-6965757,Bornerbroek,Netherlands,2024-03-14,No
WC000660,Ilse,Zijlemans,charlotte26@example.net,+31(0)04-8894360,Uddel,France,2025-09-30,No
WC000661,Levi,Klein,zvan-westfalen@example.com,0155-367421,Landsmeer,Germany,2025-05-09,No
WC000662,Laura,Lind,marevan-der-loo@example.com,+31563 294511,Nuis,France,2026-03-18,Yes
WC000663,Fem,Uphus,jaylinn29@example.org,+31(0)101 524188,Swifterbant,France,2026-04-24,Yes
WC000664,Selina,de Korte,elisevan-den-corput@example.com,+31561-772881,Noordbeemster,Netherlands,2024-01-06,Yes
WC000665,Twan,Jansse,dboudewijns@example.net,+31(0)17-3371189,Eemdijk,France,2026-07-16,Yes
WC000666,Rick,Ouwerkerk,alyssavan-den-corput@example.org,0813-651375,Sassenheim,Belgium,2024-10-11,Yes
WC000667,Alicia,Aertsz,klerksalex@example.org,004-9022419,Oldehove,Belgium,2025-08-24,Yes
WC000668,Nina,Neuzerling,tamsmafeline@example.net,+31634-620550,Hoogeloon,Germany,2025-12-08,No
WC000669,Bradley,van Oudewater,kyanovan-salm@example.net,+31(0)742 217153,Breezanddijk,Germany,2026-02-13,Yes
WC000670,Kian,Hoppenbrouwer,amber65@example.net,0113 825618,Schiermonnikoog,Belgium,2024-09-21,No
WC000671,Kim,Paillet,marinusde-jager@example.net,0945-042452,Warstiens,Netherlands,2024-12-07,Yes
WC000672,Robin,de Gruil,borisvan-der-wal@example.org,+3144 1957404,Vaals,Germany,2026-05-03,No
WC000673,Casper,van Voorhout,imranvan-rossum@example.org,+31(0)75 5696157,Neer,Germany,2026-01-17,No
WC000674,Nynke,Oennen,brugmanmaria@example.org,0786-554092,Dieverbrug,France,2025-02-04,Yes
WC000675,Juul,Loep,der-kijnderimke@example.net,(001)-8491354,Veessen,Netherlands,2026-01-26,Yes
WC000676,Lauren,Huisman,zvan-ham@example.net,+3162 7486290,Gasselternijveenschemond,France,2026-05-31,No
WC000677,Mick,Schrant,frankhuizenevie@example.com,0283 022054,West-Graftdijk,Belgium,2023-12-17,No
WC000678,Amin,de Vrome,jerusalemxavi@example.com,+3191 4492568,Doniaga,Belgium,2024-03-06,Yes
WC000679,Lot,Roose,lustersofie@example.org,(0800)-135066,Baambrugge,Netherlands,2025-11-04,No
WC000680,Rayan,van Maaren,coretjulius@example.org,020-1364058,Nieuw Scheemda,France,2024-07-04,No
WC000681,Hamza,Billung,oennencas@example.net,+31(0)275 833721,Ane,Belgium,2024-12-06,Yes
WC000682,Catharina,Brievingh,sil47@example.org,+3197-0000180,Bosschenhoofd,Belgium,2024-01-15,Yes
WC000683,Lucas,van Daal,sophiagnodde@example.net,+31(0)200-673758,Valthermond,Netherlands,2024-08-22,Yes
WC000684,Kevin,Lemmens,van-wessexsten@example.com,(0422)-663766,Zevenbergen,Germany,2026-06-19,No
WC000685,Amy,Kamp,ikeijzer@example.org,(0311)-903840,Ridderkerk,Belgium,2024-09-22,Yes
WC000686,Jennifer,van Velthoven,kortmanrenske@example.com,+31(0)480 316663,Achthuizen,Belgium,2024-05-10,No
WC000687,Brent,Dubois,beourgeoisbenthe@example.net,+3122 6281230,Molkwerum,Belgium,2024-12-15,No
WC000688,Rick,Kisman,slaetsdochtervalentijn@example.org,099-4874191,Walsoorden,Belgium,2024-02-03,No
WC000689,Kate,Scholten,lennvan-der-veen@example.org,+31(0)11-4808152,Zwinderen,Belgium,2025-01-25,Yes
WC000690,Kyara,van Salm,jmichiels@example.com,+3190-5785230,Alteveer gem Hoogeveen,Germany,2023-12-03,No
WC000691,Loek,Wright,vvan-der-ploeg@example.com,(0436)-792993,Sint Jansklooster,Germany,2025-07-26,No
WC000692,Florian,de Kale,micha36@example.com,+31042-200251,Blije,Germany,2025-09-24,Yes
WC000693,Gijs,Rijks,knoersriley@example.org,+31(0)351-781250,Hengevelde,Netherlands,2024-08-21,No
WC000694,Koen,Overdijk,lotte12@example.org,+31(0)49-5333569,'s-Graveland,Netherlands,2023-08-10,No
WC000695,Linn,van der Velden,postilse@example.org,+31(0)301-007712,Noordeinde,Germany,2026-03-25,Yes
WC000696,Finn,van der Smeede,hanegraaffsophie@example.org,0504-851942,Niftrik,Germany,2025-07-02,No
WC000697,Pim,van Heusden,flinkleon@example.com,0829-455337,Geelbroek,Germany,2025-05-02,Yes
WC000698,Maxim,Prins,bjorn83@example.org,+31489-541122,Gendringen,Germany,2024-11-11,No
WC000699,Jason,Michielsen,xwijland@example.org,047 4371694,Gendt,Belgium,2024-06-14,Yes
WC000700,Jorn,de Smit,bfriehus@example.net,+31(0)653-559659,Haps,Germany,2025-04-28,No
WC000701,Saar,Pison,tygovan-den-henst@example.com,+31059-770353,Workum,Belgium,2025-09-18,Yes
WC000702,Valentijn,Hulskes,,0374-206513,Horssen,France,2026-02-11,No
WC000703,Tessa,Coret-Coredo,bryan29@example.org,0449 929923,Numansdorp,France,2025-03-24,No
WC000704,Luca,Ansems,stijnfrancois@example.com,+31765-942512,Rasquert,Germany,2025-06-23,No
WC000705,Job,van Dijk,jprinsen@example.org,+31(0)688 462581,Oldemarkt,Germany,2024-11-30,Yes
WC000706,Tyler,van Drenthe,dloep@example.org,(072) 8305931,Harderwijk,Belgium,2023-10-24,No
WC000707,Tobias,de Vroege,hvan-der-heiden@example.com,+31(0)850 856814,Zandhuizen,France,2026-07-02,Yes
WC000708,Berend,Werdes,nielszijlemans@example.com,+31133-453210,Ospel,Belgium,2023-10-14,Yes
WC000709,Jack,Reimes,van-den-nieuwenhuijsenjulian@example.com,(0963) 591235,Pijnacker,Germany,2025-12-28,Yes
WC000710,Kayleigh,Holthuis,jill62@example.com,(0425)-001651,Hekendorp,Netherlands,2025-06-19,No
WC000711,Mirte,van Embden,olivierstook@example.com,(038)-4964300,Wijnbergen,Netherlands,2024-09-25,Yes
WC000712,Fedde,van der Linden,chermans@example.net,+31(0)403-017201,De Pol,Netherlands,2025-02-02,Yes
WC000713,Jake,de Bruijn,esmeeschokman@example.com,+31(0)850 896782,Zundert,Netherlands,2026-05-14,Yes
WC000714,Jari,Huijzing,vosmohammed@example.com,+3199 0447746,Strijen,Germany,2024-06-13,No
WC000715,Eliza,van de Velden,willem40@example.net,006-7512671,Tripscompagnie,Belgium,2026-05-08,Yes
WC000716,Mare,Dirven,jentespier@example.net,+31(0)466-200010,Goedereede,Netherlands,2025-06-25,Yes
WC000717,Louise,van Wallaert,esmeevan-laar@example.org,0656 997585,Haskerdijken,Netherlands,2024-01-20,No
WC000718,Jayson,Boudewijns,de-haasbrian@example.net,+3192-3029301,Koudum,France,2025-07-24,Yes
WC000719,Sterre,Vastenhouw,rzuijdveld@example.org,0924-041759,Dearsum,Belgium,2023-08-12,Yes
WC000720,Esila,Willemsen,yusuf64@example.com,0791-166725,Hoensbroek,Belgium,2025-09-18,No
WC000721,Vince,Blom,jaymartel@example.com,+3100-2816849,Rhoon,Germany,2023-09-12,No
WC000722,Thom,van der Horst,guusje22@example.net,(027)-9038163,Mariënberg,France,2026-05-18,Yes
WC000723,Senn,Niermann,schultenrick@example.com,(037)-9572970,Veen,France,2026-07-08,Yes
WC000724,Eva,Schagen,kyarabastiaanse@example.net,+31758-339567,Rha,France,2023-12-31,Yes
WC000725,Brent,van den Eijssel,dekkersil@example.net,(004) 4795193,Onnen,Belgium,2024-07-09,Yes
WC000726,Luka,van Olst,backerfloortje@example.net,(0410)-347843,Biddinghuizen,Belgium,2025-04-08,No
WC000727,Lara,Koning,van-velthovensara@example.net,0505-288907,Lijnden,France,2026-02-28,No
WC000728,Fem,Groen,zara24@example.net,+31(0)95 6007564,Eesterga,Belgium,2024-09-09,No
WC000729,Maja,van Breukeleveen,elifde-smit@example.net,0864-107109,Nieuwaal,France,2024-07-30,Yes
WC000730,Yara,de Jode Vastraedsd,jmichiels@example.org,(020)-6575056,Molkwerum,Netherlands,2026-07-25,No
WC000731,Juliette,de Strigter,van-jumiegejolijn@example.net,+3117-9991317,Leermens,Netherlands,2024-11-27,No
WC000732,Joris,Mangel,courtiertijmen@example.com,0606-521598,IJsselham,France,2023-09-14,No
WC000733,Liv,der Kijnder,cornelisadryaens@example.org,0551 908526,Doetinchem,Belgium,2025-08-26,Yes
WC000734,Noud,Ariens,raf94@example.com,+31(0)14 4173489,Sappemeer,Belgium,2026-03-27,No
WC000735,Lars,van Es,adriaensdrmatthias@example.org,(071)-3356019,Schimmert,Germany,2023-09-25,Yes
WC000736,Sepp,van de Velden,uden-buytelaar@example.com,041-2802890,Pannerden,France,2024-09-08,No
WC000737,Colin,Slingerland,hvan-de-greef@example.net,(065)-7429703,Katlijk,Germany,2023-08-25,Yes
WC000738,Mike,Klomp Jan,samuel61@example.net,+3165-6684901,Ginnum,Germany,2023-10-29,Yes
WC000739,Sophia,Volcke,schelvisesther@example.org,(0813) 054574,Bloemendaal,Belgium,2026-03-03,No
WC000740,Thijs,Bouthoorn,gepa-van-bourgondiegiel@example.com,065 9985235,Finsterwolde,France,2024-02-04,No
WC000741,Joy,van Beek,pieneverde@example.org,+3191 1508708,Eeserveen,Germany,2024-12-21,Yes
WC000742,Dave,Doornhem,jansenquinten@example.com,(043)-9680967,Broek in Waterland,Germany,2026-07-11,No
WC000743,Aaliyah,Weijland,daniel70@example.com,(054)-7586963,Suwâld,Germany,2024-05-09,No
WC000744,Evi,Korstman,saarverbeek@example.net,045-0515369,Briltil,Germany,2026-06-02,No
WC000745,James,Engels,pwinters@example.net,+3146 3654114,Vleuten,Netherlands,2023-09-17,Yes
WC000746,Amina,Pratt,abelde-boer@example.org,+31(0)31 9246634,Oostrum,Netherlands,2023-12-19,Yes
WC000747,Sem,Luboch,evikortman@example.com,+31(0)108 782683,Aerdt,Belgium,2023-11-15,No
WC000748,Sil,Karels,adamoostveen@example.com,056 1191402,Netersel,Netherlands,2025-06-13,No
WC000749,Bibi,Palman,julesbouhuizen@example.org,+31(0)46-3366412,Koolwijk,Germany,2023-09-20,No
WC000750,Lorenzo,van Gorp,van-maarenangelina@example.com,034-9359796,Oud-Beijerland,France,2026-07-25,Yes
WC000751,Matthijs,Mahieu,nielsschipper@example.com,0965 110050,Stedum,France,2025-09-25,Yes
WC000752,Leah,van Mook,benthe35@example.org,0604-739381,Riethoven,France,2025-08-31,No
WC000753,Amber,van der Lede,van-der-plasjack@example.com,(0384) 786824,Persingen,Germany,2025-07-08,Yes
WC000754,Maryam,van de Leemput,bkleybrink@example.net,050 7933871,Lochem,Netherlands,2026-05-11,Yes
WC000755,Mark,van Ginkel,van-rijthovenvalerie@example.com,(0120) 556400,Zeeland,Belgium,2025-01-03,Yes
WC000756,Marinus,die Witte,azra86@example.net,+3132 5650227,Wilhelminaoord,France,2026-02-11,No
WC000757,Sem,Kwaadland,heerschopbjorn@example.com,0034-612659,Annerveenschekanaal,Netherlands,2025-06-04,No
WC000758,Tygo,Uphuis,femke22@example.net,035 3910673,Honselersdijk,France,2026-02-02,No
WC000759,Danique,van Ooste,sophiehuurdeman@example.com,0132 006797,Kattendijke,Netherlands,2023-10-15,No
WC000760,Maurits,Pierson,meeusenlena@example.com,+31(0)485-335664,Scharwoude,Netherlands,2026-04-28,Yes
WC000761,Pim,Weylant,den-teulingtwan@example.org,+31783 174071,Poederoijen,Belgium,2025-01-10,Yes
WC000762,Phileine,Geerling,van-luxemburgjanna@example.com,+31(0)85-7467939,Rotterdam,Belgium,2025-11-13,Yes
WC000763,Joris,van Noordeloos,ogodfrey-van-alemannie@example.net,032-0569667,Zetten,France,2024-01-28,Yes
WC000764,Lily,Blees,xkamper@example.net,0894-259161,Moddergat,France,2023-08-30,No
WC000765,Rik,Schokman,koningsmyrthe@example.net,+31(0)72 4426067,Benneveld,Germany,2025-11-15,Yes
WC000766,Inaya,Draaisma,caspervan-den-heuvel@example.net,(0016) 806220,Westhoek,Belgium,2025-06-29,Yes
WC000767,Daan,de Backer,casper38@example.net,0072-324152,Assendelft,Netherlands,2025-07-18,Yes
WC000768,Jack,Ernst,selena85@example.org,0769-491023,Ten Post,France,2023-08-23,Yes
WC000769,Elias,Mol,gvan-arkel@example.net,+31(0)839-491888,Langbroek,Germany,2026-03-26,No
WC000770,Renske,Frankhuizen,amelia47@example.com,+31374 497141,Nijetrijne,Belgium,2024-09-15,Yes
WC000771,Hugo,van der Kint,guusjeprinsen@example.com,0473-647487,Volkel,Belgium,2024-05-21,Yes
WC000772,Charlotte,Bresé,bschwartsbach@example.com,+31129-579357,Hippolytushoef,Netherlands,2026-07-12,Yes
WC000773,Valentijn,Pison,lizz97@example.com,065 9696038,Westerbeek,France,2025-12-22,No
WC000774,James,Dorsman,den-teulingjuliette@example.com,+31(0)063-856320,Harich,Belgium,2026-04-05,Yes
WC000775,Hamza,Bastiaanse,sten56@example.com,+31(0)67 4384769,Wijk en Aalburg,France,2024-04-09,No
WC000776,Lois,van den Assem,teunvan-verdun@example.com,+31(0)609 809408,Sexbierum,France,2024-07-11,Yes
WC000777,Laurens,le Guellec,bellemansjurre@example.com,(077)-1012755,Duivendrecht,France,2025-07-03,Yes
WC000778,Sander,van der Loo,lennvan-gils@example.org,030-3546220,Wanroij,France,2024-03-19,No
WC000779,Tycho,van de Darnau,juliusvan-laon@example.net,0844 160240,Den Burg,France,2026-07-29,Yes
WC000780,Adam,Lagerweij,aya35@example.net,(087) 4677809,Bitgummole,Belgium,2024-06-26,Yes
WC000781,Robin,Wright,,+31017 798678,Kornhorn,Germany,2025-04-13,Yes
WC000782,Kiki,Schulten,amina86@example.net,(042)-9807573,Harskamp,Netherlands,2025-03-15,No
WC000783,Loes,Jansen,ameliarutten@example.net,+31619 884183,Eefde,Germany,2026-02-03,No
WC000784,Aaliyah,van Laar,janssensthijs@example.org,+31115-919414,Sint Nicolaasga,France,2026-02-05,No
WC000785,Gerrit,van Geenen,tvan-kuijc-van-malsen@example.com,,Molenaarsgraaf,Germany,2026-05-21,Yes
WC000786,Bram,Kalman,emilygeneart@example.com,+3171 2707434,Donderen,Netherlands,2026-01-25,Yes
WC000787,Rayan,de Leeuw,eliaslathrope@example.net,+3152-3295451,IJhorst,Germany,2026-01-14,No
WC000788,Laurens,Claassen,daniel99@example.net,(0716)-769528,Aarle-Rixtel,Belgium,2023-10-09,No
WC000789,Cornelis,Janssen,kate68@example.org,0660 733943,Exloërveen,Germany,2023-11-02,No
WC000790,Simon,van de Elzas,marijn57@example.net,033-9993449,Oranjewoud,Netherlands,2024-01-03,No
WC000791,Daphne,van Bruchem,jespervan-den-corput@example.org,054-3681049,Driezum,Germany,2026-07-13,Yes
WC000792,Jorn,Sarneel,jaydadircken@example.net,+31(0)55 9663647,Schoonebeek,Germany,2023-08-10,Yes
WC000793,Jaylinn,Koster,weylandmaaike@example.com,+31(0)544 455740,Dalen,Germany,2023-10-31,Yes
WC000794,Evelien,Laffray,aaron06@example.com,+3107 6722828,Oostkapelle,Netherlands,2024-12-01,Yes
WC000795,Joep,Stichter,postmalisanne@example.org,+31(0)435-419285,Boven-Leeuwen,Germany,2026-07-21,Yes
WC000796,Teun,Neuzerling,maximpersijn@example.org,+31(0)285 525189,Lopik,Belgium,2025-01-24,Yes
WC000797,Nienke,Lage,benthe29@example.org,0943-311664,Norg,Netherlands,2026-06-08,No
WC000798,Mirthe,Mater,benjaminhoelen@example.net,+31(0)54-4018101,Terwolde,France,2025-09-11,No
WC000799,Dani,Salet,van-verdunlise@example.com,+31(0)10-8842710,'t Goy,France,2025-11-03,No
WC000800,Pippa,van der Laarse,frerichshidde@example.net,(060)-5525057,Avenhorn,Germany,2024-07-21,Yes
WC000801,Bo,Jansen,julianvan-voorst@example.org,078-8013984,Breezand,Germany,2023-08-22,No
WC000802,Saar,de Koning,,+31(0)607 475230,Staphorst,Belgium,2025-01-27,No
WC000803,Jonathan,Terry,bloemendaaljelte@example.org,060-5204518,Tirns,Netherlands,2024-11-14,Yes
WC000804,Lisanne,van 't Houteveen,renske30@example.com,+31(0)33 6467197,Moergestel,Netherlands,2026-06-08,No
WC000805,Nora,van Suinvorde,fayesire@example.org,+31581 880179,Benneveld,Belgium,2025-06-21,No
WC000806,Michael,Jdotte,jannehuijben@example.org,+31233-787734,Midwoud,Netherlands,2023-09-17,No
WC000807,Wesley,Kremer,ncarnotte@example.com,+31422 473743,Drijber,France,2023-08-06,Yes
WC000808,Sam,de Jong,tycho34@example.org,0988 809033,Achthuizen,Belgium,2025-05-12,No
WC000809,Chloë,Spruyt,roukesjoey@example.com,+31(0)19-7697758,Beegden,Germany,2026-02-11,No
WC000810,Robin,Boudewijns,arievan-asten@example.net,003-4954738,Hollum,Germany,2025-02-17,No
WC000811,Leon,de Wit,gervaisaron@example.com,+31(0)07 2160755,Nijmegen,Germany,2024-06-04,No
WC000812,Finn,Cant,noor23@example.net,(0007) 633078,Meliskerke,France,2025-09-07,No
WC000813,Pepijn,Backer,lorreijnsil@example.com,(036)-5977863,Ferwoude,France,2026-01-12,No
WC000814,Saar,van der Velde,dina05@example.org,+31887 398871,Nieuwersluis,Belgium,2026-01-23,No
WC000815,Kai,van Wel,bdie-witte@example.net,097 1693573,Wedde,Germany,2025-01-07,Yes
WC000816,Dex,Schroeff,loeksprong@example.net,(075) 6189320,Sint Maartensbrug,France,2025-04-03,Yes
WC000817,Nadine,van de Pol,yromijn@example.net,+31(0)70 8542333,Haskerhorne,Belgium,2025-08-10,Yes
WC000818,Leah,van de Water,lauren49@example.com,0457-761144,Berkhout,Netherlands,2025-07-23,Yes
WC000819,Olivia,Janse,tygo61@example.org,+3168-8280327,De Heurne,France,2023-12-31,Yes
WC000820,Luna,van Geenen,katevan-den-heuvel@example.com,+31396-884603,Mariaparochie,Netherlands,2026-01-29,No
WC000821,Robin,van Roijen,ize60@example.net,+3197-3060441,Grou,Belgium,2025-12-12,No
WC000822,Linn,Dorsman,frederiquehendriks@example.com,+31(0)91-0821890,Wier,France,2024-10-24,No
WC000823,Pleun,Loreal,breugelensisties@example.org,(0032)-887082,Goëngahuizen,France,2026-01-15,Yes
WC000824,Sem,Sitters,isprong@example.org,096 6971921,IJsselham,Belgium,2024-11-15,No
WC000825,Niels,Bosch,bmudden@example.com,(040) 0280104,Slijkenburg,Belgium,2025-08-26,No
WC000826,Carlijn,van den Brink,justin46@example.net,0273-454718,Mirns,France,2023-09-27,No
WC000827,Sander,van Ochten,jayda33@example.net,(0384) 794209,Biezenmortel,Belgium,2026-05-03,Yes
WC000828,Kai,de la Fleche,noor63@example.com,+31(0)023 153870,Gramsbergen,France,2026-07-19,Yes
WC000829,Zoë,Molenaar,xboetet@example.org,+31(0)15-2430413,Drachten-Azeven,Belgium,2026-07-24,No
WC000830,Kim,Bijlsma,hiddehaengreve@example.org,+3144 7118866,Nederweert-Eind,Belgium,2025-05-14,Yes
WC000831,Cornelia,van Kusen,van-loonlisa@example.com,+31033-293264,Vinkenbuurt,France,2024-04-24,Yes
WC000832,Melissa,van de Coterlet,daniquede-gruijl@example.org,+3192 5710899,Made,Belgium,2025-08-28,Yes
WC000833,Ilse,Jansen,van-der-ploeglizzy@example.org,(019) 0343786,Luddeweer,Germany,2023-08-09,No
WC000834,Liza,Brizee,lukeschiffer@example.org,0496 635973,Fochteloo,Germany,2023-10-08,No
WC000835,Marit,van Hulten,sam65@example.org,(029) 0853659,Weerselo,France,2025-09-22,No
WC000836,Maurits,Holthuis,fgerritse@example.org,+31(0)619-957170,Soerendonk,Germany,2024-07-10,No
WC000837,Yinthe,van Bergen,van-nusjames@example.com,(0898)-155222,Hoogwoud,Netherlands,2023-08-24,Yes
WC000838,Elin,Kuipers,goyaerts-van-waderlejente@example.org,032-8990242,Beers NB,France,2026-06-22,Yes
WC000839,Lois,Lijn,vwensen@example.com,+3149 8043285,Rucphen,Belgium,2024-09-23,Yes
WC000840,Emir,van Dongen,lblom@example.com,010-9766536,Hoogvliet Rotterdam,France,2025-03-09,Yes
WC000841,Giovanni,Klomp Jan,ottevictoria@example.com,+31(0)122-656436,Twisk,France,2023-12-24,No
WC000842,Casper,Sterkman,kickvan-rheineck@example.org,+3107 5355590,Kalenberg,Germany,2023-12-20,No
WC000843,  Fabiënne  ,Haneberg,jadevan-westfalen@example.org,097-8749449,Hulsel,France,2024-02-09,Yes
WC000844,Noortje,Neuteboom,gvan-egisheim@example.org,(036)-9653805,Wânswert,France,2025-03-21,No
WC000845,Annemijn,Lonen,marceronvalentijn@example.org,+3177-9180077,Pietersbierum,France,2025-05-17,No
WC000846,Sanne,Verbeeck,ts-gravensande@example.net,0782-245186,Einighausen,France,2024-06-15,No
WC000847,Yassin,van den Broek,corneliszaaron@example.com,(097) 7937714,Hei- en Boeicop,Belgium,2026-04-19,No
WC000848,Esmée,Kok,van-grinsvenjelte@example.net,027 4673724,Rottevalle,France,2026-03-09,No
WC000849,Brian,Leguit,hidde46@example.net,+31(0)95-7510084,Geelbroek,France,2026-07-21,No
WC000850,Job,de Reede,mara59@example.org,+31(0)540-523216,Ginnum,France,2025-03-04,No
WC000851,Lieke,Kriens,van-tuijlduuk@example.org,(015)-2504399,Ingber,Belgium,2023-08-02,Yes
WC000852,Pien,Mansveld,dion94@example.com,0479 184827,Wilsum,Germany,2026-05-19,Yes
WC000853,Tijs,van der Kaay,carnottepuck@example.net,+31(0)646-031254,Maasvlakte Rotterdam,Belgium,2025-03-16,No
WC000854,Veerle,Overeem,meisjonas@example.net,+31676 435065,Weerselo,Netherlands,2024-08-13,No
WC000855,Kick,Riem,yvan-de-greef@example.com,(0161)-598811,Raamsdonksveer,Germany,2024-12-12,No
WC000856,Bibi,Hoogers,hlorreijn@example.com,+31(0)07 3408482,Feanwâlden,Germany,2026-05-22,Yes
WC000857,Mila,van Drenthe,kaylee46@example.org,+31(0)134 729697,Braamt,Germany,2024-09-18,Yes
WC000858,Julius,Scholten,de-hoogheliza@example.com,+31029-854485,Mierlo,Belgium,2026-07-25,No
WC000859,Isabella,Westerburg,tinsjort@example.com,(060)-5904795,Oeffelt,France,2024-10-30,No
WC000860,Linde,Blewanus,melissaclaesner@example.net,019-6545365,Emst,Germany,2026-06-29,Yes
WC000861,Sil,Wigman,sde-vroege@example.org,+31(0)214 199232,Voorburg,Germany,2025-12-12,No
WC000862,Joshua,Bartels,kai93@example.org,(046) 7495384,Ferwert,France,2024-06-09,No
WC000863,Nova,'s Gravensande,merijn30@example.com,+31(0)11 1374292,Nieuwehorne,Belgium,2025-10-14,Yes
WC000864,Ise,Lamotte,van-der-leekzakaria@example.org,+31775 330543,Dronryp,Germany,2025-03-26,No
WC000865,Melissa,van de Elzas,oliviervan-tuijl@example.org,(0437) 753315,Sassenheim,Netherlands,2026-05-27,No
WC000866,Janne,Bökenkamp,dvan-der-plas@example.com,+31(0)08-8286311,Oudorp,Germany,2025-03-23,No
WC000867,Beau,van Laarhoven,fvan-der-plas@example.org,(005)-1182361,Den Andel,France,2025-02-19,No
WC000868,Evelien,van Embden,myrthevan-der-maes@example.com,+31634 909955,Zuidlaarderveen,Belgium,2025-03-21,Yes
WC000869,Esmée,Coolen,vbeekman@example.org,(0973)-904582,Hijum,Belgium,2024-12-17,No
WC000870,Tygo,van Limburg,ties47@example.org,+31(0)90 9378778,Dalerveen,Germany,2025-12-23,No
WC000871,Demi,Veltman,dsanders@example.com,073 4084410,Annen,France,2025-03-07,Yes
WC000872,Jasper,van den Corput,merijn02@example.net,+31(0)955 477544,Arcen,Belgium,2026-03-24,Yes
WC000873,Mika,Diesbergen,veerle50@example.org,+3161-0823625,Aalsum,Netherlands,2026-01-10,No
WC000874,Charlotte,van den Nuwenhijsen,yspaan@example.com,+31(0)945 226805,Callantsoog,Netherlands,2025-07-14,No
WC000875,Merel,Oosterhout,merijn87@example.com,0027 978219,Bronneger,Belgium,2025-03-16,No
WC000876,Luna,de Marduras,esila25@example.org,+31(0)23-7918710,Ees,Belgium,2026-05-27,No
WC000877,Ayoub,Thomas,duukvan-munster@example.org,053-2746288,Stedum,France,2024-12-11,No
WC000878,Nick,van den Eerenbeemt,brievinghfien@example.net,(042)-0511845,Westerwijtwerd,Belgium,2025-01-21,No
WC000879,Anna,Kirpenstein,yfkede-plantard@example.com,0388-292944,Lobith,Belgium,2026-02-24,No
WC000880,Jay,Lether,adriana32@example.net,+31(0)914-913420,Zeijerveld,Germany,2025-10-09,No
WC000881,Boaz,Bud,roosvan-dijk@example.com,+3114 5330929,Westhoek,Netherlands,2024-01-14,Yes
WC000882,Rosalie,Heerschop,woutshupe@example.org,(015) 8127447,Hengevelde,Germany,2024-02-20,No
WC000883,Lorenzo,Ketel,vertoorenvalentijn@example.org,(070) 6096631,Visvliet,Netherlands,2025-10-15,Yes
WC000884,Norah,Vervoort,lgerritse@example.org,+31757 171223,Apeldoorn,Belgium,2025-12-02,No
WC000885,Daniël,Kuijpers,felix05@example.com,+31(0)66-0319829,Maria Hoop,Belgium,2025-03-26,No
WC000886,Stan,de Roos,hemma-van-allemanieaylin@example.com,+31(0)80-1718277,Wenum Wiesel,France,2024-10-14,Yes
WC000887,Sophia,van Ham,fflink@example.org,+3170 6401557,Lochem,Belgium,2026-01-27,No
WC000888,Maurits,Kriens,qbastiaanse@example.net,063 3260684,Mildam,Germany,2023-12-04,No
WC000889,Lois,van Stralen,emmendaniel@example.com,062-2704693,Megen,Belgium,2025-08-13,Yes
WC000890,Maud,van Maaren,rijnjoep@example.net,+3153 9078469,Schipborg,France,2024-02-24,Yes
WC000891,Dylan,de Beer,krabbeelin@example.com,(042)-8600387,Nunspeet,Belgium,2024-11-27,Yes
WC000892,Floortje,van Oostendorp,sandersrowan@example.org,0648-434396,Urk,Netherlands,2026-07-14,No
WC000893,Chloé,van den Nuwenhuijzen,vinkstijn@example.org,+31(0)511-490067,Driewegen,Netherlands,2024-05-21,No
WC000894,Dirk,van der Steen,bas66@example.com,051 1850005,Giessenburg,Belgium,2024-09-23,No
WC000895,Dean,Kuipers,xvan-den-assem@example.com,(0922) 982749,Nijverdal,Belgium,2024-07-12,Yes
WC000896,Oscar,de Groot,johannes60@example.net,(004) 7432759,Nieuw-Amsterdam,Netherlands,2025-12-29,No
WC000897,Johanna,Hanegraaff,lucas59@example.net,(005)-7517631,Noorden,France,2025-07-15,No
WC000898,Dirk,Wolters,qverhoeven@example.net,(082)-3021346,Beutenaken,Belgium,2024-07-08,Yes
WC000899,Benthe,van Mispelen,michabroek@example.net,+31825-578070,Vorden,Germany,2026-01-19,No
WC000900,Dex,van Zwaben,van-der-polamina@example.com,(0535)-217888,Tolkamer,Belgium,2025-07-14,No
WC000901,Kate,Passchiers,verharenjanne@example.com,+3167-6560838,Blaricum,Belgium,2024-09-05,No
WC000902,Ize,van den Berg,koenrackham@example.net,+31442-693455,Benthuizen,Netherlands,2026-02-20,Yes
WC000903,Finn,Laffray,rowanmiltenburg@example.org,(0581)-497386,Haps,Netherlands,2026-02-14,Yes
WC000904,Sam,Lansink,dean67@example.org,+31(0)914 089873,Waspik,Belgium,2025-12-05,No
WC000905,Féline,van Este,lorenzo39@example.org,0141 240284,Beverwijk,France,2025-02-09,No
WC000906,Rens,Lucas,fvan-bentheim@example.org,+31(0)74 9520957,Moerdijk,Netherlands,2026-05-24,No
WC000907,Kyano,Maas,invalid.email,(067)-6782673,Berkenwoude,Germany,2025-09-12,Yes
WC000908,Seth,Verhaar,willemsayoub@example.org,(0939) 237048,Waspik,France,2025-03-07,Yes
WC000909,Mika,de la Fleche,lieshoutgijs@example.org,073 6136762,Vessem,France,2024-07-13,Yes
WC000910,Justin,van Geffen,van-dillenniels@example.org,(0436)-376280,De Waal,Germany,2025-06-18,Yes
WC000911,Lise,van Cuijck,hde-keijzer@example.com,088-0264101,Beneden-Leeuwen,France,2026-03-31,Yes
WC000912,Sam,Kolen,dijkmanevie@example.net,+31(0)82-0511234,Molkwerum,Netherlands,2025-08-10,No
WC000913,Nova,Bave,janssemax@example.org,(025) 1966777,Zoutkamp,Belgium,2024-11-02,Yes
WC000914,Suze,Wolzak,matthijs17@example.org,+3159-2276561,'s-Gravenzande,Belgium,2023-09-01,No
WC000915,Daphne,Jekel,mart40@example.org,(086)-8850815,Oud Ootmarsum,Netherlands,2025-12-22,Yes
WC000916,Mirte,van Brenen,hulstjort@example.com,+31747 965213,Kattendijke,Germany,2026-04-18,No
WC000917,Damian,Weyland,kayleigh65@example.net,0316 268100,Onna,Netherlands,2026-03-18,Yes
WC000918,Jurre,van Hostaden,victoria07@example.com,073-8129359,De Falom,Netherlands,2026-06-10,Yes
WC000919,Dana,Overdijk,ravi61@example.org,+31(0)05-9564796,De Cocksdorp,Germany,2025-04-18,Yes
WC000920,Mia,Schatteleijn,jaysonsarneel@example.net,+3164-6806732,Vianen,Netherlands,2026-04-10,No
WC000921,Eva,van der Spaendonc,van-der-heidenolivier@example.com,+31(0)052 999650,Kootwijk,France,2026-04-19,No
WC000922,Alicia,Houdijk,uappelman@example.com,+31709 523820,Wieringerwerf,France,2025-05-02,Yes
WC000923,Amy,Wutke,karlijnvan-herstal@example.org,0897-458718,Luttenberg,Belgium,2024-06-05,No
WC000924,Samuel,Kok,sylvie50@example.com,+31(0)885 356158,Nietap,France,2024-03-31,No
WC000925,Mart,Reijers,merkxgiovanni@example.com,+31081 208452,Midlaren,Belgium,2025-03-19,No
WC000926,Felix,Lind,luukjansen@example.org,+31(0)464 864005,Barsingerhorn,Netherlands,2024-01-01,Yes
WC000927,Colin,Rietveld,kiki47@example.net,(0725) 542495,Zoutkamp,France,2025-12-10,Yes
WC000928,Zoey,Wolzak,lucasde-kok@example.net,+3134 5095838,Nijeholtpade,France,2023-11-10,Yes
WC000929,Jim,Kremer,whuls@example.net,(037)-5150085,Oppenhuizen,Netherlands,2026-07-15,Yes
WC000930,Jens,Nedermeijer,dsmeets@example.org,0342 178075,Hagestein,Germany,2024-08-08,No
WC000931,Maya,van Laarhoven,van-wessexryan@example.com,0547-253639,Rijen,Belgium,2023-10-19,Yes
WC000932,Adriana,Stamrood,ekuilenburg@example.com,(043)-0141325,Elahuizen,Netherlands,2025-01-02,Yes
WC000933,Jelle,van Noort,dylanaertsz@example.org,+31115 283345,Garderen,Germany,2023-08-12,Yes
WC000934,Lot,Helmerhorst,van-laonloes@example.com,(052)-4868532,Roderesch,Germany,2023-11-03,Yes
WC000935,Luc,Leguit,mark56@example.net,+31(0)77 3733768,Stellendam,Belgium,2024-11-24,Yes
WC000936,Milou,Kremer,matertygo@example.net,(073) 0719921,Westerlee,France,2024-11-02,No
WC000937,Anna,van Drenthe,freshourcolin@example.com,071 7085830,Boekel,Netherlands,2024-02-03,Yes
WC000938,Stef,de Koning,pvoortman@example.com,+3108 4578008,Helden,Germany,2025-10-31,No
WC000939,Dion,Emmen,samuelwillemsen@example.net,(0625) 999709,Wolfheze,France,2025-08-02,Yes
WC000940,Isa,Heijman,aimee67@example.net,(0557)-860134,Haarzuilens,Netherlands,2026-02-28,No
WC000941,Yasmine,de Groot,kiki24@example.org,(096)-2720383,Maassluis,Netherlands,2026-07-11,Yes
WC000942,Arie,Bastiaanse,danique27@example.com,(004)-9513468,De Wilp,France,2025-01-16,No
WC000943,Nynke,Nek,ivanpierson@example.com,+3146-8917300,St.-Jacobiparochie,Netherlands,2025-07-11,No
WC000944,Feline,Haneberg,avan-emmelen@example.com,(071) 1959607,Earnewâld,France,2026-03-15,Yes
WC000945,Faye,Vervoort,ztimmermans@example.org,073 2100230,Skingen,France,2023-12-14,No
WC000946,Sami,Hulskes,lottejansdr@example.net,+31(0)61-9726932,Warfhuizen,Belgium,2025-11-21,Yes
WC000947,Joey,Roukes,iwillemsen@example.net,(057)-8872164,Wenum Wiesel,Belgium,2025-06-09,Yes
WC000948,Faas,de Haan,rubendijkstra@example.org,0099 062613,Eastermar,Belgium,2024-02-07,No
WC000949,Rafael,Vrancken,kvan-bentheim@example.net,+3130-0483211,Ootmarsum,Germany,2023-10-22,No
WC000950,Ali,Lafleur,boogaertscornelis@example.org,+3179-7099151,Overschild,Belgium,2026-04-23,Yes
WC000951,Yinthe,Ramaker,rosa37@example.com,070 3165196,Waddinxveen,Germany,2024-02-12,Yes
WC000952,Tim,van Westfalen,mahieukate@example.net,(008)-6072762,Beutenaken,France,2026-01-28,Yes
WC000953,Bilal,van de Veen,wouter67@example.com,(046)-8011214,Luddeweer,Netherlands,2024-07-19,No
WC000954,Iris,de Plantard,matthijsgellemeyer@example.org,(075)-1648972,Tjalhuizum,Netherlands,2025-10-27,Yes
WC000955,Angelina,Cadefau,sten91@example.com,+31(0)835-824515,Pieterzijl,Netherlands,2023-11-30,Yes
WC000956,Senna,van der Maath,eknuf@example.com,+3115 9938179,Stiens,Belgium,2025-05-10,No
WC000957,Sara,Sire,,005-4903363,Schinnen,Netherlands,2025-08-07,Yes
WC000958,Maryam,Cornelissen,maximvan-waas@example.org,+31(0)590-225466,America,Germany,2025-07-17,Yes
WC000959,Elin,van Ham,customer@@example.com,+31(0)786-763741,Langelo,Belgium,2026-06-20,No
WC000960,Jamie,van den Corput,nlaffray@example.com,0123 040865,Schipborg,France,2024-06-10,Yes
WC000961,Roos,Scheer,riddermaxim@example.com,(020)-4545736,Horssen,Germany,2023-10-24,No
WC000962,Senn,Brizee,egarret@example.net,+31(0)38 8370086,Boksum,Belgium,2026-04-08,Yes
WC000963,Ravi,de Vroege,evaveltman@example.net,+31317-348128,Schildwolde,Belgium,2024-11-30,Yes
WC000964,Benthe,Weylant,maaikevan-der-zijl@example.org,0136 695597,St.-Jacobiparochie,France,2023-12-28,No
WC000965,Ivan,Brandon,van-loonjoost@example.org,+31536 371386,Sint Joost,France,2024-05-31,Yes
WC000966,Johannes,Coret-Coredo,selena84@example.net,(008)-6755891,Slenaken,Belgium,2024-09-16,Yes
WC000967,Pieter,Mulders,nadia37@example.org,+3137-2412066,Kloosterburen,France,2024-03-26,No
WC000968,Hendrik,Nek,wvan-loon@example.com,+31867 423498,Weerselo,France,2023-11-08,Yes
WC000969,Thom,van der Schuijt,anne85@example.org,+3185-6518328,Dongen,Belgium,2024-09-20,No
WC000970,Suus,van de Biezenbos,mehmet79@example.org,+3184-4566661,Jouswier,Belgium,2025-04-10,No
WC000971,Florian,kirpenstein,van-der-berghelena@example.net,+31074 230721,Anna Paulowna,Netherlands,2024-05-23,No
WC000972,Dana,Vermeulen,teun10@example.com,0643 301880,Zwolle,Germany,2025-07-04,Yes
WC000973,Hailey,Sas,jinthevan-mispelen@example.net,(0852) 504860,'t Zandt,Belgium,2025-06-26,No
WC000974,Kick,Beekman,hboetet@example.com,+31(0)915-034388,Sibculo,France,2024-09-29,Yes
WC000975,David,Ruijs,nvan-parijs@example.org,0531 553807,Veeningen,Netherlands,2025-12-19,Yes
WC000976,Ayoub,van Laarhoven,van-der-kintjoshua@example.net,+31(0)96 2029650,Kommerzijl,Germany,2025-09-14,Yes
WC000977,Fabian,Bierstraten,grecer@example.net,(098)-4524030,Schiermonnikoog,France,2024-08-16,No
WC000978,Amin,Rietveld,jlutterveld@example.net,+31(0)03-1208609,Zeist,Netherlands,2026-02-25,No
WC000979,Bas,Kriens,spruytrens@example.net,+31(0)60 9395996,Oude-Tonge,Belgium,2023-10-04,No
WC000980,Vince,Wensen,qschakelaar@example.com,+3166 6439724,Niebert,Germany,2024-11-11,No
WC000981,Kai,van der Pluijm,zakaria88@example.org,0198-202436,Zorgvlied,Netherlands,2026-03-11,Yes
WC000982,Bo,de Vries,felinevan-mare@example.com,+31(0)86 4795761,Twello,Germany,2025-12-08,Yes
WC000983,Lise,Noordijk,tygode-lange@example.com,(0173)-511804,Doetinchem,Belgium,2026-06-14,No
WC000984,Jari,Heyne,ivan48@example.org,002-4328603,Persingen,France,2024-12-26,Yes
WC000985,Elisabeth,Bezemer,mathijslind@example.net,+31(0)077 899232,Enkhuizen,Germany,2025-04-22,No
WC000986,Job,Joosten,wschakelaar@example.org,+31769-788301,Heteren,Netherlands,2023-12-07,Yes
WC000987,Nick,Kolster,westerburgyassin@example.net,+31(0)69-4958600,Wapse,France,2025-08-02,Yes
WC000988,Sterre,Adriaansen,lieve69@example.net,027-6242474,Boxtel,Netherlands,2023-11-21,No
WC000989,Anna,van der Heijden,wdekker@example.net,(041)-1797864,Hoenderloo,Belgium,2023-08-07,No
WC000990,Timo,Janssens,demiheijman@example.org,014-8484004,Haren,France,2023-09-27,Yes
WC000991,Feline,van Leeuwen,simonpaillet@example.net,(047) 3992330,Hem,France,2024-10-22,Yes
WC000992,Joey,Dorsman,smosley@example.net,+31002 531423,Egmond aan den Hoef,Germany,2025-12-26,Yes
WC000993,Puk,Aeije,stefan08@example.com,(028) 6380448,Zandvoort,Belgium,2024-08-27,Yes
WC000994,Fenne,Simonis,broeckxkoen@example.com,+31(0)13 5056439,Heeten,France,2024-10-14,Yes
WC000995,Thijmen,Dachgelt,jolievan-riet@example.org,+31(0)78-0455020,Melissant,Netherlands,2025-07-08,No
WC000996,Yinthe,Engels,levi42@example.net,0899 860241,Hoek van Holland,Netherlands,2023-12-17,Yes
WC000997,Lisa,van Luxemburg,ehekker@example.com,+31471 375144,Hoge Hexel,France,2025-01-21,No
WC000998,Kyan,van Noordeloos,annemijnhofman@example.net,+31(0)64-7172384,Spaubeek,France,2023-12-17,Yes
WC000999,Frederique,Kisman,dijkstramax@example.net,+31(0)843 973675,Wijnbergen,Netherlands,2025-11-06,No
WC001000,Jay,Matthews,fvan-gils@example.org,(0691) 905201,Zwaagdijk-Oost,Belgium,2024-04-21,No
WC001001,Elizabeth,Kosten,vincevan-breukeleveen@example.net,+31(0)86-3323628,Rhee,Germany,2025-01-20,Yes
WC001002,Phileine,Heinrichs,zaalnadia@example.com,(047) 4657099,Babberich,Belgium,2023-12-09,Yes
WC001003,Milo,Eijkelboom,mauritsvan-vlaanderen@example.org,0918 504039,Wijnaldum,Netherlands,2026-05-01,Yes
WC001004,Joris,Claassen,bradley59@example.com,0184-360053,Oldetrijne,Belgium,2025-09-15,Yes
WC001005,Evie,Verbeek,van-beierenpippa@example.com,(0543) 922843,Oudwoude,Netherlands,2024-03-27,No
WC001006,Charlotte,van Gent,damianvan-bovene@example.net,(0953)-953573,Zandeweer,Belgium,2024-02-22,No
WC001007,Kick,Kok,charlotte21@example.org,+3184-6606725,Mijnsheerenland,France,2025-03-19,No
WC001008,Maurits,van Boven,honingwesley@example.net,028 3789937,Nieuw-Schoonebeek,Belgium,2026-02-11,Yes
WC001009,Amin,Noordijk,jenna71@example.com,(087) 5110961,Stiens,Belgium,2024-08-27,No
WC001010,Nynke,Galijn,fuit-de-willigen@example.org,021-2911725,Bloemendaal,Belgium,2026-03-08,No
WC001011,Lize,van Waas,duivenvoordencollin@example.net,+31(0)456-335624,Oisterwijk,Belgium,2023-12-09,Yes
WC001012,Linde,Kort,ivan-den-corput@example.com,+31000 218123,Leerdam,France,2024-06-10,Yes
WC001013,Isabella,Heijmen,damianbillung@example.org,+31(0)91-6123901,Vlierden,Germany,2023-09-07,No
WC001014,Lieke,Frerichs,danique14@example.org,+31(0)568 726940,Loenersloot,Belgium,2026-07-21,Yes
WC001015,Jip,Schokman,celbertse@example.com,039 9123268,Lierop,Belgium,2024-02-22,Yes
WC001016,Jorn,Nijman,berendlijn@example.net,+31(0)213-293812,Wittelte,Germany,2024-09-13,Yes
WC001017,Kian,Shupe,dex07@example.com,+31186-837442,Tolkamer,France,2023-08-09,No
WC001018,Maria,der Kijnder,@retailmart.com,+31(0)561-943888,Frederiksoord,France,2023-10-01,Yes
WC001019,Riley,Joosten,cdie-bont@example.net,097 4644899,Klundert,France,2026-04-11,Yes
WC001020,Mohammed,Scardino,lunavan-der-stael@example.org,+3116-9927047,Blankenham,Netherlands,2025-08-11,No
WC001021,Thijmen,van Ooste,de-vromebjorn@example.com,+31228-704835,Hollandscheveld,Netherlands,2023-09-04,Yes
WC001022,Lena,Claassen,kle-briel@example.org,+3165 3866618,Almere,Germany,2024-05-22,No
WC001023,Kate,van Ommeren,heinrichskay@example.com,027 1080544,Steenwijkerwold,Belgium,2024-08-10,No
WC001024,Collin,d' Heripon,van-der-laanvalerie@example.com,0700-011424,'t Harde,Belgium,2023-12-06,No
WC001025,Sophie,Adelaar,hamza56@example.net,+31(0)060 514969,Meteren,France,2025-01-04,No
WC001026,Stijn,Jansen,van-munsteradriana@example.net,(0203) 159944,Berg en Dal,France,2025-12-22,No
WC001027,Teun,Hoogers,cantfatima@example.net,076-4189313,Gassel,Germany,2025-04-22,No
WC001028,Sophie,Bruynzeels,joey84@example.org,(001)-8646432,Horn,Belgium,2024-03-16,No
WC001029,Michael,de Graaf,fabian12@example.com,+31(0)72 3245778,Wijnbergen,Belgium,2024-06-15,No
WC001030,Sam,Marceron,ivan-der-smeede@example.net,+31(0)622-895748,Retranchement,Netherlands,2023-12-29,No
WC001031,  Luke  ,Bekbergen,lglasses@example.net,+31(0)182 247730,Doniaga,Belgium,2024-07-07,Yes
WC001032,Tycho,Bekbergen,helenabosman@example.net,+31744 696964,Pannerden,Belgium,2024-07-15,No
WC001033,Fien,van Formbach,ble-gallen@example.org,+31(0)92-7945804,Dinteloord,Belgium,2024-02-16,Yes
WC001034,Rik,Jaceps,arensloes@example.com,0811-847211,Veulen,Netherlands,2026-04-10,Yes
WC001035,Berend,Haselaar,,032 1110208,Slappeterp,Netherlands,2026-02-15,No
WC001036,Bo,van Gemert,,048-6668484,Haaksbergen,Germany,2026-06-05,Yes
WC001037,Imran,Verwoert,zvan-spreeuwel@example.net,+31068 716678,Oranjewoud,Netherlands,2026-06-24,No
WC001038,Kyan,de Jager,gellemeyersep@example.net,(0712)-045602,Nijelamer,France,2025-05-04,No
WC001039,Luna,Verbeeck,maarten91@example.org,083-1814450,Sebaldeburen,Netherlands,2023-10-29,No
WC001040,Loïs,Blaak,ehagendoorn@example.com,060-7882008,Zwijndrecht,Belgium,2026-06-19,No
WC001041,Levi,Holthuis,ukamper@example.net,(0358) 687010,Spijkenisse,Netherlands,2025-03-04,No
WC001042,Lana,Hanegraaff,ywipstrik@example.org,0877 014629,Muntendam,Germany,2026-05-06,Yes
WC001043,Renske,van der Velde,yde-kale@example.com,0649-081031,Giessen,Belgium,2024-10-02,No
WC001044,Tim,Timmerman,gvan-de-darnau@example.net,+3181-4772179,Uddel,Belgium,2023-10-30,No
WC001045,Keano,Scholten,miloadriaensdr@example.org,043 6911223,Breezand,France,2026-07-20,No
WC001046,Ise,van Velzen,qvan-gelder@example.org,(0857)-433062,Kolhorn,Germany,2024-04-28,Yes
WC001047,Brent,de Bont,jannamens@example.com,085-1216453,Westerland,Germany,2024-10-02,Yes
WC001048,Mike,Koeman,puckschilt@example.org,0211 469631,Landgraaf,Belgium,2025-11-19,Yes
WC001049,Lynn,van Veen,mick81@example.net,(0742) 521764,Lauwersoog,France,2023-09-10,Yes
WC001050,Valentijn,de Bock,lorenzovan-voorst@example.net,+3141-3061574,Tjalleberd,Belgium,2024-10-28,Yes
WC001051,Adriana,van de Ven,jort65@example.com,0437 990612,Winterswijk Corle,Germany,2024-01-12,No
WC001052,Adriana,Martel,bradley04@example.org,(0414) 949124,Snakkerburen,Germany,2023-08-25,Yes
WC001053,Marijn,Kallen,mvan-den-assem@example.net,084-8567319,Kruiningen,Belgium,2026-06-18,Yes
WC001054,Abel,Bresse,broederssenna@example.org,+31110-142061,Anevelde,Germany,2024-02-22,No
WC001055,Micha,van Dalem,casperzijlmans@example.com,+3177 7258711,Borne,Germany,2024-10-16,No
WC001056,Dex,Karels,seth89@example.com,035 5974278,Melderslo,Netherlands,2026-03-14,No
WC001057,Esmée,Gemen,nuphaus@example.org,+3182-4807253,Indijk,Netherlands,2024-08-23,No
WC001058,Janna,Ouwerkerk,de-smitpieter@example.org,+31(0)56-5720476,Terkaple,Netherlands,2024-02-25,No
WC001059,Nikki,van 't Wel,symonsmirte@example.net,+3188-7358625,Tull en 't Waal,Netherlands,2024-08-19,Yes
WC001060,Senna,Stettyn,invalid.email,+31(0)158 501691,Oudorp,Belgium,2024-08-05,No
WC001061,Mette,Smith,wwilson@example.org,+31(0)375-634545,Bunnik,Belgium,2023-09-08,No
WC001062,Benthe,van Vermandois,vigo21@example.com,+31(0)589 129802,Stavenisse,Netherlands,2024-08-30,No
WC001063,Olaf,Mulders,lde-bock@example.com,020 8657726,St.-Jacobiparochie,Belgium,2024-09-13,Yes
WC001064,Lize,Hazenveld,ashley15@example.com,021-0003990,Weteringbrug,France,2025-06-20,Yes
WC001065,Juul,Passchiers,joostzijlmans@example.org,097-3928294,Schoorl,Belgium,2026-05-14,No
WC001066,Luka,Joosten,evytielemans@example.com,0300 356923,Ravenswaaij,Netherlands,2025-10-17,No
WC001067,Dani,Roessink,mehmetadelaar@example.net,+31690-285862,'s-Heerenhoek,Belgium,2025-08-18,No
WC001068,Selina,van Nederlotharingen,khehl@example.org,098 9880276,Sneek,Germany,2024-11-14,Yes
WC001069,Dewi,van Amstel,verbeekvera@example.net,(0413) 316118,Anderen,Netherlands,2023-10-29,No
WC001070,Mehmet,Veenstra,svan-boven@example.org,+31(0)985 161462,Dalem,Belgium,2024-06-28,Yes
WC001071,Selina,Koeman,furdajuul@example.org,+3179-0110470,Milheeze,Belgium,2026-04-18,Yes
WC001072,Rafael,Lamotte,lotte99@example.org,098-3485328,Diphoorn,Belgium,2025-02-20,Yes
WC001073,Dave,Meeusen,guitsenna@example.org,+31807 857803,Ten Post,Germany,2025-05-12,No
WC001074,Bradley,Kuipers,ahorrocks@example.com,+3125-5382604,Haastrecht,Belgium,2024-06-14,Yes
WC001075,Niek,Hendriks,jeltebouhuizen@example.com,(0852)-750097,Balloo,Belgium,2025-06-11,Yes
WC001076,Pieter,Guit,lena92@example.org,(076)-4624350,Heerjansdam,Netherlands,2026-05-12,No
WC001077,Lina,Wilcken,loismens@example.com,+31164 603783,Mariënberg,Belgium,2025-06-24,No
WC001078,Micha,Neuzerling,uvan-den-assem@example.net,+31(0)71-3474666,Tiel,Germany,2025-08-25,No
WC001079,Lukas,Scuylenborchs,fpierson@example.net,058 0935467,Nieuwehorne,Germany,2024-01-07,No
WC001080,Tirza,van de Ven,tirzaschuurmans@example.com,(0013) 669890,Ooltgensplaat,Germany,2023-11-17,Yes
WC001081,Emir,Haneberg,raf44@example.com,+3153 7132624,Lichtaard,France,2025-12-27,No
WC001082,Julius,van Hamaland,svan-der-lede@example.org,+3174-8105634,Kattendijke,Netherlands,2026-02-12,No
WC001083,Fedde,Martens,kikimarchand@example.com,+31552-991282,Venhuizen,Germany,2025-01-21,Yes
WC001084,Joep,Sas,stichterdylano@example.com,(0998) 782483,Westkapelle,France,2026-05-12,Yes
WC001085,Elisabeth,van Buuren,rijntjesyara@example.org,+31(0)97-4748074,Nunspeet,France,2025-06-21,Yes
WC001086,Silke,Kuipers,noelle97@example.org,(0491)-897749,Stad aan 't Haringvliet,Netherlands,2023-11-28,No
WC001087,Kayleigh,Ramaker,bartovereem@example.org,+3176-6304770,Vethuizen,Germany,2024-10-23,Yes
WC001088,Ise,Rietveld,van-ooyendylan@example.net,+31890 339364,Swalmen,Belgium,2024-09-11,Yes
WC001089,Collin,van Susa,gvan-de-berg@example.net,0498 046704,Sandfirden,Belgium,2024-10-12,Yes
WC001090,Cornelis,Koeman,maria04@example.com,(0569) 561363,Purmerend,Germany,2025-12-05,No
WC001091,Sam,van Noort,vermeulencornelis@example.net,+31(0)048 432018,Noordgouwe,Netherlands,2025-07-24,Yes
WC001092,Senna,Walter,evapaillet@example.org,(046)-6597106,'t Goy,Germany,2026-07-22,Yes
WC001093,Jip,Rek,thijs23@example.org,+31(0)141 941594,Kuinre,Germany,2023-11-19,No
WC001094,Michael,Slagmolen,yasminegoyaerts-van-waderle@example.com,(025) 5201279,'s-Heerenhoek,France,2024-04-18,Yes
WC001095,Nout,van den Eijssel,meesfiere@example.com,+31(0)00 4735912,Holtheme,Netherlands,2024-01-14,Yes
WC001096,Tobias,Verkade,jurrijensmustafa@example.com,(013)-0489864,Poppenwier,Netherlands,2024-05-12,Yes
WC001097,Nienke,de Bruin,tijnjeggij@example.net,+31(0)556-219496,Scheemda,Belgium,2023-10-02,No
WC001098,Bjorn,Lelijveld,bjornvan-der-noot@example.org,0484 494339,Lage Mierde,Belgium,2025-05-24,No
WC001099,Sep,de Keijser,jorisschenk@example.org,(0210) 731085,Sibrandahûs,Germany,2023-08-30,No
WC001100,Jay,Doornhem,noudde-groot@example.org,(0699)-134777,Rijnsaterwoude,Germany,2024-04-29,Yes
WC001101,Aylin,Wolffel,quinty93@example.org,+31(0)429-248200,Weurt,Germany,2024-04-04,No
WC001102,Yinthe,Wolters,martsteenbakkers@example.com,+31(0)776-465264,Zuidvelde,France,2025-05-16,Yes
WC001103,Tobias,Greij,haselaartyler@example.com,+31(0)59-8359296,Echten,Germany,2026-07-29,Yes
WC001104,Tim,Ketel,lily74@example.net,0525 368974,'s-Heer Abtskerke,Belgium,2023-09-22,Yes
WC001105,Lindsey,Lonen,noutschwartsbach@example.org,(074)-2857566,Warfhuizen,Belgium,2024-12-25,Yes
WC001106,Sam,Stange,amirvan-t-erve@example.org,+31(0)88-7691268,Paesens,Belgium,2024-12-30,Yes
WC001107,Daniël,van den Bosch,merijnvignon@example.net,+31741-351184,Soest,Germany,2024-02-17,Yes
WC001108,Jordy,van Breukeleveen,lucabourgondie-van@example.net,+31(0)264-222422,Oosthem,Belgium,2025-11-07,Yes
WC001109,Fabiënne,Doyle,visserbrian@example.org,(080)-9336170,St.-Jacobiparochie,Netherlands,2025-08-13,No
WC001110,Vincent,van Formbach,amina41@example.org,+31164-743875,Ginnum,Netherlands,2025-09-04,Yes
WC001111,Felix,Heymans,hfiere@example.org,(012)-1963530,Kloosterhaar,France,2024-05-02,Yes
WC001112,Jelte,Kortman,bouhuizenalicia@example.org,(0413) 609538,Bakhuizen,Belgium,2024-10-07,No
WC001113,Ravi,van Verdun,tdie-pelser@example.org,(0225) 527754,Deventer,Belgium,2025-11-20,Yes
WC001114,Luca,Lemmens,joost63@example.org,+31(0)40-6293376,Duivendrecht,Germany,2025-01-31,Yes
WC001115,Laurens,Serra,bezemerkian@example.com,063-9016334,Heijenrath,Netherlands,2026-02-25,No
WC001116,Maya,den Haag,lambregtesmee@example.com,0556-800040,Hoedekenskerke,Netherlands,2026-04-28,Yes
WC001117,Linde,Puig,gijsgeneart@example.org,+31(0)54 5117054,Scheerwolde,Netherlands,2023-08-12,No
WC001118,Pieter,Boddaugh,boazariens-ansems@example.net,+31(0)97 7170930,Winssen,Germany,2023-09-01,No
WC001119,Lucas,Heymans,jasper33@example.com,+31(0)07-8190342,Kapelle,Netherlands,2024-11-27,Yes
WC001120,Rick,van der Ven,rayanoennen@example.net,,Nuis,Germany,2024-07-27,Yes
WC001121,Nynke,Vrancken,vera87@example.com,(0482) 276839,Westervoort,France,2025-11-30,Yes
WC001122,Sophie,Draaisma,epost@example.com,(086) 9173492,Fijnaart,Germany,2026-03-21,Yes
WC001123,Aylin,Soos,alansink@example.net,+3154-2984557,Benschop,France,2025-09-02,No
WC001124,Lily,Stinis,bnollee@example.net,+31(0)96-9071949,Pieterburen,France,2024-11-13,Yes
WC001125,Yassin,Ansems,emir42@example.net,+31943 637177,Hobrede,Netherlands,2023-08-20,Yes
WC001126,Damian,Keijser,kuitsophia@example.com,(0117)-180376,Obdam,Belgium,2023-10-01,Yes
WC001127,Roan,Jansdr,mirthelinschoten@example.net,+3166-9982088,Wiuwert,Netherlands,2024-07-14,Yes
WC001128,Amber,Hagendoorn,jonasvan-geenen@example.com,039-1431711,Pingjum,Netherlands,2025-07-03,Yes
WC001129,Pieter,SCHUYLENBORCH,fabienne81@example.com,+31(0)673 146303,Varsselder,Belgium,2024-11-19,Yes
WC001130,Sylvie,Willemsen,melle47@example.org,036 1189181,Wier,Germany,2025-07-19,Yes
WC001131,Jolie,van den Brand,mia44@example.com,(0800)-097916,Moorveld,Germany,2024-02-15,No
WC001132,Aimée,Vallenduuk,nrijntjes@example.org,+31(0)570-027148,Breskens,France,2024-11-28,Yes
WC001133,Sanne,Mulder,eline97@example.org,+31(0)37-6766242,Macharen,Germany,2026-04-22,No
WC001134,Johanna,van Berkel,,051-2212278,Breedenbroek,Germany,2025-10-31,No
WC001135,Johanna,van Munster,abel19@example.com,0473 292021,Onderdendam,France,2026-07-22,No
WC001136,Sami,Maaswinkel,moensendijkilse@example.com,(034)-5072764,Doldersum,Germany,2024-02-04,No
WC001137,Kyano,Vertooren,coret-coredokayleigh@example.com,0547 100001,Leermens,Belgium,2025-12-01,Yes
WC001138,Fleur,Meeusen,van-der-meerluka@example.net,+31(0)230-951415,Tienhoven,Netherlands,2024-01-04,Yes
WC001139,Ilse,Pieters van der Maes,zjorlink@example.org,+31(0)534 724585,Velp,France,2025-05-24,Yes
WC001140,Alexander,de Reede,slagerweij@example.com,096-2642872,Buinerveen,France,2024-04-20,Yes
WC001141,Hailey,Blom,de-boerninthe@example.net,+31412-763072,Wilbertoord,France,2024-01-01,No
WC001142,Bente,van Schevinghuizen,abelden-buytelaar@example.com,+3185-2292941,Amsterdam-Duivendrecht,Belgium,2024-07-26,Yes
WC001143,Lenn,Vermeulen,pippa51@example.net,0730-805968,Stavoren,France,2026-02-18,Yes
WC001144,Benjamin,van der Smeede,roodesteijnnick@example.net,+31(0)10 9185462,Drachten-Azeven,Netherlands,2025-12-15,Yes
WC001145,Lina,Freshour,gvan-der-stael@example.net,+3152-4295278,Haskerhorne,France,2025-08-19,Yes
WC001146,Hugo,Geerling,juulduivenvoorden@example.org,(0935)-487535,Rijen,Germany,2023-09-13,No
WC001147,Rick,Spies,tillmannobente@example.net,+31(0)812-604815,Drimmelen,Belgium,2024-10-22,No
WC001148,Amir,Scheffers,danique98@example.net,(0935) 295126,Gemonde,Germany,2025-12-03,No
WC001149,Valentijn,Nek,keijsergiel@example.net,(072) 4833867,Marken,Belgium,2024-10-17,No
WC001150,Colin,Bud,puckhoppenbrouwer@example.org,+31601 118097,Burgerveen,Belgium,2023-09-09,No
WC001151,Job,Hexspoor,yslagmolen@example.net,+31161-569748,Oldenzijl,Netherlands,2024-01-10,No
WC001152,Laurens,Wipstrik,rosalie23@example.org,(0861)-793051,Kraggenburg,Germany,2023-08-10,No
WC001153,Suze,Wever,de-jongematthijs@example.net,0096 757979,Linden,Belgium,2024-08-01,Yes
WC001154,Aron,Fortuyn,sara55@example.com,+3184-9674663,Luttelgeest,Germany,2025-10-01,No
WC001155,Jort,van Brenen,julian05@example.net,+31668 190930,Meerkerk,Belgium,2024-02-17,Yes
WC001156,Nick,Wilmont,jan87@example.org,(088) 1354040,Oldeholtwolde,Netherlands,2025-02-11,Yes
WC001157,Sten,van Wickerode,van-baalenesmee@example.net,(058)-0049073,Buchten,France,2026-02-04,Yes
WC001158,Jorn,de Vries,suuspieters-van-der-maes@example.net,(0445) 394005,Kwadijk,Netherlands,2025-08-06,No
WC001159,Melissa,Rotteveel,hoekselizabeth@example.org,(038) 4208012,Boornbergum,Netherlands,2023-08-05,No
WC001160,Ilse,Levesque,cunruoch-hunerik@example.com,(0425) 764340,Assen,Netherlands,2024-09-18,Yes
WC001161,Ibrahim,Wutke,naomi54@example.org,(0489)-792926,Almelo,Netherlands,2025-01-18,No
WC001162,Rayan,Lamore,alexander66@example.com,(0942)-624708,Kamperveen,Netherlands,2026-02-03,Yes
WC001163,Janna,Walter,joy88@example.org,014 1091555,Maasdijk,Netherlands,2023-10-20,No
WC001164,Elena,Mater,krabbebas@example.com,+31(0)31 2853826,Nieuw Annerveen,France,2026-03-11,Yes
WC001165,Jolie,Mathieu,lily29@example.net,0264-027913,Santpoort-Zuid,France,2025-05-27,Yes
WC001166,Liza,Marchal,elena33@example.org,+31298 523434,Abcoude,Belgium,2025-09-19,No
WC001167,Cas,Blaak,ali93@example.org,+3107 0577999,Vaals,Belgium,2024-12-28,No
WC001168,Isabel,van Oirschot,sepridder@example.org,0002 943034,Ospel,Germany,2025-11-20,No
WC001169,Luka,van der Pluijm,hendricksmara@example.org,+31(0)95 8929387,Holtum,Netherlands,2025-12-18,Yes
WC001170,Chris,van 't Wel,mariacornelisse@example.net,+31(0)44-7488764,Vijlen,Germany,2024-05-28,No
WC001171,Mia,Doyle,sborman@example.com,0891-883635,Afferden L,Netherlands,2024-03-03,Yes
WC001172,Zoey,Spier,de-boeryusuf@example.net,(0369)-005489,Loënga,Belgium,2026-04-13,No
WC001173,Pim,van Maaren,broeckxmaria@example.org,+31(0)762 326972,Bruinisse,Germany,2024-08-05,Yes
WC001174,Raf,Jacobs,jaarden@example.net,+3139-5062195,Hoevelaken,Netherlands,2026-04-01,No
WC001175,Elize,van Haspengouw Hesbaye,siennabellemans@example.org,+3112-9083102,Rijswijk (NB),France,2023-11-10,Yes
WC001176,Zakaria,Smits,de-kortemaaike@example.com,(057) 0430722,Persingen,France,2025-01-08,Yes
WC001177,Stella,Adryaens,lena38@example.net,+31(0)071 764966,Maastricht,France,2026-01-25,Yes
WC001178,Mathijs,Ghoerle,merel08@example.org,+31994-968218,Darp,Netherlands,2023-08-23,No
WC001179,Sophia,Broek,marinuswinnrich@example.org,0354-991293,Kudelstaart,France,2024-03-01,Yes
WC001180,Nout,wunderink,wzevenboom@example.org,0925-923330,Ommel,Netherlands,2025-08-26,No
WC001181,Nora,Miltenburg,amir42@example.org,+31(0)227 370121,Kedichem,France,2025-03-20,Yes
WC001182,Loes,Mansvelt,guus64@example.org,+31643-728790,Kollumerpomp,France,2026-02-12,Yes
WC001183,Julian,Fredriks,de-kaleluca@example.net,+31826-664542,Wormer,Belgium,2026-02-04,No
WC001184,Hannah,van der Klein,s-gravensandeadriana@example.org,+3164-8104539,Ternaard,Netherlands,2025-04-30,No
WC001185,Rosa,Heribert van Laon,tielemansmia@example.org,0388 991458,Bornwird,Germany,2025-03-04,No
WC001186,Puk,van Leeuwen,ovan-berkel@example.org,+31(0)32 6846463,Alteveer gem Hoogeveen,Netherlands,2026-03-12,Yes
WC001187,Mohamed,Weijland,vlorreijn@example.net,(0602) 759760,Wons,France,2023-11-15,Yes
WC001188,Emily,Bouthoorn,van-dommelenfrederique@example.org,+31(0)404-977046,Andel,Netherlands,2024-02-12,Yes
WC001189,Hugo,Stange,van-mookceylin@example.com,(009)-8434101,Doesburg,France,2025-01-27,No
WC001190,Pleun,Gemen,dde-marduras@example.net,+31(0)65-1442035,Amsterdam-Duivendrecht,Belgium,2026-01-31,Yes
WC001191,Jurre,le Gallen,van-milmaria@example.net,+31489 176023,Lage Zwaluwe,Netherlands,2024-08-27,Yes
WC001192,Jonathan,Verwoert,noudvan-dam@example.com,+31(0)583-708848,Benthuizen,Germany,2024-09-01,Yes
WC001193,Youssef,Bouhuizen,benschrant@example.org,+31(0)426 066180,Visvliet,Belgium,2026-06-12,No
WC001194,Lise,van Schweinfurt,verwoertrobin@example.org,(0858) 733333,Sint Anthonis,Netherlands,2024-12-23,No
WC001195,Rowan,Vergeer,eadryaens@example.net,0341 100553,Ouderkerk aan den IJssel,Germany,2024-10-30,No
WC001196,  Niek  ,Janssen,maja42@example.org,(0884) 322524,Staphorst,Germany,2024-06-21,Yes
WC001197,Carlijn,van de Water,kyravan-bruchem@example.com,+31481 214839,Badhoevedorp,Netherlands,2024-10-02,No
WC001198,Rik,Jacobs,teunissenrick@example.net,,Stampersgat,Netherlands,2026-01-26,Yes
WC001199,Tara,Stinis,juliettede-wit@example.net,0956 784919,Oudebildtzijl,Germany,2023-09-12,Yes
WC001200,Jesper,Simons,ivan-schevinghuizen@example.org,+31102-443729,Westmaas,France,2024-05-22,Yes
WC001201,Elias,Moensendijk,jaristeenbakkers@example.net,+31(0)320 194077,Midwolda,Belgium,2025-03-09,No
WC001202,Indy,van Maaren,xsmith@example.com,021 0801531,Haaren,Netherlands,2026-06-22,Yes
WC001203,Ilse,van Ochten,lieshoutmason@example.org,+31115-871272,Ouddorp,Germany,2025-05-04,No
WC001204,Senna,van Bruchem,van-der-hoevendylano@example.net,(0034) 024582,Eersel,Germany,2024-04-05,Yes
WC001205,Beau,Heyne,samihoning@example.com,+3111-7153447,Malden,Belgium,2024-09-22,Yes
WC001206,Keano,van Loon,rayan28@example.org,+31(0)93-0646316,Sinderen,Belgium,2025-12-30,No
WC001207,Bram,Nijman,agarret@example.com,0691-108456,Nieuwdorp,Belgium,2025-09-25,No
WC001208,Amin,Spruyt,lensenesila@example.net,(073)-7613877,Balgoij,Belgium,2026-03-30,Yes
WC001209,Luuk,Mater,,+31(0)95-9276877,Nieuweroord,Germany,2024-01-15,No
WC001210,Emma,van Arnsberg,rdie-bont@example.org,(009)-4199032,Silvolde,Belgium,2026-07-15,Yes
WC001211,Anouk,van den Berg,van-laonjamie@example.net,+31(0)14-5186838,Broek op Langedijk,Germany,2023-08-13,Yes
WC001212,Jelte,van der Plas,pvan-der-velde@example.com,047-8404593,Lexmond,Germany,2024-02-18,No
WC001213,Maartje,Reimes,dvan-de-ven@example.com,+31729-821533,Roelofarendsveen,Netherlands,2024-09-02,No
WC001214,Rens,Melet,pmansveld@example.com,(0062)-387598,Egmond-Binnen,Netherlands,2026-01-27,Yes
WC001215,Joris,Huijben,phileinevan-brenen@example.com,+3163 4996495,Sterksel,Germany,2025-03-28,No
WC001216,Rosa,Kof,thijswerdes@example.com,+31(0)437-616495,Brandwijk,Netherlands,2023-12-01,Yes
WC001217,Joost,Heijman,van-wallaertjob@example.net,+31(0)59-9947543,De Rijp,Netherlands,2024-09-11,No
WC001218,Robin,van den Assem,schenkloek@example.com,090 7503543,Boelenslaan,Belgium,2025-10-13,No
WC001219,Norah,Robbrechts Bruijne,robbrechts-bruijnekarlijn@example.org,+31(0)310-268541,Zuidschermer,Germany,2024-10-21,No
WC001220,Lars,Eckhardt,lvan-luin@example.org,+3119 3558247,Eldersloo,France,2025-03-07,No
WC001221,Kay,van Haeften,kyra69@example.net,+3115 5871367,Wapserveen,Germany,2024-03-12,Yes
WC001222,Thijs,van der Zijl,jvan-wickerode@example.com,+31(0)059-127850,Nispen,Netherlands,2025-07-26,Yes
WC001223,Johannes,Rouwhorst,de-jongzoey@example.org,045-0636087,Zoelmond,France,2025-10-03,Yes
WC001224,Jason,van Nederlotharingen,tkronenberg@example.org,+31(0)913 976628,Westerlee,France,2025-12-25,Yes
WC001225,Hugo,Dijkman,pwutke@example.com,046 2334325,Dreumel,France,2024-05-13,Yes
WC001226,Jari,Kort,joriseverde@example.net,(033) 8075260,Brantgum,Netherlands,2025-07-01,Yes
WC001227,Inaya,le Luc,pbave@example.com,+3141 0965491,Zuilichem,Germany,2023-08-14,Yes
WC001228,Mika,van Wallaert,jorttillmanno@example.net,+31(0)803 440304,Aagtekerke,France,2023-09-18,No
WC001229,Daphne,van Northeim,simonsryan@example.com,084-1658139,Vierakker,Germany,2024-06-12,No
WC001230,Sil,van 't Erve,van-zwabenfloor@example.org,(030) 3280659,Willemstad,Belgium,2025-01-11,No
WC001231,Rosalie,van den Velde,jasper06@example.org,+31191-710635,Bovensmilde,Netherlands,2026-05-06,No
WC001232,Sten,Blees,jeltemerkx@example.com,+31(0)306-014292,Oude Wetering,Belgium,2024-01-04,No
WC001233,Joost,den Haag,norah03@example.org,+31(0)72 6418932,Beltrum,France,2025-11-17,Yes
WC001234,Fiene,van der Heiden,rooslorreijn@example.com,+3196-1268965,'s-Heerenhoek,France,2024-08-04,No
WC001235,Bastiaan,Scherms,finnvan-nederlotharingen@example.com,062 1023083,Balgoij,Belgium,2023-08-28,Yes
WC001236,Finn,de Strigter,jspreeuw@example.org,028 5420105,Assen,Germany,2024-06-16,No
WC001237,Luke,de Hoog,janssenluuk@example.org,+31816-669145,Tinallinge,France,2026-06-08,No
WC001238,Michelle,Winnrich,nadine70@example.org,+31210-438841,Lottum,Netherlands,2025-03-27,No
WC001239,Robin,de Koning,otielemans@example.com,(064)-1847089,Bleskensgraaf ca,Germany,2023-11-18,Yes
WC001240,Azra,van der Mast,nadine21@example.com,(025)-8732883,Hank,France,2026-02-24,Yes
WC001241,Elizabeth,van den Broek,jaylinn96@example.org,+31493 898253,Rheden,France,2023-12-16,No
WC001242,Wouter,Koster,jordy77@example.net,(0232)-398855,Grijpskerk,Netherlands,2025-09-18,Yes
WC001243,Mathijs,van der Veiver,van-der-sandelola@example.com,(0302) 496438,'s-Heerenhoek,Germany,2023-08-13,Yes
WC001244,Colin,van der Leek,dirkshupe@example.org,(054)-5363053,Waskemeer,Germany,2024-10-15,Yes
WC001245,  Amin  ,van Clootwijck,van-de-veenguus@example.net,,Loon,Belgium,2025-04-10,Yes
WC001246,Tobias,van der Noot,grondeljort@example.net,(007)-7884915,Drouwenermond,Netherlands,2025-02-14,Yes
WC001247,Brian,van der Wal,job42@example.com,+31(0)587-719561,Hiaure,Netherlands,2025-04-02,No
WC001248,Joshua,Hoelen,noravan-arnsberg@example.com,+31(0)61 6930523,Horssen,France,2024-06-03,No
WC001249,Lucy,Louws,minerstella@example.com,+31159 138959,Garyp,Germany,2026-07-24,Yes
WC001250,Dewi,Dijkstra,vvink@example.net,+31(0)50-5358082,Leende,France,2026-04-24,No
WC001251,Elena,van der Leek,jill56@example.com,+3182-4222384,Rijssen,Netherlands,2024-04-19,No
WC001252,Joris,van den Hoek,kortnina@example.net,+31(0)410-988255,Overschild,Germany,2023-11-18,Yes
WC001253,Tirza,de Bruijn,rde-wit@example.org,+3121 4676500,Grijpskerke,Belgium,2024-07-09,No
WC001254,Seth,Spier,chloebrese@example.net,+31334-182899,Herpt,Germany,2025-12-13,Yes
WC001255,Stella,Michiels,uvan-engeland@example.com,+31(0)17-9034278,Opende,France,2024-05-11,Yes
WC001256,Chloé,Scardino,joeyvan-den-berg@example.com,+3169-8639271,Oosterbeek,Germany,2023-12-08,Yes
WC001257,Dina,Boeser,novakok@example.net,(0740) 967666,Thesinge,Germany,2025-10-08,Yes
WC001258,Tobias,Rackham,fem38@example.net,(0267) 696556,Doniaga,Netherlands,2026-07-23,No
WC001259,Daniël,van Berkel,abel86@example.org,(0326) 341522,Oudwoude,Belgium,2025-08-11,Yes
WC001260,Amélie,de Kok,lucasaertsz@example.net,(049)-5867075,Amen,Netherlands,2025-07-22,No
WC001261,Juul,Koning,liekevan-de-eerenbeemt@example.org,+31(0)038-641426,Stitswerd,Germany,2026-06-09,No
WC001262,Dylan,Corstiaens,merkxaaliyah@example.org,+31(0)62 8579200,Nieuwerkerk aan den IJssel,France,2024-10-30,No
WC001263,Teun,van den Heuvel,nverbruggen@example.net,+31(0)262 438929,Domburg,Belgium,2023-08-31,Yes
WC001264,Joost,Brandon,veerle46@example.net,+31(0)27-3644764,Zeerijp,Belgium,2025-09-20,No
WC001265,Danique,Kwaadland,janna27@example.org,(094)-6391627,Nieuwleusen,France,2023-10-11,No
WC001266,Emily,Boeser,van-der-plascatharina@example.org,+31457 249922,Tzummarum,Belgium,2026-07-13,Yes
WC001267,Guus,Kerkhof,wjoosten@example.com,+31(0)00 2597255,Goor,Netherlands,2026-03-07,No
WC001268,Esmee,de Bruin,azra21@example.com,(0520)-259934,Riel,Netherlands,2025-05-01,No
WC001269,Michael,Hellevoort,ashley55@example.net,(0817) 092887,Nieuwolda,Germany,2024-05-13,Yes
WC001270,Madelief,van Este,marinusvan-de-wal@example.net,0313-308421,Warmond,Netherlands,2026-02-25,Yes
WC001271,Lynn,van 't Erve,takkelenburgangelina@example.com,+31(0)247 619185,Grathem,France,2025-02-07,No
WC001272,Noud,van Limburg,loisamalrada@example.net,(0446) 614738,Miedum,Netherlands,2026-07-14,Yes
WC001273,Sebastiaan,Claesdr,abelschatteleijn@example.org,+3115 3664487,Etten-Leur,France,2025-03-10,No
WC001274,Fenne,Jansen,melle28@example.org,0910-862246,Maasbommel,Netherlands,2026-03-08,Yes
WC001275,Dave,de Strigter,mlieshout@example.org,033-3670103,Kruisland,Netherlands,2026-01-24,Yes
WC001276,Alexander,Boeser,alinschoten@example.com,090-6216860,Wolsum,Germany,2025-09-19,Yes
WC001277,Ecrin,Lelijveld,kpastoors@example.org,(0861) 786403,Spijkerboor,Netherlands,2024-01-12,No
WC001278,Lize,van der Loo,heymanshidde@example.net,+31(0)688-506209,Blijham,Belgium,2025-02-20,No
WC001279,Sterre,Kuijpers,sde-gratie@example.org,(0151)-164790,Oudelande,Netherlands,2025-06-10,Yes
WC001280,Suus,Prins,rademakerguusje@example.com,+31867-120973,Nibbixwoud,Netherlands,2024-09-22,No
WC001281,Siem,Vervoort,michellede-vries@example.net,(080) 3300326,Farmsum,Germany,2024-06-27,Yes
WC001282,Micha,Janssen,youssefvan-oosten@example.com,+31347 611009,Kuitaart,Netherlands,2025-12-16,Yes
WC001283,Fabiënne,Keltenie,umartens@example.net,(0394) 349601,Leunen,France,2025-08-20,No
WC001284,Maja,van den Corput,arieborman@example.com,+31(0)69 4787610,Vijlen,Germany,2025-03-21,No
WC001285,Joëlle,Meyer,sofiade-grote@example.com,+3162-7559377,Angeren,Belgium,2024-01-25,No
WC001286,Bart,Woudenberg,boschmads@example.net,+3186-1899988,Reusel,France,2025-02-04,Yes
WC001287,Kay,Vermeulen,olivialommert@example.net,0211-819879,Ottoland,Germany,2024-03-25,No
WC001288,Ruben,Schakelaar,kiki65@example.com,+31586-594620,'t Zandt,Belgium,2025-07-16,Yes
WC001289,Joël,Die Bont,james22@example.net,0941 320641,Wanneperveen,Germany,2023-12-31,Yes
WC001290,Helena,Höning,van-haeftenjennifer@example.com,+31(0)07-4073394,Onna,Belgium,2026-04-16,Yes
WC001291,Nisa,Le Grand,invalid.email,+31(0)06 7529539,Roosteren,Belgium,2025-07-27,No
WC001292,Rowan,den Buytelaar,lorenzovan-t-erve@example.net,+3175-8406077,Steggerda,Germany,2023-09-08,Yes
WC001293,Isabelle,Lambers,lisavan-haeften@example.org,(0693) 121784,Idaerd,Netherlands,2024-03-09,No
WC001294,Ecrin,de Vroege,angelina42@example.net,+31939-792091,Blije,Netherlands,2023-11-10,Yes
WC001295,Pim,Verschut,qvan-den-brink@example.net,0306 780213,Goor,Belgium,2025-06-26,No
WC001296,Roan,Lagerweij,pien50@example.net,+31(0)368 014819,Terneuzen,Belgium,2023-08-04,Yes
WC001297,Duuk,Doesburg,wintersvictor@example.net,091 7724547,Harlingen,Belgium,2026-05-20,No
WC001298,Bart,Adryaens,npalman@example.net,(0210)-959484,Rogat,France,2024-06-10,No
WC001299,Chloë,Köster,loekgenefaas@example.com,+31(0)59-7319265,Nijeholtwolde,Netherlands,2025-08-21,Yes
WC001300,Liz,Ferran,dvan-den-assem@example.com,(053)-9984115,Surhuizum,Germany,2024-05-20,Yes
WC001301,Merijn,Kleijse,gverhaar@example.org,026-4830571,Vilsteren,Netherlands,2025-04-30,Yes
WC001302,Wouter,de Gruijter,bjorn38@example.net,+31(0)48-2723492,Lettele,France,2025-09-22,Yes
WC001303,Zeynep,van de Leemput,tillmannoluc@example.org,(0543)-616783,Anjum,Belgium,2024-06-14,No
WC001304,Rayan,Spies,qbuijs@example.com,+31(0)25-2408306,Oldemarkt,Belgium,2024-09-03,No
WC001305,Lex,van Limburg,cemmen@example.com,,Lieveren,Germany,2026-04-30,Yes
WC001306,Elise,van Arnsberg,simonsjinthe@example.org,058 7626174,Waspik,France,2024-10-03,Yes
WC001307,Daphne,van Embden,jimkosten@example.org,+31(0)470 087678,Mastenbroek,France,2026-05-18,No
WC001308,Melle,van de Velde,arenseva@example.net,0503-756803,Sloten,Germany,2024-01-20,Yes
WC001309,Bo,Hermans,dana70@example.net,+31(0)684-717125,Witteveen,Belgium,2023-12-01,No
WC001310,Senna,Hendriks,wilmontmads@example.net,020 4343080,Akkrum,France,2024-05-13,Yes
WC001311,Sara,van der Linden,jande-korte@example.net,0331-313866,Oosterwijtwerd,Germany,2026-05-27,No
WC001312,Emma,Levesque,maarten00@example.net,(025) 1102492,Maren-Kessel,Germany,2026-01-16,No
WC001313,Riley,Claassen,wessel92@example.org,+3117-5288208,Appingedam,France,2025-08-06,Yes
WC001314,Daniel,Schotte,xmahieu@example.net,+31(0)36-1142465,Kolham,Belgium,2023-12-02,No
WC001315,Jesper,le Guellec,van-berniciajordy@example.com,(014)-1503175,Oudehaske,Germany,2024-02-29,Yes
WC001316,Amélie,Hexspoor,luc58@example.net,(0640) 066578,Oosterleek,Netherlands,2023-12-03,No
WC001317,Aron,Texier,mart07@example.org,(012)-3318914,Beerta,Germany,2026-04-15,No
WC001318,Elena,Kok,uhendrikse@example.net,027 9484943,Starnmeer,Netherlands,2026-05-06,Yes
WC001319,Ayoub,van Laon,cadefauimran@example.org,0485-455865,Purmer,Germany,2023-10-05,No
WC001320,Lindsey,Bökenkamp,anne80@example.net,+31(0)63 8627899,Wier,Netherlands,2026-04-07,No
WC001321,Merle,Jaceps,zvan-embden@example.com,(039)-2616995,Kronenberg,Netherlands,2025-06-12,No
WC001322,Floortje,Room,dean25@example.net,+31(0)77 1358369,Drempt,France,2024-03-31,No
WC001323,Niek,Aalts,maaike50@example.org,+31(0)51 5664303,Langenboom,France,2024-10-16,Yes
WC001324,Maartje,Visser,van-den-corputashley@example.com,(045)-1621447,Bunschoten-Spakenburg,Belgium,2023-08-27,Yes
WC001325,Bilal,Brandt,lansinkkiki@example.com,072-2167088,Nietap,Belgium,2026-03-15,No
WC001326,Floris,Westerburg,rubenvervoort@example.org,+31(0)44 3651219,Nijeholtwolde,Netherlands,2023-12-26,No
WC001327,Josephine,Hekker,missing-at-symbol.com,+31864-916913,Bruinehaar,Germany,2026-04-16,Yes
WC001328,Leon,Merkx,kuiperecrin@example.com,+31(0)969 715827,Uithuizen,France,2026-04-07,No
WC001329,Pieter,die Witte,lily67@example.net,0323 101412,Annen,Netherlands,2023-12-17,Yes
WC001330,Alexander,Steenbakkers,svan-geest@example.com,+31(0)20-2920905,Molenaarsgraaf,France,2024-07-07,No
WC001331,Amira,Persijn,maaike02@example.com,+31(0)51-3641697,Langenboom,France,2026-01-24,No
WC001332,Sara,van 't Wel,customer@,+3196-4841106,Harmelen,Germany,2024-05-19,Yes
WC001333,Pleun,Knuf,van-dongenthijn@example.com,+31(0)969-083699,Ameide,France,2025-11-17,No
WC001334,Ben,Verhagen,jesseverhoeven@example.org,+31240 211030,Oude Pekela,Netherlands,2024-03-15,No
WC001335,Nova,van Roijen,jasper03@example.com,+31(0)26-4568107,Petten,Germany,2025-02-02,No
WC001336,Olaf,Aarts,esilaehlert@example.com,(0276)-987260,Wapserveen,Belgium,2025-03-14,No
WC001337,Bas,de Vrome,lois97@example.net,041-1496521,Vlieland,France,2026-01-14,Yes
WC001338,Linn,Ariens Ansems,aketting@example.org,0441 500761,Hoogeveen,Germany,2023-10-25,No
WC001339,Dylano,van Venrooy,danioennen@example.net,(0287)-887511,Ossenwaard,Germany,2024-11-01,No
WC001340,Xavi,van Orleans,qden-teuling@example.net,039 2187450,Westhem,Germany,2026-03-16,Yes
WC001341,Mike,le Guellec,stef75@example.com,+31(0)67 5104428,Vinkenbuurt,Netherlands,2026-01-06,Yes
WC001342,Emir,Brizee,wesselcosman@example.com,+31494-027668,'s-Heerenhoek,Belgium,2025-07-13,Yes
WC001343,Nout,van Heusden,qmaas@example.com,+31(0)56-0715297,Jirnsum,Germany,2023-12-27,Yes
WC001344,Yinthe,van Bovenen,olafvan-wijk@example.net,039 4550193,Beltrum,Germany,2025-10-11,No
WC001345,Lucy,Postma,lorenzovan-dokkum@example.net,+31168-250323,Enschede,Netherlands,2025-07-31,Yes
WC001346,Sophia,Brouwer,rwalter@example.net,+3109-1243407,Rijsenhout,France,2024-11-22,Yes
WC001347,Yasmine,Broeckx,uvegt@example.com,+3194-6628050,Nagele,Germany,2025-03-25,No
WC001348,Lana,Coenen,aminmerkx@example.org,(0782) 684137,Nieuw-Buinen,Germany,2024-09-23,Yes
WC001349,Eva,van der Kaay,imke31@example.com,0562-894849,Odiliapeel,Germany,2025-12-27,No
WC001350,Lize,Heerkens,alyssa79@example.net,(0641) 019827,Brouwershaven,Belgium,2025-09-18,No
WC001351,Fleur,Draaisma,ouwellena@example.net,(0999) 877938,Easterein,Netherlands,2023-10-17,Yes
WC001352,Noortje,van Oirschot,van-de-bergbenthe@example.com,+31(0)677-902560,Foudgum,France,2025-08-22,Yes
WC001353,Arthur,Bakker,roos61@example.org,+31358-405366,Gaast,France,2025-10-26,Yes
WC001354,Isis,van Buuren,kyarawolters@example.com,(072) 7749228,Havelterberg,Belgium,2024-11-20,Yes
WC001355,Vajèn,Levesque,zakariauit-de-willigen@example.com,095 4203991,Vogelwaarde,Germany,2025-02-15,Yes
WC001356,Tyler,Vegt,jillhuijben@example.net,+31(0)117 324079,Hallum,Netherlands,2023-12-09,No
WC001357,Brian,van Berkum,peronnedave@example.net,,Ubbena,Netherlands,2026-06-09,Yes
WC001358,Merel,Spaan,blewanuskaylee@example.org,0805-407631,Hoogvliet Rotterdam,Germany,2024-05-04,No
WC001359,Nora,van der Stael de Jonge,lottede-groot@example.net,+31(0)954-595997,Huizinge,Belgium,2025-11-22,Yes
WC001360,Sienna,Mudden,everwoert@example.com,+31585 378376,Benschop,Netherlands,2024-12-15,No
WC001361,Bryan,Shupe,owen29@example.com,(069) 6044939,Westendorp,France,2023-10-28,No
WC001362,Senn,Oda,jimmuller@example.com,+31283-407520,Neede,Germany,2026-07-28,No
WC001363,Thijs,Zeemans,de-boertirza@example.net,+31979-034938,Nuis,Belgium,2025-06-11,Yes
WC001364,Sofie,Strik,uverkade@example.net,+31(0)12-6495412,Nisse,Belgium,2023-11-21,Yes
WC001365,Noëlle,van der Laan,kbeekman@example.org,(073) 3705005,Monster,Germany,2023-08-08,No
WC001366,Stefan,Wolffel,mohamed84@example.net,+31(0)168 766091,Greonterp,Germany,2025-11-16,Yes
WC001367,Stella,Korstman,loes46@example.com,(066)-3216664,Noorbeek,Netherlands,2023-09-19,No
WC001368,Elias,Kalman,van-wijlandmerijn@example.com,+31(0)903-020229,Papendrecht,Belgium,2024-12-02,No
WC001369,Selina,de Koning,van-luinenburgsenna@example.net,(017) 2778727,Erichem,France,2024-08-02,No
WC001370,Roos,de la Fleche,tim76@example.org,023-8549186,Austerlitz,Netherlands,2025-09-05,No
WC001371,Mathijs,van Rossum,lorenzopaillet@example.com,(0374) 854462,Rijswijk (NB),Netherlands,2025-03-02,No
WC001372,Simon,Adriaansen,carlijn69@example.org,(0787) 711306,Handel,Netherlands,2026-05-04,No
WC001373,Jayden,Berends,nekelizabeth@example.com,(0611)-558141,Noordbroek,Netherlands,2024-08-19,No
WC001374,Yara,Courtier,jvermeulen@example.com,+31(0)21-1661615,Borculo,Netherlands,2025-12-07,No
WC001375,Esila,Lamotte,mathijs81@example.org,+31(0)554-680729,Haule,Belgium,2024-08-21,No
WC001376,Victor,Emmen,lina96@example.org,+3137 2910683,Helmond,Netherlands,2024-11-02,Yes
WC001377,Sanne,Gervais,loek41@example.com,+3167 3670421,Kallenkote,Belgium,2025-06-02,Yes
WC001378,Senna,le Briel,bartelsmees@example.net,+3102 6006525,Beerzerveld,Germany,2026-01-19,No
WC001379,Tygo,Middelkoop,masonvan-de-ven@example.org,0418 538585,De Groeve,Germany,2026-03-22,No
WC001380,Loes,Hendrikse,kosterjolijn@example.net,+31420-278685,Gellicum,Belgium,2026-07-04,No
WC001381,Jet,van Engeland,rosa55@example.com,0621-053676,Assen,Netherlands,2026-06-14,Yes
WC001382,Sem,Ehlert,walpaidis@example.net,0769 474674,Huizinge,France,2024-03-07,No
WC001383,Liz,Vermeulen,esmeevan-den-velde@example.net,+31(0)128 351491,Cuijk,Netherlands,2026-02-19,Yes
WC001384,Siem,Huel,mansveldlena@example.com,+31(0)532-876718,Harmelen,Belgium,2023-10-05,No
WC001385,Alex,Geerts,rowanborman@example.org,(0378) 818820,Rhenen,France,2026-02-22,No
WC001386,Louise,Merckx,ayoub03@example.com,084-5841882,Winterswijk Meddo,Netherlands,2025-10-14,No
WC001387,Evy,Stichter,massachloe@example.com,018-3210486,Bierum,France,2026-06-08,No
WC001388,Tyler,Dachgelt,gjaceps@example.net,+31(0)811 487486,Hoge Hexel,Germany,2025-08-03,Yes
WC001389,Isa,Bijlsma,dirk21@example.com,0820-669388,Biddinghuizen,France,2025-06-10,No
WC001390,Sanne,Stichter,tammerijnquinten@example.com,(037) 2108933,Meerssen,Belgium,2025-09-16,Yes
WC001391,Noud,Teunissen,van-bovenhidde@example.org,(098) 6751359,Klazienaveen,France,2025-02-02,Yes
WC001392,Kay,Kolen,mulderazra@example.com,0546-735100,Paesens,Germany,2024-08-21,Yes
WC001393,Kyano,de Vries,nluboch@example.org,(0887)-102977,Nijeholtpade,Netherlands,2026-04-16,No
WC001394,Mila,Moensendijk,van-kasteelennoud@example.net,+31453-566752,'s-Heer Hendrikskinderen,Germany,2025-08-16,Yes
WC001395,Milo,Dubois,meesadriaensdr@example.org,(0929) 373658,Vledderveen,Belgium,2025-02-12,Yes
WC001396,Annabel,Weyland,van-olstpien@example.com,(017)-2601387,Goingarijp,France,2025-08-02,No
WC001397,Nout,Wouters van Eijndhoven,rijnlivia@example.org,(0350) 091548,Herbaijum,Germany,2026-04-10,Yes
WC001398,Marinus,Broeshart,ayoubhendriks@example.org,(0562) 382484,Rheden,Germany,2024-11-11,Yes
WC001399,Jordy,van Oirschot,de-bruijnbo@example.com,085 7859359,Beek en Donk,Germany,2025-01-25,Yes
WC001400,Hailey,Briere,schroefftygo@example.com,+3101 6046209,Koufurderrige,Belgium,2024-02-11,Yes
WC001401,Bilal,van den Corput,vbakker@example.com,0521 091355,Obdam,Belgium,2025-09-16,No
WC001402,Fabian,Verhoeven,wolterseline@example.net,+31(0)36-7534679,Kamperland,Germany,2026-01-16,Yes
WC001403,Collin,Mulder,missing-at-symbol.com,0075-050389,Stoutenburg Noord,Belgium,2024-01-02,No
WC001404,Vincent,Luster,wmercks@example.net,+3125-3328987,Aerdt,France,2023-08-07,Yes
WC001405,Lucas,Evers,gvan-den-nieuwenhuijsen@example.com,+31(0)94-1713962,Groessen,France,2026-07-31,Yes
WC001406,Jonathan,van den Nuwenhuysen,jenniferde-haas@example.org,+31864-249853,Halfweg,France,2023-08-11,Yes
WC001407,Jip,Nihoe,aden-teuling@example.com,(090) 1162427,Baflo,Netherlands,2025-06-07,Yes
WC001408,Hailey,Merckx,yasminscharroo@example.com,0258 166578,Weert,Germany,2024-06-26,Yes
WC001409,Lize,van Luinenburg,van-den-brinkkarlijn@example.com,(055) 9527082,De Bilt,France,2023-11-20,Yes
WC001410,Merijn,Tillmanno,molykan@example.com,008 1828212,Purmerland,Netherlands,2023-11-15,No
WC001411,David,van Hoevel en van Zwindrecht,hroom@example.org,+31(0)53 4939822,Zuidland,Netherlands,2025-10-31,No
WC001412,Rowan,van Orleans,zoebresse@example.com,+31954-180609,Holwerd,Belgium,2026-04-04,No
WC001413,Ibrahim,Langevoort,deanverheij@example.net,(019) 5529372,Leerbroek,Netherlands,2024-02-09,Yes
WC001414,Keano,Serra,vboddaugh@example.org,+31(0)83 1156050,Mussel,France,2023-10-24,Yes
WC001415,Naomi,Timmermans,mansveltvalerie@example.net,+31388 670144,Eagum,Belgium,2024-06-01,No
WC001416,Siem,Goyaerts van Waderle,kim47@example.com,+31(0)089-989446,Kalenberg,Netherlands,2024-04-29,No
WC001417,Twan,van Wallaert,vvan-praagh@example.com,+31(0)09-9906599,Den Oever,Netherlands,2025-05-15,Yes
WC001418,Noor,Rijntjes,bormancharlotte@example.com,(087)-3234449,Zuidwolde,France,2024-06-16,No
WC001419,  Job  ,Die Bont,sbeijring@example.org,+31(0)41-8371231,Harkema,France,2024-03-14,No
WC001420,Lois,Fiere,lois43@example.net,(0707) 631316,Woudbloem,Germany,2025-12-01,No
WC001421,Adriana,le Gallen,jennifervan-dommelen@example.net,(0998)-469441,Tzum,Belgium,2026-07-10,Yes
WC001422,Charlotte,van der Strigt,zheymans@example.net,+31(0)44 6826594,Apeldoorn,Germany,2025-09-02,No
WC001423,Sten,van de Kooij,floorolthof@example.org,+31(0)73-8734436,Andijk,Belgium,2025-05-28,Yes
WC001424,Senna,Meyer,owelf@example.net,0925 154908,Someren,Belgium,2025-04-05,Yes
WC001425,Zara,van Luinenburg,dylansanders@example.com,0468 055196,Vinkenbuurt,Germany,2024-12-15,Yes
WC001426,Isabella,van Noordeloos,tvan-voorhout@example.org,+31(0)414 037550,Nijeholtwolde,Germany,2026-01-24,No
WC001427,Ilse,van Santen,rismamaxim@example.net,(0019)-174506,Stavenisse,Germany,2025-02-04,No
WC001428,Senn,van Vermandois,basvan-de-coterlet@example.org,0037 406395,Folsgare,France,2025-06-30,Yes
WC001429,Naud,Schelvis,vera31@example.net,(048)-0573697,Buurmalsen,Belgium,2026-02-05,No
WC001430,Elize,Kuiper,drousselet@example.net,+31(0)67-0869485,De Cocksdorp,France,2024-09-20,Yes
WC001431,Nick,Soos,gvan-der-berg@example.com,+31(0)55 1147955,Aartswoud,Germany,2024-10-31,Yes
WC001432,  Tara  ,van Dooren,norah94@example.org,(099)-0801481,Markenbinnen,Netherlands,2025-01-15,No
WC001433,Dani,Ellis,maud07@example.net,+31(0)930-207939,Oosterwijk,Netherlands,2023-10-08,No
WC001434,Livia,de Groot,cosmanchris@example.net,(0993)-216710,Papenvoort,France,2026-03-30,Yes
WC001435,Jesse,Keijser,ovan-der-laar@example.net,0689 481925,Alkmaar,France,2026-05-09,Yes
WC001436,Collin,Koeman,van-der-lootobias@example.net,+31768-409306,Nieuwehorne,Belgium,2023-09-05,No
WC001437,Jort,van Breukeleveen,kayleigh83@example.com,+31(0)028 075462,Panningen,Belgium,2024-06-09,Yes
WC001438,Noah,van Kuijc,nvan-gemert@example.net,(049)-2524596,Meerstad,Belgium,2025-09-19,Yes
WC001439,Thom,van Berkum,vkuilenburg@example.org,+31(0)106 305953,Ten Boer,Netherlands,2023-08-16,No
WC001440,Rens,van Haspengouw,evi93@example.org,+31(0)38 5505986,Itens,Germany,2023-08-18,Yes
WC001441,Jinthe,Mahieu,wouteradelaar@example.org,+31578 237288,de Woude,France,2025-12-20,Yes
WC001442,Jens,Nijman,jacquotjake@example.com,+31067-038753,Hieslum,Belgium,2024-02-12,No
WC001443,Nick,Goudriaan,van-den-hoekfatima@example.org,+3197-0962588,Hezingen,Germany,2025-08-06,Yes
WC001444,Inaya,Noordijk,johannes65@example.net,+3191 0445714,Sirjansland,Germany,2025-04-27,No
WC001445,Liz,Adriaense,louwsbente@example.net,+31(0)32-6053144,Stroe,Netherlands,2024-06-21,Yes
WC001446,Joost,Beekman,milanvan-wickerode@example.net,083-0526552,Epse,Germany,2026-03-15,Yes
WC001447,Valentijn,Segerszoen,sscardino@example.com,+31(0)67-6227065,Mensingeweer,Belgium,2026-01-21,Yes
WC001448,Sara,de Groot,lisannevan-luinenburg@example.org,0577 629554,Apeldoorn,France,2023-09-22,No
WC001449,Demi,Scherms,mathurinniels@example.org,(046)-4438672,Ingber,Germany,2026-06-07,Yes
WC001450,Fay,Korsman,nekgijs@example.com,035 2278936,Workum,Netherlands,2023-09-09,Yes
WC001451,Dina,de Jong,ouwelize@example.org,(079) 8605514,Nunhem,Belgium,2025-08-25,No
WC001452,Loïs,van Maaren,isabelle61@example.net,+31(0)010 541183,Kerk Avezaath,France,2025-04-06,Yes
WC001453,Joey,van 't Wel,,063-1766005,Elshout,Belgium,2026-05-14,No
WC001454,Selena,Verboom,isa61@example.net,039-7398583,Landgraaf,Belgium,2026-05-28,No
WC001455,Philip,Opmans,saslex@example.net,0387-969354,Rijswijk (NB),Germany,2024-12-17,No
WC001456,Bradley,de Groot,ben62@example.net,(018) 0766784,Spanbroek,Germany,2025-01-04,Yes
WC001457,Maaike,Hermans,hidde28@example.com,+31(0)306-365529,De Veenhoop,Netherlands,2026-06-12,No
WC001458,Kai,Hemma van Allemanië,gerritsmaryam@example.org,027 3293361,Vianen NB,Belgium,2024-05-02,No
WC001459,Tim,Sestig,mathijs26@example.org,(082)-9410991,Middelharnis,Netherlands,2026-04-05,Yes
WC001460,Dewi,Tins,jbelpere@example.org,+31998-997335,Sellingen,Netherlands,2026-03-31,Yes
WC001461,Kian,Oude Heer,van-der-nootevelien@example.org,0705 320460,Cuijk,Netherlands,2026-03-01,No
WC001462,Sander,Flink,ivan-der-wal@example.com,+31207-350749,Augustinusga,Belgium,2025-10-25,Yes
WC001463,Tristan,Schagen,greimes@example.org,0187-721496,Nieuwehorne,Germany,2023-10-26,Yes
WC001464,Sofie,Scharroo,ibrahim75@example.com,0841 823112,Borssele,Germany,2024-07-17,Yes
WC001465,Aya,Maas,lizjacquot@example.com,+31(0)50-4918467,Bentelo,Belgium,2023-08-15,Yes
WC001466,Rafael,Adriaense,kuilenburgrayan@example.com,(034) 0163121,Hoogezand,France,2026-06-01,No
WC001467,Jinthe,Rijntjes,qschelvis@example.com,(0010)-045442,Oene,Netherlands,2025-05-29,No
WC001468,Olivia,van de Biezenbos,shuperens@example.net,+31689 623579,Krimpen aan de Lek,Netherlands,2026-05-24,Yes
WC001469,Nout,van Alenburg,koningaiden@example.com,(0147)-820234,Purmer,Germany,2024-09-13,No
WC001470,Catharina,Stamrood,arthurgeerts@example.com,(022) 9387423,Rotsterhaule,France,2026-07-20,No
WC001471,Zakaria,Bernaards,aron25@example.net,+31(0)93-7663718,Niekerk,Belgium,2024-04-20,No
WC001472,Ryan,Brouwer,brumleverenske@example.org,0416-482922,Waarde,France,2026-03-23,Yes
WC001473,Esila,van de Pol,kaylee06@example.com,(067)-9569399,Ammerzoden,France,2024-02-25,No
WC001474,Juliette,van den Henst,kbruynzeels@example.net,+3131 4320276,Moerkapelle,Netherlands,2026-05-01,No
WC001475,Mirthe,Strijker,de-manyara@example.net,(0973) 147571,Beuningen,Belgium,2024-04-14,Yes
WC001476,Giel,Bruijne van der Veen,nvan-breukeleveen@example.org,041 0506075,De Meern,France,2024-07-02,No
WC001477,Jelle,Schipper,erhoutfloortje@example.net,(083) 3666571,Ell,Germany,2025-11-11,Yes
WC001478,Robin,Blom,aron13@example.com,009 7405098,Sluis,Germany,2024-03-06,Yes
WC001479,Morris,Everts,aliciabooden@example.com,+31(0)443 137955,Bergen L,France,2024-02-27,Yes
WC001480,Sep,Lemmens,vde-marduras@example.net,(004)-4054282,Waaksens,France,2025-04-08,No
WC001481,Johannes,Kunen,svan-spreeuwel@example.com,(0595) 607681,Nijehaske,Belgium,2024-07-03,No
WC001482,Fedde,Momberg,olivia07@example.org,+31211-277214,Nieuwveen,Netherlands,2023-10-02,Yes
WC001483,Catharina,Gnodde,oferran@example.com,+31(0)24 4435007,Den Dungen,Belgium,2023-08-21,No
WC001484,Thijmen,le Gallen,ipost@example.com,(0033) 864501,Geldrop,Netherlands,2024-07-28,No
WC001485,Valentijn,Brievingh,philip91@example.com,(0412)-621050,Baexem,France,2023-09-26,No
WC001486,Chloë,Labado,zeynepvan-loon@example.org,(0288) 596416,Tholen,France,2025-07-24,No
WC001487,Giovanni,Meis,romy40@example.org,(044) 1877804,Smallebrugge,France,2024-04-29,Yes
WC001488,Lorenzo,de Vries,damianvan-den-heuvel@example.org,(0811)-772140,Nuth,France,2026-07-10,Yes
WC001489,Dylano,de Roo,alicia93@example.org,082 1471007,Schuinesloot,Germany,2025-04-18,Yes
WC001490,Samuel,Rotteveel,simon31@example.net,+3134 7337260,Aldtsjerk,Germany,2026-02-06,Yes
WC001491,Fiene,van der Veiver,ashleyvan-luxemburg@example.com,+31(0)81-6014767,Zuna,Netherlands,2026-07-15,No
WC001492,Louise,Maas,muldersjonas@example.org,+31(0)565-241939,Tzummarum,France,2026-06-13,Yes
WC001493,Timo,Massa,pienjonkman@example.net,0055 346716,Twijzel,Belgium,2026-02-01,No
WC001494,Jan,Spier,uvan-waas@example.com,+3110-5245508,Duivendrecht,Netherlands,2026-02-03,Yes
WC001495,Jennifer,Ansems,benthehulst@example.org,051 9192407,Ubbena,Belgium,2025-10-26,No
WC001496,Micha,Bastiaanse,jarimaas@example.net,0252-296031,Hijken,Belgium,2025-11-26,Yes
WC001497,Mehmet,de Smit,gvan-stralen@example.net,(054) 1614069,Hoog-Keppel,Germany,2024-12-06,Yes
WC001498,Julia,Boogaerts,evan-beek@example.org,+31(0)994 521478,Zwiggelte,Germany,2026-04-29,Yes
WC001499,Floris,Wilson,marijnariens-ansems@example.net,+31(0)525-932974,Waskemeer,Germany,2025-02-19,Yes
WC001500,Jonas,Chrodtrud,juul78@example.net,0542-315510,Lottum,Netherlands,2025-10-06,Yes
WC001501,Joris,van Salmen,kim02@example.com,0531-326172,Wenum Wiesel,Belgium,2025-09-26,No
WC001502,Wessel,van Schevinghuizen,mvan-mare@example.net,(043)-6018475,Olburgen,France,2025-02-24,Yes
WC001503,Joy,de Bruin,amber63@example.com,022-9655188,Breedenbroek,Belgium,2026-06-10,No
WC001504,Maud,Dries,gadriaense@example.com,(0692)-648492,Feanwâlden,Germany,2026-04-16,Yes
WC001505,Tirza,de la Fleche,johanna99@example.net,048 8960539,Haarle,Belgium,2025-03-27,Yes
WC001506,Lisanne,van den Nuwenhuysen,kde-la-fleche@example.com,(095) 1489320,Haler,Germany,2024-06-04,Yes
WC001507,Thijn,Jans,fabiantexier@example.com,030 8959662,Meerstad,Belgium,2026-07-27,Yes
WC001508,Helena,Elbertse,dde-gratie@example.org,(0981) 947030,Woudbloem,France,2025-04-13,No
WC001509,Victor,Freshour,djans@example.org,023-0189774,Leersum,France,2026-01-05,No
WC001510,Mats,Lieshout,vigovan-breukeleveen@example.net,+31(0)21 1846570,Andijk,Netherlands,2026-07-08,Yes
WC001511,Alyssa,de Plantard,van-der-lindenjelle@example.net,(0854)-306077,Kapelle,France,2025-06-19,Yes
WC001512,Bradley,van Embden,iariens-ansems@example.org,+3143 6951908,Tzum,France,2023-10-30,No
WC001513,Amira,van Breukelveen,rmassa@example.org,+31(0)302-443876,Ruurlo,Belgium,2025-11-27,No
WC001514,Tom,Velderman,ponceletbart@example.net,+31(0)23 3492529,Gaanderen,France,2024-12-27,No
WC001515,Luc,van de Velde,chrisvan-baalen@example.org,0308-417540,Ruigahuizen,Netherlands,2023-10-05,No
WC001516,Benjamin,Mol,gbroek@example.com,0270-420253,Loosbroek,Germany,2025-07-29,Yes
WC001517,Maaike,Spreeuw,sverheuvel@example.net,0120-563000,Bant,Netherlands,2024-04-04,Yes
WC001518,Sander,Willemsen,van-de-wielaylin@example.net,(029)-8459956,Driebruggen,Germany,2026-06-01,Yes
WC001519,Seth,Zeemans,rekcollin@example.net,0702 723035,Gastel,France,2024-06-24,Yes
WC001520,Mette,van de Velden,ovan-bovenen@example.net,+3176 8085268,Zijdewind,France,2023-11-15,Yes
WC001521,Zoey,van den Eijssel,merijnslagmolen@example.com,+3101 2316515,Oud Ade,Germany,2024-06-19,Yes
WC001522,Fenna,Jonker,dachgeltjoel@example.org,+31(0)834-347947,Vrouwenparochie,Belgium,2023-09-10,No
WC001523,Gerrit,Roukes,isabelle97@example.org,+31413 499879,Zalk,Belgium,2024-11-27,Yes
WC001524,Lot,van Formbach,cvan-der-ploeg@example.com,(093)-1019373,Buren,Netherlands,2024-07-23,Yes
WC001525,Emily,Uphaus,isabel48@example.com,003 2661767,Vessem,Netherlands,2026-05-08,Yes
WC001526,Fien,Hermans,irisstrik@example.net,0394 909454,Midlaren,France,2023-08-16,Yes
WC001527,Lot,Ghoerle,noah31@example.com,(008) 4632665,Hekelingen,France,2025-01-12,No
WC001528,Melle,de Reede,van-de-pololivia@example.com,(047) 9032982,Benschop,Germany,2025-08-31,Yes
WC001529,Jasper,Ansems,owen90@example.org,053-0066365,Katwijk,France,2025-11-01,Yes
WC001530,  Kyano  ,Reimes,iligtvoet@example.org,+31651 932836,Noorbeek,Netherlands,2026-05-09,No
WC001531,Fleur,Hollander,annavi@example.net,+31(0)01 8724632,Balk,France,2024-12-27,Yes
WC001532,Joshua,van 't Riet,glassesayden@example.com,+31(0)948 270344,Baambrugge,Belgium,2024-08-01,No
WC001533,Joëlle,Versluijs,kleinhugo@example.net,(0436)-308616,Uitwijk,France,2023-10-14,Yes
WC001534,Julia,van Hemert,rlansink@example.net,+3196-3019202,Boerakker,Belgium,2024-11-15,No
WC001535,Senna,van Vliet,nbud@example.net,+31(0)88-4825526,Langeweg,Germany,2026-06-12,No
WC001536,Isabel,van Leeuwen,jorisdie-witte@example.com,+3192 8176471,Grathem,Belgium,2025-06-02,No
WC001537,Mees,Winnrich,jbrands@example.com,(0102)-560528,Kloosterhaar,Germany,2024-05-27,No
WC001538,Philip,Bos,lamberslevi@example.net,084-7135310,Finsterwolde,France,2024-06-17,No
WC001539,Youssef,Fortuyn,ggalijn@example.net,(043) 6224188,Zandberg,Germany,2025-11-25,Yes
WC001540,Lizzy,Le Grand,van-der-laandaniel@example.net,037-4829789,De Schiphorst,Germany,2024-08-14,Yes
WC001541,Lieke,Luboch,eschuylenborch@example.com,+31(0)292 289547,Farmsum,Belgium,2026-05-18,No
WC001542,  Rosalie  ,Geerts,govartsisabella@example.net,+3159-0136751,St.-Jacobiparochie,Belgium,2023-10-07,No
WC001543,Yusuf,Wever,bneuteboom@example.com,+3183-2007937,Krewerd,Netherlands,2026-01-13,No
WC001544,Johannes,Geerts,imrangellemeyer@example.net,+31(0)32-8793979,Heerhugowaard,France,2024-11-02,No
WC001545,Amy,Guit,daphne59@example.net,+31(0)431 254866,Lambertschaag,France,2025-05-10,Yes
WC001546,Sami,van Goerle,oscar13@example.net,+31(0)662 085423,Aarle-Rixtel,Belgium,2025-01-01,No
WC001547,Rafael,Jonker,wvan-breugel@example.com,0740 472608,Baarn,Netherlands,2025-12-12,No
WC001548,Thijmen,van Maasgouw,wvan-de-weterink@example.net,+31(0)796-982969,Termunterzijl,Netherlands,2023-08-29,Yes
WC001549,Puck,Huijbrechts,jorrisennoortje@example.org,+31(0)716 465712,Toldijk,Netherlands,2023-10-10,No
WC001550,Luka,de Jong,elize38@example.org,0145-790385,Baak,Germany,2026-06-16,Yes
WC001551,Amelia,Jansen,pimvan-oirschot@example.com,040-8680511,Veeningen,France,2026-07-30,No
WC001552,Nathan,Zijlemans,nina81@example.net,+3155 8463926,Oostwold,Belgium,2025-03-21,No
WC001553,Jamie,Smit,nolleelieve@example.com,+3165-5248931,Ameide,France,2026-07-06,No
WC001554,Mehmet,Westerburg,waardeloocarlijn@example.com,(034) 3011740,Markelo,France,2026-01-30,No
WC001555,Lize,Heijmen,juliette82@example.org,(098) 1969449,Oosterend,France,2024-04-03,Yes
WC001556,Sara,Grondel,mila03@example.org,(0556) 485517,Heesselt,France,2024-07-19,Yes
WC001557,Annabel,Hak,kramernikki@example.org,+31(0)122-324369,Oud Ootmarsum,Netherlands,2024-09-18,Yes
WC001558,Yusuf,Verwoert,felinevan-de-berg@example.net,+31(0)30-5245191,Kapellebrug,Germany,2025-04-17,Yes
WC001559,Giovanni,Ansems,giel93@example.net,+31(0)152-130310,Honselersdijk,France,2024-03-12,Yes
WC001560,Jordy,de Keijser,kate02@example.net,(016)-7337242,Westerwijtwerd,Netherlands,2026-04-24,Yes
WC001561,Lana,Heere,zoeydachgelder@example.com,+31402-709680,Hendrik-Ido-Ambacht,Netherlands,2023-11-28,No
WC001562,Lizzy,Soos,keijzerelena@example.org,(018) 1542735,Renswoude,France,2024-10-09,Yes
WC001563,Aaron,Rijn,xjaceps@example.net,+31(0)275-675707,Vogelwaarde,Germany,2023-11-04,Yes
WC001564,Jake,van Drenthe,imkereijers@example.com,(033)-9006517,Bornerbroek,Netherlands,2026-02-19,No
WC001565,Lotte,van der Linden,opasman@example.org,(013) 5616265,Hunsel,Belgium,2024-05-02,Yes
WC001566,Ruben,de Keijser,yvi@example.net,(0458) 506560,Stegeren,Belgium,2025-08-12,Yes
WC001567,Myrthe,van Hagen,ljanssen@example.org,(0999)-797279,Raamsdonksveer,Netherlands,2023-11-22,No
WC001568,Lindsey,van den Heuvel,naud07@example.org,+31(0)84-1034409,Hoogenweg,Belgium,2024-11-23,Yes
WC001569,Mark,van Alenburg,moljorn@example.net,(0319)-308041,Radewijk,Germany,2025-02-19,Yes
WC001570,Aya,Brievingh,pvan-liendert@example.org,+3164-7919420,Dokkum,Belgium,2025-11-16,Yes
WC001571,Jente,Labado,eliza14@example.org,+31152-940209,Nieuwe-Tonge,France,2025-11-21,Yes
WC001572,Vincent,Galenzone,evertslotte@example.net,0383-999295,Koningslust,France,2023-10-22,Yes
WC001573,Anne,Hollander,schoutenjet@example.net,+31(0)89 3328035,Vrouwenpolder,Belgium,2024-01-10,No
WC001574,Duuk,Corstiaens,tomvan-ooste@example.com,(097)-1851341,Lage Vuursche,France,2024-10-15,Yes
WC001575,Collin,Dennenberg,van-bovenenina@example.com,050 9405918,Ternaard,France,2025-04-24,Yes
WC001576,Daniël,Emmen,van-welisis@example.com,082-7040900,Kats,Germany,2025-03-03,Yes
WC001577,Zoë,Huijs,godfrey-van-alemannieaaliyah@example.org,+3169-7493004,Zorgvlied,France,2025-05-25,No
WC001578,Loek,Doornhem,de-gruilsepp@example.org,069 4585731,Eastermar,France,2025-10-13,No
WC001579,Floortje,Puig,nvan-t-riet@example.com,(0168)-447202,Landsmeer,France,2026-06-27,No
WC001580,Dean,Rubben,amylansink@example.net,0811-105677,Oosterhout,Belgium,2025-10-04,Yes
WC001581,Max,van den Assem,joey98@example.com,033-9642809,Albergen,Netherlands,2023-09-02,No
WC001582,Noor,Wildschut,alicoret@example.com,031-0098604,Botlek Rotterdam,Netherlands,2023-10-19,No
WC001583,Dion,Aarden,kofrafael@example.net,(042) 2609237,Tuitjenhorn,Germany,2025-01-01,No
WC001584,Muhammed,Zeemans,pukcornelissen@example.com,+3162-9845385,Stevensbeek,Netherlands,2024-07-09,No
WC001585,Yusuf,Korstman,levesquemark@example.net,(0730) 871663,Ees,Germany,2025-02-14,No
WC001586,Anne,van Breukelveen,invalid.email,+31(0)00 5237933,Grolloo,Germany,2023-11-30,Yes
WC001587,Pippa,Weylant,samuelvan-riet@example.com,+3158-9392813,Garsthuizen,Netherlands,2024-10-05,Yes
WC001588,Zakaria,Lamotte,bo37@example.org,(0808) 355770,Silvolde,Belgium,2024-03-24,Yes
WC001589,Thom,Dijkstra,hermansyasmine@example.net,+31618-463361,Vuren,France,2026-03-04,Yes
WC001590,Maartje,Vignon,pwinters@example.com,(015) 5708760,Zuna,Netherlands,2024-04-07,No
WC001591,Sten,Suijker,vjoosten@example.com,+31939 611701,Wernhout,France,2026-03-09,Yes
WC001592,Wessel,van Beek,tirielois@example.org,+3192-6325445,Doezum,Netherlands,2025-03-04,No
WC001593,Lise,van Beieren,hvan-dam@example.com,+31496-239951,Den Oever,Germany,2024-03-08,Yes
WC001594,Ayoub,Brumleve,lfrankhuizen@example.com,+31(0)94 6224328,Tiendeveen,Belgium,2025-01-14,Yes
WC001595,Yassin,van Schevinghuizen,psegerszoen@example.org,+31979 462716,Jubbega,France,2026-06-19,No
WC001596,Ella,Luboch,loisvan-der-heijden@example.org,+31(0)53-5711458,Heesbeen,Belgium,2026-07-03,No
WC001597,Ceylin,de Heer,sroukes@example.com,080 3249047,Bergen L,Germany,2023-12-23,No
WC001598,Ayden,Volcke,van-der-meeramber@example.net,+31(0)70-9308309,Ryptsjerk,Netherlands,2023-09-19,Yes
WC001599,Inaya,de Jager,danielponcelet@example.net,072 1971632,Schoonoord,Netherlands,2023-12-28,No
WC001600,Isa,Smeets,vbave@example.com,007 8363425,Rijpwetering,Belgium,2024-07-28,No
WC001601,Alex,Perck,ospanhaak@example.org,+3177 1985895,'s-Gravenpolder,Belgium,2026-07-23,Yes
WC001602,Esmée,Hemma van Allemanië,weylantnaomi@example.org,+31(0)13 0041682,Babberich,Germany,2025-04-03,No
WC001603,Lena,Boers,bosbibi@example.com,+3148 2881156,Wekerom,Germany,2025-10-01,No
WC001604,Tygo,Bernaards,xvan-ochten@example.com,0277 061040,Swolgen,France,2023-09-09,No
WC001605,Britt,Groote,rosawendt@example.com,(0650) 402444,Wezuperbrug,France,2026-05-11,No
WC001606,Jet,Kalman,kortguusje@example.net,063 4838679,Kelpen-Oler,Netherlands,2026-07-16,Yes
WC001607,Mick,de Grunt,qverhoeven@example.com,+31526 699623,Erichem,Netherlands,2025-06-01,No
WC001608,Emily,Riem,jackvan-voorhout@example.net,+31(0)436-770597,Puth,Netherlands,2025-06-06,Yes
WC001609,Jonas,Prinsen,norah52@example.net,073 1064907,Akersloot,Netherlands,2023-11-11,Yes
WC001610,Dion,Brumleve,mehmet85@example.net,0809-048310,Denekamp,France,2026-01-11,Yes
WC001611,Tirza,Adriaensdr,phileine52@example.net,+31981 150275,Heelweg,Germany,2024-03-14,No
WC001612,Rick,de Hoogh,joris53@example.net,+3193-2186454,Kortehemmen,France,2026-01-12,No
WC001613,Lisa,van 't Wel,broekhovenaya@example.com,+31(0)25-5986350,Oterleek,France,2025-10-03,No
WC001614,Bente,de Vries,jerusalemmeike@example.com,+31(0)36 8934697,Wolphaartsdijk,Belgium,2025-03-21,No
WC001615,Aylin,Schulten,stefan65@example.net,+3106-5655829,Herkenbosch,Netherlands,2025-08-23,No
WC001616,Quinn,Bloemendaal,kallenaaliyah@example.com,(0175) 110529,Klein Zundert,Belgium,2024-06-27,Yes
WC001617,Bradley,Kosten,kay09@example.net,(0728)-138853,Valburg,France,2026-07-13,No
WC001618,Valentijn,Fredriks,dinade-groot@example.org,+3178 0488611,Nederasselt,Belgium,2025-02-20,No
WC001619,Adam,Spies,lily01@example.net,+31(0)39 1099969,Markelo,Belgium,2025-01-08,Yes
WC001620,Dex,Kleybrink,saravervoort@example.com,+31(0)29 4182668,Gastel,Belgium,2024-07-12,Yes
WC001621,Wessel,van Bruchem,esmeewijland@example.com,0192 066520,Exloërveen,Belgium,2026-03-19,Yes
WC001622,Joëlle,Tielemans,gveenendaal@example.com,(0052)-707910,Vorchten,France,2026-06-20,No
WC001623,Mirte,Bresé,jacobverbruggen@example.org,(016) 4975421,Giethoorn,Germany,2025-10-15,Yes
WC001624,Joost,Kathagen,lafleurhendrik@example.org,+31(0)20 7324050,Franeker,Netherlands,2024-12-10,Yes
WC001625,Dina,Hendrikse,merkxvalentijn@example.org,(0160)-209907,Waarder,France,2023-10-15,Yes
WC001626,Julius,van Ooste,mauritsvan-mil@example.org,(0993)-179586,Uitgeest,Belgium,2023-08-31,Yes
WC001627,Jordy,Leene,van-geffenmadelief@example.net,087-2513530,Rheezerveen,France,2024-02-29,No
WC001628,Anna,van Vliet,oscarvan-munster@example.org,(0318)-224122,De Wilgen,France,2026-01-23,Yes
WC001629,Laurens,van Olst,puck45@example.com,030 3492539,Hooglanderveen,Netherlands,2024-12-20,Yes
WC001630,Lieke,Gemen,nathanvan-engelen@example.org,(076)-3911528,Garderen,Netherlands,2025-07-19,Yes
WC001631,Maud,Elsemulder,cvan-der-heyden@example.com,083 7933072,Buchten,Germany,2024-07-04,Yes
WC001632,Fabiënne,Westerburg,le-guelleccollin@example.com,028 1968163,2e Exloërmond,France,2025-04-05,No
WC001633,Wout,Sestig,dijkmansuus@example.org,+31(0)962-477578,Wapse,Germany,2026-05-07,Yes
WC001634,Abel,Adriaense,vincent27@example.org,(0865) 065997,Nieuweroord,France,2024-08-16,Yes
WC001635,Mika,Ansems,leenejacob@example.com,0023 822356,Hei- en Boeicop,Belgium,2024-06-27,Yes
WC001636,Emily,Speijer,tijn21@example.com,030-8429398,Slagharen,Germany,2023-09-13,Yes
WC001637,Liz,Dirksen,youssefvan-metz@example.com,(057) 7839193,Ilpendam,Belgium,2025-08-01,No
WC001638,Wout,van Boulogne,bechtzoe@example.net,079-5353344,Hantum,Netherlands,2024-12-01,Yes
WC001639,David,Oversteeg,maja51@example.net,0677-208160,Wamel,France,2024-10-14,Yes
WC001640,Jelle,Huls,jvan-salm@example.net,+31784-544111,Bovenkarspel,Germany,2025-03-19,No
WC001641,Mohammed,Buijs,de-bruinjayson@example.com,0410-163982,Cuijk,Belgium,2026-01-13,No
WC001642,Seth,Vink,berendsejustin@example.org,+31(0)764-309507,Linden,Netherlands,2023-08-18,No
WC001643,Lizz,van Allemanië,aydenadriaense@example.org,(081) 6936790,Sandfirden,France,2024-11-03,No
WC001644,Lauren,Butselaar,cheinrichs@example.com,+31(0)673 010428,Oss,Netherlands,2025-02-07,No
WC001645,Marinus,Zuidweg,whuel@example.net,+3135 7432797,Oisterwijk,France,2024-12-06,Yes
WC001646,Lot,Peeters,evie05@example.net,+31(0)824-747216,Garrelsweer,Belgium,2025-08-29,Yes
WC001647,Eline,van Rijnsbergen,cstuivenberg@example.org,+3130 4995035,Garsthuizen,Netherlands,2023-12-26,Yes
WC001648,Pleun,Riem,kvolcke@example.org,+31429-360549,Beers NB,France,2025-10-19,No
WC001649,Veerle,van Bovene,lotcornelissen@example.com,+3158-3052956,Mildam,Germany,2026-03-24,No
WC001650,Imran,Bekbergen,lisanne84@example.org,(0568)-935696,Berkel-Enschot,Belgium,2026-04-10,Yes
WC001651,Yassin,Ramaker,quinty80@example.org,012-1008404,Beneden-Leeuwen,France,2025-03-11,No
WC001652,Nathan,Geldens,yusuf66@example.com,(0401)-944543,Duivendrecht,France,2024-01-14,No
WC001653,Samuel,van Hoevel en van Zwindrecht,esmee62@example.net,+31(0)25 5824263,Oostzaan,France,2025-10-17,No
WC001654,Laurens,Leene,bloemendaalrens@example.net,087 8019004,Witteveen,Netherlands,2023-08-29,No
WC001655,Thom,Jurrijens,fierevictoria@example.com,+31958 197624,Hellouw,Belgium,2023-08-26,No
WC001656,Oscar,Loep,lvial@example.net,+31819-797591,Westerwijtwerd,Netherlands,2024-04-10,No
WC001657,Linn,Pierson,collin37@example.com,(0780) 431324,Hoogvliet Rotterdam,Netherlands,2025-08-22,No
WC001658,Charlotte,Bertho,barentssamuel@example.org,005 7399596,Boxmeer,Belgium,2025-08-31,Yes
WC001659,Sienna,Molen,markvan-soest@example.org,(0718) 630188,Winterswijk Woold,Netherlands,2023-08-21,Yes
WC001660,Raf,Nollee,nvink@example.com,(0602)-651663,Hegebeintum,Germany,2026-02-15,Yes
WC001661,Valentijn,de Jode Vastraedsd,azradraaisma@example.com,+31031 397088,Oldetrijne,France,2024-12-04,No
WC001662,Mathijs,van Gils,geertsenrick@example.org,+31(0)424-315600,Poortvliet,Netherlands,2023-09-07,No
WC001663,Sil,Kleijse,swolffel@example.net,+31611 585158,Sterksel,Germany,2025-07-30,No
WC001664,Chris,den Buytelaar,jellebruggeman@example.org,+3108-8388142,Amstelhoek,Belgium,2023-10-08,Yes
WC001665,Elin,Klein,zara07@example.org,+31(0)82 5061558,Nieuw-Vennep,Belgium,2024-05-01,Yes
WC001666,Isabel,Brisee,joostvan-saksen@example.org,+31(0)666-967811,Druten,Germany,2026-01-14,No
WC001667,Fem,Eelman,noudmens@example.com,(0075)-723483,Biezenmortel,Belgium,2024-10-01,No
WC001668,Mehmet,Bouwhuisen,tim43@example.net,+31(0)004 570173,Soerendonk,Belgium,2025-02-17,Yes
WC001669,Esmee,de Roo,loiswolters@example.net,(0766)-863159,Broekhuizenvorst,Belgium,2025-07-04,Yes
WC001670,Jade,Leene,qvan-saksen@example.com,+31(0)91-1074335,Maurik,Netherlands,2024-04-25,Yes
WC001671,Teun,Dekker,jaylinn06@example.org,(0527)-844965,Amsterdam,France,2024-03-21,Yes
WC001672,Daan,Salet,sep10@example.com,(004)-8179775,Uitwijk,Germany,2024-03-30,Yes
WC001673,Dana,Butselaar,quinn24@example.com,+31767-199845,Rijswijk,France,2023-12-22,No
WC001674,Livia,Nedermeijer,mason33@example.net,0763 322246,Nederhorst den Berg,Belgium,2025-02-20,Yes
WC001675,Suze,"West-Francië, van",versluijsamira@example.org,+31(0)23-2733649,Ingelum,France,2024-05-08,Yes
WC001676,Esmée,van de Leemput,bryan03@example.net,+3132-3908026,Broek op Langedijk,Belgium,2024-04-23,Yes
WC001677,Lucas,van Haspengouw Hesbaye,riley86@example.com,0430-062183,Steensel,Belgium,2023-11-20,No
WC001678,Dave,Mathurin,zoeykuijpers@example.com,(066) 1671860,Ransdaal,Netherlands,2026-03-13,Yes
WC001679,Luc,Visser,zguit@example.org,072-1429255,Bavel,Netherlands,2025-05-09,Yes
WC001680,Lizzy,Stamrood,ndavid@example.org,0626 290682,Boschoord,Belgium,2025-08-14,Yes
WC001681,Maaike,van den Berg,stef17@example.org,(0461) 166063,Winschoten,Germany,2025-11-12,No
WC001682,Jim,Gerrits,qbeourgeois@example.net,+31(0)82 7834830,Huisduinen,Netherlands,2023-11-29,Yes
WC001683,Tom,Meijer,marahulshouts@example.com,0827-571733,Zeeland,Netherlands,2025-02-08,No
WC001684,Lex,Dennenberg,eelmannaud@example.net,0944-804767,Elim,Belgium,2026-01-08,No
WC001685,Kick,Thout,hidde08@example.com,0505 631414,Oldetrijne,Belgium,2023-12-16,No
WC001686,Ise,de Boer,fsam@example.net,+3168-8865641,Koudekerk aan den Rijn,Germany,2023-09-22,Yes
WC001687,Hidde,Janssens,timogerritsen@example.com,+31816-691328,Bitgum,France,2025-04-03,No
WC001688,Tom,Simonis,bechtsanne@example.net,(0255) 926496,Startenhuizen,France,2025-10-24,No
WC001689,Julian,van Ginkel,adryaensniek@example.org,(044) 4742089,Blauwhuis,France,2024-10-06,No
WC001690,Sarah,Kuiper,hoedemakerscolin@example.org,+31(0)479 336443,St.-Jacobiparochie,France,2025-05-23,No
WC001691,Benjamin,Arnold,van-evelingenella@example.com,+3149-5969969,Ouwsterhaule,Netherlands,2024-05-06,Yes
WC001692,Hendrik,Ernst,noelle29@example.com,074 2395552,Baarlo,Germany,2025-03-08,No
WC001693,Nathan,de Man,xhuls@example.net,+31664 378149,Geeuwenbrug,Netherlands,2024-04-04,No
WC001694,Sara,van Bergen,loes80@example.net,070-2324607,Gapinge,Netherlands,2023-10-12,Yes
WC001695,Hanna,van Dongen,lorenzo92@example.com,096-1550181,Nijbroek,France,2023-08-05,No
WC001696,Mehmet,Lucas,juliamanne@example.com,+31(0)986-982892,Santpoort-Zuid,France,2024-07-11,Yes
WC001697,Lukas,Stamrood,wde-kale@example.net,+31(0)447-097527,Holsloot,Germany,2024-05-10,No
WC001698,Laurens,Verboom,nisakrabbe@example.com,(0550) 169476,Zuidoostbeemster,France,2026-07-02,No
WC001699,Milan,Groenestein,fthe-elder@example.com,(0390)-314113,Heide,Germany,2023-11-16,Yes
WC001700,Siem,Steinmeiern,joy07@example.com,054-5177063,Babberich,Belgium,2026-01-15,Yes
WC001701,Maria,Adriaensdr,maryamvan-der-linden@example.net,+3126-5124589,Spijk,France,2023-09-04,No
WC001702,Dylano,Mens,markmansvelt@example.org,+31(0)344 576765,Laag-Soeren,Netherlands,2026-07-18,No
WC001703,Roan,Brumleve,lpuig@example.com,(0394) 751436,Vragender,Netherlands,2024-03-21,Yes
WC001704,Kevin,van den Corput,van-geestella@example.org,(090) 7216418,'s-Heerenhoek,France,2024-04-03,No
WC001705,Lola,Pieters van der Maes,ablom@example.net,(045) 7028385,Klimmen,Germany,2023-10-14,No
WC001706,Melissa,Middelkoop,nkoster@example.net,+3197 2410062,Gemert,France,2024-08-10,Yes
WC001707,Pepijn,Spiker,okamp@example.org,0411-520002,Nieuw-Balinge,Netherlands,2024-03-27,No
WC001708,Ninthe,Doornhem,bhoes@example.com,0646 764203,Hoek,Netherlands,2025-02-18,No
WC001709,Floor,Goyaerts van Waderle,tvan-laarhoven@example.net,+31640 672331,Geervliet,Belgium,2026-02-21,No
WC001710,Liza,Wilmont,van-buurensara@example.org,039-6467366,Kollumerpomp,Germany,2025-08-31,No
WC001711,Lise,van de Brink,jillheyne@example.net,0837-920092,Velsen-Zuid,Belgium,2024-06-14,No
WC001712,Jip,Dekker,mason12@example.net,0302 591268,Woudenberg,France,2025-01-05,Yes
WC001713,Lisa,van 't Houteveen,ydie-bont@example.com,0720-657467,Bergambacht,Belgium,2025-02-12,No
WC001714,Olivia,de Roo,vvan-ochten@example.org,0748 210890,Eerbeek,Belgium,2024-03-10,No
WC001715,Eline,van Bergen,sil11@example.org,0072-874573,Bergharen,Germany,2024-06-20,No
WC001716,Sylvie,Verhaar,cornelisle-briel@example.com,018-2729798,Abcoude,Germany,2023-09-07,Yes
WC001717,Robin,Steenbakkers,lcharon@example.org,+3168-5850713,Lienden,Netherlands,2024-06-27,No
WC001718,Maja,Hehl,qcarnotte@example.com,035-4285487,Markenbinnen,Germany,2024-08-27,No
WC001719,Maud,Huijbrechts,kvan-breukelveen@example.org,(0377) 385961,Toldijk,Germany,2024-05-04,Yes
WC001720,Lina,van Gastel,feline02@example.org,0924 549178,Blaricum,Belgium,2023-12-30,No
WC001721,Maria,zWART,gerrit16@example.net,0301-315745,Meedhuizen,Belgium,2023-08-24,Yes
WC001722,Kyan,Nieuwstraten,maartjemassa@example.net,+3127-6032847,Castenray,Belgium,2024-02-02,No
WC001723,Lisa,Aeije,lukevan-boulogne@example.com,+3105 2520045,Westzaan,Germany,2025-07-25,No
WC001724,Julius,Marceron,noutelsemulder@example.com,,Emst,Belgium,2026-02-26,Yes
WC001725,Lieve,de Vos,quinn30@example.net,062 7912189,Hulsel,France,2024-11-14,Yes
WC001726,Saar,Berends,gvan-waas@example.org,(023)-1624936,Nieuw-Roden,France,2023-09-27,No
WC001727,Elif,Hoes,puk14@example.com,(0982) 315016,Kapelle,Belgium,2024-05-23,Yes
WC001728,Maria,van Haspengouw Hesbaye,justin01@example.net,0279 815308,Hulsberg,Belgium,2023-08-09,No
WC001729,Mila,Bosch,dachgeldtbeau@example.com,+31584-800384,Nieuwaal,Germany,2025-05-06,No
WC001730,Mads,Klein,catobrizee@example.org,+31(0)37 7568913,Tzum,Germany,2025-06-18,Yes
WC001731,Morris,van der Schuijt,bblonk@example.org,+31919-496199,Arcen,Netherlands,2024-09-07,No
WC001732,Feline,van Gent,de-kaleniels@example.net,+31416 358863,Gaast,France,2023-08-26,Yes
WC001733,David,van der Noot,sarah60@example.com,+3102-3248462,Arnhem,Netherlands,2024-01-30,No
WC001734,Mara,Waardeloo,tobias58@example.com,047-6985691,Sondel,Germany,2024-10-16,Yes
WC001735,Elias,van Kuijc van Malsen,pgemen@example.com,030 6906980,Baarle-Nassau,Netherlands,2025-05-30,Yes
WC001736,Esther,Weeldenburg,stangesienna@example.org,(060) 7650440,Kloetinge,Belgium,2024-08-20,Yes
WC001737,Olaf,Lether,ybijlsma@example.net,0922 064112,Lucaswolde,Belgium,2025-04-13,No
WC001738,Fabiënne,Mudden,kay78@example.net,+3109 3985852,Voorburg,France,2024-11-28,Yes
WC001739,Lindsey,Muller,zdennenberg@example.net,065-2015749,De Goorn,Germany,2025-04-16,Yes
WC001740,Cato,Hoes,rvan-leeuwen@example.com,+31(0)97 0887288,Brielle,Belgium,2025-03-13,Yes
WC001741,Sophie,Scheffers,jansenmika@example.com,+3157 8031092,Netterden,Belgium,2024-04-02,No
WC001742,Phileine,le Luc,siemde-nijs@example.org,(0696)-171657,Wervershoof,Germany,2026-04-19,No
WC001743,Melle,Chevresson,jacob49@example.org,+31(0)91 5371275,Arriën,Netherlands,2025-12-04,No
WC001744,Jip,Smits,hendrikde-bruijn@example.com,+31082 758428,Winterswijk Meddo,Netherlands,2024-11-25,No
WC001745,Adriana,Fortuyn,aimeevan-opper-lotharingen@example.net,0741 572986,Oosternieland,Belgium,2023-08-29,Yes
WC001746,Jules,Dirksen,oscar79@example.net,(019)-9557764,Ossenzijl,Belgium,2023-10-26,No
WC001747,Lola,Bresse,van-velthovenlois@example.net,+31(0)64 1873079,Hulten,Belgium,2025-11-22,No
WC001748,Carlijn,Lucas,hugootte@example.net,+3148 3303630,Hooge Mierde,France,2025-05-12,No
WC001749,Boaz,Louws,van-maasgouwjorn@example.org,0434 976667,Slochteren,France,2024-08-08,No
WC001750,Dex,van de Berg,van-gelderjulian@example.com,+3121-5872672,Waverveen,Germany,2023-09-06,No
WC001751,Cas,Kloppert,vgeertsen@example.org,+31012-581403,Langeveen,France,2026-06-17,Yes
WC001752,Liv,van de Wal,,0914-944072,Heibloem,France,2026-05-05,Yes
WC001753,Rick,Jacobs,van-loonnadia@example.com,009-8701794,Vlist,Belgium,2026-01-14,Yes
WC001754,Mare,Kamp,kleijsejoost@example.com,+31(0)186 851150,Oostwold,Netherlands,2024-01-26,No
WC001755,Valerie,van Straaten,kaarts@example.com,+31693-275028,Eefde,Belgium,2024-06-06,Yes
WC001756,Janna,Wouters van Eijndhoven,yshupe@example.org,0694 378301,Foxwolde,Germany,2025-12-30,No
WC001757,Julia,van Laon,faasengels@example.org,+31395 356227,Zaandam,Germany,2026-02-24,No
WC001758,Fabian,Gnodde,jari57@example.org,(012) 3646540,Bronkhorst,Netherlands,2026-02-11,Yes
WC001759,Roan,van Laon,cfortuyn@example.org,(0366)-558751,Neerloon,Germany,2023-08-18,No
WC001760,Cato,d' Heripon,merijnvan-opper-lotharingen@example.net,(0222)-938447,Uffelte,Germany,2026-02-04,No
WC001761,Ryan,Weylant,pietermolen@example.net,(045) 8115337,Haaften,Belgium,2025-07-08,Yes
WC001762,Jasmijn,Doorhof,mde-vos@example.net,+31(0)480-455089,Nijlande,Belgium,2025-08-22,Yes
WC001763,Femke,Terry,hekkerivy@example.net,(004) 5985556,Driehuis NH,Netherlands,2024-11-10,Yes
WC001764,Kian,Steinmeiern,zaracosman@example.com,+31(0)479 951131,Onderdendam,Netherlands,2024-07-24,Yes
WC001765,Sterre,Keijser,maja02@example.net,+31(0)15 8962920,Nederasselt,Netherlands,2024-09-02,Yes
WC001766,Aron,van Wijk,hulshoutsfaas@example.org,+3160-6995840,Ophemert,France,2026-02-08,No
WC001767,Anna,van Saksen,wfremie@example.net,(0290) 376793,Vethuizen,Netherlands,2026-06-21,Yes
WC001768,Milou,van 't Houteveen,karlijn73@example.net,+3148-4935162,Hoogblokland,France,2024-03-25,Yes
WC001769,Zeynep,Ruijs,jurre12@example.net,0556-308675,Balkbrug,Netherlands,2026-02-08,No
WC001770,Tycho,Françoise,tycho22@example.com,+31630-172453,Breedenbroek,Netherlands,2024-11-08,No
WC001771,Karlijn,Schouten,dekkerjelte@example.org,+31(0)69 2208587,Oudwoude,France,2024-03-07,No
WC001772,Laura,Mudden,schipperryan@example.org,0953 838625,Margraten,Germany,2026-05-25,No
WC001773,Dina,Luboch,pvan-der-pouw@example.com,(0469) 907869,Kortgene,Netherlands,2024-12-01,No
WC001774,Mirte,Belpere,cjansen@example.org,0763-835785,Snikzwaag,Netherlands,2024-12-02,Yes
WC001775,Mila,van der Wal,van-beeck-beeckmanszeynep@example.net,+31725-110807,Renesse,Netherlands,2025-07-10,No
WC001776,Kaylee,van Henegouwen,sklein@example.net,+31(0)867 139321,Neede,Germany,2025-06-18,Yes
WC001777,Leon,Post,bryanheijmans@example.net,(0574)-170445,Froombosch,Germany,2024-08-09,Yes
WC001778,Puk,Hemma van Allemanië,lieke27@example.org,(002)-7686040,Elahuizen,Germany,2025-07-28,No
WC001779,Felix,van de Greef,jacksalet@example.net,+3193 2862388,Liessel,Netherlands,2025-04-10,Yes
WC001780,Victoria,Brands,tijmenbrands@example.org,069 8096295,Stedum,Belgium,2024-12-18,Yes
WC001781,Maaike,Lafleur,dlinschoten@example.net,+31(0)769-989669,Boazum,France,2025-08-26,No
WC001782,Norah,van Brenen,muhammedfechant@example.org,0186 438917,Smalle Ee,France,2023-09-29,Yes
WC001783,Luna,van Northeim,aaronde-vries@example.org,0648 932244,Neeritter,Germany,2024-03-22,Yes
WC001784,Lucas,Pauwels,moenensophia@example.org,+3159-7100720,Goëngahuizen,France,2025-11-02,No
WC001785,  Isabella  ,Steinmeiern,noutkoster@example.com,+31652-475474,Nijhuizum,Netherlands,2025-03-11,No
WC001786,Mika,Godfrey van Alemannië,,(003) 2856945,Ellertshaar,Belgium,2024-04-03,Yes
WC001787,Lizz,van Tours,bartwipstrik@example.org,+31(0)49 7533882,Alphen,Belgium,2023-09-02,No
WC001788,Lindsey,Overdijk,van-den-brandyassin@example.net,017-1241965,Jaarsveld,Netherlands,2025-05-08,No
WC001789,Michelle,van Laon,sophieperonne@example.org,+31(0)71 8339968,Hulst,France,2025-01-13,No
WC001790,  Benthe  ,Blokland,iwillems@example.org,+3164 4607398,Exmorra,Netherlands,2023-08-05,Yes
WC001791,Merle,Beourgeois,xavigeneart@example.com,(0937)-067646,Groot-Ammers,Netherlands,2024-08-27,No
WC001792,Merel,Luitgardis van Neustrië,anoukvan-den-bergh@example.com,(079)-2298137,Leiderdorp,Netherlands,2026-03-11,No
WC001793,Mason,Stoffel,le-grandstijn@example.net,(0266) 120145,Venlo,Germany,2024-04-11,Yes
WC001794,Yasmin,van der Stael,ude-gruijl@example.net,0204-778090,Deurze,France,2024-04-11,No
WC001795,Julie,Visser,phazenveld@example.com,089-9030626,Burdaard,France,2024-07-16,No
WC001796,Maja,van Wallaert,wbroeckx@example.net,+31(0)644 372959,Leidschendam,France,2023-12-25,Yes
WC001797,Bart,Charon,isabellawalsteijn@example.com,069 7684768,Hezingen,Germany,2024-01-26,Yes
WC001798,Faye,van den Berg,luc93@example.com,068 1922268,Zoetermeer,Belgium,2023-08-11,Yes
WC001799,Yfke,Jonkman,pkallen@example.net,(006) 0193748,Koog aan de Zaan,Germany,2025-08-20,Yes
WC001800,Teun,Olthof,schakelaarniels@example.net,+31(0)721-272061,Riel,Netherlands,2024-09-13,Yes
WC001801,Arie,de Leeuw,elisevan-den-henst@example.net,+31598-463824,Jellum,France,2026-05-04,No
WC001802,Kate,de Bruijn,jadriaense@example.org,(0264) 790509,Andel,Belgium,2024-01-13,No
WC001803,Mathijs,Geerts,joey48@example.net,+31(0)89 2695007,Noord-Scharwoude,France,2026-07-08,Yes
WC001804,Jennifer,Schilt,hamzamerckx@example.org,+31(0)09 3603493,Aarlanderveen,Germany,2024-05-20,No
WC001805,Eliza,Beekman,jennifer30@example.org,(091)-4136526,Wilsum,Netherlands,2026-02-10,Yes
WC001806,  Yusuf  ,de Reede,d-heriponrik@example.org,080 4920560,'s-Heer Arendskerke,Belgium,2024-07-21,Yes
WC001807,Zeynep,van Beieren,evivink@example.net,037 7014414,Gemonde,Netherlands,2025-08-05,Yes
WC001808,Aiden,de Wit,qpieters@example.net,+31(0)812 697711,Heeze,Netherlands,2024-11-05,No
WC001809,Luca,van der Heiden,frederiqueschenk@example.org,+31(0)233-971029,Baarland,Belgium,2024-04-21,Yes
WC001810,Floortje,Cornelisse,abooden@example.net,075 0615341,Lekkerkerk,Belgium,2025-12-18,Yes
WC001811,Maud,van Zwaben,adryaensmelissa@example.org,+31418 197450,Egmond-Binnen,Germany,2026-04-26,No
WC001812,Rik,van de Klashorst,kortrens@example.net,(066) 1542506,De Knipe,Belgium,2023-12-19,Yes
WC001813,Sander,Stichter,van-dalemkian@example.org,(0437) 120748,Helenaveen,Netherlands,2024-03-27,Yes
WC001814,Dean,Huijbrechts,van-der-heydendaniel@example.com,0213 820161,Hezingen,Netherlands,2024-02-05,Yes
WC001815,Jade,Furda,yvan-hagen@example.com,(017) 9996406,Beesd,Netherlands,2026-05-04,Yes
WC001816,Lex,Walter,kvan-mook@example.org,+31461-569384,Sint Maarten,France,2023-08-29,No
WC001817,Dylano,van Klaarwater,wesley05@example.org,(036) 7027024,Noordeinde Gld,Netherlands,2025-12-09,Yes
WC001818,Lot,Nijman,van-nusnorah@example.org,0147-729366,Winterswijk Corle,Germany,2025-05-22,No
WC001819,Jente,van Bovene,mustafabroeders@example.net,027-6322610,Stavoren,France,2024-06-12,No
WC001820,Kyano,Kunen,hidde00@example.net,(041) 7998998,Jellum,Germany,2026-01-05,Yes
WC001821,Sam,van Susa,adamrietveld@example.com,+3135-3214659,Anloo,France,2025-10-29,No
WC001822,Naomi,Verschuere,haackisabella@example.org,031-9333591,Ane,France,2023-08-17,Yes
WC001823,Joep,Blonk,mustafa78@example.com,(0932) 209313,Boelenslaan,Germany,2024-06-04,No
WC001824,Féline,Lamotte,otteluuk@example.org,+31221-418301,Broek in Waterland,France,2026-03-28,Yes
WC001825,Johannes,de Reede,wesselle-gulcher@example.org,+3137-9960363,Ansen,Belgium,2023-11-23,Yes
WC001826,Cornelis,Verboom,quinty06@example.com,062 4478934,Nieuwolda,France,2025-09-10,Yes
WC001827,Lucy,Wipstrik,dhoning@example.com,054-8682658,Feanwâlden,France,2024-02-14,Yes
WC001828,Jelte,van de Pavert,brittvan-t-houteveen@example.org,+31369-486490,Sprang-Capelle,France,2025-08-08,No
WC001829,Adam,Bruijne van der Veen,stangoyaerts-van-waderle@example.com,+31087-010319,Montfoort,Belgium,2025-02-22,Yes
WC001830,Dex,Slingerland,de-graafgiel@example.com,+31(0)673 602984,Briltil,Netherlands,2024-08-14,No
WC001831,Linde,Hak,vengels@example.net,(0333)-465170,Doorn,Netherlands,2026-06-03,Yes
WC001832,Elisabeth,van Ham,elizabethvan-den-nieuwenhuijsen@example.com,+31095-855386,Scharsterbrug,Belgium,2024-11-03,Yes
WC001833,Ivy,van Leeuwen,wesley08@example.net,(021)-5944155,Sprang-Capelle,Belgium,2025-05-23,No
WC001834,Lina,Grondel,van-vlietyara@example.org,0609-150204,Donkerbroek,Belgium,2025-08-13,No
WC001835,Dina,van de Biesenbos,aiden15@example.net,+3107-8637428,Ooij,Germany,2025-08-11,No
WC001836,Hailey,van Northeim,dlevesque@example.org,0083-805168,Sweikhuizen,Germany,2026-01-31,Yes
WC001837,Anne,Everde,rileywelf@example.net,+3184 3929200,Rottum,Germany,2025-09-07,Yes
WC001838,Sienna,Steenbakkers,van-leuvenpieter@example.net,+31(0)23-8876987,Rhenen,Belgium,2026-04-18,No
WC001839,Tijn,Koster,yassingroenendaal@example.org,0819-641370,Oploo,France,2023-12-19,Yes
WC001840,Karlijn,Risma,ovan-brunswijk@example.org,093 4938677,Epe,Netherlands,2025-08-24,Yes
WC001841,Dave,van de Brink,michellevan-ochten@example.net,(0646)-287493,Hoogvliet Rotterdam,Belgium,2026-01-31,No
WC001842,Tom,Hollander,finnlommert@example.net,+31(0)996-503061,Vreeland,Netherlands,2024-05-04,No
WC001843,Wesley,Cornelisse,aminde-koning@example.org,+3186-2493834,Asten,Germany,2026-04-20,No
WC001844,Nova,Charon,kayvan-grinsven@example.com,(048)-2177327,Ferwoude,France,2023-11-14,No
WC001845,Julian,van der Mast,schokmangijs@example.org,+31082-720076,Vught,Belgium,2024-01-20,Yes
WC001846,Vigo,Scholten,iris14@example.net,+3113-3239012,Schagen,France,2025-05-19,Yes
WC001847,Floor,van der Laarse,easchman@example.org,(0426)-310362,Nieuw-Balinge,Belgium,2024-12-28,No
WC001848,Hidde,Meis,alyssa39@example.org,0064-248296,Hurwenen,Belgium,2026-03-06,No
WC001849,  Noah  ,van der Hoeven,hvan-es@example.com,+31931-940202,De Glind,Netherlands,2026-01-31,Yes
WC001850,Maya,van Wel,vvan-beek@example.net,0538 548968,Toornwerd,Belgium,2023-08-22,Yes
WC001851,Ben,van Dokkum,weijterspieter@example.com,0489-864661,Geertruidenberg,Netherlands,2024-12-02,No
WC001852,Siem,Blonk,van-der-leekanna@example.net,0113-253803,Drouwen,Netherlands,2024-01-09,Yes
WC001853,Elena,van Engeland,oleguit@example.net,(099)-6833188,Huizinge,Belgium,2026-04-15,Yes
WC001854,Jinthe,van Salm,stimmermans@example.com,0455 885928,Dwingeloo,France,2026-04-30,No
WC001855,Britt,Groote,boazbrandt@example.com,+31252 332378,Almen,France,2024-10-07,No
WC001856,Jari,Hehl,juulwijland@example.net,+31(0)704-380175,Scharsterbrug,Netherlands,2025-10-10,Yes
WC001857,Quinty,van de Elzas,woudenbergmustafa@example.org,036 3371313,Ruinerwold,France,2024-11-20,Yes
WC001858,Ilse,Serra,ade-graaf@example.org,+3100-0154848,Luinjeberd,France,2026-01-05,No
WC001859,Mark,Ligtvoet,omoet@example.com,040 1081662,Wierum,Belgium,2026-02-14,No
WC001860,Jayden,Coreth von und zu Coredo und Starkenberg,peronnelenn@example.org,026-4861752,Usquert,Belgium,2026-07-30,No
WC001861,Bente,Koeman,wdie-bont@example.net,+31569 351956,Breezanddijk,Germany,2025-05-22,No
WC001862,Mustafa,van Leeuwen,waltrade-walderadejesper@example.com,+3130 2260606,'s-Heerenberg,Belgium,2026-07-23,No
WC001863,Amin,Aeije,kikiovereem@example.org,+31(0)045 902403,Workum,Germany,2025-04-08,No
WC001864,Alexander,Wunderink,julian50@example.org,(049)-3484535,Norg,Netherlands,2024-07-09,Yes
WC001865,Naomi,Backer,lhak@example.org,098-5873751,Erichem,Belgium,2025-01-23,No
WC001866,Catharina,Van Bragt,bhoning@example.com,+31(0)29-2217876,Spankeren,Netherlands,2024-05-15,No
WC001867,Sofie,Pauwels,elliskeano@example.net,+31369 668432,Geleen,Belgium,2024-02-03,No
WC001868,Micha,Stuivenberg,jelle32@example.org,(030)-7485131,Nijhuizum,Germany,2024-09-16,Yes
WC001869,Hidde,Hoelen,emily74@example.org,(085) 7085337,Doorn,Netherlands,2024-01-21,No
WC001870,Bram,Uit de Willigen,evan-gils@example.com,(067) 2309177,Schinveld,Belgium,2025-06-18,Yes
WC001871,Laura,van der ven,zde-gruson@example.net,037 1874441,Sint-Oedenrode,Netherlands,2025-07-27,No
WC001872,Mia,Brumleve,dvan-praagh@example.org,(0040)-334396,Woensdrecht,France,2024-11-29,Yes
WC001873,Jurre,Meeres,dewi22@example.org,+31501 566135,Schoonebeek,Belgium,2026-06-30,Yes
WC001874,Luc,van Grondelle,lflink@example.com,+3145-3988762,Doenrade,Belgium,2026-01-09,Yes
WC001875,Sil,Ellis,senn63@example.com,+3125 8917002,Geffen,Germany,2023-08-15,Yes
WC001876,Florian,van Salmen,sara15@example.com,(0476)-242624,Ingelum,Belgium,2024-05-12,No
WC001877,Vajèn,Bosman,fayede-roo@example.org,(072)-0351342,Biddinghuizen,Netherlands,2024-12-20,Yes
WC001878,Ayden,van den Henst,le-guelleclex@example.com,(082)-7171446,Heerlen,Netherlands,2023-11-16,No
WC001879,Sanne,van Leeuwen,kimbrese@example.org,+31(0)002-098061,Moerstraten,Germany,2024-03-17,No
WC001880,Elisa,Cammel,pvan-santen@example.net,+31(0)74 6733246,Breukeleveen,Netherlands,2024-04-29,Yes
WC001881,Suze,Zeldenrust,puck15@example.com,045 6726049,Sexbierum,France,2023-09-28,No
WC001882,Daphne,Kamp,daphne89@example.com,(003)-6495449,Dwingeloo,Germany,2026-07-19,No
WC001883,Adriana,Dries,jden-teuling@example.net,087 3392038,Homoet,France,2025-02-12,No
WC001884,Tristan,van Beaumont,loek66@example.org,(0007)-636708,Leiden,Germany,2024-11-14,No
WC001885,Evi,Brizee,quinten99@example.com,(026)-0115338,Oud-Beijerland,Netherlands,2026-01-11,No
WC001886,Kyan,Gellemeyer,chevressonevy@example.org,+31(0)068 719687,Schoonhoven,Netherlands,2025-02-04,Yes
WC001887,Rosalie,van de Ven,florianeerden@example.org,+31028 336341,Vledderveen,France,2024-08-22,Yes
WC001888,Michael,van Mare,thijmen33@example.net,0114-477260,Suwâld,Belgium,2023-12-07,Yes
WC001889,Jort,Pieters,lara73@example.net,(021) 6462258,Scharmer,Germany,2026-02-18,Yes
WC001890,Luca,Spreeuw,afortuyn@example.org,+3179 5242648,Stieltjeskanaal,France,2024-03-29,Yes
WC001891,Simon,Rijcken,lamoremilou@example.com,(0715) 363828,Britswert,Germany,2026-04-14,Yes
WC001892,Jan,van Geest,mayarisma@example.net,+3148-5456348,Den Ham,Netherlands,2025-08-18,Yes
WC001893,Liza,van Ginkel,annabelbosch@example.org,+31429-915686,Olterterp,France,2025-08-27,Yes
WC001894,Sofie,van de Velden,wilsonsylvie@example.org,+3154-6906947,Kilder,Belgium,2023-09-05,Yes
WC001895,Micha,van der Lede,ypotters@example.org,+31(0)989-923994,Limbricht,Germany,2026-02-14,Yes
WC001896,Jente,van den Assem,zvan-wallaert@example.net,0427 803112,Zweins,Netherlands,2025-02-18,No
WC001897,Jasper,van Suinvorde,nihoeliv@example.org,(042)-6492115,Blesdijke,Belgium,2025-01-29,Yes
WC001898,Evie,Weijters,rademakerdemi@example.org,0793 373535,Uithuizen,Netherlands,2026-04-10,No
WC001899,Liz,Weijland,yeijkelboom@example.com,(054)-6303406,Den Bommel,Netherlands,2026-05-18,No
WC001900,Tygo,de Smit,,,Koudekerke,Germany,2025-11-15,Yes
WC001901,Eva,Martens,sophia66@example.org,,It Heidenskip,Germany,2024-10-19,Yes
WC001902,Sophia,van de Noordmark,joel07@example.net,073-5755097,Odoornerveen,Germany,2025-06-22,No
WC001903,Elin,le Gulcher,jensmeyer@example.net,005 1597429,Lopik,Netherlands,2025-12-30,No
WC001904,Liza,le Briel,jvegt@example.net,+31314 193676,Odoornerveen,France,2024-09-29,No
WC001905,Zeynep,Robbrechts Bruijne,gde-plantard@example.com,(056)-0157183,Nijega,Netherlands,2024-12-29,No
WC001906,Lot,Hazenveld,riemsofie@example.org,050-5928318,Oirsbeek,France,2025-12-04,Yes
WC001907,Merel,le Gallen,vince96@example.com,047 9346974,Hoog-Keppel,Netherlands,2023-12-25,Yes
WC001908,Elena,Fremie,twan64@example.com,+31(0)909 548696,Spier,France,2024-08-11,Yes
WC001909,Amélie,van Berkel,lauren64@example.com,+3103 0869066,Diepenveen,France,2024-09-09,Yes
WC001910,Nikki,Massa,pimjacobs@example.com,(0529)-069686,Well,France,2023-08-17,Yes
WC001911,Jason,Bakker,rekties@example.org,(0602) 664007,Spijkerboor,France,2026-04-04,No
WC001912,Muhammed,Nieuwstraten,victorde-plantard@example.net,0975-874146,Papenhoven,France,2026-04-04,No
WC001913,Tara,Goudriaan,annabel95@example.net,+3109-9788247,Gemonde,Netherlands,2025-05-24,No
WC001914,Sofia,van Maaren,jan29@example.net,0875 835112,Afferden,Belgium,2026-05-24,No
WC001915,Megan,Bastiaense,joshua83@example.org,+31(0)75 0086528,Oosterwijk,Netherlands,2026-01-11,No
WC001916,Liv,Amalrada,silvan-ooste@example.org,+3129 5231441,De Kiel,France,2025-10-06,No
WC001917,Sienna,Strijker,maarten35@example.com,072 2870770,Swalmen,Netherlands,2024-01-26,Yes
WC001918,Valentijn,Heijmen,van-boulognemax@example.org,+31954 751070,1e Exloërmond,Netherlands,2023-11-06,No
WC001919,Ties,Oda,van-den-nuwenhuijzensiem@example.com,+3156 5287388,Toldijk,France,2026-03-11,No
WC001920,Zara,van der Veiver,fienevan-hostaden@example.com,+31(0)59 8158250,Werkendam,Germany,2026-02-21,Yes
WC001921,Kyara,van Goerle,gfrancoise@example.org,(0062)-012465,Middelharnis,Netherlands,2025-10-07,Yes
WC001922,Hailey,van den Oever,janna55@example.org,+31644 890316,Alphen aan den Rijn,Netherlands,2024-12-06,Yes
WC001923,Jake,Genefaas,unruoch-hunerikrayan@example.org,0141 140242,Drunen,Germany,2026-04-16,No
WC001924,Elena,van Breukelveen,aaron03@example.com,(096)-4216788,Beek,France,2025-08-21,Yes
WC001925,Sophie,Heribert van Laon,jinthe98@example.net,+3161 0452822,Teeffelen,Belgium,2024-07-27,Yes
WC001926,Indy,van Nus,broederskeano@example.net,+31(0)47-4400391,Vroomshoop,Belgium,2023-11-12,No
WC001927,Aya,Kalman,de-mardurascornelia@example.net,065 1366909,Gelderswoude,Netherlands,2026-04-30,Yes
WC001928,Yara,van Laar,heeremyrthe@example.com,0301 157383,Lollum,Belgium,2026-03-05,No
WC001929,Julius,van Ooste,pvan-buuren@example.org,+31052 336386,Renswoude,France,2026-03-31,Yes
WC001930,Ecrin,Marchand,ageldens@example.org,(0921) 001190,Glimmen,Belgium,2024-01-07,Yes
WC001931,Tess,Tielemans,xtotwiller@example.net,+31789 293348,Veendam,Netherlands,2025-10-19,No
WC001932,Aaron,Jones,maja10@example.com,+3199-0446086,Kamperveen,Belgium,2026-04-13,Yes
WC001933,Alyssa,Huurdeman,michaeleckhardt@example.com,+31090-122134,Indijk,France,2024-02-12,Yes
WC001934,Emily,Willemsen,fabian27@example.org,088-8617804,Wolvega,Netherlands,2026-06-07,No
WC001935,David,Lieshout,verschuerejill@example.com,+31(0)298-707415,Casteren,Netherlands,2023-10-20,Yes
WC001936,Kyano,de Heer,damiandachgelder@example.org,+31927 897223,Banholt,Belgium,2026-07-05,No
WC001937,Sofie,Veltman,frederique71@example.net,083 7625646,Soesterberg,Netherlands,2023-10-30,Yes
WC001938,Lauren,van den Heuvel,lindevan-der-heiden@example.org,+3155 0716845,Basse,France,2024-06-27,No
WC001939,Elisa,Bekbergen,invalid.email,+3105-4191336,De Cocksdorp,Netherlands,2023-08-28,Yes
WC001940,Juliette,van der Laar,obosman@example.net,071 7250049,Nieuw-Schoonebeek,France,2025-03-18,Yes
WC001941,Annemijn,van Loon,daphne25@example.net,+31744 867797,Steenbergen,Germany,2024-10-31,Yes
WC001942,Anouk,Verschuere,dirk21@example.net,+31(0)65-0092993,Chaam,Belgium,2025-12-31,Yes
WC001943,Bram,Verharen,ibruijne-van-der-veen@example.com,(043)-4227470,Tilburg,Germany,2025-04-08,No
WC001944,Bilal,Luster,isabelle88@example.net,0610-696031,Egmond aan Zee,Netherlands,2026-06-17,No
WC001945,Keano,Cammel,recerdani@example.com,+31(0)12-1782402,Deurningen,Netherlands,2023-08-09,No
WC001946,Noor,van Bergen,xgerritse@example.com,(091) 4523994,Teeffelen,Belgium,2025-09-22,Yes
WC001947,Tim,Dirksen,van-maremuhammed@example.net,0909 728042,Wintelre,France,2026-02-08,No
WC001948,Lily,van Allemanië,stella62@example.com,094 1493835,Elsloo,Germany,2026-05-13,No
WC001949,Lisanne,Manne,mohammed74@example.net,(020) 4848099,Westknollendam,Germany,2024-11-04,Yes
WC001950,Lizz,van Salm,joeyvertoor@example.com,+31(0)110 546235,Drogeham,Netherlands,2023-10-09,Yes
WC001951,Fenna,Moensendijk,michaelkerkhof@example.com,(0957) 901722,Rozendaal,France,2026-07-13,Yes
WC001952,Stan,van Gorp,van-toursjasmijn@example.org,+3166 2819142,Lepelstraat,Germany,2023-11-12,Yes
WC001953,Giovanni,Verboom,qde-smit@example.org,(0711)-552703,Hasselt,Germany,2024-11-07,No
WC001954,Jaylinn,van Doorn,khuls@example.org,0171 731038,Everdingen,Belgium,2025-01-14,No
WC001955,Lizz,Zevenboom,bloklandjulia@example.net,(018) 2814112,Berkenwoude,France,2025-04-10,No
WC001956,Daniel,van Riet,guus44@example.net,0149-046981,Siddeburen,Germany,2024-06-02,No
WC001957,Lana,van Haspengouw,matthias14@example.net,+31563 787950,Walem,France,2024-03-02,Yes
WC001958,Laura,de Groot,kvan-t-wel@example.org,+31(0)978 312877,Wijnbergen,Germany,2023-10-09,No
WC001959,Nina,Verschuere,elizepons@example.com,064-8489506,Dijken,France,2025-04-08,No
WC001960,Eva,ARTS,hubertsvince@example.com,(0312) 674229,Griendtsveen,Germany,2026-04-24,Yes
WC001961,Aaron,Stuivenberg,joep72@example.org,(0961) 052905,Rijpwetering,France,2026-02-09,Yes
WC001962,Meike,van der Maes,giel08@example.org,0542-112484,Huizen,Germany,2023-08-04,Yes
WC001963,Elise,van Ham,felinevan-wassenaar@example.com,+31574-213254,Heerewaarden,Netherlands,2025-10-12,Yes
WC001964,Charlotte,Jansen,dewismit@example.net,(0142)-994719,Bantega,Germany,2024-12-30,No
WC001965,Joëlle,Everde,qjansen@example.org,081-2891838,Esch,Germany,2024-10-25,Yes
WC001966,Teun,d' Heripon,,+31(0)09 4436892,Sijbekarspel,Netherlands,2025-01-10,Yes
WC001967,Marit,de Grote,niekverhoeven@example.com,+31(0)905-762704,Demen,Germany,2023-09-04,Yes
WC001968,Berat,Mathol,van-henegouwenselena@example.com,0497 848009,Burdaard,Netherlands,2025-04-14,No
WC001969,Boaz,van de Klashorst,dachgelderbente@example.com,(0358) 794175,Domburg,Netherlands,2024-09-21,Yes
WC001970,Chloë,Postma,robin99@example.org,(062) 8221099,Oud Ootmarsum,Germany,2026-06-21,Yes
WC001971,Linde,Wouters,van-ginnekekate@example.net,+31(0)16-3036919,Schoonoord,Belgium,2025-09-22,Yes
WC001972,Liz,van Hulten,isabel44@example.org,(0389) 830996,Eagum,France,2025-04-29,No
WC001973,Ties,Otto,ian82@example.com,+31234 574801,Everdingen,Belgium,2025-02-18,No
WC001974,Nova,van Grondelle,pwestermann@example.org,016 4330346,Eemdijk,France,2024-08-26,No
WC001975,Roos,Kriens,okolster@example.org,(0911) 942060,Oirsbeek,Germany,2026-01-24,No
WC001976,Kayleigh,van Bovenen,maaikegervais@example.org,(028) 6383952,Erlecom,France,2025-09-08,No
WC001977,Joep,van Bernicia,jellevan-arkel@example.net,+31252 798698,Ysselsteyn,France,2026-01-10,Yes
WC001978,Carlijn,Tammerijn,odaeline@example.org,0306-248834,Holthone,Germany,2025-06-29,Yes
WC001979,Ecrin,van Dongen,dex46@example.net,0673-157243,Stampersgat,Belgium,2024-02-24,No
WC001980,Joost,Backer,pukde-beer@example.net,+31(0)969 875837,De Veenhoop,France,2025-03-17,Yes
WC001981,Lotte,Duivenvoorden,kleybrinkluc@example.org,(026) 2546728,Wijckel,Netherlands,2025-10-21,Yes
WC001982,Noa,der Kijnder,charlottehuijzing@example.com,+31(0)897 009634,Zurich,Germany,2025-06-22,Yes
WC001983,Victoria,Gerritsen,hehlmohammed@example.net,+31073 213300,Winneweer,Germany,2025-06-01,No
WC001984,Nikki,van Brunswijk,,+31366 474271,Vrouwenparochie,Netherlands,2026-02-03,No
WC001985,Senna,Pastoors,amelieneuzerling@example.net,(0196)-024775,Demen,Netherlands,2023-10-30,No
WC001986,Jack,Luster,lindmaarten@example.com,+31(0)07 0996464,Rogat,Belgium,2023-09-12,Yes
WC001987,Lily,Koeman,avan-wickerode@example.org,+31(0)583-600737,Zuidvelde,Netherlands,2024-06-15,No
WC001988,Hamza,Matthews,alimeeres@example.net,+3188-6438360,Hauwert,Belgium,2026-04-22,Yes
WC001989,Morris,Sestig,jacobszakaria@example.org,(0902) 664718,Eerbeek,Netherlands,2023-12-12,No
WC001990,Quinn,van de Pavert,evi23@example.com,(013) 3728696,Puth,Germany,2026-01-17,No
WC001991,Lot,Recer,mohamedlieshout@example.com,(0838)-124351,Guttecoven,France,2026-03-25,No
WC001992,Nadia,de Ruiter,wooningashley@example.com,(0309)-606668,Schokland,Netherlands,2024-10-26,No
WC001993,Dylano,van Drenthe,amin92@example.org,036-8666433,Broek,Netherlands,2025-12-07,Yes
WC001994,Julius,Doesburg,aaron77@example.net,+3129 0885820,Leunen,Netherlands,2024-05-01,Yes
WC001995,Noud,Scholten,liviale-gallen@example.com,+31(0)01 9952294,Heesbeen,France,2025-06-11,Yes
WC001996,Cornelia,Mulders,lois29@example.net,+31(0)453 339981,Schijf,Germany,2025-10-16,No
WC001997,Fatima,Vermeulen,bryandriessen@example.org,088-1224350,Zurich,Germany,2025-07-21,No
WC001998,Bente,van der Horst,indy53@example.com,+31719 226652,Terwolde,Netherlands,2024-06-24,No
WC001999,Giel,Reijers,joelle78@example.org,+31888 126324,Wijchen,Netherlands,2025-04-02,No
WC002000,Sanne,Robbrechts Bruijne,verwoerthendrik@example.org,022 2981018,Voorhout,Germany,2026-05-24,Yes
WC002001,Lily,Verboom,zeynepde-jong@example.net,+31923-665626,Gieten,France,2024-08-05,Yes
WC002002,Tara,Gerrits,fstettyn@example.net,+3117-0831889,Westbeemster,France,2025-08-24,No
WC002003,Collin,van de Wal,joy89@example.org,+31403 928972,Zwiggelte,France,2025-02-16,Yes
WC002004,Annabel,de Keijser,van-klaarwaterfaye@example.com,+3182-1668030,Wijnjewoude,Netherlands,2024-12-26,Yes
WC002005,Tijmen,Draaisma,wesselgalenzone@example.org,+31610-995818,Stroobos,Belgium,2025-05-16,No
WC002006,Sepp,Vermeulen,ramakerlucas@example.net,0721 404109,Koudekerke,Germany,2025-12-08,No
WC002007,Julian,Guit,tyler81@example.com,+31(0)39 8814447,Bergen aan Zee,France,2025-03-12,Yes
WC002008,Julius,de Reede,elsenaarfatima@example.com,(054) 4221478,Olburgen,Germany,2024-04-02,No
WC002009,Jayda,van der Ploeg,amy28@example.com,+3199 0357762,Jaarsveld,Belgium,2026-06-28,Yes
WC002010,Elin,Hoekstra,wvertooren@example.com,046-9099225,Lutjewinkel,Belgium,2023-12-15,No
WC002011,Bibi,de Haas,vrijntjes@example.com,+31(0)50 8822269,Warten,Germany,2024-02-21,Yes
WC002012,Lauren,Brisee,helena43@example.com,+3113-3879012,Doornspijk,France,2026-03-29,Yes
WC002013,Muhammed,van Drenthe,mariavan-dalem@example.com,+31(0)323 449722,Harkstede,Germany,2024-05-05,Yes
WC002014,Elena,Geerling,valerieerhout@example.org,003-8161712,Holwerd,France,2025-02-10,Yes
WC002015,Britt,van Beek,oosterhekamira@example.net,+31(0)78 3880837,Enkhuizen,Belgium,2026-02-03,Yes
WC002016,Lola,Lommert,dvan-poppel@example.com,059-8921263,Oosterwolde,Netherlands,2024-02-20,Yes
WC002017,Hannah,Maaswinkel,wout58@example.net,0501-162520,De Koog,France,2026-02-03,Yes
WC002018,Silke,van Kasteelen,uvan-schweinfurt@example.net,027 9774992,Geijsteren,France,2026-04-25,Yes
WC002019,Fedde,Schroeff,van-de-biezenbosbryan@example.org,+31(0)85 5014856,Borssele,Germany,2024-03-07,Yes
WC002020,Anouk,Leguit,obrugman@example.org,+3172 7000423,Midsland,Netherlands,2024-10-01,No
WC002021,Boris,Verbruggen,goudriaanjade@example.net,(0504) 868441,Niekerk,France,2024-01-20,Yes
WC002022,Benjamin,van der Berg,roosenboomlaura@example.net,0857 898853,Kaard,Netherlands,2026-01-19,No
WC002023,Sarah,Matthews,thijmenden-teuling@example.net,+31(0)124-746802,Nisse,Netherlands,2026-04-08,No
WC002024,Rik,van Dijk,wvan-der-pluijm@example.org,+31036-436574,Berkhout,Belgium,2026-01-20,Yes
WC002025,Pien,van Olst,alyssasire@example.net,(070)-0708445,Wirdum Gn,Germany,2025-07-09,No
WC002026,Muhammed,Blom,sylvie78@example.org,0690-699474,Aldtsjerk,Belgium,2025-09-28,No
WC002027,Alex,Rippey,sebastiaan42@example.com,(001)-9586504,Sambeek,France,2024-01-18,No
WC002028,Aiden,van de Velden,hoogersjasmijn@example.com,(0840) 547481,Beerze,France,2024-11-14,No
WC002029,Jorn,Jansse,msmits@example.org,0667 171559,Grathem,Netherlands,2025-10-24,Yes
WC002030,Nout,Rotteveel,hvervoort@example.com,+31(0)82 9604953,Knegsel,Belgium,2023-10-24,Yes
WC002031,Jolijn,Keltenie,kayleigh32@example.com,015-1129576,Numansdorp,Belgium,2024-05-29,No
WC002032,Carlijn,de Gruil,jeggijella@example.com,0429-486421,Vrouwenparochie,Germany,2026-02-25,No
WC002033,Fleur,Doorhof,isabelverhoeven@example.org,037-5568948,Oudemolen,Netherlands,2024-07-12,Yes
WC002034,Julie,Claesner,keano47@example.org,+3132-0606658,Vlaardingen,Germany,2023-11-30,No
WC002035,Lizzy,Maaswinkel,cverharen@example.com,0754-813127,Oosterzee,Netherlands,2024-10-15,Yes
WC002036,Lex,Kof,rismatobias@example.com,0816-483043,Goor,Germany,2024-10-27,Yes
WC002037,Felix,van der Schuijt,lolavan-kasteelen@example.org,+31(0)22 4278453,Papekop,Netherlands,2026-06-08,No
WC002038,Féline,Wagenvoort,fremiequinty@example.org,(008)-1941152,Oudehaske,France,2025-03-17,No
WC002039,Janne,van de Veen,oomsmathijs@example.net,+31784 066002,Grave,France,2023-09-27,No
WC002040,Sebastiaan,Wouters van Eijndhoven,charlottevan-bunschoten@example.org,+31(0)067-752559,Koedijk,Belgium,2025-11-13,No
WC002041,Sten,van der Ploeg,romyadriaensdr@example.com,(086) 4323355,De Bult,Belgium,2025-09-15,No
WC002042,Josephine,Schouten,job04@example.com,+31928 480102,Zegge,France,2023-09-30,Yes
WC002043,Mustafa,Romijn,jvierdag@example.org,0620-051612,Zenderen,Belgium,2024-07-18,No
WC002044,Elize,van Ooyen,valentijnvan-den-wittenboer@example.org,(0378)-255189,Oudega,Belgium,2025-07-31,Yes
WC002045,Imran,Bernaards,chris33@example.org,+31(0)263-389091,Steenbergen,Netherlands,2024-10-27,No
WC002046,Daan,Terry,keano72@example.com,+3128-1378793,Kapel Avezaath,France,2024-09-23,Yes
WC002047,Brent,van Ommeren,fkalman@example.net,+31534 314150,Westerlee,France,2024-10-13,No
WC002048,Ruben,Steenbakkers,pvan-beek@example.com,083-8149287,Nijlande,Germany,2024-12-15,Yes
WC002049,Noor,Schelvis,nweijland@example.org,043 2524264,Koudekerk aan den Rijn,Germany,2025-03-06,No
WC002050,Jolie,Post,qvan-ooste@example.net,+31391-293973,Nieuwpoort,Belgium,2025-05-25,No
WC002051,Finn,van Boulogne,imerckx@example.com,+3151 1200650,Rhenen,Netherlands,2025-07-28,No
WC002052,Aya,Pastoors,xslagmolen@example.net,0164-552314,Roderesch,France,2025-07-13,No
WC002053,Boris,Moenen,ilse82@example.org,(010) 1163109,Medemblik,France,2024-05-23,Yes
WC002054,Arie,van Spreuwel,yveenendaal@example.net,+31(0)267 645172,Urk,France,2025-09-25,Yes
WC002055,Sjoerd,Weyland,puk62@example.com,(034)-9775949,Raalte,Netherlands,2023-11-10,Yes
WC002056,Zoë,Moet,noravan-verdun@example.net,0456-073675,Dijken,Belgium,2024-07-09,Yes
WC002057,Tobias,de Bruyn,ybrese@example.org,(0628) 099453,Kootwijk,Netherlands,2026-07-16,No
WC002058,Maud,van Leeuwen,sterkmandylano@example.com,(0059)-624217,Erlecom,Germany,2025-05-03,No
WC002059,Hanna,Dachgeldt,ponsjuul@example.org,+31581 982153,Schardam,Netherlands,2023-11-09,No
WC002060,Fabiënne,Rijn,loiskleybrink@example.com,0795 422854,Bitgummole,Netherlands,2025-08-03,Yes
WC002061,Hendrik,Meijer,mia95@example.org,033 3460338,Monster,Germany,2023-10-12,Yes
WC002062,Hanna,Carnotte,wvan-der-veiver@example.com,+31(0)41 8175131,Wijlre,Belgium,2023-12-27,Yes
WC002063,Luna,Alpaidis,renske19@example.org,(0168)-386398,Eibergen,Netherlands,2024-11-17,Yes
WC002064,Meike,van Ooyen,myrthe54@example.org,+31(0)888-976074,Snelrewaard,Netherlands,2025-12-30,Yes
WC002065,Siem,Velderman,linde46@example.com,+31(0)968-536863,Oosteind,Germany,2023-12-22,No
WC002066,Aya,Koret,jill20@example.com,0433-685323,Tolkamer,Belgium,2026-07-13,No
WC002067,Ize,van Munster,fatima90@example.org,(075)-1831788,Loosbroek,France,2025-01-06,Yes
WC002068,Bjorn,de Grote,van-den-nuwenhijsenceylin@example.org,0115 022238,Winterswijk,France,2024-02-14,Yes
WC002069,Jelle,Scharroo,tboetet@example.com,+31(0)985 914886,Groede,Belgium,2024-01-06,No
WC002070,Ilse,Wendt,verbeekyara@example.com,(0850)-055048,Cuijk,Germany,2024-11-14,No
WC002071,Michael,Uphus,van-geenenisa@example.net,085-9234625,Boksum,Netherlands,2025-09-07,Yes
WC002072,Lois,Steenbeek,yassin43@example.org,+31579 082545,Maarheeze,Netherlands,2025-12-09,Yes
WC002073,Anouk,Hak,pieter72@example.net,+31(0)350-035250,Ysbrechtum,Belgium,2023-10-18,Yes
WC002074,Faye,van Geenen,dewi36@example.net,(015) 5593857,Heeten,Belgium,2025-01-15,Yes
WC002075,Anouk,Fechant,xvan-de-ven@example.org,(013) 9634385,Vinkeveen,France,2024-02-23,No
WC002076,Bram,Brouwer,,+3140-5034252,Mierlo,France,2026-02-09,Yes
WC002077,Kiki,van Herstal,van-de-eerenbeemtisabelle@example.org,088-8552855,Wieringerwerf,Belgium,2025-06-20,No
WC002078,Maya,Steinmeiern,pheerkens@example.net,+31(0)475-806156,Ingelum,Belgium,2023-08-30,Yes
WC002079,Jade,Molen,arthur98@example.com,+31(0)91 2941722,Hoge Hexel,France,2025-10-23,No
WC002080,Selena,van Wijland,daphnehaengreve@example.net,0218-593059,Zeijen,Belgium,2024-02-14,No
WC002081,Dana,Wipstrik,uvrancken@example.org,(006)-3848119,Gemert,Germany,2026-01-26,No
WC002082,Laurens,van Suinvorde,de-boernynke@example.org,(018)-6013215,Drimmelen,Belgium,2026-06-09,No
WC002083,Zoë,Simonis,bcant@example.net,+31(0)80 2808068,Beerta,Netherlands,2023-12-31,No
WC002084,Lotte,Uphaus,roodesteijnevy@example.com,067 9221264,Varik,France,2024-11-03,No
WC002085,Suze,van Orleans,ade-haas@example.com,(0364)-414493,Loënga,Netherlands,2024-12-25,Yes
WC002086,Zoë,de Wit,lize23@example.org,0317 799269,Ten Boer,Belgium,2026-02-15,No
WC002087,Lisanne,Cadefau,justingroenestein@example.com,+31932 086151,Bergambacht,Belgium,2026-01-11,Yes
WC002088,Anouk,Paillet,rowanvan-den-eijssel@example.com,+31(0)481-156413,Wijckel,Netherlands,2026-04-14,No
WC002089,Fabiënne,Pieters van der Maes,stellasoos@example.org,+31(0)63 7198909,Schijf,Netherlands,2026-02-20,No
WC002090,Stefan,van Breugel,qkolen@example.org,+31(0)172 159867,Tholen,Netherlands,2025-10-31,Yes
WC002091,Lana,Verbeek,maryam09@example.net,+31813-021237,Haaften,Netherlands,2024-11-16,No
WC002092,Fedde,van Poppel,van-der-steensarah@example.net,+31(0)968-656052,Ooij,Germany,2025-09-22,Yes
WC002093,Simon,Furda,damian85@example.com,+31(0)589-110751,Nijeberkoop,Belgium,2024-06-06,Yes
WC002094,Duuk,Martens,versluijsmila@example.org,+31(0)763 702751,Riel,Belgium,2023-08-13,No
WC002095,Evy,Zeemans,tylerketting@example.org,+31915 391542,Haalderen,Belgium,2025-11-24,No
WC002096,Berend,van Loon,jinthe63@example.org,+31403-697521,Beemte Broekland,Netherlands,2024-12-15,No
WC002097,Esther,Doorhof,marinus56@example.com,+3146-4172496,Gauw,Belgium,2025-05-01,Yes
WC002098,Amina,Horrocks,spruytsofie@example.org,(015)-7450498,Kinderdijk,Belgium,2023-12-31,Yes
WC002099,Mats,Serra,wilckenmara@example.com,041-2930648,Bornwird,Netherlands,2025-09-17,Yes
WC002100,Niek,Kleybrink,hidde85@example.com,(0534) 183874,Baarn,Germany,2024-02-14,No
WC002101,Lize,Heere,ayden28@example.net,+31(0)811 169392,Westzaan,Germany,2024-03-05,No
WC002102,Sienna,Lathrope,ise19@example.com,+31(0)927 368449,Eefde,Netherlands,2023-08-15,No
WC002103,Zoey,van Ginkel,van-den-hoekceylin@example.org,+3171 9047890,Bentelo,Netherlands,2025-09-17,No
WC002104,Kyan,Thomas,sennade-gruijl@example.net,0168 821826,Epen,Belgium,2025-11-27,Yes
WC002105,Valentijn,Overdijk,rvan-den-broek@example.net,006 0076047,Nieuwer Ter Aa,Netherlands,2025-10-30,Yes
WC002106,Amelia,de Bruin,marevan-der-mast@example.org,+31(0)212-298605,Lomm,Netherlands,2025-07-30,No
WC002107,Mustafa,Verwoert,jochemsphileine@example.com,+31(0)539 891537,Assen,Belgium,2025-12-12,No
WC002108,Wesley,Verkade,jonaslamore@example.org,+31328-621999,Groot-Ammers,France,2025-07-13,Yes
WC002109,Merel,Peterse,van-den-nieuwenhuijsensam@example.com,(0049)-061916,Hekendorp,Belgium,2025-10-03,Yes
WC002110,Elisabeth,de Bont,lottespruyt@example.com,+31(0)371-598848,Loon,Belgium,2025-12-17,Yes
WC002111,Fabian,Visser,van-den-veldenadia@example.net,(0251)-681485,Kapelle,Belgium,2024-10-03,Yes
WC002112,Senna,Boetet,tessa05@example.com,008 0330235,Leersum,Belgium,2025-12-08,No
WC002113,Jesper,van Dijk,petersenout@example.com,+31(0)53 7028419,Oude Wetering,Germany,2025-12-16,Yes
WC002114,Jens,Vertoor,jordyjansen@example.net,0018-355951,Dwingeloo,France,2024-11-03,Yes
WC002115,Melle,Smits,bjorn84@example.org,+31806-314996,Driebruggen,Belgium,2026-07-11,Yes
WC002116,Morris,Hondeveld,zrouwenhorst@example.com,+31(0)83-5945216,Borgsweer,Germany,2026-04-16,No
WC002117,Suze,Simonis,qluboch@example.com,0645 575308,Haghorst,Germany,2024-07-05,No
WC002118,Sam,Heribert van Laon,hugowestermann@example.net,(006)-9184023,Groot-Ammers,Belgium,2024-06-17,Yes
WC002119,Mats,Jansse,berattamsma@example.org,0574-988474,Leerdam,Belgium,2023-10-15,Yes
WC002120,Abel,Bolkesteijn,maud47@example.net,(0897)-138677,Velden,Germany,2025-11-30,Yes
WC002121,Thijs,Berendse,lois60@example.org,+31(0)657 536673,Nieuwehorne,France,2025-03-21,No
WC002122,Marit,van Luinenburg,van-brenenhanna@example.com,(072) 0488756,Graauw,Germany,2025-01-03,No
WC002123,Esmee,Koning,sarahellis@example.org,+3117 0971562,Rossum,Netherlands,2025-02-13,Yes
WC002124,Kate,Velderman,isabellaamalrada@example.net,086 4876911,Nieuwaal,France,2023-08-06,Yes
WC002125,Lieke,Sire,yasmine69@example.net,+31(0)37-2376254,Blokzijl,Netherlands,2025-06-22,Yes
WC002126,Bente,Dachgelt,fayblom@example.com,+31(0)88-2723916,Leersum,Netherlands,2024-04-15,No
WC002127,Pleun,van Gorp,mees08@example.net,+3182 2750078,Landgraaf,Belgium,2025-04-29,No
WC002128,Veerle,Meijer,catharinalambregt@example.net,0252 442041,Grijpskerk,Germany,2024-03-07,No
WC002129,Damian,Wendt,jhulst@example.net,0294-333955,Ulft,Netherlands,2025-10-20,Yes
WC002130,Johanna,Chevresson,demi97@example.net,086 2232150,Nijensleek,France,2025-10-11,Yes
WC002131,Annabel,van Kusen,vkathagen@example.com,073-7385992,Loppersum,Netherlands,2026-05-14,Yes
WC002132,Rick,Scholten,markwutke@example.net,(069)-8171556,Wageningen,France,2024-09-25,Yes
WC002133,Jelte,Dachgeldt,thijs69@example.org,(0195) 719642,Sittard,Belgium,2024-10-19,No
WC002134,Jamie,Le Marec,isabel21@example.com,0727-792902,Hippolytushoef,Germany,2024-10-28,Yes
WC002135,Victor,Rietveld,loes69@example.net,(006)-6663542,Zevenhoven,Germany,2025-10-28,No
WC002136,Benthe,van Gils,hvan-verdun@example.com,0909-819587,Eppenhuizen,France,2026-02-24,No
WC002137,Adriana,Bernaards,jonathan52@example.org,+31(0)29-8063716,Ridderkerk,Netherlands,2026-06-22,Yes
WC002138,Dirk,Gnodde,van-mookmaaike@example.net,076-4765152,Hoogeloon,Belgium,2025-09-20,No
WC002139,Linn,Vos,kiki75@example.org,(0127)-777365,Koudekerke,Belgium,2026-01-27,Yes
WC002140,Liv,van Breukeleveen,aimee51@example.org,+31373 470417,Oranje,Germany,2024-09-18,Yes
WC002141,Romy,Dennenberg,justinroom@example.org,(040)-6703952,Boekel,France,2026-07-27,No
WC002142,Jennifer,Bruynzeels,mdachgelt@example.com,+31(0)25-9080988,Emst,Belgium,2024-06-14,No
WC002143,Cas,van Arnsberg,vvan-oostendorp@example.org,(0913)-342340,Mijnsheerenland,France,2024-12-07,No
WC002144,Ruben,Houdijk,elisa50@example.org,+31(0)42-5589476,Sint Odiliënberg,Germany,2025-04-17,No
WC002145,Dean,Gerrits,wilckenbo@example.org,+3189 0630724,Eethen,France,2024-07-08,Yes
WC002146,Mohammed,van de Berg,noortjehuisman@example.com,+31(0)840 695862,Nieuwebrug,Netherlands,2024-04-04,No
WC002147,Morris,Schatteleijn,lily45@example.com,050-5267680,Nieuw-Roden,Netherlands,2025-07-28,Yes
WC002148,Jinthe,Vrancken,floriswillems@example.net,+3111-1924732,Emmer-Compascuum,Netherlands,2023-12-12,No
WC002149,Johannes,de Groot,janvan-den-nieuwenhuijsen@example.net,011-3043059,Soerendonk,Netherlands,2025-09-15,Yes
WC002150,Luka,van den Nuwenhuijzen,jjacquot@example.org,013 6196029,Bunne,Germany,2026-02-12,Yes
WC002151,Puck,van Luin,selenakas@example.com,+31748 309759,Schinveld,Netherlands,2025-05-10,No
WC002152,Vince,Sterkman,esmee55@example.org,0198 217705,Sleen,France,2024-08-24,No
WC002153,Brian,Lommert,elisabeth73@example.net,004-4573815,Wijdenes,Netherlands,2024-12-23,No
WC002154,Mohamed,Brouwer,brenthoning@example.com,(0626) 556830,Vlieland,France,2026-02-12,Yes
WC002155,Kyara,van Opper-Lotharingen,hulstfinn@example.org,+3138-1342057,Katwoude,France,2025-09-09,No
WC002156,Hannah,Moensendijk,finn07@example.org,0139 429548,Kaatsheuvel,Belgium,2025-11-13,No
WC002157,Stijn,Miner,jtexier@example.net,(0026)-627254,Eersel,Belgium,2024-06-26,No
WC002158,Berat,van den Nyeuwenhuysen,de-jongefabienne@example.org,+31236-111412,Blauwhuis,Germany,2025-08-24,No
WC002159,Thijs,Salet,whakker@example.org,0572 755403,Doldersum,Germany,2024-03-07,No
WC002160,Mirte,Heijmans,noahouwel@example.com,,Leuvenheim,Germany,2024-05-10,Yes
WC002161,Jurre,van Gastel,svan-de-ven@example.net,(042) 0284538,Annerveenschekanaal,Belgium,2025-05-08,Yes
WC002162,Tygo,Manne,pvan-der-leek@example.net,+31836-809071,Westerhaar-Vriezenveensewijk,France,2025-03-26,Yes
WC002163,Ryan,van Northeim,joris43@example.org,(031)-3652015,Spanbroek,Netherlands,2023-12-16,Yes
WC002164,Emma,van Beek,lieke05@example.org,+31(0)03 7892944,Langedijke,France,2025-03-01,Yes
WC002165,Inaya,Veenstra,van-dammeike@example.net,+31670-119104,Voorst,Belgium,2026-03-09,No
WC002166,Yusuf,Lind,ghuel@example.net,(013)-7261797,Hollandscheveld,Netherlands,2026-07-29,No
WC002167,Jolie,Wolzak,evie10@example.org,(0573) 253528,Siegerswoude,Netherlands,2024-10-08,No
WC002168,Hanna,van Spreuwel,owenverboom@example.net,087-1769011,Dordrecht,Belgium,2024-09-28,Yes
WC002169,Hanna,van Mook,gerrit42@example.com,(024) 0757730,'s-Heerenhoek,Germany,2024-02-24,Yes
WC002170,Romy,Ansems,mbos@example.org,(0144)-110826,Velp,Netherlands,2026-03-06,Yes
WC002171,Dewi,Furda,scuylenborchsmarit@example.com,(0936)-781666,Offingawier,Netherlands,2025-02-26,No
WC002172,Amin,Brizee,pwilmont@example.net,+31905-104453,Zorgvlied,Belgium,2025-01-17,Yes
WC002173,Lana,van den Berg,van-soestphileine@example.com,+31(0)73 9442473,Heerenveen,France,2026-06-02,Yes
WC002174,Kyara,Jones,bolkesteijndewi@example.com,045 0251084,Aalsum,Germany,2023-10-25,No
WC002175,Mirthe,Kof,jens09@example.com,0113-478342,Tijnje,France,2025-03-13,No
WC002176,Mia,Karels,dorsmanstef@example.net,+31836-218189,Scheerwolde,France,2024-03-08,No
WC002177,Ivy,Greij,van-praaghelif@example.com,+3187 4528713,Bitgum,Germany,2024-07-15,No
WC002178,Dave,Heijman,qvan-buuren@example.org,+31422-335114,Ryptsjerk,Germany,2024-10-09,Yes
WC002179,Maurits,Lommert,doorhofliam@example.org,015-3419434,Amstelhoek,France,2024-11-21,Yes
WC002180,Loes,Aertsz,daan88@example.net,073 7692826,Zandvoort,Belgium,2023-08-12,Yes
WC002181,Jenna,Vergeer,huismanluka@example.com,+31164-918881,Broek in Waterland,Netherlands,2025-03-03,Yes
WC002182,Sarah,Bertho,fayvan-stralen@example.net,(0636)-002128,Lekkum,France,2025-06-03,Yes
WC002183,Norah,Room,bruijne-van-der-veenliam@example.net,063-5201562,Hezingen,Germany,2024-04-08,Yes
WC002184,Linn,van der Smeede,milokamp@example.org,0753 192585,Idzega,France,2025-02-18,Yes
WC002185,Sebastiaan,Rijcken,niels57@example.net,(0688)-779308,Zegveld,Netherlands,2023-09-01,No
WC002186,Lieke,Veenendaal,ogalenzone@example.net,+31(0)673-460731,Lekkum,Germany,2024-07-24,No
WC002187,Luc,Hekker,danigeldens@example.com,+3127-2526441,Spier,Germany,2023-09-22,No
WC002188,Linde,Briere,ehulskes@example.org,0572 403536,Huisseling,Netherlands,2024-05-13,No
WC002189,Micha,Kof,evertsannabel@example.com,(041) 9703321,Zijdewind,Belgium,2023-09-29,No
WC002190,Ayoub,de Man,ecrinoversteeg@example.net,(027)-0301202,Ingelum,Netherlands,2024-07-22,No
WC002191,Sophie,Slingerland,qevers@example.com,018-7596250,Lent,Netherlands,2023-11-27,Yes
WC002192,Keano,Everts,hazenveldnoah@example.com,+31068 907333,Wittelte,Netherlands,2025-09-04,No
WC002193,Sofie,Schelvis,spruytadriana@example.com,+3134 1094641,Zetten,Netherlands,2026-03-29,Yes
WC002194,Bastiaan,van Berkel,kvan-berkum@example.com,(008)-2114466,Dreumel,France,2026-06-20,Yes
WC002195,Quinn,Jansen,clamore@example.com,(054) 7853931,Dreischor,France,2025-06-10,Yes
WC002196,Jim,van den Brand,romy15@example.com,,Kerkenveld,Netherlands,2025-01-03,No
WC002197,Daan,Blom,yusuf39@example.org,+3192 2717657,Zeist,Belgium,2025-10-07,No
WC002198,Lara,Lelijveld,weerdenburgjolie@example.org,+3185 8728182,Baaium,France,2024-03-28,No
WC002199,Daniel,Brievingh,vvan-doorn@example.org,(0382)-494339,Ingber,Netherlands,2023-09-25,No
WC002200,Arthur,Zwart,roosenboomlauren@example.com,+31342-935286,Weesp,Belgium,2025-04-08,Yes
WC002201,Lucy,Vallenduuk,jesper39@example.com,+31(0)25-8289981,Rumpt,Germany,2024-11-26,Yes
WC002202,Job,van Bergen,rvan-evelingen@example.org,+3128-2712536,Milsbeek,Germany,2024-02-26,No
WC002203,Mustafa,de Gruijl,bibibierstraten@example.com,+31(0)708-843461,Leur,Netherlands,2025-04-17,Yes
WC002204,Isabella,Suijker,svan-santen@example.net,+31(0)659-438053,Hoogeveen,Belgium,2024-04-07,No
WC002205,Suus,Van Bragt,danique49@example.net,0655-230016,Oppenhuizen,France,2025-07-20,Yes
WC002206,Dirk,van Luyssel,bo60@example.net,0000-989461,Opeinde,Germany,2026-01-04,No
WC002207,Lisanne,Hak,van-de-brinkmarijn@example.net,069 8431884,Retranchement,Germany,2025-06-06,Yes
WC002208,Hamza,van Mispelen,elbertsedewi@example.net,+3133-4857450,Valburg,France,2025-02-23,No
WC002209,Dave,Nedermeijer,erhoutjake@example.com,+31(0)248-106508,Kapellebrug,Germany,2024-09-26,No
WC002210,Maud,den Teuling,mohammedvan-baalen@example.org,086-0714846,Heino,France,2024-08-16,No
WC002211,Mette,Fremie,mathijs36@example.com,+3188-1553731,Norg,Belgium,2024-05-07,No
WC002212,Dirk,van der Wal,striksebastiaan@example.org,+31(0)384 556747,Wolvega,Netherlands,2025-05-16,No
WC002213,Roos,Ouwerkerk,zoeyvan-roijen@example.com,+31(0)393 543634,Marsum,Netherlands,2024-11-18,No
WC002214,Bjorn,van der Laan,jslingerland@example.com,(0408) 995859,Jisp,Germany,2024-11-10,No
WC002215,Iris,Garret,jorisde-plantard@example.org,+31443 732215,Overschild,Netherlands,2023-12-22,No
WC002216,Pien,Keijzer,kvertooren@example.org,+31(0)01 3051619,Nieuw-Roden,Germany,2025-05-29,Yes
WC002217,  Alex  ,van Olst,maregalijn@example.org,+31932-889521,Woltersum,Germany,2025-12-28,No
WC002218,Liz,Passchiers,yusufvan-santen@example.org,068-2744801,Westhoek,Netherlands,2024-05-02,Yes
WC002219,Noa,van der Maes,van-der-lindensuze@example.org,+31(0)60 9959834,De Heen,Netherlands,2025-08-27,Yes
WC002220,Fien,Bouhuizen,mde-bont@example.org,+31(0)88 3832290,Velp,Germany,2024-05-17,No
WC002221,Beau,le Matelot,thijmen17@example.org,0819 587685,Koudekerk aan den Rijn,Germany,2024-05-03,No
WC002222,Dewi,Bolkesteijn,ecrin20@example.net,(0086) 511960,Hoogland,Netherlands,2025-05-09,Yes
WC002223,Nadine,Hermans,jmarchand@example.org,(080) 9897444,Lutjebroek,Belgium,2025-02-17,Yes
WC002224,Damian,van Loon,sstange@example.net,(0113)-830533,Zieuwent,Germany,2024-07-06,No
WC002225,Wessel,Thomas,fay93@example.org,+3174-4855314,Heemskerk,Netherlands,2025-04-07,No
WC002226,Victor,van der Horst,mohamed24@example.com,+31(0)541 384645,Nijehaske,France,2023-09-20,No
WC002227,Maya,Rijntjes,sep49@example.com,0867-283496,Neer,Germany,2023-09-23,Yes
WC002228,Thijs,Wever,noelleblonk@example.org,+31856-149382,Uitdam,Germany,2023-12-30,No
WC002229,Guusje,Hoogers,liza26@example.org,(0556)-846606,Neerkant,France,2025-12-15,Yes
WC002230,Lois,van Schweinfurt,jonas62@example.com,+31(0)01-8672749,Haaren,Netherlands,2025-12-26,No
WC002231,Jorn,Keijser,jde-bruin@example.net,(0036)-740742,Oijen,France,2025-10-03,Yes
WC002232,Tijs,Billung,milabecht@example.org,(0303)-884426,Eelde,Belgium,2024-05-04,Yes
WC002233,Mart,Aertsz,mohamedvan-kuijc-van-malsen@example.org,(0710)-543453,Amstenrade,France,2024-02-28,No
WC002234,Pim,van Enschot,tijmenvan-es@example.org,0212 313146,Wijk en Aalburg,Belgium,2026-04-20,No
WC002235,Beau,Wendt,bart02@example.com,0940-754884,Baarland,Germany,2025-06-05,No
WC002236,Janna,Govarts,daniels-gravensande@example.com,+31(0)870 468660,St.-Jacobiparochie,Germany,2026-02-20,No
WC002237,Tirza,Vergeer,gde-bruyn@example.org,+31099-375418,Zutphen,France,2026-02-06,No
WC002238,Nina,van Wijland,eversnoa@example.net,(0572) 841571,Follega,Netherlands,2025-04-01,Yes
WC002239,Fabiënne,de Keijzer,tobiasvan-bragt@example.net,+31(0)39-9522555,Harkema,Germany,2025-04-28,No
WC002240,Guus,de Gruijl,nweeldenburg@example.net,027-0010906,Wolvega,Germany,2023-09-14,No
WC002241,Rowan,Uittenbosch,sofie64@example.net,+31210 438212,Landerum,France,2024-01-17,Yes
WC002242,Mika,van Vermandois,,0152-055606,Tollebeek,France,2025-01-16,Yes
WC002243,Carlijn,van der Meer,willem11@example.org,(0606)-183446,Bergen op Zoom,Belgium,2025-06-14,No
WC002244,Seth,van Munster,morris54@example.com,(056) 4470167,Beltrum,France,2024-09-19,Yes
WC002245,Gijs,van der Velde,cvan-der-meer@example.org,006-3203483,Borgercompagnie,France,2025-12-05,No
WC002246,Merel,Wilmont,masonverboom@example.com,+3139 6799336,Goëngahuizen,Germany,2024-08-02,Yes
WC002247,Meike,de Grote,kayleigh24@example.com,022 9361262,Geervliet,Germany,2024-05-13,No
WC002248,Simon,berendse,tamsmakian@example.net,035 7197769,Waaksens,Netherlands,2025-09-30,Yes
WC002249,Dave,van Velzen,dylano30@example.net,+31662-351063,Steggerda,Belgium,2025-03-30,Yes
WC002250,Jinthe,van de Ven,jenniferboer@example.net,+31966 110180,Glane,France,2023-11-28,No
WC002251,Joshua,Rek,nynkehexspoor@example.org,+31(0)202-668861,Hellouw,Netherlands,2024-04-29,Yes
WC002252,  Tristan  ,Hulst,vigoansems@example.com,+3110 0860936,Bodegraven,Netherlands,2024-02-19,Yes
WC002253,Pippa,Feenstra,hde-grote@example.com,+3125 3166955,Sint-Michielsgestel,Netherlands,2024-03-17,Yes
WC002254,Niek,van de Pavert,lhuijben@example.org,(0896) 976962,Eemnes,France,2023-11-06,Yes
WC002255,Lisa,van Bruchem,lizzy68@example.com,(0687)-914766,Gorredijk,France,2024-10-25,No
WC002256,Puk,Vermeulen,mariade-keijzer@example.org,+3194 2762356,Hollum,Netherlands,2025-07-10,Yes
WC002257,Elisa,Zwijsen,ivyvan-den-bosch@example.org,0414-879981,Oudeschans,Belgium,2025-02-03,No
WC002258,Noud,Huberts,jennavan-dalem@example.com,(065)-5252847,Pietersbierum,Germany,2023-10-15,No
WC002259,Berend,van der Linden,lara47@example.com,(015) 0018618,Asten,Germany,2023-08-09,Yes
WC002260,Stijn,van der Maath,rackhambas@example.com,0389 530707,Stadskanaal,France,2024-02-16,Yes
WC002261,Elisa,de Bont,ejansse@example.com,+31(0)334-812069,Thorn,Netherlands,2026-01-08,No
WC002262,Vajèn,van Nederlotharingen,stefan07@example.com,(096) 3078522,Volendam,Germany,2025-12-12,No
WC002263,Milan,Spaan,hendrik03@example.org,+3178 5680583,Someren,Belgium,2025-09-28,No
WC002264,Jorn,Ketting,phaneberg@example.net,000 9805949,Scherpenisse,Germany,2024-10-29,Yes
WC002265,Johannes,Rousselet,xkronenberg@example.com,+3112-2930360,Winterswijk Corle,France,2023-12-28,Yes
WC002266,Angelina,van Grondelle,alexander85@example.net,084 8582552,Beltrum,France,2026-01-20,Yes
WC002267,Matthijs,Booden,lukanijman@example.com,(039)-1644439,Gorinchem,Belgium,2024-07-20,No
WC002268,Tessa,Merkx,ameliavan-de-ven@example.net,0996-858989,Hulsel,Netherlands,2025-07-06,No
WC002269,Noortje,van der Horst,qdijkstra@example.org,+31(0)25 4353405,Nigtevecht,Netherlands,2025-06-04,No
WC002270,Ilse,van der Spaendonc,tpotters@example.net,(0065) 307827,Maasbracht,Belgium,2023-09-10,Yes
WC002271,Janne,van Bentheim,oscar92@example.net,+31(0)703-130846,Susteren,Netherlands,2025-09-21,No
WC002272,Giovanni,Arts,hidde28@example.org,+3153-3062052,Donderen,Netherlands,2024-02-26,No
WC002273,Yfke,Kuit,sienna05@example.org,+31(0)782-233768,Wijnjewoude,France,2023-11-15,No
WC002274,Robin,Ellis,van-der-stael-de-jongemaja@example.com,079-4129780,Langelo,Germany,2025-04-10,No
WC002275,Floortje,Hanegraaff,van-toursjason@example.org,+31(0)686-175369,Wijk aan Zee,Netherlands,2024-03-02,No
WC002276,Olaf,van Oosten,bvan-voorst@example.org,+31930-841087,Huissen,Germany,2024-07-29,No
WC002277,Cas,Wolzak,nadia99@example.org,+31(0)066-450115,Overloon,Germany,2026-06-11,Yes
WC002278,Gijs,van Roijen,lotte@example.com,+31(0)628-669971,Woudrichem,Belgium,2026-05-17,No
WC002279,Juliette,Hemma van Allemanië,michaklomp-jan@example.com,0106 603827,Rhoon,France,2025-05-13,Yes
WC002280,Mara,Groote,zakariaheribert-van-laon@example.net,+31508-925296,Hollandsche Rading,Germany,2023-12-24,Yes
WC002281,Fenne,van Clootwijck,lunaansems@example.com,(076)-7571944,Spijk Gn,Netherlands,2024-03-02,No
WC002282,Zoë,van Leeuwen,rosalie65@example.net,+31(0)42-3090797,Vriezenveen,Belgium,2025-03-17,No
WC002283,Pippa,Lambregt,rippeyzoe@example.org,(013) 4325744,Baarland,France,2024-11-12,Yes
WC002284,Maryam,van Dommelen,lmarchal@example.com,(0959) 339775,Vorstenbosch,Belgium,2026-02-20,No
WC002285,Keano,Pastoors,naomi38@example.com,(0793)-777715,Aalsum,France,2024-11-20,Yes
WC002286,Ayden,Vos,bilal58@example.net,+31091-435701,Mildam,Belgium,2025-03-11,Yes
WC002287,Vince,Vaessen,lex67@example.com,+3104 0541222,Gendringen,Germany,2024-07-30,No
WC002288,Ayden,van Kuijc van Malsen,jacobswout@example.org,(058)-1112582,Beinsdorp,France,2025-09-25,Yes
WC002289,Ayden,Ulrich,maxim96@example.com,+31178 098571,Nieuwer Ter Aa,Germany,2025-11-03,Yes
WC002290,Liza,Mahieu,berthodina@example.net,+3198 4938533,Achthuizen,France,2023-08-15,Yes
WC002291,Luka,Gepa van Bourgondië,tkremer@example.net,+31(0)337-462138,Ossenisse,Netherlands,2024-06-01,No
WC002292,Johanna,Miltenburg,daniquemulder@example.net,0402-515777,Feanwâlden,Germany,2024-05-25,No
WC002293,Helena,Zeemans,chloe33@example.org,+3130 7208927,Ens,Belgium,2025-09-06,No
WC002294,Elizabeth,Jacobs,hoeksquinty@example.net,+3172-5502438,Eys,France,2023-09-18,No
WC002295,Cato,van der Schuijt,gerritsekai@example.org,+31(0)55 5819191,Vragender,Germany,2024-04-15,No
WC002296,Job,Furda,boaz73@example.net,+3120-6226966,Greonterp,Netherlands,2024-09-14,No
WC002297,Bjorn,Loep,aschmanjoshua@example.com,059-6710443,Zuurdijk,France,2026-06-01,No
WC002298,Matthijs,van Buuren,indy29@example.com,+31433-293156,Duivendrecht,Belgium,2025-03-04,No
WC002299,Jim,Winnrich,britt53@example.com,+31400 456564,Muiden,Belgium,2025-03-17,Yes
WC002300,Giel,Goudriaan,marijn67@example.org,031 7430822,Witmarsum,Germany,2025-02-28,No
WC002301,Joshua,Diesbergen,de-mansophia@example.net,(0071) 967122,Saaksum,Netherlands,2025-12-04,Yes
WC002302,Giovanni,Marchal,dvan-brenen@example.org,+31(0)715-528904,Ulestraten,Belgium,2024-03-19,No
WC002303,Simon,van Ginkel,van-duvenvoirdestefan@example.org,+31942-029600,Hobrede,Netherlands,2026-05-21,Yes
WC002304,Noah,de Bock,jacepsxavi@example.net,(080)-7600843,Veghel,Germany,2025-01-13,No
WC002305,Jenna,van der Horst,van-den-polsilke@example.net,+3198-2559176,Klooster Lidlum,Germany,2026-05-12,Yes
WC002306,Maud,van den Berg,furdamette@example.org,(043) 1299858,Kornhorn,Netherlands,2024-01-26,Yes
WC002307,Lize,die Bont,amelia35@example.net,+3124 2596363,Velp,Germany,2024-11-06,No
WC002308,Selina,Prinsen,van-dongenmichael@example.net,(0748) 049603,Ospel,France,2024-01-23,No
WC002309,Tara,Smeets,benthe82@example.net,+31(0)10-7611206,Zaandijk,Belgium,2026-03-25,Yes
WC002310,Vera,Lorreijn,van-der-laarsenna@example.net,+31(0)507-651464,Reahûs,Netherlands,2026-03-01,No
WC002311,Elin,van de Coterlet,van-oostemorris@example.com,(081)-9454860,Ophemert,Belgium,2025-01-29,No
WC002312,Bas,Zuidweg,van-velthoventijs@example.net,(0364) 157955,Gemert,Netherlands,2024-05-03,No
WC002313,Nick,Wolffel,jansenadam@example.net,(093)-1915754,Jannum,Germany,2024-09-03,Yes
WC002314,Sanne,van Kuijc,sami20@example.net,017 7050498,Hoevelaken,France,2024-04-16,No
WC002315,David,Knoers,kpaillet@example.com,(0051) 820680,Rekken,France,2024-03-07,Yes
WC002316,Tom,Linschoten,kian76@example.org,+31(0)243 634145,Appeltern,Netherlands,2025-07-29,No
WC002317,Noa,van Ooste,lucabroek@example.net,+31(0)429-197600,Burgerbrug,Netherlands,2024-07-27,No
WC002318,Guusje,de Gruijl,mirte11@example.org,+31(0)42 7354053,Monster,France,2023-08-05,Yes
WC002319,Jake,van der Meer,hdachgeldt@example.net,004 9459632,Iens,Netherlands,2025-11-05,No
WC002320,Anna,Dijkman,wvan-de-darnau@example.org,077-3196986,De Bilt,France,2024-01-15,Yes
WC002321,Stella,van den Brink,van-geestfien@example.org,+3150-0522844,Nieuwebrug,Belgium,2023-09-02,No
WC002322,Aaliyah,Mudden,van-nimwegenfedde@example.net,055-9051597,Breukeleveen,Belgium,2024-08-27,Yes
WC002323,Zoey,Becht,timoouwerkerk@example.net,+31(0)619 429583,Heukelum,Netherlands,2025-09-26,Yes
WC002324,Pippa,van Baalen,,+3121-9119272,Zurich,France,2024-11-19,Yes
WC002325,Jip,Slingerland,gkoster@example.org,(009) 7057684,Deurze,Germany,2023-10-15,Yes
WC002326,Joep,Rietveld,van-der-brinkamira@example.com,0439 859812,Teteringen,Belgium,2026-05-22,Yes
WC002327,Johanna,le Floch,lucy93@example.com,+31(0)07-4726761,Boornzwaag,Netherlands,2025-11-06,No
WC002328,Jet,van Daal,stijn01@example.net,+31(0)10 0293011,Drongelen,Belgium,2025-09-30,No
WC002329,Emily,Kisman,bode-bruyn@example.org,+31344-579753,Broek op Langedijk,Germany,2024-05-28,Yes
WC002330,Jari,Butselaar,lukavan-enschot@example.org,0389 091465,Noorbeek,Netherlands,2024-04-11,Yes
WC002331,Amir,van Westfalen,livvan-der-flaas@example.com,0303 000064,Wichmond,France,2023-10-30,No
WC002332,Dylano,Groenestein,buijskyan@example.org,(0261) 824051,Vlijmen,France,2025-03-05,No
WC002333,Stella,Gnodde,joy33@example.com,(0072) 702728,Jabeek,Belgium,2025-08-26,Yes
WC002334,Felix,Riem,averbeeck@example.com,+31(0)00 3111290,Babyloniënbroek,Netherlands,2025-09-13,No
WC002335,Isabel,Werdes,lindeeelman@example.com,+31(0)514-145162,Ritthem,Germany,2026-07-08,Yes
WC002336,Linde,Bierstraten,jcoenen@example.com,0955 792744,De Kwakel,Germany,2026-04-25,No
WC002337,Anouk,den Haag,nadiauphus@example.com,+31429 171625,Gorredijk,Netherlands,2026-01-31,No
WC002338,Kayleigh,Stoffel,hoogersduuk@example.com,+31(0)80 9528869,Swalmen,Belgium,2025-11-07,Yes
WC002339,Florian,van den Pol,wutkebeau@example.com,(0353)-209900,Jirnsum,Germany,2025-09-30,Yes
WC002340,Lenn,Brumleve,beau38@example.com,(056) 2224380,Rhenoy,Belgium,2025-08-11,Yes
WC002341,Ayoub,van Ghoerle,lucalabado@example.org,+31(0)419-067810,Hommerts,France,2025-08-22,No
WC002342,Laurens,Mater,jacobsjill@example.net,(076)-5287184,Graauw,France,2026-01-15,No
WC002343,Luca,Groenestein,avan-duyvenvoorde@example.com,+31(0)890 461122,'s-Heerenberg,Belgium,2025-03-01,Yes
WC002344,Evy,Beijring,louise30@example.com,+31446-111129,Ferwoude,France,2024-01-01,No
WC002345,Melissa,Kort,nadia02@example.org,(0153) 503756,Lewedorp,Netherlands,2026-04-30,No
WC002346,Rik,Schuylenborch,nwolfswinkel@example.org,(036) 1507865,Voorthuizen,Belgium,2023-09-06,No
WC002347,Yfke,Weyland,jaysonferran@example.org,+31(0)774 532686,Lichtenvoorde,Germany,2024-12-25,No
WC002348,Alexander,de Jode Vastraedsd,pippa32@example.org,(0526)-460531,Garsthuizen,Belgium,2024-10-31,No
WC002349,Kyara,van den Broek,tijnkoeman@example.org,+3140 5478847,Klazienaveen,Germany,2026-06-22,No
WC002350,Ayden,Verhoeven,aidenkok@example.org,+3154-3671027,Hierden,Netherlands,2025-10-23,No
WC002351,Sanne,Carnotte,van-leuvenabel@example.com,+31(0)179 613000,Schraard,Belgium,2024-03-12,No
WC002352,Jorn,Hehl,david58@example.net,(0210)-849102,Zwijndrecht,France,2025-08-04,No
WC002353,Bart,Oennen,kolenluke@example.org,(041) 0589163,Lithoijen,Netherlands,2023-11-13,No
WC002354,Raf,Shupe,lambregtarie@example.com,019 6358455,Wilhelminaoord,Belgium,2024-02-22,No
WC002355,Nora,Kleijse,schakelaarsten@example.net,+31366 910018,Wolvega,Belgium,2024-04-10,No
WC002356,Johanna,Everts,akeltenie@example.com,086 2368628,Midwolde,Netherlands,2026-04-13,Yes
WC002357,Loek,Rijcken,ivan-holland@example.net,+31449-509545,Midwolde,Belgium,2025-01-29,No
WC002358,Riley,Vignon,arie00@example.net,013 6302885,Borgercompagnie,Belgium,2025-11-24,No
WC002359,Sten,van Metz,amy50@example.org,005 0521728,Rotterdam-Albrandswaard,Netherlands,2025-05-16,Yes
WC002360,Anna,Mater,samde-smit@example.com,(0508) 944729,Hindeloopen,Belgium,2026-04-08,Yes
WC002361,Tobias,Wendt,frankhuizenfinn@example.com,0796-388251,Dearsum,France,2023-09-07,Yes
WC002362,Pleun,van der Heiden,kortmanjinthe@example.org,(0329)-778596,Koekange,France,2025-05-20,Yes
WC002363,Olaf,van der Spaendonck,nlind@example.com,+31549 543998,Vught,Netherlands,2026-04-27,Yes
WC002364,Ayden,Jones,lizalevesque@example.com,+31(0)82 7445489,Baars,France,2025-08-04,Yes
WC002365,Thijs,Woudenberg,majabarents@example.org,007-5782834,Midwolda,France,2025-12-18,Yes
WC002366,Chris,Doyle,sbutselaar@example.net,+3150-4247989,Neeritter,Netherlands,2025-01-27,Yes
WC002367,Benjamin,van Bentheim,helenanijman@example.org,+3130 1629689,Zundert,Germany,2025-07-25,No
WC002368,Job,Mulders,hondeveldcatharina@example.com,048-4717591,Strijen,Netherlands,2024-11-15,No
WC002369,Lucas,Boer,oscararens@example.com,+3127 4134276,Baexem,France,2026-02-27,Yes
WC002370,Loïs,Karels,van-gorpimran@example.org,035-7476872,Gorinchem,Netherlands,2026-03-06,No
WC002371,Wout,Ehlert,elisa95@example.com,+31780-053846,Stokkum,France,2024-11-21,Yes
WC002372,Evelien,van Beeck Beeckmans,sepp41@example.org,+31684-757113,Peize,Belgium,2025-03-29,No
WC002373,Amin,van den Pol,tiriejelle@example.org,067-3593996,Den Oever,Netherlands,2026-06-18,No
WC002374,Sep,Kremer,welftobias@example.com,(0110)-614312,Reusel,France,2023-08-25,No
WC002375,Levi,Uphuis,farens@example.net,054 7837617,Standdaarbuiten,Netherlands,2026-05-25,Yes
WC002376,Joep,van Leeuwen,gijshuberts@example.net,+31(0)580 563995,Easterwierrum,Germany,2025-12-14,No
WC002377,Brent,Kleybrink,hugobroeckx@example.com,+3192-5367857,Heemskerk,Netherlands,2024-12-27,No
WC002378,Dewi,van Allemanië,mvan-t-riet@example.org,0096-644114,Oegstgeest,France,2023-09-20,No
WC002379,Hugo,Hellevoort,ajorlink@example.com,0801 635094,Harderwijk,Netherlands,2025-06-29,Yes
WC002380,Kyra,Weeldenburg,gepa-van-bourgondiejolie@example.net,(088)-6692057,Kootwijkerbroek,Belgium,2025-05-06,No
WC002381,Hugo,Boers,,071-3898064,Hindeloopen,France,2025-09-26,Yes
WC002382,Sam,van Tours,dwright@example.org,054-9920207,Snelrewaard,Belgium,2026-05-27,No
WC002383,Marijn,Olykan,okolen@example.org,0831-840172,Groot-Ammers,Germany,2025-12-26,Yes
WC002384,Kyan,Huijben,sannehendrikse@example.org,0147-415676,Blokker,Netherlands,2024-04-28,Yes
WC002385,Ibrahim,Engels,mustafavan-velthoven@example.net,+31(0)646 780106,Lopikerkapel,France,2025-09-30,No
WC002386,Tristan,Ariens,dklerks@example.org,+31(0)167-524145,Dieden,Netherlands,2023-09-13,No
WC002387,Maryam,Verbeeck,charonesmee@example.net,+31(0)161-367313,Haps,Netherlands,2024-10-31,No
WC002388,Merel,de Graaf,van-maarenjonathan@example.com,(0884)-579767,Odoornerveen,Belgium,2024-01-01,No
WC002389,Dave,Schakelaar,elisabethde-bruyn@example.net,0314-843745,Reek,Germany,2024-12-09,No
WC002390,Lise,van der Kint,arie41@example.com,+31820-246002,Nieuwersluis,Netherlands,2024-01-30,Yes
WC002391,Faas,Segerszoen,colin73@example.org,+31988 262107,Petten,Belgium,2026-06-21,Yes
WC002392,  Amina  ,Rouwhorst,fsarneel@example.net,076-7859493,Pernis Rotterdam,Netherlands,2024-10-14,No
WC002393,Hugo,van Straaten,punruoch-hunerik@example.com,(021) 4977574,Wedde,Belgium,2025-10-13,Yes
WC002394,Joey,Pieters van der Maes,claesnerzeynep@example.org,+31(0)807-069583,Zoelmond,Belgium,2025-12-31,No
WC002395,Tessa,Lutterveld,uvoortman@example.com,+3175 6296737,Akersloot,Netherlands,2025-12-24,Yes
WC002396,Kay,van Kempen,guus17@example.com,(004)-3487226,Driebergen-Rijsenburg,France,2025-10-14,Yes
WC002397,Noah,van de Klashorst,veenendaaliris@example.com,0938 822357,Lengel,France,2023-09-29,No
WC002398,Yassin,bRUYNZEELS,novabos@example.net,(0968)-500308,Mantgum,Belgium,2025-06-18,Yes
WC002399,Loek,Veenendaal,guitmette@example.org,+31(0)86-9503611,Punthorst,Netherlands,2026-06-24,No
WC002400,Mehmet,Heerkens,ilinschoten@example.net,+31210 717427,Bocholtz,Belgium,2025-08-05,No
WC002401,Dani,Corstiaens,lvan-soest@example.org,+3126-3197914,Makkinga,Germany,2026-06-22,No
WC002402,Lise,Vermeulen,xvan-arnsberg@example.org,+3146 7059092,Basse,Germany,2025-11-22,Yes
WC002403,Jesper,Eijkelboom,abel99@example.com,(082) 9608916,Oldelamer,France,2024-10-24,No
WC002404,Puk,Visser,ulijn@example.org,+31837 214019,Idzega,France,2024-11-10,Yes
WC002405,Azra,de Gratie,liekewolzak@example.net,0109-853249,Bruntinge,Netherlands,2023-12-19,Yes
WC002406,Jim,oDA,ycarnotte@example.com,(025) 2004425,Nieuw- en Sint Joosland,France,2024-01-20,No
WC002407,Lara,d' Heripon,thomholthuis@example.net,(049)-4839648,Haalderen,France,2025-07-14,No
WC002408,Max,van Maasgouw,joostflink@example.net,(074)-3144272,Winsum,Belgium,2023-12-18,Yes
WC002409,Ella,Meijer,joepde-wit@example.com,(016)-4371084,De Mortel,Belgium,2023-08-06,Yes
WC002410,Mart,van den Bosch,corstiaensvajen@example.net,,Achtmaal,Netherlands,2024-01-04,No
WC002411,Sara,de Gruson,laura40@example.com,+31771-559102,Domburg,Netherlands,2023-10-28,Yes
WC002412,Puk,Zuidweg,bloklandsep@example.org,(0630) 125815,Zaandijk,Germany,2026-07-01,No
WC002413,Dirk,van Brunswijk,wagenvoortjake@example.org,(0717) 028790,Waalwijk,Germany,2025-10-31,No
WC002414,Boaz,Geerts,lisahaack@example.org,(0816) 352100,Medemblik,Netherlands,2026-07-31,No
WC002415,Tessa,Meyer,van-haeftenjayson@example.org,0958 125454,Bocholtz,Germany,2025-01-20,No
WC002416,Joy,van Hamaland,jayson72@example.org,+31835 139970,Almen,Germany,2023-08-06,Yes
WC002417,Ravi,Lage,lois71@example.com,0458-082411,Venhorst,Netherlands,2024-06-11,Yes
WC002418,Rens,van de Elzas,maurits45@example.org,+31(0)037 971105,Ulrum,Germany,2025-03-17,Yes
WC002419,Mare,Hellevoort,jorrisentijs@example.net,0088-025418,Zwanenburg,France,2023-10-31,Yes
WC002420,Riley,Marceron,van-den-bergjennifer@example.org,(019) 2022651,Hoenderloo,Belgium,2024-11-06,Yes
WC002421,Aaliyah,van de Veen,vvan-orleans@example.net,076 8925603,Zandhuizen,Netherlands,2025-11-05,Yes
WC002422,Chloë,Jonkman,linschotenyusuf@example.org,037-2034594,Maasbommel,Netherlands,2024-01-18,Yes
WC002423,Merle,van der Smeede,xavivan-der-ven@example.net,+3130 5028151,Harkstede,Belgium,2024-03-04,Yes
WC002424,Nora,Arent,sdoesburg@example.org,+31516-161534,Strijensas,Netherlands,2026-04-13,No
WC002425,Sam,Diesbergen,jleene@example.org,+3137 2681959,Koudekerke,Germany,2024-11-09,No
WC002426,Janne,Kosten,maartje61@example.net,+31(0)196-965769,Vessem,Belgium,2024-05-05,No
WC002427,Annabel,Le Marec,van-den-nuwenhijsenmila@example.org,+31(0)422-164705,Oostdijk,Belgium,2025-02-01,No
WC002428,Wouter,'s Gravensande,ade-kale@example.com,0865 078941,Swichum,Belgium,2023-10-27,No
WC002429,Gijs,van de Brink,yfkede-jonge@example.com,+31(0)132-607966,De Goorn,Belgium,2025-02-18,No
WC002430,Pleun,Lommert,van-welkaylee@example.org,+31(0)79-2780276,Gelderswoude,Netherlands,2025-05-07,No
WC002431,Ashley,Michielsen,leonvaessen@example.net,032 1986725,Ter Apelkanaal,France,2024-01-16,Yes
WC002432,Thom,van Geffen,mcoreth-von-und-zu-coredo-und-starkenberg@example.org,+31(0)19 3075081,Slochteren,France,2025-09-03,Yes
WC002433,Victor,Opmans,yasminevan-der-velden@example.net,(028)-8747016,Aerdt,Belgium,2026-01-18,No
WC002434,Quinty,Post,ottojesper@example.net,+31846 466471,Oudheusden,Germany,2024-12-10,Yes
WC002435,Aiden,Uittenbosch,joep16@example.com,+3136-7721988,Ootmarsum,Germany,2024-12-17,Yes
WC002436,Britt,de Roo,duuk43@example.net,+31(0)57-9098182,Zijdewind,Belgium,2026-07-15,Yes
WC002437,Jinthe,Beernink,tijnbreugelensis@example.net,+3194-6391755,Abbega,France,2024-01-31,Yes
WC002438,Kyra,van Ginneke,kismanmathijs@example.net,+31(0)081-127727,Maasland,Netherlands,2026-02-24,Yes
WC002439,Evelien,Gerritsen,iadelaar@example.net,(0042) 016121,Kuitaart,Belgium,2024-09-09,Yes
WC002440,Jim,Westerburg,morris55@example.net,(0122) 842253,Schipluiden,Netherlands,2024-03-01,No
WC002441,Mia,Bökenkamp,maaswinkellana@example.org,+3132-4168650,Emmer-Compascuum,Netherlands,2025-10-10,No
WC002442,Sofia,de Nijs,jvan-straaten@example.net,+3187 0127993,Laag Zuthem,Germany,2026-07-21,Yes
WC002443,Pippa,Kruns,tvan-straaten@example.org,+3132 3824499,Zevenbergen,Netherlands,2025-12-14,No
WC002444,Dion,van Orleans,oosterhekmare@example.net,+3116-1447091,Tollebeek,France,2024-07-27,Yes
WC002445,Evie,Mathurin,nde-vries@example.org,0853-022531,Assendelft,Netherlands,2024-10-22,No
WC002446,Thijs,"West-Francië, van",neuzerlingjenna@example.org,+31749 231046,Kornwerderzand,Germany,2025-12-28,No
WC002447,Fenna,Otte,riley81@example.org,+31(0)77-8337456,Rotstergaast,France,2026-02-10,No
WC002448,Hidde,Rutten,luke11@example.org,042-1187198,Heiligerlee,Netherlands,2024-09-27,Yes
WC002449,Noor,van Haspengouw Hesbaye,elias63@example.com,+31022-946234,Weurt,Netherlands,2023-10-10,Yes
WC002450,Elena,Gervais,uvergeer@example.com,026 9709916,Callantsoog,Belgium,2025-04-21,Yes
WC002451,Ceylin,MARTEL,tijs09@example.org,(065)-9525662,Hummelo,France,2024-12-30,No
WC002452,Xavi,Kosten,kvan-allemanie@example.org,+31481-647695,Wieringerwaard,France,2024-08-20,No
WC002453,Aiden,Smit,floor11@example.net,000-4994491,Dreischor,France,2024-06-18,Yes
WC002454,Vera,van Gelder,bosbibi@example.com,+31(0)81 1056582,Hegelsom,Belgium,2023-10-05,No
WC002455,Maartje,Meeres,wboddaugh@example.org,+31(0)70 3517240,Eemdijk,Germany,2025-05-17,No
WC002456,Job,Schellekens,van-den-berganne@example.net,023-9645504,Mierlo,Germany,2024-09-23,No
WC002457,Kyan,Schagen,valentijn08@example.net,+31(0)750 647720,Oudebildtzijl,Germany,2024-07-11,Yes
WC002458,Sara,Lutterveld,aertszmegan@example.org,+31(0)274-253941,Jutrijp,France,2024-08-05,Yes
WC002459,Loïs,van Haspengouw Hesbaye,yfremie@example.com,+31717-495456,Nibbixwoud,France,2024-04-01,Yes
WC002460,Mathijs,van de Wiel,luca36@example.com,+31500-892603,Heerenveen,Germany,2024-01-06,No
WC002461,Levi,die Bont,senn88@example.org,(027) 8787148,Maarn,France,2024-09-06,Yes
WC002462,Azra,van Breukelveen,sterrevan-der-brink@example.com,(0740) 027266,Veenhuizen,Belgium,2023-12-24,Yes
WC002463,Jayda,Kok,bvan-veen@example.com,(014) 3565734,Smallebrugge,Germany,2025-01-10,Yes
WC002464,Sander,Olykan,tbrievingh@example.org,+31884 706944,Opheusden,Germany,2026-01-04,No
WC002465,Fien,Postma,amberhuel@example.net,+31967 975420,Linne,Germany,2026-02-27,No
WC002466,Jasmijn,Arts,van-de-venaylin@example.net,+31(0)970-828037,Kessel,Germany,2025-08-02,No
WC002467,Hannah,Luster,vincent01@example.org,+31274-832409,Epe,France,2025-03-11,No
WC002468,Naomi,Bastiaanse,de-gruijterkevin@example.net,068 8629259,Meijel,Belgium,2025-03-18,No
WC002469,Evy,Adelaar,van-der-strigtmohammed@example.com,085 3401486,Schalkhaar,Germany,2024-11-17,No
WC002470,Imran,Walsteijn,evi12@example.com,(020) 3905073,Herveld,Netherlands,2023-10-27,No
WC002471,Mart,Veenstra,ewest-francie-van@example.net,0677 389075,Macharen,Belgium,2024-03-07,No
WC002472,Yinthe,Claesner,van-der-brinkdex@example.com,(027)-1947813,Emmeloord,Germany,2025-12-13,No
WC002473,Jordy,van Bruchem,qvan-de-ven@example.org,(0763)-438954,Driehuizen,Netherlands,2026-04-06,Yes
WC002474,Ayoub,Hoes,marinus79@example.org,+3164-0233107,Kornwerderzand,France,2025-12-22,No
WC002475,Ties,van Dagsburg,aelftrud-van-wessexzara@example.org,+31596-591654,Gilze,Netherlands,2023-09-17,No
WC002476,Sam,Mulders,jaylinnde-vroege@example.net,(059)-9063105,De Weere,Belgium,2025-05-11,No
WC002477,Mick,van der Kint,rijckenravi@example.org,(0401) 105577,Schinveld,France,2023-11-22,No
WC002478,Mara,de Bruijn,bart45@example.org,+3157 4602576,Ovezande,Netherlands,2025-07-22,No
WC002479,Jaylinn,Kleijse,chris52@example.net,+3100 4350915,Klein Zundert,Netherlands,2023-11-01,No
WC002480,Tim,Kleibrink,zgeertsen@example.net,+31(0)79 5093461,Asperen,Netherlands,2024-02-09,No
WC002481,Stijn,Roosenboom,smitsfleur@example.com,(0078) 965816,Nieuw Beerta,Belgium,2024-05-25,Yes
WC002482,Raf,van Vlaanderen,lweijland@example.com,(0192)-052449,Spaarndam gem. Haarlem,Netherlands,2025-06-12,Yes
WC002483,Rick,Lathrope,timkronenberg@example.net,(057) 6337363,Menaam,Germany,2025-03-23,Yes
WC002484,Niels,Ridder,rijnalex@example.org,+31(0)300-221005,Dalfsen,Germany,2023-12-31,Yes
WC002485,Michael,Terry,duuk65@example.org,+31(0)57 8365767,Heeze,Netherlands,2026-05-12,Yes
WC002486,Sofie,Hermans,de-bruijnanouk@example.com,+31(0)899 202398,Dalem,Netherlands,2025-12-15,No
WC002487,Julius,Ligtvoet,sophiefeltzer@example.org,+31(0)15-6080713,Rijs,France,2024-08-05,Yes
WC002488,Esther,Geerling,ecrinthomas@example.com,084-5883928,Ansen,France,2025-06-10,Yes
WC002489,Dina,Verheij,lotvan-noort@example.com,+31(0)47-4529785,Eenrum,France,2025-09-02,No
WC002490,Lotte,van Ochten,demi52@example.com,000-8374598,Otterlo,Belgium,2025-09-28,No
WC002491,Pim,Greij,lenn75@example.net,(0453)-420074,De Kiel,Belgium,2023-09-04,Yes
WC002492,Mason,Geertsen,valeriehuisman@example.net,056-2957209,Klein Zundert,Netherlands,2024-04-19,Yes
WC002493,Bastiaan,Massa,hellevoortcornelia@example.com,0391-589483,Ell,Belgium,2023-09-11,Yes
WC002494,Stefan,van Formbach,dana11@example.com,018 5741507,Nigtevecht,Germany,2024-11-02,Yes
WC002495,Danique,Smith,esteyjulian@example.net,0215-552541,Zuurdijk,France,2025-05-09,Yes
WC002496,Mart,Verheuvel,jennifer73@example.net,0425-616835,de Woude,Belgium,2026-05-18,Yes
WC002497,Sofia,Zijlmans,luca14@example.org,,Mijdrecht,Germany,2025-08-20,Yes
WC002498,Roan,Boogaerts,van-kusenselena@example.org,+31(0)442 734297,Ophemert,Netherlands,2023-11-05,Yes
WC002499,Quinn,Eelman,,+3184-7966288,Vogelwaarde,Belgium,2024-09-29,No
WC002500,Alyssa,Molenaar,zjaceps@example.net,+31(0)94-3203831,Papenvoort,France,2023-11-11,No
WC002501,Dina,van Oirschot,timmermancasper@example.net,+31(0)405 771931,Winterswijk Ratum,Netherlands,2025-09-22,No
WC002502,Ashley,ter Waarbeek,jade47@example.org,(070)-2020516,Nunhem,France,2025-07-15,No
WC002503,Sander,de Lange,jaydavan-den-eijssel@example.com,+31156 624769,Lollum,Belgium,2024-01-04,Yes
WC002504,Yfke,van der Kint,cvan-parijs@example.net,+31(0)473 090137,Middelstum,France,2024-10-27,Yes
WC002505,Yfke,van Cuijck,van-luinceylin@example.org,+31(0)96 9606206,Jannum,Belgium,2025-06-24,Yes
WC002506,Giovanni,van Hostaden,leonjacquot@example.org,(0092) 019765,Wapenveld,Germany,2024-11-01,No
WC002507,Sam,van de Wal,selenalijn@example.net,+31184-938964,Megen,France,2023-11-02,No
WC002508,Adam,Otte,alilaffray@example.com,(0088) 273720,Haren Gn,Germany,2026-07-03,No
WC002509,Roan,Doesburg,van-oostemuhammed@example.org,+31(0)34-3472869,Groesbeek,France,2023-08-13,Yes
WC002510,Sara,Lage,oestey@example.net,+31(0)69-7144264,Holwerd,Netherlands,2023-12-22,Yes
WC002511,Samuel,van Brenen,claassenbo@example.net,+31(0)54-5464464,Hilaard,France,2025-09-28,Yes
WC002512,Janne,Coenen,suushaneberg@example.org,(0921)-155430,Lewedorp,France,2025-02-23,Yes
WC002513,Jill,Lether,lynnmolegraaf@example.org,+31(0)25-0866559,Maastricht-Airport,Netherlands,2024-12-24,Yes
WC002514,Mohammed,Kolen,glassesnynke@example.com,0145-709690,Zoeterwoude,Germany,2025-06-30,Yes
WC002515,Maja,van der Klijn,mathieumohamed@example.net,+3141 4350458,Bedum,Netherlands,2026-03-10,Yes
WC002516,Vajèn,Veltman,van-kempendex@example.org,+31(0)39 5937167,Budel-Dorplein,Netherlands,2025-01-10,No
WC002517,  Adam  ,Bleijenberg,zara99@example.net,(0509)-744744,Smilde,Belgium,2025-06-02,Yes
WC002518,Veerle,Gerritsen,de-grusonanna@example.net,0437-112958,Houwerzijl,Germany,2024-07-24,Yes
WC002519,Elise,van Maasgouw,noellevan-der-pol@example.org,+31190 356796,Uithuizermeeden,Belgium,2024-03-05,No
WC002520,Dana,Oda,janssenlouise@example.com,+3108-5038298,Mariahout,Belgium,2023-09-10,No
WC002521,Robin,van der Brink,steinmeiernmaxim@example.com,064 1334005,Katwijk NB,Netherlands,2024-07-05,Yes
WC002522,Silke,Spier,imulder@example.com,+3195-7536669,Wierden,France,2024-09-04,No
WC002523,Cornelis,de Swart,mustafabroeshart@example.net,+31737-911407,Lieren,France,2025-09-04,No
WC002524,Lieke,Goderts,ayoubvan-t-riet@example.net,(0971)-220909,Hekelingen,Belgium,2024-03-15,Yes
WC002525,Elize,Smits,luke68@example.com,(0840)-295570,Rijkevoort-De Walsert,Belgium,2024-03-07,No
WC002526,Lindsey,Lonen,de-rooesmee@example.com,(0330) 113689,Huisseling,Belgium,2024-07-13,Yes
WC002527,Fem,Merckx,jan44@example.com,(0061)-824548,Gelselaar,Germany,2024-08-06,Yes
WC002528,Yusuf,Boer,npasman@example.com,019 8840169,Geijsteren,Germany,2025-07-01,Yes
WC002529,Dex,van Noordeloos,van-laonalicia@example.net,(0524) 318465,Nieuwleusen,Belgium,2023-08-04,Yes
WC002530,Matthijs,Spruyt,krademaker@example.com,+31029 721242,Kessel,Belgium,2024-09-24,Yes
WC002531,Sebastiaan,van Engeland,timmermansceylin@example.org,+31(0)59 8720797,Pijnacker,France,2025-08-05,Yes
WC002532,Rosa,Berendse,ebrisee@example.com,+31(0)99 7780968,Doeveren,Netherlands,2024-10-08,Yes
WC002533,Ilse,Slaetsdochter,gde-kok@example.org,+3144-0841611,Werkhoven,Germany,2025-10-23,Yes
WC002534,Silke,de Mol,annemijnlansink@example.net,(0717) 780835,Snakkerburen,France,2025-11-20,No
WC002535,Meike,Latier,van-den-wittenboerrenske@example.com,+31311 107742,Macharen,Netherlands,2026-07-13,Yes
WC002536,Helena,de Lange,maria52@example.com,0932 488904,Drempt,Netherlands,2024-01-15,No
WC002537,Ilse,Broekhoven,jakevan-ghoerle@example.org,044-5474968,Heesch,Belgium,2025-07-15,Yes
WC002538,Evelien,van der Velden,zrietveld@example.com,0817 270520,Luxwoude,Belgium,2025-05-07,Yes
WC002539,Bradley,Hazenveld,meijerroos@example.com,+31(0)00-8537846,Siebengewald,Germany,2024-03-22,No
WC002540,Ceylin,Symons,ben97@example.org,+31(0)156 172919,Haringhuizen,Netherlands,2025-07-15,Yes
WC002541,Evelien,Weijters,ymolenaar@example.com,+31(0)938-124206,Soerendonk,France,2024-11-15,Yes
WC002542,Aaliyah,Romijn,meesde-korte@example.org,+31(0)692 267141,Houten,Germany,2025-11-21,No
WC002543,Puck,van den Bergh,lcoret@example.com,(0348)-067620,Achtmaal,France,2025-03-18,Yes
WC002544,Micha,van Berkum,alexander15@example.net,(042)-3283303,Harfsen,Belgium,2024-05-01,Yes
WC002545,Lotte,de Leeuw,jim92@example.com,(083)-8985961,Amstenrade,Germany,2023-09-08,Yes
WC002546,Thom,Postma,alicia91@example.com,(0357) 256598,Callantsoog,Belgium,2025-04-15,No
WC002547,Xavi,Merckx,lethereline@example.com,(0112)-450150,Nederland,Belgium,2026-07-30,No
WC002548,Elize,den Haag,keano05@example.net,(097)-2954626,Beets,Germany,2024-01-09,No
WC002549,Max,van Laon,faas07@example.com,069 6850791,Maasbracht,Germany,2026-01-09,Yes
WC002550,Jayda,Fechant,rdijkman@example.com,0053-154320,Doornspijk,Belgium,2024-10-03,Yes
WC002551,Evi,Martens,fleurzaal@example.org,+31467-067432,Blokker,Netherlands,2025-07-01,No
WC002552,Cornelis,Koeman,spreeuwmorris@example.com,+31(0)99-2770519,Zandhuizen,France,2024-10-06,No
WC002553,Siem,Weijland,mmathieu@example.com,047-1796541,Oldeberkoop,Germany,2024-07-09,No
WC002554,Nynke,Tins,fenna11@example.org,047 0969266,Hengevelde,France,2026-01-11,Yes
WC002555,Elena,Demmendaal,yasmin60@example.com,+3101-4569035,Volendam,France,2024-01-03,Yes
WC002556,Isabella,Loreal,zverhoeven@example.net,+3182 8712092,Blitterswijck,Belgium,2024-11-08,Yes
WC002557,Cato,van der Spaendonck,,+31(0)38-5982137,Werkendam,Netherlands,2026-07-06,Yes
WC002558,Sander,Rouwhorst,tvolcke@example.com,+3134 5866555,Beltrum,Belgium,2023-08-06,Yes
WC002559,Jules,Coret,oliviacoreth-von-und-zu-coredo-und-starkenberg@example.com,+31(0)865-153670,Meliskerke,France,2025-02-25,No
WC002560,Rafael,van Grinsven,simonvial@example.com,(0841)-003184,Tolbert,Belgium,2023-10-26,Yes
WC002561,Valerie,van den Eerenbeemt,eliasweyland@example.com,(036)-1570606,De Punt,Belgium,2023-10-16,No
WC002562,Max,Vegt,eckhardttim@example.net,(024) 6445218,Nieuwendijk,Netherlands,2025-08-22,Yes
WC002563,Olivier,van Schevinghuizen,oemencskyano@example.com,(042) 9081625,Hengelo,Belgium,2024-06-10,No
WC002564,Kyano,Boudewijns,moetesila@example.net,+31331 950892,Hengelo (Gld),Netherlands,2026-06-10,No
WC002565,Rafael,Mallien,lise38@example.org,091-3448791,Eursinge,France,2025-10-16,No
WC002566,Yara,Zaal,upostma@example.org,+31(0)93 7655038,Beesel,Belgium,2024-11-09,No
WC002567,Matthias,van der Smeede,smulder@example.net,(076)-9037831,Marle,Netherlands,2024-01-03,No
WC002568,Philip,van der Meer,van-metzmustafa@example.org,+31(0)008 134022,Wanroij,France,2025-04-18,Yes
WC002569,Victor,Huisman,van-ginkeljens@example.org,(044) 4804547,Homoet,Germany,2026-05-16,Yes
WC002570,Duuk,Haring,merhout@example.net,+31(0)317-826794,Sexbierum,Netherlands,2026-05-07,No
WC002571,Elena,van Tours,zijlmanschloe@example.net,0600-901964,Hazerswoude-Dorp,Netherlands,2023-09-10,No
WC002572,Merle,Kirpenstein,uphaussam@example.net,(0249)-729940,Winterswijk Kotten,Belgium,2023-12-28,No
WC002573,Noortje,van de Velden,kyaravan-landen@example.com,008 7187308,Staphorst,Netherlands,2023-12-15,No
WC002574,Valerie,van Haspengouw Hesbaye,stef11@example.net,+31(0)22-6643415,Baarlo,Belgium,2025-05-17,No
WC002575,Boris,van der Veen,fien75@example.net,+31(0)96 4784927,Houten,Netherlands,2025-06-17,Yes
WC002576,Olivia,Bresé,geerlingmason@example.net,+31(0)468-483235,Fluitenberg,Germany,2023-09-04,Yes
WC002577,Naomi,den Haag,finnvan-der-pouw@example.com,+31(0)73 3795095,Vortum-Mullem,Germany,2023-08-12,Yes
WC002578,Twan,Belpere,maartjetamsma@example.org,(067)-0065446,Vaals,Germany,2024-01-27,Yes
WC002579,Thijn,Pratt,van-der-plascolin@example.org,012-8419227,Erp,France,2023-09-29,Yes
WC002580,Laura,Rijcken,roosetyler@example.com,(069) 7786028,Rumpt,Germany,2025-06-13,No
WC002581,Senna,ter Waarbeek,van-het-heerenveenjules@example.net,+31(0)109-965314,Sibrandahûs,Netherlands,2024-06-28,No
WC002582,Samuel,Oosterhek,yasmin67@example.org,+31731 127576,Geerdijk,Germany,2026-07-05,Yes
WC002583,Dex,"Bourgondië, van",amirasterkman@example.com,0198-605235,Spijkerboor,Belgium,2026-02-08,No
WC002584,Imran,Cornelisz,mirthede-groot@example.com,0724 803347,Graauw,France,2025-02-15,No
WC002585,Stefan,Scherms,mensbenjamin@example.net,+31(0)49-5005766,Purmer,Netherlands,2025-10-17,No
WC002586,Karlijn,Lagerweij,broekhovenfleur@example.org,+31763 844068,Lambertschaag,France,2023-09-24,Yes
WC002587,Jayden,Neuzerling,jaylinnhellevoort@example.org,(015) 1637014,Bern,Germany,2026-07-03,Yes
WC002588,Ruben,Dekker,alyssa22@example.com,002 4537908,Annen,Netherlands,2026-02-20,Yes
WC002589,Emir,Bruijne van der Veen,van-heusdeniris@example.org,051 6712147,Geulle,Germany,2025-06-15,No
WC002590,Evie,Hehl,van-neszara@example.net,+31815-597638,Klijndijk,Netherlands,2025-02-18,Yes
WC002591,Annemijn,van der Pol,eliselips@example.net,(0449)-963880,Heerhugowaard,Netherlands,2024-01-07,No
WC002592,Pien,van Poppel,xhermans@example.com,+3168-0641243,Schiphol,Belgium,2025-12-01,No
WC002593,Mark,Volcke,vigomuijs@example.net,+31(0)17-2765464,Hedel,Germany,2024-12-10,Yes
WC002594,Silke,Versluijs,yusuf98@example.com,073 8079206,Britswert,Germany,2024-05-18,Yes
WC002595,Sten,Goudriaan,van-hultenjens@example.com,(0082) 181741,Zandeweer,Netherlands,2024-09-11,No
WC002596,Lieke,van Maasgouw,van-der-pluijmmirthe@example.org,+31(0)75-7915065,Pesse,Belgium,2024-03-31,No
WC002597,Zoey,Molenaar,,+31(0)050-640076,Westerlee,Netherlands,2025-06-17,Yes
WC002598,Tess,Groenendaal,qvan-de-wal@example.org,002-8315383,Reahûs,Belgium,2025-07-11,No
WC002599,Lotte,Claesner,mathijsvan-de-weterink@example.com,+31(0)73-1135475,Húns,Netherlands,2025-08-29,No
WC002600,Ilse,Ponci,felix88@example.com,+3126 9889632,Nieuw-Weerdinge,France,2024-02-28,Yes
WC002601,Zakaria,Jansen,cas92@example.net,+3156 6369752,Oosterend,France,2024-04-26,No
WC002602,Amira,Bruynzeels,uschrant@example.com,+3181 3525172,Neerlangel,France,2023-12-29,No
WC002603,Jayden,Verhagen,elize09@example.com,0965-452328,Ooltgensplaat,Netherlands,2026-05-24,No
WC002604,Berat,Schuylenborch,gvan-dokkum@example.org,0978-160939,Diepenheim,France,2023-12-25,Yes
WC002605,Bart,Pasman,rademakermustafa@example.org,,Garderen,Germany,2024-11-17,No
WC002606,Chloé,Dorsman,hidde97@example.org,+31(0)45 1024534,Winterswijk Kotten,Germany,2024-05-24,Yes
WC002607,Jack,Jans,van-der-avoirtfloor@example.com,(0732)-201624,Aduard,Germany,2024-07-13,No
WC002608,Lois,Pieters,yblonk@example.org,0794 889550,Huis ter Heide,Belgium,2024-08-01,No
WC002609,Kaylee,d' Heripon,felinemens@example.net,+3196-4987353,Losdorp,Netherlands,2026-07-31,Yes
WC002610,Merle,Mulder,elisabeth17@example.com,077-7082552,Erlecom,Belgium,2026-05-18,No
WC002611,Quinty,Haengreve,epeterse@example.org,+31382 508778,Veere,Belgium,2025-12-08,Yes
WC002612,Janna,van den Assem,basde-bruyn@example.com,+31419-261111,Reeuwijk,Belgium,2023-10-22,No
WC002613,Alex,Scardino,micha58@example.net,0739 590990,Haaksbergen,France,2025-09-25,No
WC002614,Frederique,van Embden,evischroeff@example.org,+31980-800642,Lutjewinkel,Germany,2025-08-28,Yes
WC002615,Lauren,van Brenen,de-nijsfloris@example.org,+31(0)85-1840533,Vegelinsoord,France,2025-10-28,No
WC002616,Bastiaan,Geldens,nynkemallien@example.org,(0566)-838035,Herveld,France,2025-07-11,Yes
WC002617,Inaya,Vial,aron67@example.net,033-9742763,Kloosterzande,Belgium,2024-12-18,Yes
WC002618,Bastiaan,Knoers,ariens-ansemsmason@example.org,+3127-9148335,Est,Belgium,2024-07-14,Yes
WC002619,Stefan,Blaak,elips@example.org,(0730)-224170,Sint Nicolaasga,Belgium,2025-01-10,Yes
WC002620,Faas,Billung,obroeders@example.org,(067)-7240100,Pingjum,Netherlands,2023-10-20,Yes
WC002621,Luna,Lelijveld,hhanegraaff@example.com,0027-365156,Hunsel,Belgium,2023-12-11,No
WC002622,Mirthe,van Mil,ties52@example.net,(0010) 534984,Hoek,Belgium,2025-04-28,No
WC002623,Joshua,Wutke,mia48@example.org,096 0207314,Gorssel,Germany,2025-01-11,Yes
WC002624,Ben,Heere,van-den-oeveranne@example.org,+31447 713370,Hellum,Germany,2025-03-09,Yes
WC002625,Jelle,van de Eerenbeemt,de-witmaja@example.net,+3192 3065363,Kloosterzande,France,2023-10-22,No
WC002626,Aron,Jonker,emmamaas@example.net,+31(0)73-5669871,Hendrik-Ido-Ambacht,Netherlands,2024-07-24,No
WC002627,Dewi,Mathol,catovan-der-maes@example.org,0063 193629,Weesp,Germany,2026-04-19,Yes
WC002628,Berat,Schrik,jannevan-den-berg@example.org,(054) 2759008,St.-Jacobiparochie,Germany,2025-09-01,Yes
WC002629,Pieter,Amalrada,van-der-spaendonckibrahim@example.org,018-3424403,Budel-Schoot,Germany,2026-01-15,No
WC002630,Noud,Becht,melissa36@example.org,,Oud Annerveen,Belgium,2023-08-05,Yes
WC002631,Thijn,Oemencs,,0300-670541,Boksum,Belgium,2025-08-19,Yes
WC002632,Johanna,Willems van Lier,heynevince@example.com,+31064 036863,Zetten,Belgium,2025-03-27,Yes
WC002633,Fatima,Vos,danielhulskes@example.net,(0446)-508808,De Heen,Netherlands,2024-09-26,Yes
WC002634,Senna,Jeggij,miadie-bont@example.org,+3191 7442589,Grave,Netherlands,2024-07-30,Yes
WC002635,Marijn,Claassen,dylanbrievingh@example.com,+31(0)362-771932,Amerongen,Belgium,2024-04-27,Yes
WC002636,Lot,Postma,silkehuisman@example.org,(032) 6464159,Zegge,Netherlands,2024-07-19,Yes
WC002637,Sanne,den Buytelaar,esilasymons@example.net,+31(0)81-4195799,Nijlande,Belgium,2024-09-13,No
WC002638,Noëlle,Rijks,tuithofnadia@example.org,+31(0)949 308165,Lageland,Belgium,2025-11-25,Yes
WC002639,Mehmet,van Bruchem,heymansboaz@example.com,+31(0)457 180106,Kloosterzande,Germany,2024-11-12,No
WC002640,Floris,van Noordeloos,heerelana@example.net,+31(0)200 148128,Groet,Germany,2026-03-01,Yes
WC002641,Renske,Elbertse,sennaverhoeven@example.org,+3106-7091752,Burdaard,Belgium,2023-09-03,Yes
WC002642,Quinty,Stoffelsz,schoutenjamie@example.com,0467-911316,Sterksel,Belgium,2024-12-31,No
WC002643,Justin,Gerritsen,beaupieters-van-der-maes@example.com,+31(0)72-4986947,Best,France,2024-03-13,Yes
WC002644,Job,Dries,jde-ruiter@example.org,0022-467066,Rockanje,Belgium,2025-05-07,No
WC002645,Isis,van der Horst,usmit@example.com,0968 724216,Yerseke,France,2026-04-28,No
WC002646,Puck,Martel,blomjens@example.com,0748-648971,Est,Germany,2023-11-28,Yes
WC002647,Jennifer,de Vrome,van-gorpveerle@example.com,(072) 3011208,Driebruggen,Belgium,2023-10-01,Yes
WC002648,Daniel,van der Avoirt,ecrin76@example.org,+31(0)09-6334760,Reahûs,France,2024-07-26,No
WC002649,Maya,van Maaren,mohamedvan-der-ven@example.org,001-5460561,Hoogezand,Belgium,2026-06-15,Yes
WC002650,Senna,Roessink,lunavan-der-pluijm@example.org,+31(0)224 465355,Est,Netherlands,2026-01-21,Yes
WC002651,Sander,Rijntjes,van-goerlepien@example.net,(043)-1299871,Swalmen,Germany,2024-03-07,No
WC002652,Jasmijn,Stange,van-oostendorpjan@example.org,+3148 1294122,Spaarndam gem. Haarlem,Germany,2024-07-30,No
WC002653,Kevin,de Vries,duukjansen@example.org,+31692-020091,Driezum,France,2024-10-22,Yes
WC002654,Thom,van de Veen,hoedemakersmats@example.org,0333-759854,Meliskerke,Germany,2026-02-27,Yes
WC002655,Mees,ter Waarbeek,mikasanders@example.org,002 5366716,Werkhoven,Belgium,2024-03-28,No
WC002656,Vincent,van Nus,ayadie-bont@example.org,+31(0)50-5808448,Linschoten,Netherlands,2025-01-11,No
WC002657,Joris,Koster,zvan-bentheim@example.org,(010) 4773246,Mirns,Netherlands,2023-09-05,Yes
WC002658,Angelina,van de Ven,bechtvictor@example.com,+3125 1530529,Heide,Germany,2024-08-26,Yes
WC002659,Dean,de Pauw,rsitters@example.com,+31(0)158-432199,Bunschoten-Spakenburg,France,2025-07-19,No
WC002660,Zara,de Gruil,pienvan-voorst@example.net,064-2998671,Oosterwijtwerd,France,2024-05-12,Yes
WC002661,Colin,de Roo,xblaak@example.com,+31941-908898,Piaam,Belgium,2024-11-07,No
WC002662,Daphne,Bartels,wrightlise@example.com,+3112 4980391,Castenray,Belgium,2025-04-19,No
WC002663,Dion,van der Sande,erehorst@example.org,(0387) 101888,Hezingen,Germany,2024-07-16,No
WC002664,Merle,Greij,kschuurmans@example.org,(083)-3859618,Ovezande,France,2025-12-29,Yes
WC002665,Elena,de Haas,julesklein@example.net,095-6289480,Haler,France,2023-10-05,Yes
WC002666,Dana,Luster,van-den-assemeline@example.net,(007) 8060402,Kekerdom,Germany,2023-12-28,No
WC002667,Beau,van der Kaay,raf51@example.com,+31(0)074 847993,Heeswijk-Dinther,Germany,2026-07-27,No
WC002668,Jill,Ghoerle,marceronaaliyah@example.org,0504 085392,Tuitjenhorn,France,2025-03-26,No
WC002669,Thijn,Chevresson,lgellemeyer@example.com,+31470 291765,Windraak,Belgium,2024-06-18,No
WC002670,Jayson,van den Nuwenhijsen,esmee41@example.org,+31(0)140-805380,Azewijn,France,2023-11-18,Yes
WC002671,Tygo,Jansdr,wunderinktygo@example.net,(030)-1619717,Lengel,Belgium,2026-02-01,Yes
WC002672,Luke,de Gruijter,tessavan-goerle@example.org,071 0492863,Wezep,Netherlands,2023-12-07,Yes
WC002673,Laura,van Roijen,den-buytelaarsophie@example.org,(094) 9253314,Nij Beets,France,2026-06-17,No
WC002674,Mart,Pasman,,0993 522927,Gees,France,2026-06-12,Yes
WC002675,Ayoub,Puig,broeshartmika@example.org,098-2870368,Reahûs,France,2023-08-07,No
WC002676,Anne,van den Nuwenhuysen,kkort@example.com,+31(0)241 004623,Cadier en Keer,Belgium,2025-12-17,No
WC002677,Fien,le Briel,amira71@example.org,+31(0)314-724385,Maasdam,France,2025-09-13,Yes
WC002678,Gerrit,de Hoog,mayavan-beek@example.net,014 5671123,Scheulder,France,2025-11-25,Yes
WC002679,Lara,Heyne,odanoor@example.net,+3183 8404104,Oud-Vossemeer,Belgium,2025-02-12,No
WC002680,Ibrahim,van Oosten,de-grusonemma@example.com,+31061-085868,Badhoevedorp,Belgium,2024-03-11,No
WC002681,Aron,Mulders,steenbeekelif@example.org,(054) 7216167,Wieringerwaard,Netherlands,2024-07-14,No
WC002682,Emily,Jacquot,verbeekfleur@example.org,+31720 055726,Klaaswaal,Netherlands,2023-12-27,No
WC002683,Michelle,Wolfswinkel,qkeijzer@example.com,0260 057617,De Westereen,Belgium,2026-05-14,Yes
WC002684,Roan,Wolzak,pnihoe@example.org,+3132 2584523,Krommenie,Belgium,2024-04-20,No
WC002685,Rens,Klerks,fem65@example.com,+31(0)97 4118977,Visvliet,France,2024-04-23,Yes
WC002686,Josephine,van Este,jinthevan-luyssel@example.net,+31(0)374 650490,Soest,France,2024-08-26,No
WC002687,Ivy,Woudenberg,tvan-dagsburg@example.net,(041)-7432635,Bronnegerveen,France,2026-01-09,No
WC002688,Felix,Vignon,alicia28@example.org,+3134-5618827,Westkapelle,Germany,2026-05-30,Yes
WC002689,Dave,van den Hoek,pprins@example.org,0091 690242,Biddinghuizen,Belgium,2025-02-21,No
WC002690,Chris,van Kasteelen,smercks@example.org,+31(0)81 0337166,Kolhorn,Netherlands,2023-08-26,No
WC002691,Lucy,van der Heijden,,040 1390293,Maasbommel,Germany,2025-07-13,No
WC002692,Olivia,Kisman,versluijsrowan@example.com,041 8864455,Helvoirt,Germany,2025-06-17,No
WC002693,Sarah,van Ghoerle,avan-rijthoven@example.net,0231-782256,Vegelinsoord,Netherlands,2024-03-31,No
WC002694,Aaron,Oda,norah63@example.com,+31(0)65 3411514,Hilvarenbeek,Germany,2023-10-22,No
WC002695,Nikki,van den Nuwenhuysen,adamvan-de-biesenbos@example.com,(026)-5779335,Rijswijk,Germany,2025-08-11,Yes
WC002696,Nisa,Chotzen,mettewesterburg@example.com,071 4570228,Kamerik,Belgium,2023-08-19,No
WC002697,Tyler,de Plantard,ian90@example.com,(000)-9983999,Steendam,Netherlands,2023-09-18,Yes
WC002698,Nora,Charon,van-der-laarjelle@example.net,(081) 2010601,Bruntinge,Germany,2024-01-11,No
WC002699,Elena,le Gulcher,merlegnodde@example.net,+31(0)705-187361,Huijbergen,Netherlands,2024-02-15,No
WC002700,Mick,Rijntjes,invalid.email,+31040-197572,Midwolda,Belgium,2026-04-19,No
WC002701,Aron,Ariens Ansems,igemen@example.com,(0698) 242154,Okkenbroek,Germany,2025-02-21,No
WC002702,Sophie,Brouwer,jelle50@example.org,+31(0)32-1995284,Oosteind,Belgium,2026-05-18,No
WC002703,Adam,Boer,mvan-este@example.com,+31(0)71 2362039,Wanroij,Germany,2024-08-29,Yes
WC002704,Nikki,le Gulcher,karelslena@example.net,080-5942357,Farmsum,Belgium,2025-10-17,Yes
WC002705,Nynke,van Schweinfurt,amiravan-luinenburg@example.org,+3186-2301705,Langezwaag,Belgium,2026-05-30,No
WC002706,Vigo,Sarneel,tess81@example.com,0629 312123,Oudorp,France,2024-06-29,No
WC002707,Veerle,Coenen,eelmanjens@example.org,035 1903697,Hulshorst,Belgium,2024-12-22,Yes
WC002708,Owen,van Cuijck,schuurmanslynn@example.net,0711 790323,Hartwerd,France,2024-08-01,Yes
WC002709,Tobias,Elbertse,ilemmens@example.com,(0731) 418148,Overloon,Germany,2025-11-08,No
WC002710,Levi,Roodesteijn,bjorn73@example.com,+31(0)48 1822882,Deil,France,2025-08-14,Yes
WC002711,Youssef,Spruyt,robinvan-gils@example.com,0489-799509,Witmarsum,Belgium,2024-03-08,No
WC002712,Joris,Verharen,pschwartsbach@example.net,(080) 2071845,Fijnaart,Germany,2025-11-09,No
WC002713,Yasmin,van der Heyden,yarade-bock@example.org,(0867)-168411,Opheusden,Belgium,2026-07-30,No
WC002714,Joëlle,Coolen,fay90@example.org,0611 616858,Ysselsteyn,France,2024-08-22,Yes
WC002715,Catharina,Verhoeven,zvan-de-greef@example.com,071-0575040,Tinallinge,France,2024-04-28,No
WC002716,Chloë,van Liendert,fedde72@example.com,+31460-880771,Willemstad,Netherlands,2023-10-23,Yes
WC002717,Fleur,Sterkman,wbacker@example.org,(0942)-294041,De Zilk,Netherlands,2024-12-04,Yes
WC002718,Yasmin,Govarts,van-de-brinkjaylinn@example.com,+3135 5725495,Oudebildtzijl,Germany,2024-02-14,No
WC002719,Brent,Bresse,wthomas@example.net,0780-315325,Zeijen,Germany,2025-03-08,Yes
WC002720,Willem,Slingerland,le-grandlara@example.org,066-3786537,Langweer,Netherlands,2026-07-07,Yes
WC002721,Elizabeth,Scharroo,avignon@example.org,079 3293727,Grootegast,France,2024-04-13,Yes
WC002722,Lorenzo,de Wit,zbeijring@example.com,0220-280707,Hichtum,Netherlands,2024-11-06,Yes
WC002723,Dion,Vergeer,sophiade-heer@example.org,(005) 9003822,Slappeterp,Netherlands,2025-02-11,No
WC002724,Jesse,Wagenvoort,jadevoortman@example.org,+31(0)195-758292,Bovenkarspel,Netherlands,2024-03-19,Yes
WC002725,Melle,Pons,mustafa44@example.com,002 2797055,IJmuiden,France,2025-11-19,No
WC002726,Noëlle,Verboom,lenalelijveld@example.com,+31(0)443 054068,Egmond aan den Hoef,Germany,2024-12-15,Yes
WC002727,Elise,Stinis,jmartens@example.net,088-5930458,Winde,Netherlands,2026-05-26,No
WC002728,Faas,Adriaansen,roos06@example.org,0211-799768,Grubbenvorst,Netherlands,2025-05-29,No
WC002729,Sterre,van Berkum,bo80@example.com,(041) 5191329,Soest,Netherlands,2026-06-16,Yes
WC002730,Joep,van Embden,kvan-dommelen@example.com,(067)-6907649,Westknollendam,Germany,2023-09-11,No
WC002731,Amina,Jurrijens,phorrocks@example.com,005-8825701,Wichmond,France,2024-10-23,No
WC002732,Leah,van Parijs,van-breukeleveenolivier@example.com,+31470 686918,Zwiggelte,Netherlands,2023-09-30,No
WC002733,Maria,de Roo,kleibrinkroos@example.org,,Hollandscheveld,France,2026-04-26,Yes
WC002734,Megan,van Bernicia,wjekel@example.org,+3120-3631847,Koufurderrige,Belgium,2025-06-22,No
WC002735,Jorn,Kas,cato60@example.org,(028) 0567535,Kloosterzande,France,2024-12-15,Yes
WC002736,Naomi,Saxo,jasmijnoosterhout@example.com,+31(0)51 9629381,Zoelen,Belgium,2024-04-25,Yes
WC002737,Maxim,Westerburg,fpotters@example.net,(027) 4845034,Lutjebroek,Germany,2025-05-16,Yes
WC002738,Jasper,Bellemans,elisavan-beeck-beeckmans@example.com,+3149-2483792,Húns,France,2024-03-18,No
WC002739,Loïs,van der Horst,avan-dam@example.org,(039)-0993705,Ell,Belgium,2024-11-25,No
WC002740,Emir,Cadefau,mathijsjdotte@example.com,+31(0)76-6039405,Ulvenhout AC,Netherlands,2024-04-25,Yes
WC002741,Britt,Zuijdveld,joostelsenaar@example.com,+3150 4452204,Waalwijk,Netherlands,2025-05-05,Yes
WC002742,Lola,Rackham,rshupe@example.net,(052)-9873228,Veenklooster,Netherlands,2024-01-01,No
WC002743,Norah,Joosten,livia85@example.net,(033)-9138408,Liempde,Belgium,2026-04-26,No
WC002744,Damian,Marchand,lorenzokof@example.net,+31591-952728,Hengelo (Gld),France,2025-03-12,Yes
WC002745,Ise,Ketel,yde-jager@example.com,+3139 0142853,Sinderen,France,2024-08-25,Yes
WC002746,Kyara,Walsteijn,van-duyvenvoordemika@example.com,(037) 2646836,Klazienaveen-Noord,Netherlands,2024-04-25,Yes
WC002747,Sophia,van Leuven,gspreeuw@example.com,(046)-8586825,Ryptsjerk,France,2025-06-17,Yes
WC002748,Julius,Bronder,aronvan-noordeloos@example.net,+31(0)72 7009043,Minnertsga,Belgium,2025-09-25,No
WC002749,Emma,Timmerman,uvan-der-zijl@example.com,+3192-1046242,Woudbloem,France,2024-11-07,No
WC002750,Niek,de Roos,west-francie-vanmelle@example.org,0239-398643,Uitwijk,France,2025-09-14,Yes
WC002751,Dean,Maaswinkel,hubertsjordy@example.net,0213 654340,Zijdewind,Netherlands,2024-11-27,No
WC002752,Cas,de Jode Vastraedsd,speijerfatima@example.org,+3155 4160761,Baarland,France,2025-06-04,No
WC002753,Jenna,Roose,xtielemans@example.net,011 2957166,Drachtstercompagnie,Belgium,2025-03-28,Yes
WC002754,Indy,Ooms,annemijn61@example.com,0028-524281,Boven-Leeuwen,Germany,2025-08-15,No
WC002755,Lisa,van Vlaanderen,bierstratennaomi@example.net,0491-270257,Laag-Soeren,Netherlands,2024-06-22,No
WC002756,Iris,van Beaumont,joey45@example.net,(013)-3267028,Zeerijp,France,2024-10-27,Yes
WC002757,Owen,Merckx,femkruns@example.org,,Kapellebrug,Germany,2024-02-28,No
WC002758,Sepp,Bruynzeels,lizeoostveen@example.net,+31(0)657-181444,Hegelsom,Belgium,2024-03-25,Yes
WC002759,Jens,Ligtvoet,jessevan-jumiege@example.com,+31(0)98-8188836,Swichum,Germany,2025-12-17,Yes
WC002760,Berat,Zijlemans,jvan-den-pol@example.com,+31089 245068,Roosteren,France,2025-05-09,No
WC002761,Jente,Mijsberg,de-grootsofie@example.com,+31(0)47-7808397,Warmond,Belgium,2025-04-17,Yes
WC002762,Sepp,van Herstal,bsimons@example.net,+31536-383064,Graft,Belgium,2025-01-11,Yes
WC002763,Jinthe,Kremer,sethvan-boulogne@example.net,0834-021899,Hegelsom,France,2025-12-26,Yes
WC002764,Livia,Rouwhorst,isismichiels@example.org,+3158-6719474,Jorwert,Belgium,2024-04-21,No
WC002765,Mason,Boddaugh,indy41@example.org,+31436 725703,Oud Ootmarsum,Belgium,2023-10-16,Yes
WC002766,Karlijn,van Nes,jvan-laarhoven@example.org,+31(0)676 752277,Hattem,France,2025-08-02,Yes
WC002767,Senn,Huijs,hhoelen@example.net,+31(0)682 720332,Bavel AC,France,2023-12-16,No
WC002768,Imran,van der Klijn,michanijman@example.net,062 2093646,Sibculo,Belgium,2025-07-12,No
WC002769,Bastiaan,Jansse,esmee79@example.net,(054)-6882485,Oostzaan,Belgium,2023-11-26,Yes
WC002770,Stella,Broeckx,lmolenaar@example.net,050 7408558,Daarle,Germany,2024-05-02,No
WC002771,Lisa,van Soest,marchandsterre@example.com,064-9502093,Vogelenzang,France,2024-05-28,Yes
WC002772,Elise,Kamper,maud20@example.net,(031)-6795639,Burgerbrug,Germany,2023-10-21,Yes
WC002773,Felix,van Dam,willemsjob@example.com,+31(0)693-534839,Hurdegaryp,Germany,2024-07-14,No
WC002774,Suus,Blom,omathieu@example.com,+3131 4777283,Rekken,Belgium,2023-10-07,Yes
WC002775,Gijs,van der Ven,corneliszdina@example.org,+31(0)70 8805881,Hempens,France,2023-08-17,Yes
WC002776,Vajèn,van Geffen,senn62@example.net,(0787) 105687,Anevelde,France,2024-11-26,Yes
WC002777,Danique,Verheuvel,jverschut@example.net,+3119 3597143,Anjum,Belgium,2025-03-06,No
WC002778,Nadine,Haengreve,svan-de-pol@example.net,+31564 869978,Kornwerderzand,Netherlands,2024-09-19,Yes
WC002779,Mads,Loreal,fwerdes@example.net,(054)-4620771,Dalen,France,2026-04-08,No
WC002780,Sebastiaan,van Formbach,rlamore@example.com,016-9494029,Boerakker,France,2025-02-18,Yes
WC002781,Danique,Winnrich,rayanwaardeloo@example.net,+31(0)57 9914542,Balkbrug,Belgium,2026-04-14,No
WC002782,Sil,Westermann,noah96@example.net,0972-845510,Riethoven,Netherlands,2025-11-18,Yes
WC002783,Aimée,Schipper,van-oudewaterwouter@example.net,(0059)-094457,Hansweert,Netherlands,2023-10-17,No
WC002784,Loes,van der Smeede,van-de-weterinklynn@example.net,+31408-988634,Sleeuwijk,Netherlands,2025-06-03,Yes
WC002785,Max,Vaessen,jonathansteenbeek@example.org,+31540 249173,De Kiel,France,2024-02-21,Yes
WC002786,Emir,van Roijen,wigmanolivia@example.com,+3163-9458102,Langeweg,Netherlands,2026-04-06,No
WC002787,Lizz,Neuzerling,clorreijn@example.org,+31(0)51-7841027,'s-Gravenhage,Netherlands,2023-11-06,No
WC002788,Michelle,Heijmen,jaschman@example.com,+31(0)710-459156,Piershil,Germany,2023-10-03,No
WC002789,Jason,Recers,sarah47@example.org,(0577) 148784,Gemert,France,2024-06-23,Yes
WC002790,Yfke,Spruit,xvan-mil@example.net,+31(0)32 1675484,Sellingen,Germany,2026-01-20,Yes
WC002791,Joël,van Breukeleveen,de-graafeliza@example.net,0029 869586,Ferwoude,France,2025-11-17,Yes
WC002792,Elise,Brizee,qgroote@example.org,+31892-021100,Eenrum,Netherlands,2025-05-17,No
WC002793,Dylan,Henric van den Nuwenhuse,amirkeijser@example.org,0493 140161,Wittem,Germany,2026-06-09,Yes
WC002794,Esmée,Heere,hellevoortryan@example.net,+31(0)320-731166,Hurwenen,France,2025-10-26,No
WC002795,Simon,Coreth von und zu Coredo und Starkenberg,elisa52@example.net,(084)-7710670,Guttecoven,Belgium,2026-01-10,No
WC002796,Ayoub,van der Sande,tijsvan-evelingen@example.com,+31829 558211,Tollebeek,Netherlands,2024-03-17,No
WC002797,Kayleigh,de Grote,jeltestoffel@example.org,+31231 033065,Jelsum,Netherlands,2025-03-20,Yes
WC002798,Dean,Ligtvoet,briande-wit@example.com,094-9164190,Beuningen Gld,France,2024-12-14,No
WC002799,Ravi,Belpere,james42@example.org,+31(0)28-1083440,Rijkevoort,Belgium,2026-03-22,No
WC002800,Dina,Fremie,jhehl@example.com,(044)-3572619,Teuge,Belgium,2023-11-28,Yes
WC002801,Amber,Barents,joep03@example.com,+31(0)803 082150,Lamswaarde,France,2025-08-26,Yes
WC002802,Amélie,Meeres,ojonker@example.org,+3120-1545605,Halle,Belgium,2023-12-08,Yes
WC002803,Maartje,Kuilenburg,luke75@example.com,035 8308126,Tiel,Belgium,2025-10-01,Yes
WC002804,Annabel,Mosley,senn49@example.org,(0625)-501730,Niekerk,Netherlands,2026-01-22,Yes
WC002805,Noud,Jekel,bas94@example.com,+31(0)336 082222,Weidum,Belgium,2025-09-21,Yes
WC002806,Roan,Marchal,lisa92@example.org,(039)-2680717,Groesbeek,Netherlands,2025-07-29,Yes
WC002807,Johannes,Muller,joep10@example.org,+3171 1406684,Soest,Germany,2025-09-19,Yes
WC002808,Nathan,Schuurmans,amansvelt@example.org,(0225) 000194,Oldehove,Belgium,2026-03-03,No
WC002809,Matthias,van Ham,livluitgardis-van-neustrie@example.com,(016) 5882219,Zweins,Belgium,2025-07-19,Yes
WC002810,Aaron,Gemen,linn02@example.net,0680-610167,Hank,Netherlands,2025-08-07,Yes
WC002811,Abel,Recers,matthiaslankle@example.org,+31(0)54 8132570,Beugen,Germany,2023-09-01,No
WC002812,Julie,van de Greef,hbartels@example.net,(0417) 819008,Eeserveen,Belgium,2024-04-04,No
WC002813,Bente,Roosenboom,naomivan-de-kooij@example.net,0284-463388,Edam,Belgium,2023-08-25,No
WC002814,Tara,Kort,nynkeeverts@example.org,(0639) 726460,Koudum,France,2025-01-29,No
WC002815,Koen,Zwart,lambersnorah@example.net,+31(0)479-373619,Losdorp,Germany,2023-12-20,Yes
WC002816,Jasper,Dekker,jennifer61@example.org,(017) 6912672,Nooitgedacht,Germany,2025-11-12,Yes
WC002817,Ize,le Guellec,tirza18@example.net,+31(0)36 3692430,Niawier,France,2025-08-22,Yes
WC002818,Jay,Thout,lhaneberg@example.com,+31519 037589,Koudum,Netherlands,2026-02-23,Yes
WC002819,Silke,Otto,naomibertho@example.org,+31(0)989-762155,Sauwerd,France,2024-07-06,No
WC002820,Tygo,van Berkel,hexspoorvera@example.net,013 9708411,Molkwerum,Netherlands,2025-02-24,No
WC002821,Cato,Bos,,+3173-8821757,Haarlemmerliede,Netherlands,2024-03-27,Yes
WC002822,Joep,Mathieu,jules72@example.com,+31830-476527,Schraard,France,2023-12-17,No
WC002823,Suze,Rubben,dexcornelisz@example.com,0265-243343,Oostkapelle,Germany,2023-11-23,Yes
WC002824,Johanna,Bruggeman,niek57@example.net,+3171-5390417,Balloërveld,Belgium,2025-07-17,Yes
WC002825,Kay,Claesner,hexspoorjoost@example.org,+31(0)78-6280518,Zijderveld,Germany,2024-11-11,No
WC002826,Jill,Bartels,lvan-ginkel@example.net,(0745)-207688,Heijen,Germany,2024-08-25,Yes
WC002827,Imke,Riem,avan-loon@example.net,077-5820652,Aerdenhout,France,2025-12-22,Yes
WC002828,Lynn,van de Velden,ferranelise@example.com,+31621 963662,Goedereede,Netherlands,2023-10-14,Yes
WC002829,Eva,Stettyn,van-baalenmaja@example.com,(005)-1579151,Zweins,France,2024-08-27,No
WC002830,Daphne,van der Horst,benverkade@example.org,005 2947418,Ankeveen,Belgium,2024-07-10,Yes
WC002831,Nina,Poncelet,ndraaisma@example.net,+31(0)37-9622929,Bitgummole,Belgium,2024-11-01,Yes
WC002832,Lize,van Oirschot,rousseletluna@example.org,+31(0)59-9183591,Koog aan de Zaan,France,2025-11-08,Yes
WC002833,Lotte,van der Ploeg,sepverbeek@example.com,0728-809104,Kerkdriel,Germany,2025-06-23,Yes
WC002834,Marinus,Walsteijn,invalid.email,(0277) 308657,Geervliet,Belgium,2024-05-08,No
WC002835,Justin,Sanders,loes35@example.org,0753-087070,Spijk,France,2024-12-19,Yes
WC002836,Vince,Vandenbergh,mees53@example.net,+31(0)135 663424,Enschede,France,2026-07-04,Yes
WC002837,Esther,Smith,nvan-t-riet@example.org,0546 428364,Ezinge,Belgium,2026-05-15,No
WC002838,Pim,Olykan,cvignon@example.net,(0742) 429807,Best,France,2025-12-28,Yes
WC002839,Daan,Fechant,xvan-gelder@example.com,(0419)-931683,De Heurne,France,2024-02-15,Yes
WC002840,Ryan,van Dommelen,laurapasman@example.net,(0791) 801326,Baarle-Nassau,Netherlands,2025-06-09,No
WC002841,Bastiaan,Strijker,cbrumleve@example.net,(0521) 509021,Doldersum,Germany,2024-09-10,Yes
WC002842,Elisa,Ghoerle,amina74@example.org,+31(0)71-3350011,Nijhuizum,Belgium,2025-06-24,Yes
WC002843,Ali,Beernink,djacobs@example.com,(0243) 563286,Jonkersvaart,Netherlands,2026-05-20,Yes
WC002844,Noah,Speijer,sjoerd56@example.org,(057) 0304100,Nijeveen,Germany,2025-11-09,No
WC002845,Dave,van Hemert,pien03@example.org,+31(0)83 2949882,Wetering,Netherlands,2024-06-04,Yes
WC002846,Ties,Jeggij,amberd-heripon@example.com,+31(0)51-1124709,Kamerik,Germany,2024-11-17,No
WC002847,Yara,Muijs,lilyvan-wijk@example.org,+31(0)02-5136342,Firdgum,Belgium,2025-01-02,Yes
WC002848,Tijn,de Strigter,kde-jode-vastraedsd@example.net,(0114) 489547,Puttershoek,France,2025-10-07,No
WC002849,Mike,Bouwhuisen,zkonings@example.com,+31126 681638,Radio Kootwijk,Germany,2025-12-23,No
WC002850,Eline,Keltenie,liz75@example.net,+3111-8619615,Bredevoort,Belgium,2023-09-22,Yes
WC002851,Robin,Weylant,sepp35@example.net,+31(0)399-396232,Rijswijk,France,2024-07-05,Yes
WC002852,Tycho,van der Linden,van-t-ervequinty@example.org,(0211)-865237,Buitenkaag,Netherlands,2024-01-23,Yes
WC002853,Merel,van Dillen,emma92@example.net,063 8879040,Enter,France,2023-09-03,Yes
WC002854,Dylano,Brizee,josephinesteenbeek@example.org,(001) 5643705,Jonkerslân,Germany,2024-05-24,No
WC002855,Rick,Wever,anneneuteboom@example.net,+3100 5875564,Hempens,Netherlands,2024-09-11,Yes
WC002856,Alex,van de Brink,pgroen@example.com,(011) 0193122,Akersloot,Belgium,2026-06-15,No
WC002857,Ella,Roodesteijn,gielvan-dalem@example.com,(031) 1292723,Balkbrug,France,2025-12-05,Yes
WC002858,Morris,Recers,ipeterse@example.org,(0666) 746444,Den Andel,Germany,2024-09-13,Yes
WC002859,Bradley,Boudewijns,westerburgfeline@example.net,006 9103065,Andel,Netherlands,2025-11-12,Yes
WC002860,Jens,van Laar,milavertooren@example.org,049-9488038,Haastrecht,France,2024-07-27,Yes
WC002861,Aimée,die Witte,frederique98@example.com,+31(0)88 2988495,Deil,Belgium,2025-09-15,Yes
WC002862,Joël,Woudenberg,quinn08@example.net,028 7338539,Puth,France,2024-04-06,No
WC002863,Jesper,Suijker,rponcelet@example.com,(088)-4229252,Ruigahuizen,France,2026-04-22,Yes
WC002864,Féline,Le Marec,chloeveenendaal@example.com,(015) 8438387,Doorwerth,Netherlands,2025-11-26,No
WC002865,Stijn,van Beaumont,fabiennewillems-van-lier@example.com,0297 323928,Haule,Belgium,2024-02-16,No
WC002866,Amin,van Noort,collinkorstman@example.net,+3173-2424015,Reek,France,2024-07-06,No
WC002867,Aaliyah,Blees,erecers@example.org,+31(0)03-2833525,Baarn,Belgium,2026-03-21,No
WC002868,Dirk,Lucas,valerie70@example.net,076 2457228,Donkerbroek,Germany,2024-02-20,Yes
WC002869,Jelte,Arnold,broedersamelie@example.net,+31(0)605-898015,Niekerk,Germany,2026-07-15,No
WC002870,Mads,Coret,jaylinnvan-beieren@example.org,(067)-4091083,Mûnein,Netherlands,2023-11-28,No
WC002871,David,Spier,schrikhannah@example.com,(0000) 088413,Enter,Germany,2025-04-13,No
WC002872,Damian,Moensendijk,valeriepeters@example.com,+3128 5504081,Ellertshaar,France,2026-07-04,No
WC002873,Elise,Greij,mick73@example.net,+31(0)219 491251,Vasse,France,2024-05-11,Yes
WC002874,Amelia,Doyle,yassin45@example.com,044-5706056,Lutten,Netherlands,2025-09-16,Yes
WC002875,Pien,van der Heijden,dylano20@example.com,(082) 9904480,Benningbroek,Germany,2026-02-27,No
WC002876,Thomas,Hermans,lucasmaaswinkel@example.net,(063)-0832846,Erm,Germany,2025-12-09,Yes
WC002877,Lieke,van Grondelle,liv16@example.com,+31992 511462,Oirsbeek,Germany,2023-08-28,No
WC002878,Niek,Coret,jaylinnkriens@example.com,(0111)-351538,Venlo,France,2025-08-08,Yes
WC002879,Selina,van Rijnsbergen,emily91@example.org,+3115 2429237,Ingen,Belgium,2025-01-16,Yes
WC002880,Esila,Vertoor,maaike07@example.com,+3164-8893014,Rhenoy,Germany,2026-05-31,No
WC002881,Anne,Vaessen,pimde-heer@example.com,(051) 3140174,Middelharnis,France,2024-01-18,No
WC002882,Angelina,Blom,joris40@example.org,+31(0)730-541931,Tiendeveen,Belgium,2024-07-30,No
WC002883,Jorn,Lamore,kirpensteintara@example.com,+31(0)492 568964,Siddeburen,France,2024-09-20,Yes
WC002884,Ties,van Wijk,davidwinnrich@example.org,+31941 017075,Moddergat,Netherlands,2026-05-31,Yes
WC002885,Lotte,Schipper,charlotte85@example.com,+31000-894710,Kamerik,Germany,2025-04-15,No
WC002886,Aylin,van Vlaanderen,owalsteijn@example.org,(0996) 033566,De Kwakel,France,2024-08-21,No
WC002887,Wout,Mathol,jasper13@example.net,+31(0)714-072732,Middelharnis,France,2025-06-16,Yes
WC002888,Rick,Frerichs,majavan-wijk@example.org,0932 173099,Schipborg,Belgium,2025-01-26,Yes
WC002889,Catharina,Boddaugh,serralisa@example.org,(0976)-359996,Denekamp,Germany,2023-08-16,No
WC002890,Mads,Verhoeven,hgervais@example.com,(0477)-771513,Mariahout,Belgium,2024-06-04,No
WC002891,Lena,Linschoten,rileyvan-loon@example.com,+3179 6060670,Assen,Germany,2026-06-11,No
WC002892,Aylin,de Graaf,davejeggij@example.net,0713-304446,Raamsdonk,Netherlands,2024-09-22,Yes
WC002893,Olivier,Bernaards,wvan-es@example.org,(006) 9273408,Santpoort-Zuid,Belgium,2025-10-06,Yes
WC002894,Olivia,Bastiaense,floortjevan-kasteelen@example.org,(0430)-668928,Grevenbicht,France,2024-09-27,Yes
WC002895,Sebastiaan,van der Horst,van-spreuwelmees@example.com,0426 307866,Delfgauw,Germany,2025-03-14,No
WC002896,Daan,Bouwhuisen,sil24@example.com,+31(0)21-2117142,Oterleek,Belgium,2026-02-07,No
WC002897,Isabella,Blom,fbernaards@example.com,+31(0)232 727344,Veulen,Belgium,2024-03-10,Yes
WC002898,Amir,Galenzone,godertsjade@example.net,081-1688875,'s-Gravenzande,Netherlands,2024-09-08,No
WC002899,Luuk,Broeshart,pschroeff@example.org,+31753 013934,Tull en 't Waal,Netherlands,2026-02-19,Yes
WC002900,Bo,Zijlemans,jansems@example.org,(066)-9935989,Lutjebroek,Germany,2025-10-21,No
WC002901,Hanna,de Haan,mullerryan@example.com,034-8009093,Delwijnen,Belgium,2023-10-28,No
WC002902,Marinus,Blokland,bilaljdotte@example.com,0332-790801,Houwerzijl,Germany,2026-02-09,No
WC002903,Ise,le Gulcher,mulderlars@example.net,070-4535236,Horn,Germany,2025-09-08,Yes
WC002904,Elize,van Hamaland,liza15@example.com,+31(0)252 882017,Kring van Dorth,Netherlands,2024-03-28,No
WC002905,Sjoerd,Kof,llensen@example.org,+3100-4200711,Burgwerd,France,2025-03-26,No
WC002906,Timo,Neuteboom,liv04@example.org,+31(0)177-372906,Mheer,Germany,2023-11-14,No
WC002907,Mart,Ellis,farens@example.org,0031-612231,Langerak,France,2025-10-31,Yes
WC002908,Sem,Haneberg,michellegoudriaan@example.com,(0202)-564968,Zaandijk,Netherlands,2025-01-08,Yes
WC002909,Elisa,Schatteleijn,van-ommerenaya@example.org,+31973 380242,Boazum,France,2026-05-26,Yes
WC002910,Felix,Corstiaens,jinthetillmanno@example.org,+31(0)175 042284,Abcoude,Germany,2026-05-05,Yes
WC002911,Arie,de Haan,pimvan-bruchem@example.org,+3103-8451032,De Wilgen,France,2024-05-07,Yes
WC002912,Julius,Stoffelsz,uarts@example.com,0912 325430,Bleskensgraaf ca,France,2026-05-19,Yes
WC002913,Mare,Everts,svengnodde@example.com,+31531 135784,Hilaard,France,2026-03-01,Yes
WC002914,Jade,Rackham,wessel68@example.org,+3190-6049356,Delft,Belgium,2024-12-31,Yes
WC002915,Melle,van Dongen,,078 5390881,Hank,Netherlands,2024-01-23,Yes
WC002916,Mark,Pieters van der Maes,lemmenspieter@example.net,(008)-7115258,Nieuwaal,Netherlands,2024-03-20,No
WC002917,Joy,Boetet,gvan-der-ven@example.org,+31162-237698,Zuidermeer,Belgium,2025-01-28,Yes
WC002918,Jip,Adriaansen,kyanvan-wessex@example.net,0144-626632,Warstiens,France,2024-11-16,No
WC002919,Luc,Claesdr,uwolfswinkel@example.com,(0129)-637146,West-Terschelling,Germany,2026-04-19,Yes
WC002920,Mia,Adelaar,gfreshour@example.com,(060)-9324920,Haarle,Germany,2025-01-21,No
WC002921,Sanne,de Korte,kyaravan-wijk@example.net,+3154 6780683,Huisseling,Netherlands,2025-03-12,No
WC002922,Mike,de Gratie,khermans@example.net,+3128 4466257,Heiligerlee,Germany,2024-01-24,No
WC002923,Laurens,Ramaker,van-het-heerenveenjonathan@example.org,098 7311604,Uitwijk,Germany,2025-11-28,Yes
WC002924,Mike,van der Strigt,van-munsterwillem@example.org,053-6880974,Nieuwediep,Belgium,2024-03-28,No
WC002925,Guus,Ehlert,eliflether@example.com,0404 726997,Mirns,Germany,2024-01-19,No
WC002926,Lena,Marceron,meijeremir@example.org,+31(0)49 0887156,Stampersgat,France,2025-09-07,Yes
WC002927,Daniël,der Kijnder,ezwart@example.com,+31521 132366,Hellevoetsluis,France,2025-09-24,Yes
WC002928,Adriana,Merkx,sprongcornelia@example.org,(0601)-380584,Warstiens,Germany,2024-03-27,Yes
WC002929,Jordy,Vergeer,wkathagen@example.com,+3183-7429765,Weert,France,2025-05-13,No
WC002930,Guusje,van 't Riet,pepijn06@example.net,+3133-0817780,Donkerbroek,France,2025-03-29,Yes
WC002931,Arthur,Duivenvoorden,joris93@example.org,0640 907722,Eenum,Belgium,2026-01-22,No
WC002932,Tom,Wildschut,hvan-t-houteveen@example.com,0256 843457,Kwintsheul,Germany,2023-09-05,No
WC002933,Alyssa,Haneberg,lveltman@example.com,+31337-849698,Klaaswaal,Germany,2024-11-12,No
WC002934,Kate,Molegraaf,nhendrikse@example.org,(003) 5286282,Geeuwenbrug,France,2025-10-19,No
WC002935,Fay,Ellis,finn05@example.net,+31(0)90-1867619,Borgercompagnie,Netherlands,2024-12-01,Yes
WC002936,Koen,Blom,van-ochtentara@example.net,(0697)-557819,Hijum,Belgium,2024-06-28,Yes
WC002937,Luke,Pratt,svan-wijland@example.net,(031)-2034535,Daarlerveen,Netherlands,2025-01-16,No
WC002938,Guus,Blom,,(0933) 535116,Drachten-Azeven,Belgium,2024-04-15,Yes
WC002939,Lena,Linschoten,lize00@example.com,+3197-7720677,Renesse,Netherlands,2024-09-04,Yes
WC002940,Thomas,Muijs,vvan-leuven@example.com,092-8726701,Sevenum,Netherlands,2025-02-02,No
WC002941,Luna,van Engeland,kerkhofjoost@example.com,+3154 7386937,Waal,France,2024-04-01,No
WC002942,Vajèn,Langevoort,maaike43@example.org,036 2660959,Windraak,France,2024-04-05,Yes
WC002943,Lizz,Spiker,spruyttyler@example.net,063-9282798,Bergen (NH),Germany,2024-01-07,No
WC002944,Luca,Tuithof,janssenyfke@example.com,(0378) 149817,Wintelre,France,2026-04-05,Yes
WC002945,Quinten,Thout,ischilt@example.com,+31(0)91-7895630,Amstelveen,Belgium,2023-10-24,Yes
WC002946,Quinty,Jurrijens,leondoorhof@example.com,(0147) 156660,Obdam,Belgium,2024-07-04,Yes
WC002947,Arie,Scholten,juul08@example.com,+31134 284192,Zeeland,Germany,2025-12-14,Yes
WC002948,Jelte,van de Noordmark,victoriavan-de-leemput@example.com,(013) 3972998,Sommelsdijk,Belgium,2025-01-03,No
WC002949,Romy,Engels,stettynolivia@example.com,+31(0)11-5087960,Wenum Wiesel,France,2025-07-04,Yes
WC002950,Nova,Wilson,linnrecers@example.net,(0440)-115878,Lith,Belgium,2024-08-20,Yes
WC002951,Anouk,Jekel,michaelkwaadland@example.net,+31(0)60 1431255,Rhoon,France,2023-08-28,No
WC002952,Lot,Dennenberg,van-der-veiverbram@example.net,(057) 5276479,Biervliet,Netherlands,2023-11-20,Yes
WC002953,Berat,Aertsz,imranschakelaar@example.org,(081)-4988352,Hazerswoude-Rijndijk,Germany,2026-04-21,No
WC002954,Liam,Westermann,nvan-de-coterlet@example.net,+31(0)12 0377532,Hank,Germany,2026-02-05,No
WC002955,Anna,Soos,schellekensbram@example.net,+3197 3555519,Cruquius,Netherlands,2025-05-24,Yes
WC002956,Feline,van den Broek,yverboom@example.org,(0770) 716056,Gieten,Germany,2024-08-22,No
WC002957,Faye,Koster,basvan-kusen@example.com,+31(0)211-283872,Slootdorp,Germany,2025-05-10,Yes
WC002958,Muhammed,Frankhuizen,senna77@example.org,+31838-679211,Westwoud,Netherlands,2025-02-18,No
WC002959,Teun,van Opper-Lotharingen,jortvan-dongen@example.com,+31912 277541,Scheulder,Belgium,2024-03-06,No
WC002960,Mason,Wolters,van-rietmatthias@example.org,(083)-4626521,Wedde,Germany,2025-07-07,Yes
WC002961,Philip,van den Oever,elisabeth17@example.org,(0977) 580543,Soesterberg,France,2024-06-21,No
WC002962,Felix,van Venrooy,nadinevan-engelen@example.net,+31994-208947,Krimpen aan den IJssel,Germany,2025-09-11,Yes
WC002963,Senna,Ellis,meletalexander@example.net,+31473-553370,Putte,Germany,2025-05-01,No
WC002964,Ian,Lommert,fleur31@example.net,058-5919383,Erm,Belgium,2023-10-12,Yes
WC002965,Tijs,Ridder,van-ginkeladam@example.com,0996 179641,Mookhoek,Germany,2025-08-16,Yes
WC002966,Noud,Vink,victorvan-formbach@example.net,+3125-6270620,Onstwedde,France,2025-02-26,No
WC002967,Milan,van de Darnau,zarakoster@example.com,0771-522936,De Wilgen,Germany,2026-04-05,Yes
WC002968,Kaylee,van Wessex,emma49@example.net,0614-339789,St.-Jacobiparochie,Netherlands,2026-03-13,No
WC002969,Hidde,van Wijland,egalenzone@example.org,(0201) 921689,Gasselte,Netherlands,2024-03-20,Yes
WC002970,Sten,Simons,de-kaleize@example.com,+31(0)02-9744874,Heteren,France,2024-03-12,No
WC002971,Amber,Pierson,rosa15@example.net,0670 530366,Winterswijk Miste,France,2024-01-28,Yes
WC002972,Ninthe,van Haspengouw Hesbaye,plieshout@example.com,+31(0)129-620052,Keijenborg,Netherlands,2024-04-16,Yes
WC002973,Roos,Aarden,verhoevenaron@example.org,(010) 3767569,Oud Ootmarsum,Netherlands,2023-09-29,Yes
WC002974,Liza,Slingerland,boriswolffel@example.org,001-7370923,Mill,Belgium,2026-02-27,No
WC002975,Sanne,Hendriks,huijsjulia@example.org,0330 352589,Riethoven,Germany,2025-11-24,No
WC002976,Sjoerd,Westerbeek,quintenverhoeven@example.net,(019)-6459046,Delfzijl,France,2024-10-06,Yes
WC002977,Daniel,van der Kaay,gde-leeuw@example.com,0793 247753,Waal,Netherlands,2024-06-19,Yes
WC002978,Nora,van Klaarwater,sde-bruijn@example.org,+31675 544844,Skingen,Belgium,2024-12-07,No
WC002979,Fabiënne,Willemsen,van-metzmilou@example.org,+31(0)309 416028,Groeningen,France,2024-12-16,Yes
WC002980,Fleur,die Pelser,hulstvictoria@example.org,(0967)-831632,Diphoorn,Germany,2025-12-28,Yes
WC002981,Tirza,Velderman,isisvan-der-smeede@example.org,(0378) 309248,Eerbeek,Belgium,2024-12-31,Yes
WC002982,Riley,de Lange,luca55@example.net,+3185-0512376,Kampen,France,2026-01-19,Yes
WC002983,  Twan  ,de Vries,laura67@example.com,+31(0)905-136597,Lierderholthuis,Netherlands,2023-08-13,Yes
WC002984,Silke,Joosten,bart20@example.com,(0513)-554516,Surhuisterveen,Netherlands,2025-06-01,Yes
WC002985,Sam,van Velthoven,nadinescherms@example.net,+31(0)93 9992757,Zwanenburg,Netherlands,2025-08-18,No
WC002986,Amina,van Santen,wrijks@example.org,0955-540521,Hall,Germany,2026-07-06,Yes
WC002987,Linde,van den Berg,mads84@example.net,008 2001713,Bunschoten-Spakenburg,Belgium,2025-08-25,Yes
WC002988,Thijmen,Everts,renske32@example.org,(058)-1030736,Ursem gem. S,France,2023-11-08,No
WC002989,Elizabeth,Gepa van Bourgondië,leah05@example.net,+3185 1179900,Engwierum,France,2023-12-20,Yes
WC002990,Raf,Shupe,ihuisman@example.org,001 7204219,Wyns,Netherlands,2024-11-12,Yes
WC002991,Abel,Rijcken,ekleybrink@example.org,+3195-8520331,Jonkersvaart,Netherlands,2025-06-11,No
WC002992,Mohammed,BLOM,pvan-wijk@example.net,+31(0)45-1546541,Aalsmeerderbrug,Netherlands,2024-10-27,No
WC002993,Puck,Jansse,wunderinkfleur@example.com,094-3079143,Een-West,Netherlands,2025-08-05,Yes
WC002994,Iris,van den Berg,joephuurdeman@example.org,0882-212540,Hurdegaryp,France,2024-08-18,Yes
WC002995,Rens,Huisman,suus05@example.com,+31(0)208-188536,Akmarijp,Germany,2026-02-04,No
WC002996,Mike,Roessink,cas61@example.com,(077) 4505035,Lettelbert,Germany,2024-01-29,Yes
WC002997,Lena,van Oostendorp,kyra48@example.net,027 6259029,Baambrugge,France,2024-01-19,No
WC002998,Tijn,Martel,den-teulingkarlijn@example.org,+31(0)859 148089,Hoog Soeren,Belgium,2025-10-13,No
WC002999,Yfke,Everts,isistexier@example.com,(041)-6541902,Hoogwoud,France,2023-12-04,Yes
WC003000,Thijmen,Fortuyn,van-den-corputfem@example.org,+3158-9584952,Appeltern,France,2025-01-13,No
WC003001,Anne,van Duivenvoorde,hde-bont@example.com,(0592) 308066,Odoorn,Germany,2026-01-27,No
WC003002,Aiden,van Arkel,isis84@example.com,(017)-4880683,Anevelde,France,2026-02-08,No
WC003003,Damian,Walsteijn,elinde-vries@example.com,+31807 360298,Kloetinge,Germany,2023-11-14,No
WC003004,Annabel,van Landen,ohehl@example.net,(031)-9736911,Waaxens,Belgium,2024-02-11,Yes
WC003005,Tijmen,Becht,van-gentbenthe@example.com,023-3664900,Den Burg,Germany,2025-06-20,Yes
WC003006,Chloë,Prinsen,tvan-beek@example.org,+3152 4066594,Rottevalle,Belgium,2025-10-06,Yes
WC003007,Eliza,Verheuvel,noorverkade@example.net,+31(0)636 749954,'s-Graveland,France,2025-06-17,No
WC003008,Lenn,Cammel,maja62@example.net,095 0500993,Enkhuizen,Netherlands,2023-11-19,Yes
WC003009,Lisa,Scharroo,van-der-flaasrens@example.net,0382 722667,Ypecolsga,Belgium,2026-05-12,No
WC003010,Jonas,Post,wesleyrecers@example.com,+31473 118711,Herpt,Belgium,2024-11-18,Yes
WC003011,Cornelia,van Kasteelen,hendricksisabella@example.net,+31(0)474-164723,Huis ter Heide,Germany,2025-11-02,No
WC003012,Aiden,Estey,sanne49@example.com,0261-904937,Hernen,Germany,2026-04-08,No
WC003013,Maria,van Ginneke,ltirie@example.net,044 5443488,Warfhuizen,Germany,2023-11-06,No
WC003014,Mick,van der Flaas,gkolster@example.com,(0697)-346581,Neerkant,Belgium,2023-09-08,No
WC003015,Evi,Huisman,hguit@example.net,(063) 0295214,Rijnsaterwoude,France,2024-02-27,Yes
WC003016,Sep,Lips,ebrandon@example.net,(052)-4594391,Tricht,Germany,2024-05-27,No
WC003017,Ceylin,van Bovene,sepp04@example.org,(0862) 816782,Mheer,Belgium,2025-03-26,Yes
WC003018,Vajèn,van Ginneke,ukok@example.org,+31(0)46-1297463,Holwierde,Belgium,2026-07-29,Yes
WC003019,Saar,Jochems,ponsjenna@example.com,+31(0)65 1526917,Heemstede,France,2026-03-11,No
WC003020,Lise,Scherms,elise42@example.com,(0720) 545145,Zonnemaire,Belgium,2024-10-06,No
WC003021,Aron,Ouwel,jacquotmara@example.org,(036)-0672821,Kornwerderzand,Netherlands,2025-03-12,Yes
WC003022,Tristan,Verbeeck,kunenwillem@example.com,034 5667593,Ovezande,Netherlands,2024-09-06,Yes
WC003023,Ibrahim,Vial,floorvan-hemert@example.net,+31(0)91 0696011,Raerd,Germany,2025-11-16,Yes
WC003024,Jente,van Dillen,ffriehus@example.com,(011)-8089347,Zwammerdam,France,2026-05-03,No
WC003025,Lana,Vos,lynn99@example.com,+31336-513940,Ittervoort,France,2026-01-26,Yes
WC003026,Senna,Pasman,ocorstiaens@example.net,(0813)-126466,Tubbergen,Netherlands,2023-11-27,Yes
WC003027,Lauren,Dircken,joshuahoudijk@example.org,059 3138324,Baarland,Belgium,2024-01-30,Yes
WC003028,Guusje,Rehorst,xboers@example.org,+31(0)49-6426328,Warmond,France,2023-08-31,No
WC003029,Johannes,Lansink,van-der-smeedeelias@example.com,+31833 566416,Minnertsga,France,2025-10-11,Yes
WC003030,Jack,Jonker,maartje05@example.net,(049)-1978444,Buitenpost,Belgium,2024-03-14,Yes
WC003031,Sepp,den Haag,noortjeberendse@example.org,+3121-9253660,'t Harde,Netherlands,2024-04-22,Yes
WC003032,Selena,Woutersz,van-mareimran@example.com,009 2476873,Gassel,Netherlands,2026-02-05,No
WC003033,Fiene,van der Smeede,mangelyasmin@example.org,+31(0)687-491347,De Meern,Netherlands,2023-11-28,No
WC003034,Isabel,Uphaus,uknoers@example.net,+31(0)991-370836,Oosterhout,Germany,2025-09-05,Yes
WC003035,Daan,van der Spaendonc,jort83@example.com,(0915)-882467,Oosteind,Germany,2024-10-09,No
WC003036,Laura,van Haspengouw,wensenlorenzo@example.com,057 2592414,Dalmsholte,Germany,2025-04-25,Yes
WC003037,Robin,van Grondelle,lestey@example.com,0853 065005,Gelselaar,Belgium,2024-03-13,Yes
WC003038,Sara,van Wallaert,olykantim@example.org,029-5762937,Vriescheloo,Germany,2025-11-16,No
WC003039,Jurre,Claesdr,lindtijmen@example.com,+31(0)70 6779653,'t Goy,Belgium,2023-11-29,Yes
WC003040,Michelle,Boddaugh,lennreimes@example.net,0981 450077,Berkenwoude,France,2025-11-01,No
WC003041,Milo,Walsteijn,bjorn04@example.org,+3109-7009630,Nieuwleusen,Germany,2025-03-24,No
WC003042,Lukas,Coreth von und zu Coredo und Starkenberg,lutterveldmohamed@example.org,+31(0)839-216386,Best,Belgium,2023-12-29,No
WC003043,Hailey,Wagenvoort,martelloes@example.com,+3179 4745632,Teroele,France,2025-12-18,Yes
WC003044,Giovanni,Momberg,jimlambers@example.org,+3169-6213191,Wilhelminaoord,Belgium,2025-06-13,No
WC003045,Tijn,Mater,lise63@example.com,+31(0)925-457030,Ommen,France,2023-09-26,Yes
WC003046,Janna,Kalman,lilyvan-de-velde@example.com,(0833)-814813,Broek,Belgium,2026-05-09,No
WC003047,Brian,van Beaumont,fleur33@example.net,(069)-9170964,Middenbeemster,Belgium,2025-02-09,No
WC003048,Wout,Karels,bouthoornhannah@example.org,(0577) 333916,Obdam,Belgium,2024-10-02,No
WC003049,Valentijn,Verda,van-veenlieve@example.org,0648 906218,It Heidenskip,Belgium,2024-01-29,Yes
WC003050,Amina,Ariens,rvan-olst@example.net,(015) 5037807,Emmer-Compascuum,France,2024-10-08,Yes
WC003051,Brian,Chrodtrud,kwijland@example.net,+31(0)802-627595,Egmond-Binnen,Belgium,2025-08-26,No
WC003052,Wessel,van Drenthe,uvan-den-brand@example.org,+31(0)53 1122905,Nieuwland,Netherlands,2024-01-31,No
WC003053,Esther,van de veen,de-leeuwfrederique@example.net,019-2002799,Heusden,Netherlands,2023-11-16,Yes
WC003054,Kian,van Waas,upasman@example.com,(074)-1795922,Aagtekerke,Germany,2024-10-14,No
WC003055,Vince,Timmermans,rikvan-ginneke@example.com,+31(0)100 189339,Helmond,Belgium,2024-07-26,Yes
WC003056,Kai,Verbruggen,rafgalenzone@example.net,,Benneveld,Netherlands,2025-06-27,Yes
WC003057,Tobias,Bresse,van-den-nieuwenhuijsenguus@example.org,046-3998951,Den Ham,Belgium,2024-08-14,No
WC003058,Jim,Janssens,arthur81@example.net,+31699-973582,Stoutenburg Noord,Germany,2026-05-07,No
WC003059,Robin,van Hemert,yassin10@example.net,+31(0)321-483888,Bruchterveld,Belgium,2023-10-13,No
WC003060,Florian,Scherms,fgellemeyer@example.org,+31(0)81-8035042,Neerijnen,Germany,2024-07-04,Yes
WC003061,Lisanne,Roukes,missing-at-symbol.com,(0722)-562144,Meppen,Netherlands,2025-10-11,No
WC003062,Oscar,Spaan,fortuynlukas@example.net,090 0981639,Lobith,Belgium,2026-04-30,No
WC003063,Joey,van de Water,hendrik52@example.org,049-3844691,Spierdijk,Germany,2024-07-24,Yes
WC003064,Marinus,van der Smeede,isabelle69@example.org,+3159-0043032,'t Haantje,Belgium,2026-01-22,Yes
WC003065,Johannes,Brugman,dotte@example.com,+31(0)466 106608,Jirnsum,Germany,2025-07-07,Yes
WC003066,Annemijn,van der Ven,livnek@example.com,+31(0)552-628047,Winkel,Netherlands,2023-12-01,No
WC003067,Bradley,Hoeks,casperbouhuizen@example.org,(059)-5583288,Hempens,Belgium,2023-10-22,No
WC003068,Jurre,Tins,vvan-de-eerenbeemt@example.com,(099)-2684897,Bakkeveen,France,2024-09-22,Yes
WC003069,Jack,van Vlaanderen,ebouhuizen@example.org,+31(0)316 462318,Wezup,Germany,2025-03-08,No
WC003070,Senna,Verhoeven,carlijn18@example.net,+3141 2680531,Kapel Avezaath,Netherlands,2023-10-26,Yes
WC003071,Lex,van Northeim,ede-kale@example.net,+3177 2338854,Luyksgestel,Belgium,2024-12-25,No
WC003072,Lindsey,Simonis,esteyeliza@example.com,+31806 847918,'t Loo Oldebroek,Netherlands,2024-07-03,Yes
WC003073,Julian,Spiker,suijkervajen@example.net,(0112)-974297,Nuenen,Belgium,2025-06-15,Yes
WC003074,Sanne,Doornhem,svan-der-avoirt@example.com,(0126) 012305,Hasselt,France,2024-12-23,No
WC003075,Jake,Kof,jonkerayden@example.org,044 9857355,Easterwierrum,France,2024-07-14,No
WC003076,Tirza,Dachgeldt,ceylin50@example.org,+31(0)67-1798933,Egmond aan den Hoef,France,2025-09-17,No
WC003077,Bastiaan,Cornelisz,mike19@example.net,0081 482850,Kolderwolde,France,2025-07-07,No
WC003078,Lot,Kleijse,hvan-den-brand@example.com,0227-567237,Heveadorp,Belgium,2024-05-08,No
WC003079,Maxim,van Bernicia,valerie60@example.org,+3154 1142788,Goor,Germany,2023-10-23,No
WC003080,Juliette,Hoes,xvan-de-veen@example.com,+31(0)730 970330,Heerde,Belgium,2024-05-22,Yes
WC003081,Mohammed,Briere,fem09@example.net,+3126 4974305,Heukelom,Netherlands,2026-06-10,No
WC003082,Anouk,van Geenen,lijnpieter@example.net,+31(0)906 291318,Krimpen aan de Lek,Netherlands,2025-07-31,Yes
WC003083,Ayden,Godfrey van Alemannië,van-welmehmet@example.net,047-7838484,Heukelum,Netherlands,2023-12-10,No
WC003084,Yusuf,Hoelen,janssendaan@example.com,+31(0)52-9632050,Genemuiden,Netherlands,2025-04-05,Yes
WC003085,Puck,Mathol,olabado@example.com,(0156)-192597,Velserbroek,Germany,2025-12-13,No
WC003086,Marinus,Giselmeyer,yvan-de-water@example.net,087 1044349,Arcen,Netherlands,2023-08-25,Yes
WC003087,Lex,van der Velden,van-der-laanjulian@example.net,+31(0)421-078172,Oostkapelle,Netherlands,2026-03-26,No
WC003088,Muhammed,de Roos,owenkorstman@example.com,(0374)-761235,Overschild,Germany,2024-02-03,No
WC003089,Dina,van den Oever,van-rietjan@example.com,044-3800098,Volkel,France,2025-12-06,Yes
WC003090,Myrthe,van Riet,xavi64@example.net,(014)-5579297,Rotstergaast,Belgium,2023-11-15,No
WC003091,Duuk,van den Assem,phileinevan-de-weterink@example.com,+31(0)508-975025,Vrouwenparochie,Netherlands,2026-05-06,Yes
WC003092,Merijn,van den Nieuwenhuijsen,juliusvan-spreuwel@example.org,+31042 531800,Kelpen-Oler,France,2024-06-27,Yes
WC003093,Damian,Hagendoorn,hvan-der-heijden@example.org,(0003)-762079,Ried,Germany,2023-10-07,Yes
WC003094,Guus,van Berkel,tess39@example.net,(0837) 839569,Schoorl,Belgium,2025-12-03,No
WC003095,Jip,Scholten,rgroote@example.com,0209-965152,Garrelsweer,France,2023-11-01,Yes
WC003096,Hugo,Symons,nick23@example.net,+31(0)243-678872,Wachtum,France,2025-02-12,No
WC003097,Milo,Haring,guus05@example.net,+3113 6432126,Roggel,Germany,2026-03-29,Yes
WC003098,Mare,Spruit,laura23@example.net,+31278 428870,Made,Netherlands,2026-03-21,No
WC003099,Meike,Voortman,mees66@example.com,+3142 5660081,Dreischor,France,2026-03-04,No
WC003100,Alicia,de Bruijn,van-limburgsebastiaan@example.net,(0784) 953556,Veendam,Netherlands,2026-07-03,No
WC003101,Bibi,den Teuling,evy02@example.net,090 1844713,Westerland,Belgium,2024-06-22,Yes
WC003102,Ibrahim,Schrant,van-den-veldennaud@example.net,+31(0)330-264013,Rasquert,Belgium,2025-03-06,Yes
WC003103,Jonathan,van Ginneke,mats60@example.com,0831 117243,Wagenborgen,France,2024-05-17,Yes
WC003104,Hannah,Wright,nschulten@example.net,072-9675659,Wâlterswâld,Belgium,2023-08-01,No
WC003105,Jet,Gemen,tijmen87@example.org,+3119 8365802,Tienray,Germany,2025-11-01,No
WC003106,Olivia,van Oudewater,van-der-staelmichael@example.net,073-5452684,Budel,France,2025-09-08,No
WC003107,Maryam,Lensen,sepschokman@example.com,+31(0)67-7712886,Zevenaar,Netherlands,2024-02-29,Yes
WC003108,Hendrik,van Evelingen,tijs41@example.com,+3107 8009033,Ried,Netherlands,2024-08-20,Yes
WC003109,Nina,van Beaumont,brouwersam@example.net,+31(0)61-4582382,Oldekerk,France,2025-10-05,Yes
WC003110,Sara,Kalman,pvan-ooste@example.net,(0339)-182484,Giessenburg,Belgium,2026-06-17,No
WC003111,Guusje,Uphus,victor95@example.org,+31390-260039,Marijenkampen,France,2023-08-22,No
WC003112,Keano,Bos,faythe-elder@example.org,054 9425397,Oosteind,Netherlands,2023-12-15,No
WC003113,Damian,Ferran,evysire@example.com,+31(0)355 915653,Melderslo,Belgium,2024-06-21,No
WC003114,Jelle,Coret-Coredo,inaya93@example.com,+31(0)94 4757389,Oeffelt,France,2023-09-03,Yes
WC003115,Sarah,den Haag,kallenlois@example.net,+3127 6114382,Belfeld,Netherlands,2025-11-16,Yes
WC003116,Pippa,Zijlmans,ielbertse@example.com,+3110 1558686,Vorstenbosch,Germany,2023-08-22,No
WC003117,Frederique,van Mispelen,wipstrikjuliette@example.org,(0006) 350749,Odoorn,Netherlands,2025-05-10,Yes
WC003118,Niels,Otte,karlijnrouwenhorst@example.net,+31(0)742 753072,Hernen,Netherlands,2024-05-23,Yes
WC003119,Naud,Dirksen,juliarademaker@example.net,0906-224686,Krimpen aan de Lek,France,2025-02-20,No
WC003120,Jayson,Ligtvoet,nathan28@example.org,+31(0)14-1819365,Oldebroek,Netherlands,2024-11-14,Yes
WC003121,Isabella,Leguit,adam50@example.net,(034) 3207731,Noordwelle,Belgium,2023-08-04,Yes
WC003122,Maja,de Groot,evertsquinn@example.net,+31010-541657,Breukelen,Belgium,2024-02-14,No
WC003123,Quinten,Smeets,mvervoort@example.org,(0531) 131024,Bronkhorst,Belgium,2024-07-22,No
WC003124,Michelle,van den Nuwenhijsen,wilsonzoey@example.net,+31743-114609,Baarland,Belgium,2025-12-24,No
WC003125,Maud,Ulrich,veldermankyara@example.net,+31(0)610 490146,Bavel,Belgium,2024-10-05,No
WC003126,Esmee,Doorhof,sperck@example.org,+31(0)567-754435,Heythuysen,Germany,2025-02-03,No
WC003127,Renske,Kwaadland,,0186-066357,Geersdijk,France,2023-11-06,Yes
WC003128,Tijs,van Gent,lise86@example.com,(009)-6589301,St.-Jacobiparochie,France,2026-07-04,No
WC003129,Jelte,van Dongen,sofiavan-der-kint@example.org,(022) 0692665,Doornenburg,Netherlands,2024-12-11,No
WC003130,Quinn,Hendricks,nloep@example.net,+31(0)285-228311,Hattemerbroek,Netherlands,2026-04-04,No
WC003131,Dewi,Groen,melissabeernink@example.org,0620 936417,Een,Belgium,2024-09-24,No
WC003132,Brent,van Vlaanderen,vnollee@example.net,+31165 769594,Hei- en Boeicop,Belgium,2025-12-30,No
WC003133,Julie,Hendricks,zpratt@example.net,(061) 2741190,Benneveld,Belgium,2026-02-05,Yes
WC003134,Sanne,Hofman,kyanferran@example.net,+31(0)75 7124277,Eindhoven,France,2026-05-15,No
WC003135,Isis,Lips,meesgrondel@example.org,(063) 7448430,Puiflijk,Germany,2024-08-25,No
WC003136,Ivy,van Wijland,mijsbergthijs@example.org,+31(0)156 497705,Vinkega,Belgium,2024-11-28,No
WC003137,Milo,Jorrisen,rosavan-dongen@example.com,(0974)-345420,Lieshout,Netherlands,2023-11-03,No
WC003138,Yasmin,Timmermans,olthofaylin@example.com,057-9062253,Heiloo,France,2023-09-30,Yes
WC003139,Amelia,Ferran,jvan-de-water@example.com,(008) 2888094,Hulshorst,Germany,2023-12-10,No
WC003140,Elena,Takkelenburg,fjerusalem@example.net,+31(0)515-855212,Oldelamer,Netherlands,2024-02-23,Yes
WC003141,Liza,van der Laarse,mohamed11@example.net,(005) 4553052,Glane,Belgium,2025-06-23,No
WC003142,Helena,Zuidweg,vertoormyrthe@example.org,0034-225956,Siebengewald,Germany,2025-10-11,No
WC003143,Anouk,van der Laan,van-hollandtom@example.net,+31(0)438 916420,Epse,France,2026-05-07,Yes
WC003144,Bas,Vergeer,palmanmirthe@example.org,+3199-3664738,Driebruggen,France,2024-08-09,Yes
WC003145,Zara,Oostveen,willemsbrian@example.com,(0475)-100506,Harkema,France,2024-08-27,Yes
WC003146,Evie,Mulders,hsmits@example.net,0220 242496,Avenhorn,France,2024-05-18,No
WC003147,Tara,Gruijl,vijoelle@example.net,0920 113331,Brakel,France,2023-10-29,Yes
WC003148,Evy,Scardino,van-metzzara@example.net,+3134-5292175,Matsloot,Netherlands,2026-07-16,No
WC003149,Joy,Vallenduuk,angelina63@example.com,(019) 5357735,Onstwedde,Netherlands,2024-09-06,No
WC003150,Guusje,Tielemans,qpieters@example.org,049-2499303,Zuidschermer,Belgium,2023-10-07,No
WC003151,Mehmet,van Duivenvoorde,isabelvan-loon@example.net,+31(0)109-502995,Doeveren,Germany,2025-04-02,No
WC003152,Tycho,van der Hoeven,feline88@example.org,(0363)-081411,Epse,Germany,2025-06-16,Yes
WC003153,Joep,Rubben,thijmen29@example.com,(006) 3969130,Tjalhuizum,Germany,2026-06-08,No
WC003154,Elias,Vos,sandervan-breukelveen@example.com,+31(0)329 135613,Bergen op Zoom,Belgium,2024-03-09,No
WC003155,Sil,Coreth von und zu Coredo und Starkenberg,gtamsma@example.com,018 0733902,Venray,Netherlands,2023-09-17,Yes
WC003156,Evy,van der Kint,jake25@example.com,0680 366990,Nieuw-Schoonebeek,France,2023-10-05,No
WC003157,Zoë,Mansvelt,msteenbeek@example.com,(0965) 685415,Urmond,Netherlands,2024-04-13,Yes
WC003158,Fabian,Nihoe,remmersaimee@example.com,(019)-5886914,Idaerd,Germany,2025-12-16,No
WC003159,Marijn,van de Pavert,mellevan-haarlem@example.com,+3111-0521015,Alphen aan den Rijn,Germany,2026-02-01,Yes
WC003160,Lucas,van Arkel,elenavan-ghoerle@example.org,+31267-006122,Oudenbosch,Germany,2025-03-30,No
WC003161,Yasmin,van Oirschot,alexanderdavid@example.org,0025-116037,Lomm,Belgium,2026-06-10,No
WC003162,Rosa,Kof,yvan-den-oever@example.com,0880-542563,Hoogland,France,2025-08-19,Yes
WC003163,Mathijs,Le Marec,martvan-der-lede@example.org,+3120-8418524,Gaastmeer,Belgium,2024-02-14,No
WC003164,Joost,Haring,hidde37@example.org,(015)-6149307,Blesdijke,Germany,2024-06-13,Yes
WC003165,Keano,Voortman,rotteveelvince@example.org,(0021) 729785,'s-Heer Abtskerke,Netherlands,2025-08-08,No
WC003166,Simon,Spreeuw,ceylinzuidweg@example.com,+31677-056874,Wijlre,Netherlands,2026-04-22,Yes
WC003167,Jolie,Pons,vincethatcher@example.net,+31216-450546,Arnemuiden,Belgium,2024-08-03,Yes
WC003168,Mehmet,Kuilenburg,aliponcelet@example.net,+3192-6548023,Bellingwolde,Germany,2024-09-15,Yes
WC003169,Owen,Arent,perkinsmax@example.net,+31390-891343,Katlijk,Belgium,2025-08-18,No
WC003170,Merel,Huijben,felix06@example.net,+31(0)024-171429,Wilsum,Germany,2024-12-10,No
WC003171,Imke,Steenbeek,dlinschoten@example.net,+31(0)39-4718090,Onnen,Belgium,2024-06-13,No
WC003172,Romy,Boeser,noortje80@example.com,+31(0)55 5666805,Wervershoof,Netherlands,2025-11-12,No
WC003173,Kyara,Beijring,jvan-de-weterink@example.com,(069)-0388871,Loerbeek,France,2024-01-24,No
WC003174,Lieke,van Limburg,victoriaschulten@example.com,(0004) 573503,Parrega,Germany,2023-08-30,No
WC003175,Anna,van Verdun,meeresevy@example.org,+31661 710447,Snakkerburen,Belgium,2026-01-14,Yes
WC003176,Melle,van Dongen,bram88@example.com,(009) 6925112,Terschuur,France,2023-09-17,Yes
WC003177,Joris,Evers,esmeevan-der-pluijm@example.com,+31(0)412 777540,Bitgummole,France,2024-02-15,No
WC003178,Esther,van der Laarse,gerritsenmicha@example.org,010-9824756,Terband,Netherlands,2025-09-16,No
WC003179,Felix,Chrodtrud,tygovan-den-eerenbeemt@example.org,+31(0)09 2335211,Oudehaske,Belgium,2024-04-24,Yes
WC003180,Mart,Mahieu,stoffelsznadia@example.org,0832-319893,Wijnbergen,France,2024-07-24,No
WC003181,Niels,de Vries,bolkesteijnnathan@example.org,+31101 702216,Lengel,Netherlands,2024-05-01,Yes
WC003182,Elena,Steenbeek,boselisa@example.org,+31(0)831 050133,Vlieland,Netherlands,2025-08-01,Yes
WC003183,Gijs,Cadefau,vde-reede@example.com,+31(0)52 1471269,Wijnbergen,Belgium,2025-08-28,No
WC003184,Micha,van Mispelen,fvan-geest@example.org,097-0425952,Giessenburg,Netherlands,2026-03-16,No
WC003185,Tessa,van Santen,wensenquinty@example.com,+31(0)612-176889,Valthe,Germany,2025-01-21,Yes
WC003186,Nynke,Lieshout,jeltede-bruijn@example.net,021-7725910,Kuinre,France,2024-12-05,No
WC003187,Eva,Huls,sander44@example.com,(0271)-229417,Nieuweschoot,Belgium,2025-07-19,No
WC003188,Karlijn,van Laon,yvan-velzen@example.net,+31915 309881,Zenderen,Netherlands,2026-01-17,No
WC003189,Jennifer,Pieters van der Maes,timmermansmerijn@example.net,+31(0)71 1158025,Houten,Germany,2024-12-17,No
WC003190,Imran,Garret,renske25@example.org,+3118 4018008,Zelhem,Belgium,2024-04-04,Yes
WC003191,Megan,Wever,yasminspies@example.com,+31595-694121,Westbeemster,Germany,2024-01-17,No
WC003192,Sam,Bertho,bvan-voorhout@example.net,+31829-392399,Oude Wetering,Belgium,2025-04-16,Yes
WC003193,Aaliyah,Miltenburg,henric-van-den-nuwenhuselisanne@example.net,+31791 460441,Weiteveen,Germany,2024-10-10,Yes
WC003194,Kevin,Jans,van-vermandoisninthe@example.org,+31(0)84-2312416,Slenaken,France,2024-06-15,No
WC003195,Robin,van Beaumont,wouters-van-eijndhovenjohanna@example.com,0432-774570,De Koog,Netherlands,2026-07-17,Yes
WC003196,Rowan,Adelaar,zmichielsen@example.net,+31196-602571,Uffelte,Germany,2024-05-11,No
WC003197,Bente,van Es,berend09@example.com,(090)-3694298,Gasselternijveen,Netherlands,2023-10-15,Yes
WC003198,Naomi,Cant,bramde-gruijl@example.net,(053) 9088560,Haringhuizen,Germany,2024-02-20,Yes
WC003199,Joris,Haselaar,nde-vries@example.org,+31270-486255,Strijbeek,Germany,2025-11-10,No
WC003200,Jente,Meijer,esilahak@example.com,0154 137838,Heeten,Netherlands,2023-08-03,Yes
WC003201,Juul,van den Nieuwenhuijsen,jimosterhoudt@example.org,0251-922921,Velsen-Zuid,Netherlands,2025-06-18,No
WC003202,Floris,Glasses,senn14@example.net,+31(0)88 0743968,Den Ilp,Belgium,2024-02-01,No
WC003203,Floor,van Beeck,ameliabacker@example.net,+31(0)506-342240,Poortugaal,Netherlands,2023-11-10,Yes
WC003204,Gerrit,de Bruin,justinsterkman@example.net,+3175-5229903,Ridderkerk,Belgium,2025-02-04,Yes
WC003205,Lauren,Vervoort,rkuijpers@example.net,+31126-339537,Everdingen,Belgium,2026-01-18,No
WC003206,Imran,Ellis,owenvan-de-ven@example.com,(0703)-902166,Punthorst,Belgium,2025-06-11,Yes
WC003207,Floris,van Baalen,wesley63@example.org,+31(0)245-320028,Mook,Germany,2024-06-18,Yes
WC003208,Jorn,Cornelisse,vponci@example.org,+31(0)449 198653,Anloo,Germany,2023-11-24,Yes
WC003209,Rosalie,Dircken,rter-waarbeek@example.net,0480-556733,Oosterend,France,2024-12-31,No
WC003210,Frederique,Joosten,dsanders@example.net,+31(0)171-842000,Scheerwolde,Germany,2024-11-13,Yes
WC003211,Catharina,Stange,meeresgijs@example.org,0344-978905,Oosterhesselen,Germany,2025-10-26,Yes
WC003212,Eliza,Rousselet,laradoyle@example.com,079 5015571,Niawier,France,2026-06-04,No
WC003213,Jinthe,Berends,tygokloppert@example.com,+3137 9797839,Ossendrecht,Netherlands,2026-03-02,Yes
WC003214,Elif,Pons,pimvan-der-velde@example.com,(014)-4277985,Kaag,Belgium,2023-10-12,No
WC003215,Rosalie,van Bergen,sandervan-breukeleveen@example.org,(022) 2672115,Jellum,Germany,2025-09-08,Yes
WC003216,Bente,van Stralen,doornhemsven@example.org,(0106) 379650,Serooskerke,France,2024-04-13,No
WC003217,Kyan,Eerden,hwolffel@example.net,+31(0)165-561046,Hemrik,Netherlands,2024-04-26,Yes
WC003218,Benthe,Brouwer,bastiaanvan-de-kooij@example.org,(0642) 548778,Maastricht-Airport,Belgium,2024-12-22,Yes
WC003219,Lieve,Verheij,aiden71@example.org,+3140 9328360,Barger-Compascuum,Germany,2025-07-12,Yes
WC003220,Mette,de Leeuw,maeije@example.com,+31181-725595,Hooge Mierde,Netherlands,2025-07-12,No
WC003221,Willem,de Gratie,van-schevinghuizenannabel@example.com,(068)-3677305,Emst,France,2024-02-21,Yes
WC003222,Noëlle,die Pelser,xehlert@example.com,0669 476790,Dreumel,Belgium,2025-05-07,No
WC003223,Jayden,van de Berg,jackbijlsma@example.org,067-3315915,Houtigehage,Germany,2024-08-14,Yes
WC003224,Benthe,Peeters,koretarthur@example.net,+31311 609748,Eijsden,France,2024-12-28,No
WC003225,Ivy,van Beeck,vvan-breugel@example.org,+31(0)043-492506,Varik,France,2026-03-03,Yes
WC003226,Jens,Stoffelsz,bgellemeyer@example.com,+3134 2788981,Gendt,Belgium,2025-01-16,Yes
WC003227,Kim,Palman,matthijserhout@example.org,+31766 217981,Giethmen,Netherlands,2026-07-06,Yes
WC003228,Fatima,Scuylenborchs,bosmanimran@example.com,(022) 1748045,Hellendoorn,France,2023-08-20,No
WC003229,Jayson,Kortman,imkeduivenvoorden@example.org,041 2031990,Yerseke,Netherlands,2026-06-23,No
WC003230,Valentijn,van Rijnsbergen,nlage@example.net,+31(0)58 0442689,Wijngaarden,France,2025-09-27,Yes
WC003231,Berend,van der Zijl,,+3143-9951672,Huissen,Germany,2025-08-13,No
WC003232,Vera,van Loon,esther94@example.com,+31(0)965 491441,Grevenbicht,Netherlands,2023-09-05,Yes
WC003233,Olivia,Broekhoven,hvan-saksen@example.com,(0304) 474547,Ried,France,2023-10-21,No
WC003234,Stefan,Wright,juliusbleijenberg@example.org,+31982 340224,Stad aan 't Haringvliet,Belgium,2025-08-15,No
WC003235,Lise,Michielsen,mallienjoelle@example.net,+31268 656732,Groot-Ammers,Netherlands,2026-01-03,Yes
WC003236,Joost,Verkade,wevermehmet@example.com,+31360 148937,Nijetrijne,Netherlands,2024-12-15,No
WC003237,Lenn,Sanders,riley40@example.com,(094)-4001106,Blesdijke,Netherlands,2024-07-25,No
WC003238,Ivy,van der Velde,charlottecoret-coredo@example.org,+31(0)24-2332827,Nijeholtpade,France,2024-05-12,No
WC003239,Tara,de Groot,fbeernink@example.org,+31(0)151-080453,Oosterleek,Germany,2025-11-27,No
WC003240,Vigo,van Ooste,evijoosten@example.net,0454 315074,Mookhoek,Belgium,2025-04-03,Yes
WC003241,Noud,van Mispelen,jenniferbelpere@example.net,+31641 508458,Beltrum,Germany,2024-09-01,Yes
WC003242,Mirthe,Perkins,ivan-mispelen@example.net,005-8197849,Eastermar,Belgium,2026-07-17,No
WC003243,Timo,van Duivenvoorde,madeliefkuijpers@example.org,069 2820982,Oudorp,Netherlands,2026-05-02,No
WC003244,Alex,Van Bragt,tammerijnmohammed@example.org,(057)-5310029,Weiteveen,Belgium,2026-04-23,Yes
WC003245,Olaf,Tammerijn,rde-jager@example.org,0736 324255,Hoevelaken,Belgium,2024-05-02,No
WC003246,Milan,Lathrope,floortjevrancken@example.net,+31(0)06 0569281,Lambertschaag,France,2024-04-19,No
WC003247,Esmée,de Keijzer,hamza56@example.org,(047) 9779374,Hoensbroek,Belgium,2026-04-11,Yes
WC003248,Jip,Goyaerts van Waderle,jwillemsen@example.com,006-3898710,Lottum,Netherlands,2023-08-23,No
WC003249,Thom,de Graaf,pvan-de-leemput@example.org,+31(0)75-4539719,Easterlittens,Germany,2025-04-13,No
WC003250,Yara,Boers,van-estemads@example.net,+3196 5234057,Garsthuizen,Belgium,2024-11-27,No
WC003251,Lauren,van de Greef,zthatcher@example.org,0648 821810,Steyl,Germany,2024-10-13,Yes
WC003252,Damian,van Leeuwen,van-der-veenfabian@example.org,(0865)-862201,Zundert,Netherlands,2024-01-12,Yes
WC003253,Suze,Loep,rsprong@example.org,(0362)-715235,Lekkum,Germany,2025-08-05,Yes
WC003254,Teun,van den Velden,samuel03@example.com,+31(0)290 428113,Den Andel,Netherlands,2023-12-12,Yes
WC003255,Olivia,Huisman,jake18@example.org,+31494 794353,Ruinerwold,Belgium,2026-03-15,No
WC003256,Amina,van Ham,dylan71@example.org,0021 844675,Onderdendam,Belgium,2025-10-24,No
WC003257,Evie,Bosch,lucsimons@example.org,+31(0)24 9834466,Burgh-Haamstede,Netherlands,2026-02-09,No
WC003258,Emily,Fredriks,eaeije@example.com,(0565) 238643,Middenmeer,Netherlands,2024-12-31,No
WC003259,Adriana,Dekker,imercks@example.com,+31(0)226 807349,Tjerkgaast,France,2025-12-07,No
WC003260,Myrthe,van Engeland,dylanohendrikse@example.org,+31(0)147-088506,Erica,Belgium,2024-03-26,No
WC003261,Milan,Mathol,haacknathan@example.com,(0264) 648128,Zijderveld,Belgium,2025-04-14,No
WC003262,Ise,Bruggeman,agenefaas@example.org,0626 802109,Oterleek,Netherlands,2024-06-07,No
WC003263,Lisanne,Tielemans,elif52@example.org,(0802)-566681,Scheemda,Belgium,2023-11-05,Yes
WC003264,Isa,Luboch,chotzenstella@example.org,+31(0)47 3745076,Goudswaard,France,2026-01-18,Yes
WC003265,Sven,de Strigter,klaffray@example.org,034 5614573,Tersoal,France,2024-09-23,Yes
WC003266,Jan,Karels,noelle07@example.net,035 2639077,Wapse,Netherlands,2023-10-24,No
WC003267,Amira,van den Velde,lcharon@example.net,(0878) 818386,Renkum,France,2025-03-19,No
WC003268,Selina,Nek,xheinrichs@example.net,+31(0)969 725102,Den Horn,Belgium,2024-08-08,No
WC003269,Twan,van Grondelle,mohamed76@example.net,+31642-792152,Uffelte,Belgium,2024-02-08,No
WC003270,Marit,van Bernicia,woutersmax@example.com,+31(0)06 2803548,Esbeek,Belgium,2024-07-21,Yes
WC003271,Phileine,Geneart,huismanlieve@example.net,(014)-2394884,Valthermond,Germany,2024-01-10,No
WC003272,Jayda,van den Berg,tristanmahieu@example.org,(0707) 136971,Marknesse,France,2025-02-21,Yes
WC003273,Jesper,van den Nieuwenhuijsen,jinthepons@example.org,095 4660701,Driewegen,Belgium,2025-01-02,No
WC003274,Charlotte,van der Avoirt,geldenszeynep@example.com,+31975-872311,Terneuzen,France,2023-09-06,No
WC003275,Liza,Adriaansen,amberpeeters@example.com,(066) 7971881,Echten,France,2023-08-09,No
WC003276,Simon,Groen,van-velzensenna@example.org,+31(0)80 3624813,Baaium,Belgium,2026-03-20,Yes
WC003277,Noor,Galijn,vvan-den-oever@example.org,+3189 7430382,St.-Jacobiparochie,France,2026-05-06,Yes
WC003278,Naud,Verheuvel,de-keijzerjake@example.net,+31764-140054,Roosteren,Germany,2026-06-21,Yes
WC003279,Marit,Steinmeiern,jvan-loon@example.org,+3139 9588551,Nieuw Annerveen,Belgium,2025-03-04,Yes
WC003280,Ian,Jeggij,tijmende-koning@example.com,+31609-057151,Lutjewinkel,Netherlands,2024-09-25,Yes
WC003281,Lena,Lansink,mohammed41@example.com,(0168) 692810,Vinkega,France,2023-10-11,No
WC003282,Lucas,Lonen,mfrerichs@example.net,049-1449602,Dieden,Belgium,2026-01-19,No
WC003283,  Zoey  ,Schouten,qde-groot@example.org,+31960-143163,Stroe,Netherlands,2023-08-27,Yes
WC003284,Fleur,Vierdag,ovan-den-nuwenhuijzen@example.com,(089) 0587484,Starnmeer,Belgium,2025-08-29,No
WC003285,Evie,van Nes,twandachgeldt@example.com,+31(0)99-8088089,Terborg,Germany,2026-06-13,Yes
WC003286,Lorenzo,Erhout,friehussem@example.org,+31322 012920,Roggel,Germany,2026-06-01,No
WC003287,Guus,van de Kooij,james39@example.net,+3119 4587930,Wyns,Belgium,2024-01-29,Yes
WC003288,Annabel,Scheffers,dylanode-groot@example.net,(061)-8430407,Ottoland,France,2026-04-06,No
WC003289,Joep,van der Leek,genefaasmax@example.com,+31033 893508,Zoetermeer,Belgium,2025-09-12,Yes
WC003290,Tom,van Spreeuwel,jdotteluc@example.com,+3178 3941140,Oude Wetering,Belgium,2024-04-20,Yes
WC003291,Nadia,Wunderink,jente04@example.com,+31(0)052-004112,Andelst,Netherlands,2023-10-05,No
WC003292,Jules,Pasman,kevin04@example.net,+3104-0566258,Leeuwarden,Germany,2024-12-23,No
WC003293,Simon,Dirven,van-der-lindenjasper@example.net,+31566 501689,Ten Boer,Belgium,2024-03-11,Yes
WC003294,Bilal,van den Hoek,levesquemick@example.net,0690 565849,Noordwijk,Netherlands,2025-02-19,No
WC003295,Mustafa,Roosenboom,tkorsman@example.com,+3111 4966265,Heenvliet,Belgium,2024-09-20,Yes
WC003296,Zoey,Doyle,dorsmanjulia@example.org,0661 578254,Biddinghuizen,Netherlands,2024-07-16,Yes
WC003297,Nathan,Neuzerling,van-estetygo@example.org,+31(0)864 497782,Burum,Belgium,2025-09-17,No
WC003298,Lena,Coret,twanbronder@example.net,+31(0)63-3497629,Bantega,Germany,2023-12-18,No
WC003299,Rowan,Hendricks,segerszoenwouter@example.net,+31(0)595-086747,Ammerzoden,Germany,2025-02-12,No
WC003300,Tijn,Heribert van Laon,wintersadam@example.org,+31089-130961,Hoogkarspel,France,2026-04-05,No
WC003301,Valerie,Goyaerts van Waderle,lieke78@example.com,+3179 7823495,Striep,France,2024-04-11,Yes
WC003302,Elise,van Lucel,lucy19@example.com,(0565)-474118,Garmerwolde,Belgium,2026-03-30,No
WC003303,Sylvie,Rouwhorst,narens@example.net,+31(0)813 101737,Wieringerwerf,Netherlands,2025-09-11,No
WC003304,Hannah,van der Lede,leonwaltrade-walderade@example.net,+31(0)68 9902815,Biervliet,Belgium,2025-07-23,No
WC003305,Pim,Verbeek,casholthuis@example.org,+31(0)34-4494179,Oosterhesselen,France,2025-06-13,Yes
WC003306,Justin,Dirven,elizabriere@example.net,+31913-674748,Zevenhuizen,Netherlands,2026-02-13,Yes
WC003307,Lieve,Sarneel,giovanni20@example.org,+3106-2960375,Anna Paulowna,Belgium,2025-06-24,No
WC003308,Jonas,Huijzing,nvan-der-stael@example.org,+31844 702265,Hauwert,Germany,2026-03-19,No
WC003309,Koen,Ooms,geertsenmerijn@example.net,(048) 4982441,Hieslum,France,2023-11-16,Yes
WC003310,Maja,Lether,luka78@example.org,+31498 547671,Feinsum,Germany,2024-04-19,Yes
WC003311,Hendrik,Bruijne van der Veen,levivan-hulten@example.org,025 7288126,Veghel,Netherlands,2024-08-13,No
WC003312,Timo,Uit de Willigen,thomasvan-amstel@example.net,0626-625751,Grolloo,Belgium,2026-01-01,Yes
WC003313,Valerie,Fremie,noud19@example.org,+31(0)69 8358265,Rijsenhout,France,2025-05-19,No
WC003314,Pieter,Verheuvel,iduivenvoorden@example.org,+3119 9828296,Twello,France,2024-04-10,No
WC003315,Kyan,Marchand,houdijkjanne@example.com,+31(0)036 370962,Moergestel,Netherlands,2024-07-09,Yes
WC003316,Dylano,van der Hoeven,ibrahim79@example.com,0721-292454,Hoeven,Netherlands,2025-01-17,No
WC003317,Jasper,Jerusalem,adam90@example.net,+31888 027274,Diever,France,2024-02-13,Yes
WC003318,Ali,Goyaerts van Waderle,jayden61@example.org,+3117-3219755,Den Helder,Germany,2024-08-22,No
WC003319,Kyan,Gepa van Bourgondië,van-der-veldenstijn@example.com,+3134 3946597,Oldenzijl,Netherlands,2026-05-25,Yes
WC003320,Kick,Aertsz,vince34@example.com,0748-816332,Ilpendam,France,2025-05-10,Yes
WC003321,Jenna,die Pelser,kslaetsdochter@example.com,(0299)-383579,Laag-Soeren,Netherlands,2025-11-10,Yes
WC003322,Pepijn,de Bruin,juleslankle@example.org,(003)-8536322,Bavel,Germany,2026-01-09,No
WC003323,Levi,van Arnsberg,madeliefvan-rijnsbergen@example.net,+31067 683130,Nieuw Beerta,Belgium,2026-01-06,Yes
WC003324,Loek,Doorhof,dtimmerman@example.org,0717-311908,Rijswijk (NB),France,2025-09-21,No
WC003325,Naomi,Kerkhof,themma-van-allemanie@example.com,(024) 4582550,Veenoord,Belgium,2024-08-26,No
WC003326,Senna,Wolffel,yvan-der-spaendonc@example.net,0480 492619,Baarle-Nassau,Netherlands,2024-03-23,Yes
WC003327,Jolijn,Stinis,van-maarenmick@example.net,+31143 174759,Heythuysen,Germany,2024-05-10,Yes
WC003328,Kevin,van den Assem,le-gallendave@example.net,016 7460504,Hooghalen,Germany,2026-04-14,Yes
WC003329,Olivia,Stichter,yaralonen@example.com,+31461 550914,Smallebrugge,Germany,2025-12-17,Yes
WC003330,Owen,van Wassenaar,ede-werd@example.com,043 4535118,Easterein,France,2024-01-01,No
WC003331,Micha,Bertho,weverrayan@example.com,+31(0)49-3902520,Jistrum,France,2025-12-30,Yes
WC003332,Niek,Pauwels,piersonstan@example.net,+3107 4792730,Helenaveen,Belgium,2024-05-23,No
WC003333,Aya,van Beeck Beeckmans,fabiennevan-gastel@example.net,+31964-545717,Hoogersmilde,Belgium,2026-04-13,Yes
WC003334,Ceylin,Sterkman,laraspreeuw@example.com,0053-206170,Kerkwijk,France,2025-10-17,Yes
WC003335,Britt,van der Steen,eva27@example.com,+31(0)39-8580538,Berkhout,France,2026-05-15,No
WC003336,Elena,Ernst,bentehuls@example.org,075-9268771,Spier,Belgium,2025-05-04,No
WC003337,Nienke,ter Waarbeek,xde-jode-vastraedsd@example.com,085 3285461,Millingen aan de Rijn,France,2023-10-27,Yes
WC003338,Simon,Koeman,annavan-der-heijden@example.com,,Born,France,2025-05-31,No
WC003339,Mart,le Floch,maud96@example.org,(0131) 907541,Bocholtz,Germany,2025-05-20,Yes
WC003340,Elias,van Doorn,van-den-oeversenn@example.com,0358-798192,Eersel,Belgium,2024-01-28,Yes
WC003341,Lot,Huijs,guusjewilcken@example.net,+3104 9967415,Hartwerd,Belgium,2023-12-19,No
WC003342,Ilse,Cant,louwsimran@example.org,+3153 9822329,Aalsmeer,Belgium,2024-03-05,Yes
WC003343,Zakaria,Totwiller,dylan25@example.net,(015) 4904212,Alphen,Netherlands,2024-10-27,Yes
WC003344,Faas,van Bentheim,lvan-geffen@example.net,+31(0)26 9597432,Milsbeek,Germany,2023-09-22,No
WC003345,Valerie,van Henegouwen,leonmuijs@example.com,(0028) 257271,Bronneger,Belgium,2024-03-30,Yes
WC003346,Jan,Oude Heer,mirtebeernink@example.org,+31151-168919,Malden,Belgium,2023-11-08,No
WC003347,Joëlle,Willems van Lier,annade-jong@example.net,+31128 054830,Elburg,Germany,2023-12-27,Yes
WC003348,Liam,Wunderink,sennawigman@example.org,(000) 1221355,Vilsteren,Germany,2025-07-18,Yes
WC003349,Phileine,van der Mast,van-metzboaz@example.org,(0780)-606142,Harkema,France,2026-05-12,Yes
WC003350,Noor,Lommert,hendrik62@example.com,+31(0)86 0969841,Raamsdonk,Netherlands,2026-01-25,Yes
WC003351,Noah,Reimes,samuelle-gulcher@example.com,+31(0)36 2038594,Oldekerk,Germany,2023-12-05,No
WC003352,Lise,Muijs,oomsjayda@example.org,+31540-504650,Hemmen,France,2026-06-18,Yes
WC003353,Quinty,Friehus,xvan-de-klashorst@example.com,(031)-9485699,Buitenkaag,Belgium,2026-02-05,No
WC003354,Mike,van de Veen,davidscharroo@example.com,0793-835305,Vegelinsoord,Germany,2024-10-14,No
WC003355,Loïs,Houdijk,budindy@example.org,+3167 5260078,Ekehaar,Netherlands,2024-11-12,No
WC003356,Thijs,Cornelisz,van-orleanssanne@example.net,+31(0)474 456310,Tjuchem,Germany,2026-06-19,No
WC003357,Floris,Roose,alyssacoenen@example.net,+31(0)11-8817500,Mheer,Netherlands,2025-06-04,No
WC003358,Felix,Moet,labadojade@example.com,056 0980518,Grafhorst,Germany,2024-11-29,Yes
WC003359,Tirza,Schakelaar,van-spreeuwelayoub@example.net,+31571-116338,Arkel,Belgium,2024-02-22,No
WC003360,Vera,Brandon,martensibrahim@example.com,,Castelre,Netherlands,2025-11-20,No
WC003361,Siem,Veenstra,jayvan-t-erve@example.com,+31(0)26-8709420,Ommen,Belgium,2023-12-31,Yes
WC003362,Stefan,Heerkens,saar72@example.net,0095 917970,Gorinchem,Netherlands,2023-11-01,No
WC003363,Loek,Dirven,klerksruben@example.com,+31(0)23-9923475,Marum,Netherlands,2024-05-23,No
WC003364,Eline,Oda,emirsas@example.org,0637 154346,Klazienaveen-Noord,France,2024-08-16,Yes
WC003365,Tijmen,Tamsma,alexander64@example.net,(044) 6434616,Halfweg,Germany,2026-05-15,No
WC003366,Noah,Sam,laffraymicha@example.org,(085)-1674416,Ledeacker,France,2024-12-26,No
WC003367,Chloé,Mangel,kampalicia@example.org,+31398-479942,Ooltgensplaat,Netherlands,2025-11-30,No
WC003368,Yfke,Risma,laura92@example.net,091-3977104,Ryptsjerk,Germany,2025-01-28,Yes
WC003369,Tijn,Claesdr,kuijpersisabel@example.com,+31(0)06-6499551,Middelharnis,Netherlands,2024-03-13,No
WC003370,Michelle,van Schevinghuizen,oheymans@example.com,+3195 2097098,Linden,France,2025-03-23,No
WC003371,Nout,van Luxemburg,ariensyara@example.com,+31(0)556 577716,Rotterdam-Albrandswaard,Netherlands,2024-01-26,No
WC003372,Giovanni,van Evelingen,kremernoah@example.org,+31846 485778,Budel-Dorplein,Belgium,2025-08-23,No
WC003373,Fenne,Broek,kianslagmolen@example.com,(0631)-261887,Vleuten,Belgium,2025-07-31,Yes
WC003374,Britt,de Marduras,rosalie57@example.org,0662 826876,Oldeberkoop,Belgium,2025-12-20,No
WC003375,Timo,Osterhoudt,miloudubois@example.net,(0286) 845092,Dreischor,Belgium,2024-05-01,Yes
WC003376,Hidde,Woudenberg,ldijkstra@example.com,+31(0)480-534996,Weteringbrug,Netherlands,2023-12-25,Yes
WC003377,Jolijn,Kuipers,adam14@example.com,(0953) 809522,Hekelingen,Netherlands,2023-09-18,Yes
WC003378,Robin,Brugman,zeynepmahieu@example.org,,Saaxumhuizen,Belgium,2024-11-20,No
WC003379,Puk,Wolzak,van-loonzoey@example.org,(039)-4702801,Hijum,Belgium,2025-04-30,Yes
WC003380,Gerrit,Mathurin,valerievan-wickerode@example.org,+31(0)91 2326436,Graauw,Belgium,2025-05-11,Yes
WC003381,Noortje,Garret,postmajuliette@example.com,+31(0)50 4269886,Hoge Hexel,Belgium,2026-01-19,No
WC003382,Lucy,Demmendaal,ian52@example.net,+31(0)213-508118,Winssen,France,2024-03-04,No
WC003383,Dylano,Le Grand,korstmansamuel@example.org,0105-665093,Montfoort,Netherlands,2025-08-25,Yes
WC003384,Finn,Soos,sophiaverboom@example.org,0605-969674,Borgercompagnie,Netherlands,2025-01-31,No
WC003385,Stefan,Perrono,thomasrijks@example.net,030 0793581,Vlieland,Belgium,2024-11-26,Yes
WC003386,Evy,François,merijn51@example.org,+31(0)26 5695952,Vlist,Netherlands,2024-08-03,No
WC003387,Tycho,die Pelser,rayanbertho@example.net,(0667) 639938,Glane,Netherlands,2025-12-31,No
WC003388,Boris,van Dam,ter-waarbeekmerel@example.com,054-7498341,Siebengewald,Netherlands,2026-04-30,No
WC003389,Loïs,de Bruin,johannesbosch@example.org,+31(0)908 811159,Dieverbrug,France,2025-05-10,No
WC003390,Adam,Boogaerts,milan64@example.net,0242 216281,Tolbert,France,2026-07-04,Yes
WC003391,Kate,van Luinenburg,senn91@example.com,(0508) 297197,Sumar,Netherlands,2026-01-11,Yes
WC003392,Gijs,van Grinsven,van-engelensiem@example.com,(0970)-555120,Sibculo,France,2026-01-16,Yes
WC003393,Isis,Kuipers,tvolcke@example.org,0317 344147,Ryptsjerk,Netherlands,2024-07-19,No
WC003394,Linde,Overeem,van-der-lindenkoen@example.org,+31(0)068 363160,Apeldoorn,Netherlands,2025-09-22,No
WC003395,Puck,Bruggeman,janadriaense@example.org,+31(0)67 3691263,Westbeemster,Germany,2026-01-17,No
WC003396,Fabian,'s Gravensande,spaansimon@example.com,+31(0)27-3499340,Burgwerd,Netherlands,2025-07-05,Yes
WC003397,Isa,Serra,fvan-munster@example.com,(0806) 493331,Egchel,Netherlands,2025-06-30,Yes
WC003398,Elena,van Engeland,siemgodfrey-van-alemannie@example.com,+31(0)57 2660644,Westzaan,Belgium,2026-07-31,Yes
WC003399,Pleun,Michiels,,+31288-595561,Ter Apel,France,2024-07-01,Yes
WC003400,Eliza,van Haeften,imkeoverdijk@example.org,0022 882822,Winsum,Germany,2023-08-28,No
WC003401,Olivia,van der Veen,meletsofie@example.net,(0197) 149221,Heide,Germany,2024-07-21,Yes
WC003402,Amber,van Wallaert,mustafa25@example.net,0216-425358,Katwijk,Belgium,2026-07-29,No
WC003403,Roan,van den Nuwenhuijzen,jacob22@example.com,+31735 807825,Vinkenbuurt,Germany,2024-03-16,Yes
WC003404,Brian,van 't Erve,esmeevergeer@example.org,(003)-6243164,Hoenderloo,Belgium,2023-12-24,No
WC003405,Lucas,van Arkel,danique91@example.org,(078) 7824478,Drouwenermond,Netherlands,2025-11-29,Yes
WC003406,Sven,Adriaensdr,grotteveel@example.org,025 1284550,Stolwijk,France,2023-08-14,Yes
WC003407,Veerle,Romijn,rowan45@example.org,,Kerkdriel,France,2026-03-18,No
WC003408,Demi,Bijlsma,,+31(0)759-908327,Sevenum,Germany,2023-08-06,Yes
WC003409,Dewi,Jacobs,labadokyra@example.com,+31047 601035,Steenenkamer,Germany,2026-04-03,No
WC003410,Vera,Reimes,veerle23@example.net,(0697)-951837,Valkenburg,Belgium,2024-07-24,No
WC003411,Annabel,van de Noordmark,zeynepvan-baalen@example.net,+31790-211299,Baarn,Germany,2025-08-31,No
WC003412,Noortje,Huisman,melle63@example.com,+31(0)119-606126,Harkema,Belgium,2024-02-12,No
WC003413,Ties,Aarts,,+3152-1895465,Hazerswoude-Rijndijk,Netherlands,2025-12-04,No
WC003414,Alyssa,Linschoten,juulboudewijns@example.net,+31(0)61-2825865,Anerveen,Netherlands,2024-02-12,Yes
WC003415,Boaz,Fiere,maudarent@example.net,+3193-9625780,Kwadendamme,France,2024-08-19,Yes
WC003416,Bas,Texier,wdoorhof@example.org,(0285) 809728,Well L,France,2025-07-14,Yes
WC003417,Amina,Kas,kuipersamin@example.com,0427 379772,Eck en Wiel,France,2026-06-09,Yes
WC003418,Alicia,Zuijdveld,rvan-wickerode@example.com,+31(0)814-540833,Vlaardingen,France,2025-04-12,Yes
WC003419,Olaf,van Beek,hamza84@example.net,(0571) 378049,Breukelen,France,2024-11-06,Yes
WC003420,Mette,van Straaten,matthias54@example.org,0256-620079,Saasveld,Germany,2024-07-04,No
WC003421,Jelte,van Gemert,felineverda@example.org,0059 671091,Landgraaf,Netherlands,2023-08-06,No
WC003422,Twan,Jansen,ode-lange@example.org,+31(0)741 809007,Maren-Kessel,Belgium,2023-12-14,No
WC003423,Tessa,Estey,felinevan-den-wittenboer@example.com,+31(0)434 967426,De Goorn,Germany,2024-04-18,No
WC003424,Philip,van der Sloot,ramakersander@example.org,043 2467822,Waspik,Belgium,2025-09-10,Yes
WC003425,Vajèn,Vink,naomikoeman@example.org,+31639 063489,Onna,Germany,2023-12-13,Yes
WC003426,Elise,Willems van Lier,lindsey65@example.com,(010)-9170335,Noordwijk,Germany,2023-11-16,Yes
WC003427,Mustafa,Moenen,aklerks@example.com,031 2556327,Dalem,Germany,2026-02-26,Yes
WC003428,Faye,Vrancken,jayden75@example.org,0765 402520,Nieuwdorp,Germany,2025-04-14,Yes
WC003429,Loek,de Wit,rippeytwan@example.net,+31(0)923-836454,Zevenhuizen,France,2025-01-08,Yes
WC003430,Lenn,de Grunt,jolievan-bruchem@example.org,,West-Terschelling,Netherlands,2026-05-03,No
WC003431,Lot,Walsteijn,wjansen@example.net,+31(0)961 005172,Haarlemmerliede,France,2025-03-12,No
WC003432,Melissa,van de Biesenbos,isabel36@example.net,+31(0)17 6759380,Huizen,Belgium,2026-04-08,Yes
WC003433,Milan,Melet,dylanvan-westfalen@example.org,(0293) 824855,Sellingen,Netherlands,2026-05-16,No
WC003434,Naud,Goudriaan,morris25@example.org,021 7462140,Avenhorn,Belgium,2026-01-06,Yes
WC003435,Sam,Bos,oliviertakkelenburg@example.net,(036)-3109235,Daarle,Netherlands,2024-01-27,No
WC003436,Elif,Erhout,yspruyt@example.net,+31(0)763-559464,Vlaardingen,Belgium,2025-11-28,No
WC003437,Demi,van den Assem,van-geenendaan@example.net,+3108-6974579,Breukeleveen,Netherlands,2024-04-23,No
WC003438,Amélie,de Jonge,lijnlois@example.org,+31(0)212 988744,Vasse,France,2026-01-02,No
WC003439,Tim,Zwijsen,xdijkstra@example.com,+31(0)30-1983183,Oud Ade,Germany,2024-12-30,Yes
WC003440,Dina,Rubben,de-bruynjanne@example.org,+3127-1193435,Millingen aan de Rijn,Germany,2023-12-02,No
WC003441,Rosalie,van 't Wel,rayan95@example.org,+31(0)386-138487,Sinderen,Netherlands,2026-03-08,Yes
WC003442,Sara,Lamore,bramvan-oirschot@example.org,+31(0)677-273708,Bakhuizen,France,2023-11-12,Yes
WC003443,Ella,van Oudewater,mvan-vliet@example.net,+3167-6512042,Moddergat,Belgium,2026-07-09,Yes
WC003444,Xavi,Verschut,hannavan-den-brand@example.com,+31(0)97 0917195,Wezup,Netherlands,2024-05-31,Yes
WC003445,Ben,Marchal,sophie17@example.org,+31(0)469 223122,Gasselternijveen,Belgium,2023-09-26,Yes
WC003446,Quinten,de Gratie,fpotters@example.org,+31950-357082,Olterterp,Germany,2025-11-28,Yes
WC003447,Evy,Hagendoorn,stangexavi@example.org,+31(0)69-9037809,IJsselmuiden,France,2026-05-18,Yes
WC003448,Charlotte,Phillipsen,dvan-rossum@example.com,+31(0)796 042997,Wagenberg,France,2026-06-29,Yes
WC003449,Aron,Strik,tirieise@example.com,(075) 0439711,Sint-Michielsgestel,France,2026-06-17,No
WC003450,Sjoerd,van 't Wel,wesley68@example.net,086 1871029,Radio Kootwijk,France,2025-01-08,Yes
WC003451,Sofia,van 't Erve,nathan36@example.com,+31(0)851 978964,Vegelinsoord,Germany,2025-03-16,Yes
WC003452,Kim,Welf,mustafasterkman@example.com,031 5947795,Garsthuizen,France,2025-03-28,No
WC003453,Norah,Schuurmans,,+31(0)705 338004,Leons,Netherlands,2026-03-01,Yes
WC003454,Stijn,Greij,ovan-luinenburg@example.org,0227 418403,Delfzijl,France,2024-10-07,No
WC003455,Pien,de Vos,karlijn77@example.net,+31(0)626 343435,Elsendorp,Netherlands,2024-03-27,Yes
WC003456,Tirza,Totwiller,aya46@example.com,(003) 1682950,Hoogezand,Netherlands,2024-07-24,No
WC003457,Lucy,van de Pol,vincejanse@example.org,+31(0)769-759974,Nieuwkuijk,Belgium,2025-05-02,Yes
WC003458,Ali,van Rijnsbergen,van-arkeljasper@example.net,+31(0)20 9497863,Nieuw-Beijerland,Netherlands,2023-12-24,Yes
WC003459,Aaron,Room,fslagmolen@example.com,+3138-7906904,Heinenoord,Germany,2026-05-07,No
WC003460,Elias,Tirie,mirte46@example.org,+31(0)974 410496,Zurich,France,2023-09-20,Yes
WC003461,Milan,Bruijne van der Veen,customer@,+31(0)893 549369,Nij Altoenae,Belgium,2024-04-19,Yes
WC003462,Timo,van den Broek,lise53@example.com,+31(0)970-739022,Franeker,France,2023-11-06,Yes
WC003463,Imke,Oosterhout,brittvan-nederlotharingen@example.org,(035) 8458176,Sappemeer,France,2024-02-20,No
WC003464,Saar,Perck,lievevan-den-nuwenhuijzen@example.net,+31(0)91-9538597,Hardinxveld-Giessendam,Netherlands,2024-02-02,Yes
WC003465,Jack,van den Velden,kokelisa@example.net,093-5778141,Ginnum,Germany,2026-03-02,No
WC003466,Sep,Le Marec,ottearon@example.net,+3123-6566242,Elburg,Netherlands,2025-11-04,Yes
WC003467,Evi,van Heusden,borislafleur@example.com,(054)-0695918,Nieuwe Niedorp,Netherlands,2025-11-09,No
WC003468,Jim,Phillipsen,esmee72@example.net,(0391) 452752,Vianen NB,Netherlands,2025-02-14,Yes
WC003469,Nikki,van der Meer,stuivenbergstijn@example.com,+31(0)508 348329,Oudehorne,Netherlands,2024-06-04,Yes
WC003470,Dex,Lamotte,elisa32@example.com,0899 990479,Mheer,Netherlands,2024-01-31,No
WC003471,Yara,van Oudewater,rhulshouts@example.com,(0215) 617184,Siegerswoude,Belgium,2024-02-29,No
WC003472,Lena,van de Veen,jolijn65@example.com,+3109 1842307,Nunhem,France,2024-01-19,Yes
WC003473,Alyssa,Kirpenstein,boesermichelle@example.org,+31878 812975,Eersel,Germany,2023-08-21,No
WC003474,Max,Beekman,emma95@example.com,+31032-183323,Sexbierum,Netherlands,2026-07-25,Yes
WC003475,Lorenzo,van Alenburg,chondeveld@example.com,+31(0)157 701056,Oldeholtpade,Netherlands,2025-08-12,No
WC003476,Senna,van Laarhoven,pter-waarbeek@example.net,(0611)-526758,IJhorst,Germany,2025-02-23,Yes
WC003477,Annabel,de Marduras,thijmen39@example.org,+31(0)555 114430,Rotterdam,Netherlands,2025-08-14,No
WC003478,Emma,van Boulogne,nienkevan-t-wel@example.net,(032) 4397630,Zwanenburg,France,2025-09-03,No
WC003479,Thijs,Poncelet,juliette88@example.org,0520-721998,Asten,Netherlands,2024-11-28,No
WC003480,Ali,van Enschot,matthijs85@example.org,+31(0)93 1783945,Bruinehaar,France,2024-02-28,No
WC003481,Micha,Alpaidis,hheribert-van-laon@example.com,(0453)-456945,Langeweg,Belgium,2023-10-19,Yes
WC003482,Mees,Luitgardis van Neustrië,tycho59@example.com,+31(0)405-838947,Woensdrecht,Belgium,2026-01-16,Yes
WC003483,Pleun,Keltenie,jeltefrankhuizen@example.com,(0947)-280112,Dinteloord,Belgium,2026-02-21,No
WC003484,Thijn,Kramer,anna12@example.net,+31(0)771-684293,Ruinerwold,Netherlands,2026-01-22,Yes
WC003485,Daniel,van Vliet,saraeelman@example.com,+3192-1070866,Delfzijl,Germany,2025-08-12,Yes
WC003486,Jelte,Veenstra,maryam65@example.net,0728-231569,Noordeinde Gld,France,2025-06-08,Yes
WC003487,Ayoub,Wutke,wotto@example.net,008 3500197,Heerlen,Netherlands,2023-12-16,Yes
WC003488,Tara,Veenstra,vpratt@example.net,(074)-9171024,Raalte,Netherlands,2024-06-13,Yes
WC003489,Lex,Scholten,texiervince@example.net,073-5108200,Warfhuizen,France,2025-04-25,Yes
WC003490,Dylano,van der Ven,tvan-brenen@example.net,+31(0)60-2063071,Handel,Netherlands,2026-06-20,Yes
WC003491,Lize,de Mol,nsteenbeek@example.net,+3100 0556088,Abbenes,Netherlands,2024-08-31,No
WC003492,Maud,Galenzone,xeelman@example.net,(0158)-434495,Aalsmeerderbrug,Netherlands,2024-12-19,No
WC003493,Twan,Bresé,nadinevan-dongen@example.com,051-9528819,Surhuizum,Netherlands,2025-08-30,Yes
WC003494,Fabiënne,Linschoten,lukaboddaugh@example.org,+31(0)19 2019971,Broekland,Germany,2025-10-15,No
WC003495,Dion,Velderman,lhoogers@example.net,048-5754219,Rilland,Netherlands,2024-09-13,Yes
WC003496,Wouter,van 't Erve,van-der-horstlouise@example.net,+31(0)58-7918007,Schiphol-Rijk,France,2024-02-02,No
WC003497,Fenna,van der Wal,fslingerland@example.org,+3156 6109689,Terband,France,2026-06-03,Yes
WC003498,Pleun,Rouwenhorst,jvan-den-corput@example.net,+31348-097005,Valkenburg,Netherlands,2023-10-09,No
WC003499,Mart,Lensen,hexspoorjoshua@example.org,+31664-018401,Maarheeze,Germany,2023-11-13,Yes
WC003500,Berat,Hulst,ella57@example.net,(0158) 292589,Houtigehage,Germany,2025-05-27,Yes
WC003501,Jason,Fredriks,vvan-bentheim@example.com,006 3971781,Westzaan,Belgium,2024-08-05,No
WC003502,Elif,Melet,keanovan-der-berg@example.org,+31(0)03 8410134,Gaastmeer,Netherlands,2025-02-06,No
WC003503,Daniel,Woudenberg,lisevan-der-heiden@example.org,+31(0)013-147802,Alphen aan den Rijn,Germany,2026-07-01,No
WC003504,Tijn,Jekel,aliciavierdag@example.com,+31250 095325,Kamperveen,Germany,2025-01-31,Yes
WC003505,Mika,Rousselet,ybud@example.com,+3125-0771891,Koarnjum,Belgium,2026-05-05,Yes
WC003506,Britt,François,sanderhendriks@example.com,0758-426677,Hedikhuizen,Germany,2026-03-06,No
WC003507,Sarah,de Smit,bouhuizenmuhammed@example.com,0002-860963,Stroe,Belgium,2025-02-08,Yes
WC003508,Mika,Willems,willemsdylano@example.org,(0258) 188689,Bruchterveld,Belgium,2024-05-22,Yes
WC003509,Emir,d' Heripon,selena42@example.net,+31(0)378 085799,Baaium,Germany,2024-09-01,No
WC003510,Lukas,Demmendaal,invalid.email,+31(0)84-8017850,Diffelen,Belgium,2024-09-11,Yes
WC003511,Kiki,van Drenthe,loek69@example.org,+31261 831591,Venebrugge,France,2025-07-17,No
WC003512,Job,Mulders,cvan-doorn@example.org,0145 643228,Nederasselt,Netherlands,2025-11-06,Yes
WC003513,Julia,Brandon,igreij@example.net,016 6438184,Zuidschermer,Belgium,2026-02-24,No
WC003514,Jayson,Weeldenburg,mick01@example.org,(004)-1202388,Hoogmade,Netherlands,2025-07-02,No
WC003515,Bente,Hoeks,lise90@example.com,0139-226684,Nieuwland,Belgium,2024-04-15,Yes
WC003516,Sem,Wolfswinkel,maximrijntjes@example.net,(088)-8298683,Ferwert,Belgium,2025-10-26,Yes
WC003517,Rosalie,Marchand,yvan-waas@example.com,0378-992126,Maarsbergen,France,2024-10-30,Yes
WC003518,Michael,Erhout,cuittenbosch@example.org,0787 773639,Megen,Germany,2025-01-11,Yes
WC003519,Rosa,Versluijs,marit92@example.net,+3147 6592421,Deinum,Netherlands,2023-08-24,Yes
WC003520,Kyan,van Heusden,bvan-ghoerle@example.org,0310-042137,Haler,France,2024-06-11,Yes
WC003521,Niek,Ridder,sjoerdhollander@example.net,+31(0)96 4662205,Kapelle,Netherlands,2025-04-14,Yes
WC003522,Lois,Vink,yasmine91@example.net,0299 022832,Barchem,Belgium,2024-03-19,Yes
WC003523,Alexander,Beourgeois,versluijsjack@example.org,+3183 6139020,Bleiswijk,Germany,2026-04-03,No
WC003524,Amir,Henric van den Nuwenhuse,kyrahekker@example.net,+31(0)87-2158263,Stein,Netherlands,2026-07-16,No
WC003525,Vincent,Bos,jordyerhout@example.com,098-3985455,Nieuw-Beijerland,Germany,2023-10-18,No
WC003526,Chris,van Enschot,timkolster@example.org,+31(0)38-2099787,Delfgauw,France,2024-01-30,No
WC003527,Daan,Galijn,lievevan-kuijc-van-malsen@example.org,+31408 884126,Egmond aan Zee,Germany,2026-01-01,Yes
WC003528,Twan,Rijks,veldermanluc@example.net,+31(0)59-2532312,Lage Zwaluwe,France,2023-12-18,Yes
WC003529,Rik,de Kok,madelief27@example.net,0904-876857,Raamsdonk,Belgium,2024-08-27,No
WC003530,Thomas,Mijsberg,danique16@example.org,099-0051020,Hurwenen,Germany,2026-04-24,No
WC003531,Arie,van Herstal,loesvan-heusden@example.net,+31838-372907,Stokkum,France,2025-07-10,No
WC003532,Niek,Rijcken,sebastiaan29@example.org,(0337) 817655,Neerloon,Belgium,2026-05-05,No
WC003533,Leon,van Santen,noorvan-der-klein@example.org,(0489) 631756,Marijenkampen,Belgium,2024-11-01,No
WC003534,Elizabeth,van de Elzas,ooostveen@example.com,(0355) 519112,Bodegraven,Netherlands,2026-02-25,No
WC003535,Leah,Strijker,floortjevan-hemert@example.net,0014-709669,Bronneger,Netherlands,2026-06-03,No
WC003536,Joep,van den Nuwenhuijzen,pkas@example.com,+31(0)285-030373,Veghel,Belgium,2025-03-27,No
WC003537,Sanne,Rotteveel,van-drentheroos@example.net,+31(0)582 982481,Oldenzaal,France,2025-07-27,Yes
WC003538,Romy,Lieshout,sbecht@example.org,(080) 1042627,Papekop,France,2025-09-27,No
WC003539,Laura,Wildschut,lynnvan-mispelen@example.org,(0156) 006406,Sint Pancras,Germany,2025-01-19,Yes
WC003540,Olaf,van de Coterlet,dirkdorsman@example.org,+31509-335219,Wytgaard,Belgium,2024-02-04,No
WC003541,Arthur,Bloemendaal,esmee00@example.net,068-1254023,Sluis,France,2026-01-04,No
WC003542,Merel,Klomp Jan,jameszeemans@example.net,+31(0)97-1427628,Spannum,Netherlands,2025-07-16,No
WC003543,Sienna,Verwoert,vera64@example.com,(098) 8987827,Tijnje,Netherlands,2025-09-16,No
WC003544,Tygo,Arnold,nienkevan-emmelen@example.net,(048)-9484786,Markenbinnen,France,2025-08-03,No
WC003545,Ruben,de Graaf,ivy72@example.com,+31(0)59 2218691,Den Ham,France,2025-04-06,No
WC003546,Kyan,van der Laarse,sterrekamper@example.net,+31(0)524 582618,Nieuwaal,Netherlands,2025-12-30,Yes
WC003547,Sep,van Leeuwen,kikikriens@example.net,+31287 406772,'s-Gravenzande,Netherlands,2026-07-11,Yes
WC003548,Senna,le Floch,jdachgelt@example.com,055-2347757,Veenhuizen,Germany,2024-10-26,Yes
WC003549,Merel,Wagenvoort,luc71@example.net,(0109)-052584,Castelre,Germany,2023-10-30,No
WC003550,Ben,van Beaumont,dexvan-de-veen@example.net,+31846 056293,Megchelen,Germany,2023-12-24,Yes
WC003551,Dave,Maas,keteldewi@example.net,090-5374895,Klein Zundert,Belgium,2024-05-06,No
WC003552,Bastiaan,de bont,arensmare@example.com,(014)-9237234,Ohé en Laak,Netherlands,2024-07-18,Yes
WC003553,Milou,Blokland,ovan-den-nuwenhijsen@example.org,+3198-0500476,Oosterleek,Belgium,2026-05-12,No
WC003554,Sarah,Steenbeek,van-bovenmaryam@example.com,(049) 1943760,Haulerwijk,Germany,2025-10-09,Yes
WC003555,Roos,Dorsman,evelienaarden@example.com,0839-356516,Winterswijk Woold,France,2024-09-07,Yes
WC003556,Mads,Vos,angelinachevresson@example.com,+3159-0473534,Rotterdam,France,2024-01-18,No
WC003557,Zara,Woutersz,dbroeshart@example.org,+3121-9923891,Egmond-Binnen,Netherlands,2026-06-16,No
WC003558,Jorn,Zijlmans,jonkerdion@example.net,0410-795706,De Heen,Belgium,2026-07-22,Yes
WC003559,Cornelia,de Haan,megan93@example.org,(033)-2504591,Oegstgeest,France,2025-10-04,No
WC003560,Megan,de Man,kunenlize@example.org,(004) 3405224,IJhorst,Netherlands,2026-04-08,Yes
WC003561,Amira,van Gils,mauritspeterse@example.com,+31318-502972,Eursinge,Germany,2025-12-19,Yes
WC003562,Chloë,Oversteeg,lucypeters@example.com,+31(0)27 8163322,Glane,Netherlands,2026-02-07,Yes
WC003563,Hidde,de Pauw,jordy07@example.net,051 9600539,Hensbroek,Belgium,2025-01-02,Yes
WC003564,Sterre,Miner,pleunbosch@example.net,(026)-8605449,De Meern,Germany,2024-01-20,Yes
WC003565,Iris,Vermeulen,pepijnschrik@example.com,+31(0)086-530513,Weesp,Germany,2026-02-27,Yes
WC003566,Job,Eijkelboom,twan07@example.net,+3166-5634182,Wytgaard,France,2024-01-08,Yes
WC003567,Kian,van Boulogne,ivanle-gulcher@example.org,060-1780999,Loosdrecht,Belgium,2026-07-23,No
WC003568,Niels,Bruggeman,van-doorenilse@example.org,0635-110418,Alphen aan den Rijn,Belgium,2024-05-15,No
WC003569,Lise,Uphaus,sep99@example.org,031 4783867,Swifterbant,Germany,2023-08-13,Yes
WC003570,Rosa,Lemmens,sennawilcken@example.net,019 6474283,Bingelrade,Belgium,2025-05-29,No
WC003571,Naud,Nek,van-der-heijdenjohannes@example.com,+3163-2816930,Haarzuilens,Netherlands,2026-06-11,No
WC003572,Bradley,van Dongen,norahneuteboom@example.org,+31(0)04-7378118,Waspik,Germany,2026-07-07,Yes
WC003573,Sterre,Huurdeman,rouwenhorstties@example.org,040-1291555,Nieuw-Vennep,France,2025-11-24,Yes
WC003574,Yasmine,Huijzing,merkxmyrthe@example.org,+31(0)635-260771,Follega,Germany,2024-04-16,No
WC003575,James,Gerritse,bradley27@example.com,+31758 056440,Ten Boer,Belgium,2024-05-13,Yes
WC003576,Gerrit,de Bruijn,cosmanashley@example.com,064 5233746,Schoondijke,Germany,2025-12-14,No
WC003577,Feline,Heyne,uoversteeg@example.org,+31(0)17 7159000,Soest,Germany,2025-02-25,Yes
WC003578,Arie,van Rijnsbergen,adamjdotte@example.org,+31344-808563,Ede,Netherlands,2025-02-13,Yes
WC003579,Isa,Lensen,aarondavid@example.org,(067)-9597860,Noordbeemster,Netherlands,2026-05-09,Yes
WC003580,Elisabeth,de Lange,otteolivier@example.com,+31957 516412,Retranchement,Belgium,2024-03-16,Yes
WC003581,Guus,Peeters,goemencs@example.net,(0329) 943741,Kallenkote,Belgium,2025-11-20,No
WC003582,Victoria,van de Kooij,luka24@example.com,(088)-5280749,Steenderen,France,2025-04-25,No
WC003583,Ravi,Backer,van-milisabel@example.net,+3115 2250789,Tubbergen,France,2024-08-15,Yes
WC003584,Robin,Cadefau,bastiaan07@example.org,(0539)-296889,Haps,Germany,2024-06-03,No
WC003585,Stijn,Maaswinkel,tessa02@example.net,052 2430405,Kerk-Avezaath,Belgium,2025-04-02,No
WC003586,Sanne,Suijker,dadriaensdr@example.com,(024)-8269785,Sibrandabuorren,Germany,2025-10-14,No
WC003587,Jacob,Charon,blewanusnadia@example.net,+3124-7786737,Apeldoorn,Belgium,2024-11-20,No
WC003588,Annemijn,Soos,mikejerusalem@example.org,037-2775981,Klooster Lidlum,Germany,2025-07-05,Yes
WC003589,Evie,Arent,johannavan-t-erve@example.org,+31(0)62-3630810,Zaltbommel,Netherlands,2024-01-27,Yes
WC003590,Julie,van Hamaland,elisezijlmans@example.com,(002) 8388425,Gouderak,Germany,2026-03-22,No
WC003591,Tygo,de Roos,isis14@example.org,(0794) 036697,Aarlanderveen,Netherlands,2025-08-20,Yes
WC003592,Hanna,Ansems,furdathijmen@example.org,+31(0)821 981799,Oostvoorne,Netherlands,2025-06-08,Yes
WC003593,Cornelia,Tuithof,fvan-oosten@example.org,+31(0)20-7269500,Borculo,Germany,2025-04-07,Yes
WC003594,Siem,Bleijenberg,kayleekronenberg@example.org,+31(0)63-3772964,Stellendam,Germany,2024-10-08,Yes
WC003595,Amir,Koster,amir99@example.org,+31(0)88 5673835,Oosterstreek,Netherlands,2025-04-24,No
WC003596,Roos,Jansen,aweeldenburg@example.net,+3146-6612101,Musselkanaal,Germany,2025-02-10,No
WC003597,Dani,Hemma van Allemanië,marediesbergen@example.org,(018)-5915657,Wolphaartsdijk,Netherlands,2026-03-26,Yes
WC003598,Ninthe,Steenbakkers,xavi33@example.org,+31511 671725,Koekange,Netherlands,2025-05-30,Yes
WC003599,Jolie,Coret-Coredo,janne93@example.org,+3181-8175183,Ossenisse,France,2026-03-12,No
WC003600,Tijmen,van Straaten,van-hoevel-en-van-zwindrechtsilke@example.org,+3105 4813686,Bears,Germany,2023-11-28,No
WC003601,Cas,Briere,angelinalage@example.org,+31727-428407,Benningbroek,France,2025-01-31,Yes
WC003602,Sam,Vos,wilckenlizz@example.net,0192-195212,Wittem,France,2026-05-28,Yes
WC003603,Rowan,van Oostendorp,dex73@example.org,+31(0)548-645409,Heiligerlee,France,2024-12-25,No
WC003604,Noor,Belpere,tobiasschouten@example.org,(0040) 125427,Boornzwaag,Germany,2023-12-04,No
WC003605,Rick,Kleijse,wdirksen@example.org,+31(0)948 850715,Geervliet,Germany,2024-06-29,Yes
WC003606,Nadia,Boetet,gdijkman@example.net,+31(0)91-7167335,Reusel,France,2026-04-12,Yes
WC003607,Linn,de Korte,ilse13@example.org,+3197-4613513,Zwinderen,Belgium,2023-09-11,No
WC003608,Micha,van Gorp,van-gilslenn@example.org,(074) 6866707,Wormer,Netherlands,2025-05-30,No
WC003609,Lieke,van den Oever,joost98@example.com,+31(0)147-853036,Hilaard,Germany,2026-03-01,No
WC003610,Lot,van Gorp,philip14@example.org,0809 228078,Laag-Soeren,Germany,2024-03-15,Yes
WC003611,Eva,Wouters van Eijndhoven,james66@example.net,+31129 954891,Dorst,France,2025-02-18,Yes
WC003612,Ivy,Bloemendaal,zoe67@example.net,+3169 5090543,Vleuten,Germany,2026-04-07,No
WC003613,Yinthe,Strik,de-heermads@example.org,+31918-247559,Steyl,Belgium,2024-05-20,Yes
WC003614,Bo,van de Ven,zaalmerel@example.com,+31(0)954 653118,Dedgum,Netherlands,2025-07-25,No
WC003615,Sam,Kuijpers,carlijnknoers@example.org,+3175-5150746,Driehuis NH,Germany,2025-08-07,No
WC003616,Rik,van der Kaay,adam92@example.net,+31(0)16-4449982,Reeuwijk,Netherlands,2023-10-13,No
WC003617,Dion,Verbeeck,roessinkvera@example.net,(0699)-336350,Wehl,Belgium,2026-07-15,No
WC003618,Tijs,van Noort,lucyslingerland@example.com,(0944)-613456,Zuiderwoude,Germany,2024-02-05,Yes
WC003619,Sarah,Bruynzeels,van-enschotjesper@example.com,0748 313913,Havelte,France,2024-01-04,Yes
WC003620,Demi,Boer,feline23@example.org,011 5340506,Oosterhout,Belgium,2024-02-25,Yes
WC003621,Niek,Waardeloo,rooseemma@example.org,080 8704466,Biest-Houtakker,Germany,2023-11-14,Yes
WC003622,Sterre,Osterhoudt,schipperfenna@example.net,+31(0)35 7903722,Oosterblokker,France,2025-06-12,Yes
WC003623,Evy,Jerusalem,milanmulders@example.com,(066)-0735262,Oldekerk,France,2023-11-02,Yes
WC003624,Dani,de Wit,sofiakas@example.org,+31(0)96-4791755,Ophemert,France,2026-02-14,No
WC003625,Rayan,Kriens,mohammedbastiaense@example.org,(093) 9271508,Molkwerum,Germany,2026-02-24,Yes
WC003626,Bastiaan,Adryaens,qjanse@example.net,(0721)-388368,Alde Leie,France,2024-07-26,No
WC003627,Ceylin,van Bernicia,van-vlaanderenjim@example.net,(056) 4176033,Zuurdijk,Netherlands,2025-04-02,Yes
WC003628,Berat,Spies,kyan91@example.net,+31(0)68-9440676,Ven-Zelderheide,Belgium,2024-02-28,Yes
WC003629,Jules,Mater,smeetsinaya@example.com,003 6612059,Oldeholtwolde,Germany,2024-10-15,No
WC003630,Merle,Hexspoor,maassarah@example.com,+31(0)99 0574102,Koudekerk aan den Rijn,Belgium,2023-10-26,No
WC003631,Elize,Werdes,evan-den-heuvel@example.net,(0796)-840276,Helmond,Belgium,2025-06-16,No
WC003632,Zeynep,Verbeeck,gvan-goerle@example.net,+31(0)16-2531335,Lioessens,Netherlands,2025-09-03,No
WC003633,Damian,Moenen,teun30@example.org,+3169-2306855,Oudeschild,Belgium,2025-06-23,Yes
WC003634,Thom,Huisman,lvan-formbach@example.com,037 4967692,Gelderswoude,France,2025-06-25,No
WC003635,Thom,Post,quinn04@example.net,+31(0)83-5071100,Lierderholthuis,Netherlands,2024-06-13,Yes
WC003636,Imran,Adriaansen,fde-jager@example.org,+31610 915212,Heerlen,Germany,2026-07-18,No
WC003637,Mehmet,van Emmelen,schoutenbibi@example.net,+31(0)38 1990628,Hengstdijk,Netherlands,2024-11-23,Yes
WC003638,Stef,Aschman,ian41@example.org,+31(0)067-719117,Berghem,Belgium,2026-03-05,Yes
WC003639,Cato,van Wijland,stettynisa@example.net,+3128-9073627,Koudum,Netherlands,2024-12-09,No
WC003640,Owen,Verhoeven,van-der-laarserafael@example.org,+31675 360162,Loenersloot,Belgium,2025-12-25,Yes
WC003641,Mohammed,Smeets,garretfaye@example.net,(0730) 532331,Noordhorn,Netherlands,2026-04-25,No
WC003642,Jente,Hemma van Allemanië,sepp21@example.org,+3175 8911650,Ommen,Netherlands,2026-04-27,Yes
WC003643,Arthur,van de Biezenbos,lucasden-teuling@example.net,(0086)-227882,Silvolde,France,2023-11-10,No
WC003644,Laurens,Pieters,maxvan-wickerode@example.com,0650 079877,Vierhuizen,Belgium,2025-02-23,No
WC003645,Senn,Ehlert,tessa63@example.org,(036)-1349473,Kloosterhaar,Germany,2026-05-23,Yes
WC003646,Liv,Hellevoort,wrightnienke@example.org,,Rijkevoort,France,2024-05-07,Yes
WC003647,Floor,Eijkelboom,alexanderwouters@example.org,(0159)-033037,Oldetrijne,France,2026-01-18,No
WC003648,Megan,van Opper-Lotharingen,terrysebastiaan@example.org,+3155-9720001,Baarn,Germany,2025-11-23,No
WC003649,Imran,de Jong,chrodtruddylano@example.com,+31(0)112-556398,Ravenswaaij,Germany,2026-01-16,No
WC003650,Jayden,Spiker,juliettede-kale@example.net,+3108-1784787,Zuidlaren,Germany,2026-01-08,Yes
WC003651,Lara,Moensendijk,rosalie79@example.com,+31(0)44 7193915,Sint Odiliënberg,France,2026-04-26,Yes
WC003652,Victor,Werdes,pcoreth-von-und-zu-coredo-und-starkenberg@example.org,+31(0)206-841076,Dreumel,Germany,2026-03-25,Yes
WC003653,Imran,van Duyvenvoorde,uit-de-willigennynke@example.com,(057) 1891161,Heumen,Netherlands,2024-12-08,No
WC003654,Meike,VAN gASTEL,renskeflink@example.com,0457-092272,Annen,Germany,2026-06-09,No
WC003655,Lucas,Krabbe,de-jongvictor@example.org,(0006)-291106,Broek in Waterland,Belgium,2025-02-26,No
WC003656,Tijn,van der Sloot,,+31(0)565-493318,Oosterblokker,Netherlands,2025-05-08,No
WC003657,Julia,de Gruijl,wlevesque@example.net,+3169-6395409,Geersdijk,Germany,2023-09-29,No
WC003658,Tirza,van Orleans,jacepsjob@example.org,0907-062621,Opijnen,Germany,2025-06-08,No
WC003659,Aya,van Enschot,rvan-dokkum@example.net,+3161-9618099,Nieuw-Weerdinge,Germany,2025-12-16,Yes
WC003660,Jaylinn,Otte,dylanohakker@example.org,(0171) 092347,Slappeterp,Germany,2025-03-26,No
WC003661,James,Arnold,stella94@example.org,(0851)-698686,Loosbroek,France,2024-08-01,Yes
WC003662,Bastiaan,Hofman,kevin66@example.com,(030)-7549472,Ysbrechtum,Germany,2025-06-23,Yes
WC003663,Lauren,Spiker,ter-waarbeekkian@example.net,058 1302804,Sluiskil,Netherlands,2025-11-17,No
WC003664,Annemijn,Schakelaar,lukas65@example.com,(018)-8271967,Wassenaar,Netherlands,2024-11-11,Yes
WC003665,Berat,van Straaten,cvan-den-broek@example.org,+31946-678472,Wenum Wiesel,Belgium,2025-01-12,Yes
WC003666,Chloé,Remmers,abel55@example.com,+3102-6936282,Bleskensgraaf ca,Netherlands,2024-02-10,Yes
WC003667,Jonathan,Dachgeldt,oemencssuze@example.org,(088) 1286566,Roodeschool,Netherlands,2024-12-06,Yes
WC003668,Julius,Woudenberg,nvan-haeften@example.net,+3115-1883084,Hoogkarspel,Netherlands,2025-03-16,Yes
WC003669,Josephine,Dachgelt,ejerusalem@example.org,+31(0)31 3178455,Oosterblokker,Netherlands,2024-06-28,Yes
WC003670,Mads,Schiffer,fzwijsen@example.net,(053)-4006962,Houten,Belgium,2025-11-11,No
WC003671,Lise,Driessen,van-de-darnaumason@example.net,+31(0)34-3798256,Drogeham,Belgium,2024-04-13,Yes
WC003672,Ise,d' Heripon,ilse12@example.org,+31(0)23 9362781,Zwartsluis,Germany,2025-03-03,Yes
WC003673,Luc,Blaak,collin99@example.net,+31504 875800,'t Harde,Netherlands,2024-08-21,Yes
WC003674,Sander,Hoelen,bmelet@example.org,+31716 563035,Wittelte,France,2025-11-29,No
WC003675,Kaylee,Rousselet,wwestermann@example.org,+3157-8906196,Noardburgum,Belgium,2024-08-26,No
WC003676,Evy,Elberts,brentschellekens@example.org,(078) 3573840,Oost-Graftdijk,Germany,2024-03-17,No
WC003677,Jort,Gervais,hugo94@example.net,(0890)-834062,Halle,Belgium,2026-06-19,No
WC003678,Evelien,Smits,sjoerd36@example.com,+31909 247956,Rumpt,Belgium,2026-01-25,Yes
WC003679,Jamie,Verwoert,isterkman@example.com,041-5126320,Zwanenburg,France,2024-04-11,No
WC003680,Wessel,van Bovenen,dean66@example.net,+31(0)33-8284903,Oosteind,France,2026-07-01,No
WC003681,Karlijn,Lelijveld,novavan-ooyen@example.com,+31945-175564,Waarde,Netherlands,2023-11-30,Yes
WC003682,Jill,Prins,bentevan-mispelen@example.org,+3141-1354787,Westervelde,France,2024-11-10,Yes
WC003683,Anne,Waardeloo,oliviakoster@example.net,+31(0)79-9450131,Reijmerstok,Netherlands,2024-05-01,No
WC003684,Mike,de Swart,speijerisabella@example.com,+31(0)319-956096,Jirnsum,Germany,2025-01-26,Yes
WC003685,Jesse,Arnold,bmens@example.org,+31714-295987,Heesselt,Belgium,2025-07-11,Yes
WC003686,Lise,Huberts,yvan-ginkel@example.org,+31(0)516-447177,St. Willebrord,Germany,2026-01-11,No
WC003687,Fenna,Schilt,van-de-biesenboslara@example.com,,De Steeg,Germany,2024-01-02,Yes
WC003688,Valerie,Stoffel,hamzaheribert-van-laon@example.org,+3144-4108487,Almen,Belgium,2025-06-26,Yes
WC003689,Lara,van de Greef,missing-at-symbol.com,(0089) 013681,Wellerlooi,Belgium,2026-02-12,Yes
WC003690,Maud,Groenestein,boschjordy@example.org,+31345-329849,Borger,France,2025-11-07,Yes
WC003691,Luc,Winnrich,van-berniciapim@example.com,0821-958258,Azewijn,Belgium,2024-07-27,No
WC003692,Alicia,van Luyssel,lex60@example.org,011-9572688,Dongen,France,2024-08-02,Yes
WC003693,Sophia,Palman,ecarnotte@example.net,+31(0)16-7295775,Abcoude,Belgium,2026-07-29,Yes
WC003694,Danique,Cant,verbruggenadam@example.net,+31338 474603,Elsendorp,Belgium,2025-10-05,No
WC003695,Pippa,The Elder,iwillems@example.net,+3159 4642572,Goënga,France,2025-10-22,Yes
WC003696,Milou,Lankle,bovan-rijthoven@example.com,+31(0)58-8442213,Aldeboarn,Germany,2026-02-09,No
WC003697,Fien,Bosch,naomilensen@example.net,080-0675753,Hedel,Germany,2026-07-17,No
WC003698,Bibi,van Susa,uvan-venrooy@example.org,0255-813625,Nibbixwoud,France,2025-11-03,No
WC003699,Floor,van der Stael de Jonge,mannebrian@example.net,(097) 3544947,Middelaar,France,2025-12-05,Yes
WC003700,Elena,Neuteboom,isisde-strigter@example.org,+31811-769050,Krommenie,Netherlands,2025-11-15,Yes
WC003701,Lorenzo,van Hulten,ivan-haeften@example.net,+31951 866040,Uithoorn,Netherlands,2025-12-23,Yes
WC003702,Sten,Henric van den Nuwenhuse,benjamin42@example.net,+31(0)09-3600528,Gouda,Germany,2025-07-05,No
WC003703,Charlotte,Martens,orademaker@example.com,+31(0)188-770038,Kollum,Belgium,2025-09-23,Yes
WC003704,Mohammed,van Wessex,feddesalet@example.com,(0984)-605093,Sibrandabuorren,Belgium,2025-02-26,Yes
WC003705,Berat,de Bruyn,evievan-der-schuijt@example.net,+31831 512705,Tiel,Belgium,2024-02-01,Yes
WC003706,Jenna,Verhaar,mombergdex@example.net,(0009)-438359,Drempt,Germany,2023-11-22,Yes
WC003707,Mees,van de Greef,mika02@example.com,(0579) 826052,Westendorp,Germany,2025-07-13,Yes
WC003708,Maaike,van Hoevel en van Zwindrecht,rvan-den-brand@example.com,+31(0)468-183886,Wilhelminadorp,Belgium,2025-06-02,No
WC003709,Daniël,Oversteeg,adriaansenivy@example.net,+31433-317619,Vessem,Belgium,2024-01-28,No
WC003710,Kian,Konings,floris70@example.net,+3164 2671419,Oosterwolde,Germany,2025-12-19,No
WC003711,Selina,Kosten,mettevan-den-eerenbeemt@example.org,+31206 817662,IJsselstein,Netherlands,2025-12-01,No
WC003712,Dion,de Man,chloede-wit@example.net,0447 718242,Ekehaar,Belgium,2023-09-24,Yes
WC003713,Fedde,van Breugel,van-de-watermarijn@example.com,(0526) 161757,Gaanderen,France,2025-07-08,No
WC003714,Jolijn,van Loon,heerschopgiovanni@example.org,0162-726922,Meteren,Netherlands,2025-08-09,Yes
WC003715,Aiden,Guit,fvan-tours@example.com,+3134-6217669,Nederland,France,2025-01-18,Yes
WC003716,Nathan,van Saksen,jonasromijn@example.com,0024 108103,Lioessens,Germany,2025-08-26,No
WC003717,Selena,van der Avoirt,jimvan-waas@example.net,(0753) 618949,Dinxperlo,Belgium,2025-12-27,Yes
WC003718,Teun,Brugman,jesperbouhuizen@example.org,+31(0)189 714164,Reuver,France,2025-09-29,Yes
WC003719,Floris,de Jonge,marceronarie@example.com,008 6053091,Ulvenhout,Germany,2025-06-24,Yes
WC003720,Maud,de Jonge,briseeiris@example.net,(067) 0869172,Nijensleek,Belgium,2023-10-30,No
WC003721,Madelief,Kolster,mohammedjeggij@example.com,+31(0)56 4403039,Terheijden,Belgium,2024-12-31,Yes
WC003722,Elize,Knuf,rvan-rossum@example.com,+3150 6796256,Darp,Netherlands,2025-05-22,Yes
WC003723,Senna,Serra,agoyaerts-van-waderle@example.org,,Velddriel,France,2025-10-04,No
WC003724,Sem,"West-Francië, van",mosleymia@example.com,+3155-4627022,Oosterleek,France,2026-04-29,No
WC003725,Bram,Bloemendaal,fedde57@example.org,(075) 3275555,Voorburg,Netherlands,2024-02-08,No
WC003726,Kick,Koeman,nvan-der-klein@example.com,+3194-2327244,Keent,Germany,2024-08-24,Yes
WC003727,Ninthe,Dekker,sam40@example.com,(0583) 682412,Sint-Maartensdijk,Netherlands,2023-12-27,No
WC003728,Mehmet,van der Stael de Jonge,zvan-leeuwen@example.org,+3127 7712972,Woudenberg,Netherlands,2024-03-13,Yes
WC003729,Marijn,van Mare,spreeuwmerel@example.com,+31(0)596-006404,Suwâld,France,2023-11-28,No
WC003730,Amélie,van der Pol,de-groteyfke@example.org,023 1616017,Oudehorne,Germany,2023-08-02,Yes
WC003731,Julius,de Bont,yvan-der-laar@example.net,(051) 1093736,Hulsberg,France,2025-11-21,No
WC003732,Dion,Stoffelsz,tara39@example.org,0419 159966,Geldermalsen,France,2023-11-14,No
WC003733,Madelief,Weeldenburg,mvan-limburg@example.com,+31(0)84-7457405,Keent,Netherlands,2024-11-05,No
WC003734,Luca,Zeemans,jochemsmarit@example.net,(0917) 658343,Waarland,Belgium,2024-08-03,No
WC003735,Alexander,Niermann,ibrahim52@example.org,(014) 0584229,Bovenkarspel,Netherlands,2024-03-30,Yes
WC003736,Chloë,Verhaar,van-gemertsuus@example.org,0829 069597,Neerkant,Netherlands,2025-01-14,Yes
WC003737,Samuel,Claassen,victor53@example.net,+31(0)180-051323,Burgum,Belgium,2026-05-01,No
WC003738,Olivier,Galenzone,zaalts@example.com,+31(0)120-628981,Mariahout,France,2025-08-27,Yes
WC003739,Chloë,Verheij,laurenverboom@example.net,0126-809754,Lemele,France,2025-08-11,Yes
WC003740,Jenna,Bresé,mirtelether@example.com,(0574)-104162,Kudelstaart,Belgium,2023-08-30,Yes
WC003741,Hamza,Kalman,dion26@example.org,0025-458118,Vogelwaarde,Netherlands,2024-11-13,Yes
WC003742,Gijs,Ansems,bvan-dokkum@example.net,035-9855480,Gelderswoude,Belgium,2026-06-12,Yes
WC003743,Loes,Roukes,van-welmara@example.com,054 2712953,Koarnjum,France,2025-11-28,Yes
WC003744,Aylin,van de Velden,ravi64@example.com,(0433) 669858,Alblasserdam,Germany,2024-01-14,Yes
WC003745,Aaliyah,Cornelisse,woltersdirk@example.org,(0741) 966157,Nieuweroord,Netherlands,2024-03-19,No
WC003746,Lina,van de Biesenbos,rowanemmen@example.com,052 2680369,Liempde,Belgium,2025-07-05,Yes
WC003747,Kai,van de Berg,kian88@example.org,+31(0)67 0409815,Oosterwijk,Belgium,2025-04-15,No
WC003748,Jade,van Wijk,tessa73@example.com,+31(0)99-7159201,Kapel-Avezaath,Netherlands,2025-10-22,Yes
WC003749,Nina,Pastoors,floris05@example.net,(002) 5540910,Sint Geertruid,France,2024-02-28,No
WC003750,Nova,Timmermans,avan-mil@example.net,+3132-8078073,Zaandijk,France,2023-11-06,Yes
WC003751,Lex,Perrono,indymol@example.org,(0821)-611145,Bronneger,Germany,2026-07-27,Yes
WC003752,Lola,van Gorp,eliza94@example.com,(0067) 079163,Boornbergum,Netherlands,2026-02-17,Yes
WC003753,Victor,Scuylenborchs,fmartens@example.org,+31(0)484 860774,Leur,Germany,2026-06-10,Yes
WC003754,Nienke,Tins,jipkloppert@example.org,+3123 1565036,Poppenwier,Germany,2025-06-11,Yes
WC003755,Nout,Schotte,jacepsjinthe@example.net,0495 549096,Vierlingsbeek,Germany,2025-07-27,Yes
WC003756,Ize,Jorrisen,dexkosten@example.com,0282 589633,Purmer,Germany,2025-01-05,Yes
WC003757,Cato,Geerling,gverhoeven@example.com,+31161-670420,Westerhoven,Netherlands,2026-04-28,No
WC003758,Sami,de Marduras,ide-gratie@example.net,(0487)-588565,Asch,France,2025-03-30,No
WC003759,Aron,Uittenbosch,vbijlsma@example.net,+31(0)74-0323734,Weesp,Netherlands,2024-04-30,Yes
WC003760,Finn,Broeckx,jvandenbergh@example.org,0133-276049,De Hoeve,Germany,2025-06-08,No
WC003761,Veerle,van den Nieuwenhuijsen,coenenisabella@example.org,041 4015903,Jaarsveld,Netherlands,2023-09-15,Yes
WC003762,Casper,Hazenveld,tvan-der-kint@example.net,(005) 0683057,Brielle,Germany,2024-08-15,No
WC003763,Isabella,Stinis,anna41@example.org,(090) 3029202,Helenaveen,Germany,2025-11-18,Yes
WC003764,Joël,van de Weterink,floorpeeters@example.net,+31(0)56 1485222,Heilig Landstichting,Belgium,2025-03-03,No
WC003765,Fleur,van Landen,fiene88@example.net,+31(0)172-958444,De Punt,Belgium,2026-02-13,No
WC003766,Twan,van Laarhoven,simonoda@example.net,+3121 3068671,St.-Annaparochie,Netherlands,2023-10-13,No
WC003767,Mats,Sitters,van-zwabenjoep@example.org,+31659-963954,Dinteloord,Belgium,2026-01-31,No
WC003768,Mia,van Hagen,yjoosten@example.net,+31(0)130 222801,Lippenhuizen,Belgium,2025-03-24,Yes
WC003769,Linde,van Straaten,ikorsman@example.org,(014)-9597251,Chaam,Germany,2025-03-31,No
WC003770,Florian,Mahieu,amaas@example.net,+31490 477840,Krabbendijke,Germany,2026-07-05,No
WC003771,Micha,Jansse,uhaselaar@example.net,+31037 452008,Hekendorp,Belgium,2025-08-02,No
WC003772,Jesse,van Brenen,lynn41@example.net,054 2901085,Beuningen Gld,Germany,2024-04-09,No
WC003773,Bilal,Mangel,steenbeekcatharina@example.org,(0343) 771006,Zweeloo,France,2024-07-14,Yes
WC003774,Koen,van Ginneke,daanvaessen@example.net,+3153 9299182,Zijderveld,Germany,2025-06-04,Yes
WC003775,Lucas,van Ham,louise15@example.org,0420 508295,Easterlittens,Netherlands,2023-08-14,Yes
WC003776,Selina,Merckx,dylanode-backer@example.net,0207 098530,Westbroek,France,2024-12-13,Yes
WC003777,Raf,Vervoort,ryantins@example.com,+31(0)931 133622,Dalen,Netherlands,2025-06-11,Yes
WC003778,Twan,Linschoten,michellede-jode-vastraedsd@example.org,+3193 0950459,Beerta,Germany,2025-02-11,No
WC003779,Esmée,Adelaar,selinalambregt@example.com,,Voerendaal,Netherlands,2024-09-08,Yes
WC003780,Tirza,Luitgardis van Neustrië,kayleigh57@example.org,052-3297484,Kuitaart,France,2023-11-12,No
WC003781,Maud,Dekker,adamhuisman@example.org,0297-464933,Peperga,Belgium,2023-09-09,Yes
WC003782,Pieter,DE pAUW,esilavan-noordeloos@example.com,+31(0)83 8287197,Lytsewierrum,France,2026-02-21,No
WC003783,Louise,van Henegouwen,fbakker@example.com,+31(0)643 439856,Oudorp,Germany,2025-07-21,No
WC003784,Hanna,van der Maath,jansenpuck@example.org,+3145 6647896,Twijzel,Belgium,2024-09-19,Yes
WC003785,Rik,van Berkum,helena80@example.net,(020)-3756703,Burum,Germany,2023-11-10,Yes
WC003786,Amir,Govarts,van-formbachdaniel@example.org,(0070) 750045,Lauwerzijl,Belgium,2026-02-19,No
WC003787,Collin,Jonker,sep98@example.org,+31(0)629-436422,Ederveen,Germany,2024-08-10,No
WC003788,Wesley,Kleibrink,kay28@example.com,+3180-1762164,Neerijnen,Belgium,2025-05-27,Yes
WC003789,Alicia,de Jonge,cmatthews@example.org,(0234)-560956,Schoonrewoerd,France,2025-05-12,No
WC003790,Femke,Lambregt,hoostveen@example.org,+31848 525886,Meerssen,Netherlands,2025-01-26,No
WC003791,Sam,Vaessen,merelvan-de-greef@example.org,+31(0)58 1548367,Schokland,Netherlands,2023-09-18,No
WC003792,Angelina,Meijer,kyara48@example.org,(041) 2713136,'s-Heer Hendrikskinderen,France,2023-08-04,Yes
WC003793,Elias,van de Plas,foverdijk@example.com,(0665) 692814,Ederveen,Belgium,2026-07-07,No
WC003794,Esmee,Merkx,fvan-ooyen@example.net,+3137 9724700,Medemblik,France,2024-12-25,No
WC003795,Ize,van Riet,feline99@example.org,0956-736543,Vaals,France,2025-04-14,No
WC003796,Eline,Lafleur,nathan32@example.net,(0764)-194261,Spierdijk,Netherlands,2026-02-21,Yes
WC003797,Bram,Eerden,quinty06@example.net,0543-830543,Goëngahuizen,Belgium,2025-08-26,No
WC003798,Zara,Rutten,vincentbeekman@example.com,+31(0)258-942418,Rijswijk,Germany,2023-10-08,No
WC003799,Cornelia,van Hoevel en van Zwindrecht,kyano86@example.net,+31337 168561,Arnemuiden,Netherlands,2024-06-08,Yes
WC003800,Kevin,van Susa,ter-waarbeekcatharina@example.com,022-2050063,Valthe,Belgium,2024-10-09,Yes
WC003801,Melissa,Schuylenborch,lucas27@example.com,+31(0)54 5980453,Twijzelerheide,Belgium,2024-09-04,Yes
WC003802,Benthe,van der Heijden,jmansveld@example.com,018 3199144,Bitgum,Netherlands,2025-06-02,No
WC003803,Lola,de Bock,dvan-engelen@example.com,0211-319788,Eijsden,Netherlands,2025-02-18,No
WC003804,Nick,van Maasgouw,jpison@example.net,050 9382911,Kesteren,Belgium,2025-08-04,No
WC003805,Luke,Zwart,zvan-beieren@example.com,+31673 027356,Sint Hubert,France,2024-01-20,No
WC003806,Wesley,Hoekstra,,(003) 5285337,Baard,France,2024-08-18,Yes
WC003807,Thijn,Lind,van-der-kaayfeline@example.org,(0447) 465557,De Tike,France,2025-08-16,Yes
WC003808,Simon,Poncelet,fde-mol@example.net,+3185 7624421,Millingen aan de Rijn,France,2025-08-17,No
WC003809,Eliza,Mudden,nadineclaassen@example.org,0128 179922,Boijl,Netherlands,2024-10-20,Yes
WC003810,Senna,Houdijk,noud03@example.net,+31(0)391-039444,Wanneperveen,France,2023-09-17,No
WC003811,Vince,Eerden,tygo45@example.com,(0912) 604318,Warstiens,Germany,2026-03-23,No
WC003812,Loek,Blokland,jarischenkel@example.com,+31021 297896,Holtum,Netherlands,2023-12-01,Yes
WC003813,Aimée,Jerusalem,loepromy@example.net,+3148-4947051,Edam,Germany,2025-03-11,Yes
WC003814,Tara,van den Bosch,mariavan-schweinfurt@example.com,+3135-3660106,Molenschot,Belgium,2026-01-28,No
WC003815,Philip,van Kempen,indy52@example.com,+3150 7402148,Leek,Belgium,2025-05-02,No
WC003816,Tijmen,Wolfsdr,vvan-den-eijssel@example.net,+31(0)019 737068,Zaandam,Belgium,2024-07-26,Yes
WC003817,Vajèn,van Gorp,esmee84@example.com,+3129 0219413,Halle,Germany,2025-03-15,No
WC003818,Olaf,Ponci,van-bunschotenmelissa@example.com,+31(0)56-3911180,Kerk-Avezaath,France,2025-04-11,No
WC003819,Mason,Werdes,unruoch-hunerikkian@example.org,033-6778654,Oudelande,France,2025-03-13,No
WC003820,Joey,van Mook,van-salmengerrit@example.com,+31(0)154-893563,Tienray,Netherlands,2024-08-12,No
WC003821,Milou,Dijkman,puck45@example.com,(0048)-224933,Eursinge,Netherlands,2025-07-06,Yes
WC003822,Bryan,Texier,mroosenboom@example.net,(056)-3225019,Zuidbroek,Belgium,2024-11-25,Yes
WC003823,Nathan,van Opper-Lotharingen,tguit@example.com,+31(0)387 783164,Makkinga,Belgium,2026-02-18,No
WC003824,Tijmen,van Wassenaar,mustafavan-der-pouw@example.com,(081) 9363184,De Goorn,Netherlands,2024-01-29,Yes
WC003825,Sanne,Fredriks,merlegreij@example.net,+3135 0543269,Drongelen,Belgium,2025-02-24,No
WC003826,Elisabeth,van der Zijl,hfrankhuizen@example.com,+31(0)528-400320,Drempt,France,2024-12-24,Yes
WC003827,Lukas,Willems van Lier,jurrijenstimo@example.com,+31(0)598 207129,Hoogenweg,Germany,2025-11-08,No
WC003828,Inaya,Perrono,de-roosevelien@example.org,(0486)-524287,Stuifzand,France,2024-03-04,Yes
WC003829,Niels,Hulst,persijnelena@example.net,+31(0)527-586681,Niehove,France,2024-08-17,Yes
WC003830,Hailey,van Opper-Lotharingen,kim12@example.org,(0171) 841727,Kats,Netherlands,2024-08-13,Yes
WC003831,Pippa,Blokland,ischokman@example.net,040 5493528,Mantgum,Germany,2025-05-16,No
WC003832,Yasmin,Vos,oversluijs@example.net,0057-347642,Kûbaard,France,2024-07-23,Yes
WC003833,Wouter,van Mispelen,kweijland@example.org,+3140 1342260,Westwoud,Netherlands,2025-10-28,No
WC003834,Linn,Passchiers,mees47@example.com,(058) 1025625,Klazienaveen,Germany,2025-11-08,Yes
WC003835,Dean,"West-Francië, van",bastiaanrijn@example.com,+31(0)387-464764,Ulestraten,Germany,2025-12-30,Yes
WC003836,Eliza,Oda,overdijkevi@example.net,018 3035245,Riel,Germany,2024-07-09,Yes
WC003837,Fatima,Schiffer,maja21@example.com,022 7857770,Loënga,Belgium,2024-11-09,No
WC003838,Cato,van der Veen,sienna80@example.com,+3156-8395630,Sumar,Germany,2025-05-15,Yes
WC003839,Lot,de Gratie,gijswillems@example.com,(089) 0104504,Piershil,Germany,2024-06-11,No
WC003840,Thom,Post,jannahakker@example.net,+31(0)090 303297,Oranjewoud,France,2025-12-09,Yes
WC003841,Jort,Broeshart,noutfrancois@example.com,(0909) 343618,Dalerpeel,Germany,2025-05-22,Yes
WC003842,Adriana,Stoffelsz,van-de-waterjob@example.org,(0831)-157112,Nijkerkerveen,Belgium,2026-05-12,Yes
WC003843,Quinn,Zaal,femvan-ghoerle@example.net,+31(0)96 2629015,De Koog,Germany,2026-02-21,No
WC003844,Melle,Serra,hulsstijn@example.net,+31(0)68-8585588,Akkrum,Netherlands,2026-01-15,No
WC003845,Emir,Mathurin,van-der-sandejoep@example.net,087 7708803,Heenvliet,Netherlands,2026-02-20,Yes
WC003846,Selina,Vervoort,maud86@example.net,+3190 9810295,Zierikzee,Netherlands,2026-07-16,Yes
WC003847,Tijn,van der Zijl,vvan-schweinfurt@example.com,(019) 3102673,Barsingerhorn,Netherlands,2024-03-10,No
WC003848,Anne,Le Grand,ableijenberg@example.org,092 2354801,IJsselham,Germany,2024-08-05,Yes
WC003849,Ceylin,DEN TEULING,twan63@example.com,027-9844008,De Kiel,France,2023-08-30,No
WC003850,Lily,Wolfsdr,evi00@example.net,+3162 0123908,Macharen,Netherlands,2024-03-10,No
WC003851,Laurens,Bouthoorn,jim60@example.com,+3189-2361700,Wellerlooi,Germany,2025-05-24,Yes
WC003852,Loïs,Martens,owen27@example.com,+31(0)221 974322,Biezenmortel,Belgium,2025-04-26,No
WC003853,Yasmin,Lafleur,muhammedvan-boulogne@example.net,(0499) 502209,Bakhuizen,France,2026-07-27,Yes
WC003854,Jonas,van Leuven,wde-boer@example.net,+31(0)555-099778,Oosthem,Germany,2023-11-21,Yes
WC003855,Julie,Köster,elenapasschiers@example.org,+31110-273624,Tegelen,France,2024-10-06,No
WC003856,Saar,Dachgelt,brouwerlevi@example.org,+31(0)840 574052,Tilburg,Belgium,2025-05-05,No
WC003857,Florian,van Laarhoven,fdubois@example.org,(0514)-026982,Drachten,Germany,2025-08-28,No
WC003858,Janna,de Vos,ashleyvan-der-meer@example.org,+31(0)15 3623589,Mussel,France,2026-03-13,No
WC003859,Bas,Risma,van-gelderlola@example.net,070-5966382,Reek,Netherlands,2023-08-28,No
WC003860,Madelief,Eelman,keijzerchloe@example.org,+31(0)999-103185,Tuil,Netherlands,2024-12-10,Yes
WC003861,Jesse,Huel,xspanhaak@example.net,+3154-6250161,Everdingen,Netherlands,2024-11-08,No
WC003862,Mustafa,Bos,stan62@example.net,+31481-498942,Middelie,Belgium,2025-07-10,Yes
WC003863,  Luuk  ,van der Veen,sylvielathrope@example.com,+3111-9009460,Vorden,Netherlands,2026-04-24,No
WC003864,Sara,Huurdeman,lot31@example.net,(0522) 406962,Homoet,France,2023-10-26,No
WC003865,Linde,van Wickerode,casper59@example.org,+3129 8187155,Koedijk,France,2024-12-22,Yes
WC003866,Julia,Dubois,luuk09@example.com,0366-891020,Heikant,Netherlands,2024-07-19,Yes
WC003867,Floris,van der Hoeven,bosberat@example.com,+3136 3153785,Noordbroek,Belgium,2024-09-27,No
WC003868,Bente,van de Klashorst,svan-noordeloos@example.org,+3199-0508674,Staphorst,Belgium,2025-07-24,No
WC003869,Hailey,Godfrey van Alemannië,kappelman@example.com,(0860) 141228,Westzaan,France,2026-04-16,No
WC003870,Helena,van Kuijc van Malsen,van-der-mastmathijs@example.net,+31(0)564 846008,Nunhem,Germany,2024-01-07,Yes
WC003871,Megan,Korsman,maudaeije@example.net,+31509 182957,Nijlande,France,2025-06-16,Yes
WC003872,Timo,van Dam,yhermans@example.net,+31(0)83 8402275,Abbega,Belgium,2024-02-28,No
WC003873,Ninthe,Verhagen,de-gruijterlinde@example.com,+31(0)870-087144,Opmeer,Netherlands,2023-08-27,No
WC003874,Feline,Goyaerts van Waderle,nvan-de-kooij@example.net,+3115-7515839,Sauwerd,Belgium,2025-03-29,No
WC003875,Jelle,van Kuijc van Malsen,ude-keijser@example.org,062 7567808,'t Waar,Belgium,2024-09-14,No
WC003876,Jayda,van den Bosch,nickdoesburg@example.org,(083) 5514909,Oldebroek,France,2024-11-16,Yes
WC003877,Jaylinn,Zijlmans,ospanhaak@example.com,+31387 380270,Onnen,Belgium,2024-03-14,Yes
WC003878,Suus,van den Wittenboer,van-hemertaya@example.net,+3191 1811319,Striep,Belgium,2023-08-16,Yes
WC003879,Lukas,Wilmont,elizalijn@example.com,034-3275756,Ulicoten,Germany,2025-01-05,Yes
WC003880,Ruben,Loreal,gvan-breugel@example.com,(077)-3016097,Wânswert,Germany,2026-07-27,Yes
WC003881,Joy,van Nus,josephine00@example.org,054 5006224,Emmer-Compascuum,Belgium,2025-02-14,No
WC003882,Lisa,Lensen,broeckxbas@example.org,0813 916214,Kuitaart,France,2026-01-10,Yes
WC003883,Julian,van Asten,kay85@example.net,+3168-1432965,Rouveen,France,2025-12-16,No
WC003884,Cornelia,de la Fleche,vwalter@example.com,097 9245832,Zoeterwoude,Germany,2024-10-05,No
WC003885,Victor,Woudenberg,tvan-maaren@example.net,(019) 8155426,Geffen,Germany,2025-01-17,No
WC003886,Ivy,van Bernicia,gerritsberend@example.net,+31286-755641,Landsmeer,Belgium,2023-11-05,Yes
WC003887,Elena,Mangel,jonkmansimon@example.com,(0647)-999236,Baambrugge,Belgium,2025-04-30,Yes
WC003888,Evi,van Dillen,blewanuslisa@example.net,+31(0)376 857510,Santpoort-Noord,Germany,2024-07-14,No
WC003889,Madelief,Werdes,yvan-der-ven@example.net,+3156-2707609,Beusichem,Germany,2025-03-29,No
WC003890,Lize,van Engeland,lukasvan-der-pluijm@example.net,+3180 3690337,Halsteren,Netherlands,2024-02-09,No
WC003891,Eline,Dachgeldt,lethermirthe@example.com,+31194 016871,Katwijk,Germany,2025-10-16,No
WC003892,Lynn,Heerschop,feddevan-orleans@example.org,079-2069068,Enschede,Belgium,2025-11-02,No
WC003893,Lars,Spruit,pkronenberg@example.com,+31763 079675,Blankenham,Germany,2023-11-04,Yes
WC003894,Lieve,Dachgelder,gijs41@example.net,+3107 1671818,Maashees,Germany,2025-06-20,No
WC003895,Maaike,Martel,julius95@example.com,+31077-363987,Kwadijk,Belgium,2023-09-29,No
WC003896,Bilal,Olykan,wsaxo@example.com,+31(0)404-612936,Hoogeveen,France,2024-02-06,Yes
WC003897,Tygo,de Plantard,wmater@example.org,+3176 1187910,Creil,France,2024-03-04,No
WC003898,Valerie,Aarden,ojansdr@example.net,+31(0)47 6819007,Olterterp,Belgium,2023-10-27,No
WC003899,Zoey,Meeusen,van-der-meulenlizz@example.net,+31(0)884 897331,Sintjohannesga,Belgium,2025-03-31,No
WC003900,Muhammed,Bronder,puck85@example.com,+3111 9356626,Valthermond,Belgium,2025-01-24,Yes
WC003901,Rafael,Lambregt,thatcheryasmin@example.net,013-7319453,Budel-Dorplein,Belgium,2026-01-20,Yes
WC003902,Fenna,van der Smeede,van-de-veldenbjorn@example.com,+31622-161641,Langenboom,France,2026-03-13,No
WC003903,Xavi,Rijcken,,(0319) 907535,Valburg,Netherlands,2024-05-28,No
WC003904,Nora,Keltenie,lindseygeerling@example.org,(043) 9107571,Blauwestad,Germany,2024-10-13,Yes
WC003905,Tycho,Verbruggen,jacepslenn@example.net,066 1203979,Koolwijk,Netherlands,2025-05-17,Yes
WC003906,Isabel,van Kasteelen,hailey88@example.org,+31350-182210,Okkenbroek,Belgium,2024-09-03,No
WC003907,Robin,Oosterhek,opmansbastiaan@example.com,+3198-7860615,Werkhoven,Belgium,2024-05-12,No
WC003908,Isis,Blom,gvos@example.net,054-0062274,Otterlo,Belgium,2025-07-31,Yes
WC003909,Sophia,Marchand,adirven@example.org,+31(0)11-6373453,Keent,Netherlands,2025-11-18,Yes
WC003910,Jet,Galijn,lemmensrosalie@example.com,(0697) 959873,Alkmaar,Germany,2024-11-19,Yes
WC003911,Liam,Roosenboom,avan-maasgouw@example.net,+31(0)55 0269701,Hulten,Germany,2025-10-25,No
WC003912,Vincent,Smit,spruitadriana@example.com,069-1272540,Bruchem,Netherlands,2023-12-03,No
WC003913,Daniel,Adryaens,muhammed99@example.org,+31(0)177 078257,Windraak,Germany,2025-11-28,Yes
WC003914,Emily,Jorrisen,thoning@example.org,0151-954301,Oldenzaal,Germany,2023-09-03,No
WC003915,Lex,van de Water,tboetet@example.org,+31(0)40 1470107,Oranje,France,2024-08-15,No
WC003916,Lukas,Martel,wouter91@example.org,+31(0)07-9188598,Hellum,France,2023-10-03,Yes
WC003917,Mike,Verschut,customer@@example.com,+31509-608959,Eemnes,France,2025-08-31,Yes
WC003918,Rick,van Hemert,casperpons@example.com,+31(0)312-766818,Suwâld,Belgium,2024-08-17,No
WC003919,Dewi,Gemen,jim30@example.net,+31323 384993,Itens,Germany,2023-12-15,No
WC003920,Chloë,Lamotte,luna03@example.com,0123 114276,Zuidoostbeemster,Germany,2023-10-29,Yes
WC003921,Vince,Walter,lisade-bont@example.com,+3145 4560278,Den Horn,Belgium,2025-10-14,No
WC003922,Dana,van Rossum,lafleurdaniel@example.org,(027) 6917811,Dordrecht,France,2025-07-06,No
WC003923,Isabella,Spaan,jacksteenbeek@example.com,+31534 234532,Giessenburg,Germany,2025-06-28,Yes
WC003924,Sep,van Beaumont,mvan-formbach@example.org,+31(0)445-122036,Papekop,Belgium,2025-02-17,Yes
WC003925,Jim,Westerbeek,fatimahuisman@example.org,+3153-6574355,Warns,Netherlands,2026-04-14,No
WC003926,Meike,van Bruchem,ccharon@example.org,(009) 8320907,Nederasselt,Netherlands,2025-06-20,No
WC003927,Sophia,Hekker,lana64@example.com,+31(0)52-0020615,Tiendeveen,Germany,2023-08-11,Yes
WC003928,Bjorn,Elsemulder,van-de-kooijjaylinn@example.org,+3159-0474953,Avenhorn,Germany,2024-07-29,No
WC003929,Hendrik,Ramaker,steenbeekbryan@example.net,+31(0)50 8749563,Ysbrechtum,Netherlands,2025-09-08,No
WC003930,Aron,van Beek,tboddaugh@example.org,(058) 3916426,Haelen,Netherlands,2025-01-26,Yes
WC003931,Inaya,van Hoevel en van Zwindrecht,sennakruns@example.org,+31093 361190,Geesbrug,Germany,2026-07-22,Yes
WC003932,Aya,Scholten,lbroeshart@example.net,(021)-8169071,Boxtel,Germany,2024-02-03,Yes
WC003933,Sterre,Lucas,tijs83@example.com,+31216-981473,Amstelveen,Germany,2025-09-07,No
WC003934,Jort,Godfrey van Alemannië,rvan-es@example.com,(0516) 479795,Leuth,Germany,2023-08-30,Yes
WC003935,Lot,Rek,piersonlaurens@example.com,(0586)-347742,Broekhuizenvorst,Germany,2024-04-30,Yes
WC003936,Kate,Janse,valerie27@example.com,(0009) 135670,St.-Annaparochie,Germany,2026-03-11,No
WC003937,Boris,Wijland,floorvan-de-klashorst@example.net,+3113-7491497,Hengelo,Belgium,2023-12-23,No
WC003938,Fabian,Sanders,scuylenborchsguus@example.org,+31(0)66-0044932,Ottoland,Netherlands,2026-03-16,No
WC003939,Lara,Nihoe,ztammerijn@example.org,073 1614175,Wons,Netherlands,2025-12-26,No
WC003940,Cornelia,Goderts,dewi96@example.org,+31553 967144,Waaxens,Netherlands,2024-11-23,Yes
WC003941,Jayda,Groenestein,rens26@example.com,+31674 940933,Neede,France,2024-11-12,Yes
WC003942,Amina,Giselmeyer,,(0337)-356261,Neerlangel,Netherlands,2024-03-23,Yes
WC003943,Dina,Verbeeck,umoet@example.net,(0014) 599761,Beesel,Belgium,2024-05-01,Yes
WC003944,Cato,de Werd,cfiere@example.net,+31(0)258-710333,Helden,Belgium,2024-04-01,No
WC003945,Joshua,van de Wiel,pvan-den-assem@example.com,015 8597369,Hegelsom,Belgium,2025-03-10,No
WC003946,Kian,Robbrechts Bruijne,alex05@example.com,+3133 0917609,Noordwelle,Netherlands,2025-11-09,Yes
WC003947,Tess,van Wel,aylin39@example.org,067 2068402,Voerendaal,Belgium,2025-11-28,Yes
WC003948,Stella,de Groot,bibihelmerhorst@example.net,(031)-5589894,Arnemuiden,Netherlands,2025-09-19,No
WC003949,Boaz,Vignon,phileine69@example.org,+31(0)88 2336141,Lollum,France,2024-08-19,No
WC003950,Dewi,Klein,cvan-den-nuwenhijsen@example.org,0645-992148,Waverveen,France,2024-11-03,No
WC003951,Marinus,Kleijse,bram87@example.com,0652 022718,Knegsel,Germany,2024-09-13,No
WC003952,Kayleigh,de Vroege,gde-hoog@example.net,(0888) 171570,Asten,France,2025-02-01,Yes
WC003953,Tijn,Schrant,lisaoostveen@example.com,+31(0)66-6721368,Ubbergen,Germany,2024-10-12,Yes
WC003954,Amir,van den Brink,van-munsterelise@example.org,+31(0)919 044540,Zevenhoven,Netherlands,2023-10-21,No
WC003955,Vajèn,VERTOOR,willemsenloes@example.org,+3166 6718545,Goirle,Netherlands,2024-12-21,Yes
WC003956,Lana,Giselmeyer,miloukeijzer@example.net,+31(0)176-264302,Oene,Netherlands,2024-02-20,No
WC003957,Amber,Korsman,aliscardino@example.com,(017)-1815906,Meerlo,Netherlands,2024-12-29,No
WC003958,Tara,Eijkelboom,willemkonings@example.org,+31569-929632,Stellendam,Belgium,2024-04-21,Yes
WC003959,Bilal,Vastenhouw,svan-de-berg@example.net,+3121 2419968,De Steeg,France,2024-05-18,No
WC003960,Beau,van Laar,nouduphaus@example.net,0301-721875,Orvelte,Germany,2023-12-15,Yes
WC003961,Yfke,Symons,aliciadennenberg@example.net,+31(0)896-526834,Eenrum,Germany,2026-07-26,Yes
WC003962,Anna,Everts,van-der-pluijmfem@example.com,(011) 4540971,Meppen,France,2023-12-08,No
WC003963,Nathan,de Grote,elif06@example.org,0787-741357,Muntendam,Belgium,2025-04-15,Yes
WC003964,Merijn,Giselmeyer,ayoub64@example.com,(030) 1761743,Oostvoorne,Germany,2025-08-18,No
WC003965,Hidde,VAN DOKKUM,izevan-dooren@example.org,0214 821149,Ubbena,Belgium,2026-05-05,No
WC003966,Daan,Wright,feline26@example.org,(094) 5616191,Ransdaal,Netherlands,2024-07-25,Yes
WC003967,Joshua,van Landen,chrisvan-formbach@example.org,003 3291704,Boazum,Netherlands,2024-05-27,Yes
WC003968,Levi,Pierson,rens45@example.org,+31520 306894,Bocholtz,France,2026-04-15,Yes
WC003969,Merijn,Wunderink,jipsmit@example.net,(0975) 764644,Sint-Michielsgestel,Netherlands,2023-08-18,No
WC003970,Teun,Luboch,ivy35@example.net,+31(0)46 6079288,Stroobos,Belgium,2024-04-09,Yes
WC003971,Ian,van der Velden,sophiamulders@example.net,0889 472079,Oudewater,Netherlands,2023-08-02,Yes
WC003972,Elias,van der Flaas,tde-grote@example.org,+31(0)80-4574773,Breskens,Netherlands,2025-02-18,No
WC003973,Rayan,Janssen,fleur74@example.com,0889 132715,Haule,France,2025-10-29,Yes
WC003974,Gijs,van den Assem,ameliamaas@example.com,+31(0)86 2741452,Sirjansland,France,2024-10-01,No
WC003975,Chris,van Hagen,jansendex@example.org,+31874-020871,Ittervoort,Germany,2024-03-29,No
WC003976,Simon,van Arkel,bierstratenkim@example.org,0617-025031,'s-Gravenpolder,Germany,2026-04-13,Yes
WC003977,Noa,Jansse,wesleyhagendoorn@example.net,(092) 2738285,Tjerkwerd,Germany,2025-05-29,Yes
WC003978,Puk,Garret,van-der-plasmyrthe@example.net,0914 645660,Hengstdijk,Netherlands,2026-06-21,No
WC003979,Chloë,van de Velden,ottoyassin@example.com,003 8381112,Vlodrop,France,2026-01-29,No
WC003980,Norah,van Brunswijk,isa98@example.net,(038) 3065639,Hommerts,Germany,2025-05-11,No
WC003981,Mike,Veenstra,tansems@example.net,(073)-0519657,Ravenswoud,Germany,2026-06-20,No
WC003982,Brent,Ulrich,lolatakkelenburg@example.com,(0793) 609955,Tienray,Netherlands,2026-04-10,No
WC003983,Thom,Zijlemans,mahieulindsey@example.com,+31(0)932-253324,IJzendijke,Belgium,2025-08-21,Yes
WC003984,Noah,Pasman,brent66@example.org,+31067-854604,Rohel,Belgium,2025-01-15,No
WC003985,Wouter,Boeser,milo82@example.net,0515-429625,Garderen,Netherlands,2025-02-17,Yes
WC003986,Zoey,van Metz,cornelisde-haan@example.com,+31(0)103-154073,Udenhout,France,2024-12-04,No
WC003987,Zara,Verboom,mbosch@example.net,(040) 1313168,Heerde,Netherlands,2026-05-15,Yes
WC003988,Ashley,Brisee,sennsanders@example.com,+31483 708435,Heel,Netherlands,2024-05-11,No
WC003989,Thomas,van Grinsven,nkamper@example.com,(0744)-790804,Leur,France,2024-12-20,Yes
WC003990,Keano,Martel,marit08@example.com,+3133-8941839,Kudelstaart,Netherlands,2024-04-16,No
WC003991,Riley,Verhoeven,gerritsfiene@example.com,(019)-8021681,Peins,Netherlands,2026-03-28,Yes
WC003992,Noud,van der Linden,kyra63@example.net,(049)-1039235,Putte,Belgium,2025-03-27,No
WC003993,Dina,Bouthoorn,ibrahimgoderts@example.net,+3100 1423832,Nieuwe Pekela,Germany,2024-12-24,Yes
WC003994,Hidde,van der Pluijm,jules66@example.com,+31(0)81 3310002,de Wijk,Belgium,2024-10-23,No
WC003995,Noud,Wutke,jonas96@example.com,+31(0)034-447039,Renswoude,Netherlands,2026-07-06,No
WC003996,Chloë,van Riet,wvan-duivenvoorde@example.com,064 0085842,Blokzijl,Belgium,2026-07-28,Yes
WC003997,Linn,van Oosten,luna26@example.net,0149-478232,Ees,Germany,2026-01-19,No
WC003998,Sjoerd,Labado,sjoerd62@example.net,(0833)-903934,Born,Belgium,2026-06-24,No
WC003999,Pien,Doyle,noah22@example.org,(000)-1638506,Sint-Michielsgestel,France,2024-06-20,Yes
WC004000,Luca,Verbeeck,ayoub39@example.net,(045) 5745547,Veenendaal,Netherlands,2024-05-01,No
WC003066,Annemijn,van der Ven,livnek@example.com,+31(0)552-628047,Winkel,Netherlands,2023-12-01,No
WC000238,Quinty,den Buytelaar,lhulskes@example.com,(0272) 657808,Peperga,France,2025-09-26,No
WC001051,Adriana,van de Ven,jort65@example.com,0437 990612,Winterswijk Corle,Germany,2024-01-12,No
WC002864,Féline,Le Marec,chloeveenendaal@example.com,(015) 8438387,Doorwerth,Netherlands,2025-11-26,No
WC000892,Floortje,van Oostendorp,sandersrowan@example.org,0648-434396,Urk,Netherlands,2026-07-14,No
WC000217,Lizzy,Wigman,selberts@example.org,(057) 3551648,Warffum,Germany,2025-06-20,Yes
WC003537,Sanne,Rotteveel,van-drentheroos@example.net,+31(0)582 982481,Oldenzaal,France,2025-07-27,Yes
WC001827,Lucy,Wipstrik,dhoning@example.com,054-8682658,Feanwâlden,France,2024-02-14,Yes
WC001417,Twan,van Wallaert,vvan-praagh@example.com,+31(0)09-9906599,Den Oever,Netherlands,2025-05-15,Yes
WC001190,Pleun,Gemen,dde-marduras@example.net,+31(0)65-1442035,Amsterdam-Duivendrecht,Belgium,2026-01-31,Yes
WC001669,Esmee,de Roo,loiswolters@example.net,(0766)-863159,Broekhuizenvorst,Belgium,2025-07-04,Yes
WC003734,Luca,Zeemans,jochemsmarit@example.net,(0917) 658343,Waarland,Belgium,2024-08-03,No
WC000352,Justin,van Hoevel en van Zwindrecht,palmanthijmen@example.org,+31(0)27 7279443,Fluitenberg,Netherlands,2024-01-01,No
WC000968,Hendrik,Nek,wvan-loon@example.com,+31867 423498,Weerselo,France,2023-11-08,Yes
WC002710,Levi,Roodesteijn,bjorn73@example.com,+31(0)48 1822882,Deil,France,2025-08-14,Yes
WC002475,Ties,van Dagsburg,aelftrud-van-wessexzara@example.org,+31596-591654,Gilze,Netherlands,2023-09-17,No
WC003857,Florian,van Laarhoven,fdubois@example.org,(0514)-026982,Drachten,Germany,2025-08-28,No
WC000907,Kyano,Maas,invalid.email,(067)-6782673,Berkenwoude,Germany,2025-09-12,Yes
WC001672,Daan,Salet,sep10@example.com,(004)-8179775,Uitwijk,Germany,2024-03-30,Yes
WC003188,Karlijn,van Laon,yvan-velzen@example.net,+31915 309881,Zenderen,Netherlands,2026-01-17,No
