crm_customer_id,first_name,last_name,email,phone,loyalty_tier,marketing_opt_in
CRM000001,Florian,Meis,lukas05@example.com,+3125 1495604,Gold,Yes
CRM000002,Lot,Rek,piersonlaurens@example.com,,Silver,Yes
CRM000003,Tobias,Verkade,jurrijensmustafa@example.com,(013)-0489864,Platinum,Yes
CRM000004,Thom,van Geffen,mcoreth-von-und-zu-coredo-und-starkenberg@example.org,+31(0)19 3075081,Bronze,Yes
CRM000005,Bradley,Kuipers,ahorrocks@example.com,+3125-5382604,Silver,Yes
CRM000006,Pim,van Maaren,broeckxmaria@example.org,+31(0)762 326972,Platinum,Yes
CRM000007,Lucy,Huijzing,brian35@example.net,+3195 2180921,Bronze,Yes
CRM000008,Fenne,van Ooste,mick11@example.com,+3145-8197161,Platinum,No
CRM000009,Evie,Arent,johannavan-t-erve@example.org,+31(0)62-3630810,Bronze,Yes
CRM000010,Pepijn,Spiker,okamp@example.org,0411-520002,Platinum,No
CRM000011,Chris,van 't Wel,mariacornelisse@example.net,+31(0)44-7488764,Silver,No
CRM000012,Alex,van Olst,maregalijn@example.org,+31932-889521,Silver,No
CRM000013,Jolie,Coret-Coredo,janne93@example.org,+3181-8175183,Bronze,No
CRM000014,Dion,van Wijk,berat82@example.org,+31(0)291 168477,Bronze,No
CRM000015,Kim,van Wassenaar,mmeijer@example.net,+31113-835473,Silver,No
CRM000016,Finn,van Boulogne,imerckx@example.com,+3151 1200650,Silver,No
CRM000017,Elisabeth,Scardino,bresemaria@example.net,0264-390957,Silver,Yes
CRM000018,Berat,van den Nyeuwenhuysen,de-jongefabienne@example.org,+31236-111412,Bronze,No
CRM000019,Naud,Verheuvel,de-keijzerjake@example.net,+31764-140054,Platinum,Yes
CRM000020,Lois,van den Assem,teunvan-verdun@example.com,+31(0)609 809408,Silver,Yes
CRM000021,Quinty,Robbrechts Bruijne,van-beeck-beeckmansdaniel@example.org,+3118-9298100,Bronze,No
CRM000022,James,Dorsman,den-teulingjuliette@example.com,+31(0)063-856320,Platinum,Yes
CRM000023,Mare,Hellevoort,jorrisentijs@example.net,0088-025418,Bronze,Yes
CRM000024,Merle,Perkins,kirpensteinwout@example.com,0023-252974,Platinum,Yes
CRM000025,Ravi,Lage,lois71@example.com,0458-082411,Platinum,Yes
CRM000026,Féline,van Este,lorenzo39@example.org,0141 240284,Bronze,No
CRM000027,Elena,Takkelenburg,fjerusalem@example.net,+31(0)515-855212,Platinum,Yes
CRM000028,Elise,van Maasgouw,noellevan-der-pol@example.org,+31190 356796,Platinum,No
CRM000029,Keano,Zijlmans,sterretakkelenburg@example.net,+3148-4931553,Gold,Yes
CRM000030,Bradley,Hazenveld,meijerroos@example.com,+31(0)00-8537846,Gold,No
CRM000031,Bastiaan,Geldens,nynkemallien@example.org,(0566)-838035,Silver,Yes
CRM000032,Thijn,Chevresson,lgellemeyer@example.com,+31470 291765,Silver,No
CRM000033,Tirza,Luitgardis van Neustrië,kayleigh57@example.org,052-3297484,Platinum,No
CRM000034,Yfke,Langevoort,zwartmads@example.org,+31787-107819,Silver,Yes
CRM000035,Joël,van de Weterink,floorpeeters@example.net,+31(0)56 1485222,Gold,No
CRM000036,Brian,Lommert,elisabeth73@example.net,004-4573815,Platinum,No
CRM000037,Sander,van Ochten,jayda33@example.net,(0384) 794209,Platinum,Yes
CRM000038,Lex,Perrono,indymol@example.org,(0821)-611145,Gold,Yes
CRM000039,Vincent,Lambregt,stan46@example.com,+31(0)89-0624437,Silver,Yes
CRM000040,Pleun,Lommert,van-welkaylee@example.org,+31(0)79-2780276,Bronze,No
CRM000041,Kyano,de Vries,nluboch@example.org,(0887)-102977,Gold,No
CRM000042,Maud,den Teuling,mohammedvan-baalen@example.org,086-0714846,Platinum,No
CRM000043,Floortje,van Dam,fem13@example.net,0775-586354,Gold,No
CRM000044,Mark,Ligtvoet,omoet@example.com,040 1081662,Gold,No
CRM000045,Elisabeth,van Ham,elizabethvan-den-nieuwenhuijsen@example.com,+31095-855386,Silver,Yes
CRM000046,Annabel,van de Noordmark,zeynepvan-baalen@example.net,+31790-211299,Bronze,No
CRM000047,Emma,van Dam,lisarehorst@example.org,+31(0)092-199910,Platinum,Yes
CRM000048,Olaf,van Hulten,maartje18@example.org,+31(0)968-346232,Gold,No
CRM000049,Yinthe,van Wijk,guitsiem@example.net,+31(0)660-860144,Silver,Yes
CRM000050,Esther,Weeldenburg,stangesienna@example.org,(060) 7650440,Gold,Yes
CRM000051,Mike,de Gratie,khermans@example.net,+3128 4466257,Silver,No
CRM000052,Mustafa,Verwoert,jochemsphileine@example.com,+31(0)539 891537,Silver,No
CRM000053,Aaron,Jones,maja10@example.com,+3199-0446086,Bronze,Yes
CRM000054,Noah,van de Klashorst,veenendaaliris@example.com,0938 822357,Silver,No
CRM000055,Maarten,van Berkel,sven88@example.org,+31(0)626-166836,Gold,Yes
CRM000056,Kiki,Chrodtrud,bryanpratt@example.org,0839-763183,Gold,Yes
CRM000057,Dion,Horrocks,xwensen@example.net,0710-563878,Bronze,Yes
CRM000058,Loïs,d' Heripon,ibellemans@example.com,0324-654784,Bronze,Yes
CRM000059,Liza,Verbruggen,fleur70@example.net,(0116) 961568,Bronze,Yes
CRM000060,Mette,Smith,wwilson@example.org,+31(0)375-634545,Silver,No
CRM000061,Rick,Kriens,samvan-hagen@example.org,+31035-739463,Bronze,Yes
CRM000062,Olivia,Verschut,sanne10@example.net,(045) 7497463,Silver,Yes
CRM000063,Amira,Bruynzeels,uschrant@example.com,+3181 3525172,Silver,No
CRM000064,Frederique,Brievingh,den-teulingjoy@example.com,(0761) 955017,Silver,Yes
CRM000065,Selina,Nek,xheinrichs@example.net,+31(0)969 725102,Bronze,No
CRM000066,Mirthe,van Parijs,ischelvis@example.net,0910 345888,Gold,No
CRM000067,Eline,Mulder,ebleijenberg@example.net,+31(0)610-683716,Gold,No
CRM000068,Lisa,van den Berg,selina69@example.org,(001) 6906953,Platinum,No
CRM000069,Thomas,Sitters,robinvan-der-laar@example.org,+31(0)819 607733,Gold,No
CRM000070,Yasmin,Lafleur,muhammedvan-boulogne@example.net,(0499) 502209,Gold,Yes
CRM000071,Dean,Kuipers,xvan-den-assem@example.com,(0922) 982749,Platinum,Yes
CRM000072,Marijn,van de Pavert,mellevan-haarlem@example.com,+3111-0521015,Gold,Yes
CRM000073,Sep,van den Nuwenhuijzen,wijlandlevi@example.net,+31531 006007,Silver,No
CRM000074,Selina,de Korte,elisevan-den-corput@example.com,+31561-772881,Gold,Yes
CRM000075,Indy,van Maaren,xsmith@example.com,021 0801531,Gold,Yes
CRM000076,Laurens,Leene,bloemendaalrens@example.net,087 8019004,Silver,No
CRM000077,Lara,Lommert,llatier@example.org,+31(0)664-132416,Silver,Yes
CRM000078,Fleur,van Landen,nde-graaf@example.com,019-2523730,Bronze,Yes
CRM000079,Damian,Weyland,kayleigh65@example.net,0316 268100,Gold,Yes
CRM000080,Elena,de Haas,julesklein@example.net,095-6289480,Gold,Yes
CRM000081,Micha,Janssen,youssefvan-oosten@example.com,+31347 611009,Bronze,Yes
CRM000082,Vigo,Scholten,iris14@example.net,+3113-3239012,Silver,Yes
CRM000083,Hugo,van der Kint,guusjeprinsen@example.com,0473-647487,Bronze,Yes
CRM000084,Amélie,Overeem,de-roosmerijn@example.com,+31(0)612 910435,Gold,No
CRM000085,Wout,van Santen,verheijnienke@example.net,091 0042476,Silver,Yes
CRM000086,Olaf,Mulders,lde-bock@example.com,020 8657726,Gold,Yes
CRM000087,Niek,Aalts,maaike50@example.org,+31(0)51 5664303,Silver,Yes
CRM000088,Ize,van Vlaanderen,bvan-den-berg@example.com,(062)-0169952,Gold,Yes
CRM000089,Morris,van der Schuijt,bblonk@example.org,+31919-496199,Platinum,No
CRM000090,Micha,van Dalem,casperzijlmans@example.com,+3177 7258711,Bronze,No
CRM000091,Victor,Werdes,pcoreth-von-und-zu-coredo-und-starkenberg@example.org,+31(0)206-841076,Gold,Yes
CRM000092,Pieter,Verheuvel,iduivenvoorden@example.org,+3119 9828296,Silver,No
CRM000093,Jack,Luster,lindmaarten@example.com,+31(0)07 0996464,Bronze,Yes
CRM000094,Oscar,Françoise,dijkstraamina@example.net,+31030-712423,Gold,No
CRM000095,Jesse,Arnold,bmens@example.org,+31714-295987,Bronze,Yes
CRM000096,Joël,Post,ekuipers@example.org,+31(0)17-4401920,Gold,No
CRM000097,Mats,Wolffel,janwouters@example.net,062-5940457,Silver,Yes
CRM000098,Jade,van Bovene,whazenveld@example.net,+3128-1965767,Bronze,Yes
CRM000099,Puck,Mathol,olabado@example.com,(0156)-192597,Gold,No
CRM000100,Tobias,Elbertse,ilemmens@example.com,(0731) 418148,Gold,No
CRM000101,Ibrahim,van der Veen,yassinmeyer@example.net,012 6361073,Platinum,Yes
CRM000102,Cornelis,Koeman,spreeuwmorris@example.com,+31(0)99-2770519,Bronze,No
CRM000103,Bradley,Hoeks,casperbouhuizen@example.org,(059)-5583288,Bronze,No
CRM000104,Ayoub,van Laarhoven,van-der-kintjoshua@example.net,+31(0)96 2029650,Platinum,Yes
CRM000105,Janne,Jonkman,,,Bronze,Yes
CRM000106,Aylin,Schulten,stefan65@example.net,+3106-5655829,Platinum,No
CRM000107,Milo,van Ham,van-der-kleinsuze@example.org,0199 432400,Silver,Yes
CRM000108,Nora,van Klaarwater,sde-bruijn@example.org,+31675 544844,Gold,No
CRM000109,Sienna,Steenbakkers,van-leuvenpieter@example.net,+31(0)23-8876987,Bronze,No
CRM000110,Floor,Goyaerts van Waderle,tvan-laarhoven@example.net,+31640 672331,Silver,No
CRM000111,Bart,Belpere,charlottevan-de-pavert@example.org,+31611-762128,Silver,Yes
CRM000112,Quinn,Bloemendaal,kallenaaliyah@example.com,(0175) 110529,Gold,Yes
CRM000113,Dana,Vermeulen,teun10@example.com,0643 301880,Bronze,Yes
CRM000114,Tobias,de Vroege,hvan-der-heiden@example.com,+31(0)850 856814,Silver,Yes
CRM000115,Nick,Wolffel,jansenadam@example.net,(093)-1915754,Silver,Yes
CRM000116,Cas,Kloppert,vgeertsen@example.org,,Platinum,Yes
CRM000117,Kaylee,d' Heripon,felinemens@example.net,+3196-4987353,Platinum,Yes
CRM000118,Janne,Coenen,suushaneberg@example.org,(0921)-155430,Silver,Yes
CRM000119,Twan,Woutersz,sennalieshout@example.com,+31242-679988,Silver,Yes
CRM000120,Annabel,Le Grand,gellemeyerayden@example.org,+31(0)033-311816,Bronze,Yes
CRM000121,Sepp,Hak,sander65@example.com,+31(0)699 724518,Gold,No
CRM000122,Kayleigh,Holthuis,jill62@example.com,(0425)-001651,Bronze,No
CRM000123,Noor,Jonkman,jtakkelenburg@example.net,0811-709782,Platinum,No
CRM000124,Wessel,van Bovenen,dean66@example.net,+31(0)33-8284903,Silver,No
CRM000125,Jelle,Schipper,erhoutfloortje@example.net,(083) 3666571,Bronze,Yes
CRM000126,Fabian,Bierstraten,grecer@example.net,(098)-4524030,Gold,No
CRM000127,Mohammed,van Haspengouw Hesbaye,jenna29@example.org,+31738-866643,Bronze,Yes
CRM000128,Dina,van den Oever,van-rietjan@example.com,044-3800098,Bronze,Yes
CRM000129,Hidde,Meis,alyssa39@example.org,0064-248296,Gold,No
CRM000130,Elin,Hoekstra,,046-9099225,Bronze,No
CRM000131,Dex,van Noordeloos,van-laonalicia@example.net,(0524) 318465,Silver,Yes
CRM000132,Wouter,Recers,rouwenhorstdina@example.org,062-3562723,Bronze,No
CRM000133,Sophie,Slingerland,qevers@example.com,018-7596250,Platinum,Yes
CRM000134,Mathijs,van Gils,geertsenrick@example.org,+31(0)424-315600,Platinum,No
CRM000135,Stijn,de Reede,eliasvan-de-berg@example.org,+31(0)522-371906,Gold,Yes
CRM000136,Senna,Boetet,tessa05@example.com,008 0330235,Gold,No
CRM000137,Kaylee,van Henegouwen,sklein@example.net,+31(0)867 139321,Gold,Yes
CRM000138,Demi,Bijlsma,ayadrysdale@example.com,+31(0)759-908327,Silver,Yes
CRM000139,Keano,Eijkelboom,lvan-bentheim@example.org,0594 192826,Gold,No
CRM000140,Luka,de Gruil,inayahuisman@example.com,+31(0)66-7784905,Platinum,Yes
CRM000141,Floris,van der Hoeven,bosberat@example.com,+3136 3153785,Silver,No
CRM000142,Maja,van Lucel,mvelderman@example.org,+31796 108127,Bronze,Yes
CRM000143,Jort,Slaetsdochter,nmeeres@example.com,+31(0)86-2951218,Bronze,Yes
CRM000144,Dina,de Jong,ouwelize@example.org,(079) 8605514,Gold,No
CRM000145,Roos,Mathurin,merel90@example.net,,Silver,No
CRM000146,Britt,François,sanderhendriks@example.com,0758-426677,Silver,No
CRM000147,Daphne,de Hoog,vincentbrugman@example.org,+31(0)066 808001,Bronze,No
CRM000148,Janna,Kalman,lilyvan-de-velde@example.com,(0833)-814813,Gold,No
CRM000149,Mick,van der Flaas,gkolster@example.com,(0697)-346581,Bronze,No
CRM000150,Bjorn,Lelijveld,bjornvan-der-noot@example.org,0484 494339,Bronze,No
CRM000151,Luuk,van Bovene,brijks@example.net,+31(0)734-785396,Gold,No
CRM000152,Madelief,Persijn,ghoerlebas@example.net,+31(0)99-2247658,Platinum,Yes
CRM000153,Jim,Middelkoop,van-susajosephine@example.org,0933-997495,Platinum,No
CRM000154,Valerie,de Backer,mzijlemans@example.com,(0918) 818112,Platinum,Yes
CRM000155,Anne,van Duivenvoorde,hde-bont@example.com,(0592) 308066,Gold,No
CRM000156,David,Laffray,kbrouwer@example.org,+31(0)801 090638,Platinum,No
CRM000157,Amira,Persijn,maaike02@example.com,+31(0)51-3641697,Gold,No
CRM000158,Frederique,Kisman,dijkstramax@example.net,+31(0)843 973675,Bronze,No
CRM000159,Marit,van den Bergh,woudenbergchloe@example.com,(0950)-909087,Silver,Yes
CRM000160,EVY,Jerusalem,milanmulders@example.com,(066)-0735262,Bronze,Yes
CRM000161,Floortje,Room,dean25@example.net,+31(0)77 1358369,Platinum,No
CRM000162,Zoë,van den Bosch,emilyvan-veen@example.org,+31(0)358 094399,Gold,No
CRM000163,Lena,Linschoten,rileyvan-loon@example.com,+3179 6060670,Bronze,No
CRM000164,Levi,Peronne,mbolkesteijn@example.org,+3112-6191580,Gold,No
CRM000165,Tijmen,Postma,mustafa75@example.net,(0825)-621455,Platinum,No
CRM000166,Linn,Dorsman,frederiquehendriks@example.com,+31(0)91-0821890,Gold,No
CRM000167,Meike,Voortman,mees66@example.com,+3142 5660081,Gold,No
CRM000168,Floor,van der Laarse,easchman@example.org,(0426)-310362,Silver,No
CRM000169,Evi,van Dillen,blewanuslisa@example.net,+31(0)376 857510,Platinum,No
CRM000170,Merel,van Dillen,emma92@example.net,063 8879040,Silver,Yes
CRM000171,Koen,Elberts,florisoude-heer@example.com,014 1139341,Platinum,No
CRM000172,Maurits,Lommert,doorhofliam@example.org,015-3419434,Silver,Yes
CRM000173,Dina,van de Biesenbos,aiden15@example.net,+3107-8637428,Gold,No
CRM000174,Imke,Kof,lizzywalsteijn@example.com,+31(0)209-780485,Platinum,No
CRM000175,Tygo,de Plantard,wmater@example.org,+3176 1187910,Bronze,No
CRM000176,Dion,Brumleve,mehmet85@example.net,0809-048310,Silver,Yes
CRM000177,Maryam,van de Leemput,bkleybrink@example.net,050 7933871,Silver,Yes
CRM000178,Tom,Hollander,finnlommert@example.net,+31(0)996-503061,Silver,No
CRM000179,Fleur,Doorhof,isabelverhoeven@example.org,037-5568948,Platinum,Yes
CRM000180,Robin,van der Brink,steinmeiernmaxim@example.com,064 1334005,Gold,Yes
CRM000181,Tygo,Bernaards,xvan-ochten@example.com,0277 061040,Gold,No
CRM000182,Norah,Vervoort,lgerritse@example.org,+31757 171223,Platinum,No
CRM000183,Mustafa,Moenen,aklerks@example.com,031 2556327,Silver,Yes
CRM000184,Vigo,Veenstra,texiermelle@example.com,+31(0)17-5448808,Platinum,No
CRM000185,Evie,Weijters,rademakerdemi@example.org,0793 373535,Gold,No
CRM000186,Cato,Zeemans,aimeedraaisma@example.org,+31(0)28-6911240,Gold,No
CRM000187,Elias,Vos,sandervan-breukelveen@example.com,+31(0)329 135613,Gold,No
CRM000188,Roan,Boogaerts,van-kusenselena@example.org,+31(0)442 734297,Silver,Yes
CRM000189,Hugo,Symons,nick23@example.net,+31(0)243-678872,Platinum,No
CRM000190,Marijn,Glasses,sophia08@example.net,(057)-5817451,Bronze,Yes
CRM000191,Tyler,Keijser,van-soestlieve@example.net,0097-775493,Bronze,No
CRM000192,Aya,Maas,lizjacquot@example.com,+31(0)50-4918467,Platinum,Yes
CRM000193,Lara,Lafleur,luc80@example.net,0359-166883,Platinum,Yes
CRM000194,Liv,Vastenhouw,nadiapost@example.org,+31466-573161,Gold,No
CRM000195,Fem,Merckx,jan44@example.com,(0061)-824548,Platinum,Yes
CRM000196,Johanna,Luitgardis van Neustrië,customer@@example.com,0368 033756,Platinum,Yes
CRM000197,Cato,Hoes,rvan-leeuwen@example.com,+31(0)97 0887288,Silver,Yes
CRM000198,Hamza,Bastiaanse,sten56@example.com,+31(0)67 4384769,Bronze,No
CRM000199,Angelina,Blom,joris40@example.org,+31(0)730-541931,Gold,No
CRM000200,Seth,Vink,berendsejustin@example.org,+31(0)764-309507,Gold,No
CRM000201,Kyan,Eerden,hwolffel@example.net,+31(0)165-561046,Bronze,Yes
CRM000202,Yassin,van Schevinghuizen,psegerszoen@example.org,+31979 462716,Bronze,No
CRM000203,Amin,Spruyt,lensenesila@example.net,(073)-7613877,Silver,Yes
CRM000204,Aaron,Gemen,linn02@example.net,0680-610167,Platinum,Yes
CRM000205,Lizz,van Salm,joeyvertoor@example.com,+31(0)110 546235,Gold,Yes
CRM000206,Kaylee,Keijser,die-bontamina@example.com,+31613-854408,Silver,Yes
CRM000207,Raf,Jacobs,jaarden@example.net,+3139-5062195,Platinum,No
CRM000208,Sanne,Stichter,tammerijnquinten@example.com,(037) 2108933,Silver,Yes
CRM000209,Faye,Hoppenbrouwer,boudewijnsvajen@example.org,+3147-4872249,Silver,No
CRM000210,Lina,Grondel,van-vlietyara@example.org,0609-150204,Bronze,No
CRM000211,Norah,van Brenen,muhammedfechant@example.org,0186 438917,Bronze,Yes
CRM000212,Elizabeth,Jacobs,hoeksquinty@example.net,+3172-5502438,Platinum,No
CRM000213,Ruben,de Keijser,yvi@example.net,(0458) 506560,Bronze,Yes
CRM000214,Mohammed,Buijs,de-bruinjayson@example.com,0410-163982,Gold,No
CRM000215,Olaf,Ponci,van-bunschotenmelissa@example.com,+31(0)56-3911180,Platinum,No
CRM000216,Bilal,Mangel,steenbeekcatharina@example.org,(0343) 771006,Bronze,Yes
CRM000217,Kick,Aertsz,vince34@example.com,0748-816332,Platinum,Yes
CRM000218,Laura,Wildschut,lynnvan-mispelen@example.org,(0156) 006406,Silver,Yes
CRM000219,Bas,Kriens,,+31(0)60 9395996,Gold,No
CRM000220,Elizabeth,Scharroo,avignon@example.org,079 3293727,Silver,Yes
CRM000221,Lynn,Everts,veerle73@example.org,008 4689190,Gold,Yes
CRM000222,Muhammed,Dachgelt,,+31507-178609,Silver,Yes
CRM000223,Esmée,Adelaar,selinalambregt@example.com,+31(0)343-499483,Platinum,Yes
CRM000224,Sem,Kwaadland,heerschopbjorn@example.com,0034-612659,Platinum,No
CRM000225,Sten,Sire,rowanaalts@example.com,+31732-992873,Silver,Yes
CRM000226,Floris,Westerburg,rubenvervoort@example.org,+31(0)44 3651219,Bronze,No
CRM000227,Roos,Verheuvel,senna00@example.net,(0874) 739581,Bronze,Yes
CRM000228,Morris,Schatteleijn,lily45@example.com,050-5267680,Gold,Yes
CRM000229,Jennifer,de Vrome,van-gorpveerle@example.com,(072) 3011208,Bronze,Yes
CRM000230,Dave,Maas,keteldewi@example.net,090-5374895,Platinum,No
CRM000231,Daniël,Jerusalem,sophiaaarts@example.net,+31(0)30 5123509,Platinum,No
CRM000232,Amber,van der Lede,van-der-plasjack@example.com,(0384) 786824,Gold,Yes
CRM000233,Ilse,Slingerland,,(0220) 330188,Silver,No
CRM000234,Collin,Jonker,sep98@example.org,+31(0)629-436422,Gold,No
CRM000235,Rik,de Kok,madelief27@example.net,0904-876857,Bronze,No
CRM000236,Yassin,Bruynzeels,novabos@example.net,(0968)-500308,Gold,Yes
CRM000237,Nadine,van de Pol,yromijn@example.net,+31(0)70 8542333,Silver,Yes
CRM000238,Elizabeth,Tielemans,norah68@example.org,+31(0)002 492997,Bronze,No
CRM000239,Angelina,van den Assem,van-stralenluna@example.org,(0688)-130350,Platinum,Yes
CRM000240,Yusuf,Verwoert,felinevan-de-berg@example.net,+31(0)30-5245191,Platinum,Yes
CRM000241,Collin,Mulder,tvan-hemert@example.com,0075-050389,Bronze,No
CRM000242,Lize,van Luinenburg,van-den-brinkkarlijn@example.com,(055) 9527082,Platinum,Yes
CRM000243,Yasmin,Timmermans,olthofaylin@example.com,057-9062253,Bronze,Yes
CRM000244,Daniel,Schroeff,evan-beek@example.org,+3153 3721847,Silver,No
CRM000245,Jasper,van den Corput,merijn02@example.net,+31(0)955 477544,Gold,Yes
CRM000246,Emir,Bruijne van der Veen,van-heusdeniris@example.org,051 6712147,Gold,No
CRM000247,Aron,van Wijk,hulshoutsfaas@example.org,+3160-6995840,Silver,No
CRM000248,Lise,van Beieren,hvan-dam@example.com,+31496-239951,Silver,Yes
CRM000249,Julia,Dubois,luuk09@example.com,0366-891020,Bronze,Yes
CRM000250,Ise,Lamotte,van-der-leekzakaria@example.org,+31775 330543,Bronze,No
CRM000251,Loïs,de Bruin,johannesbosch@example.org,+31(0)908 811159,Silver,No
CRM000252,Kyano,Kunen,hidde00@example.net,(041) 7998998,Silver,Yes
CRM000253,Mason,Geertsen,valeriehuisman@example.net,056-2957209,Gold,Yes
CRM000254,Megan,Spreeuw,schuylenborchnisa@example.org,(018) 7027925,Gold,Yes
CRM000255,Imran,van der Klijn,michanijman@example.net,062 2093646,Bronze,No
CRM000256,Jill,Ghoerle,marceronaaliyah@example.org,0504 085392,Silver,No
CRM000257,Karlijn,van Nes,jvan-laarhoven@example.org,+31(0)676 752277,Silver,Yes
CRM000258,Dion,Vergeer,sophiade-heer@example.org,(005) 9003822,Bronze,No
CRM000259,Sophie,Jans,ian24@example.org,+31204-335205,Bronze,Yes
CRM000260,Guusje,de Gruijl,invalid.email,+31(0)42 7354053,Platinum,Yes
CRM000261,Jack,Jans,van-der-avoirtfloor@example.com,(0732)-201624,Gold,No
CRM000262,Bente,Hoeks,lise90@example.com,0139-226684,Gold,Yes
CRM000263,Kian,van Waas,upasman@example.com,(074)-1795922,Bronze,No
CRM000264,Pippa,van Baalen,mfredriks@example.net,+3121-9119272,Platinum,Yes
CRM000265,Jamie,Verwoert,isterkman@example.com,041-5126320,Silver,No
CRM000266,Jolie,Mathieu,lily29@example.net,0264-027913,Platinum,Yes
CRM000267,Stijn,van de Veen,bouwhuisenbryan@example.com,+31(0)85-8783967,Bronze,No
CRM000268,Femke,Aarts,twanwagenvoort@example.net,(025)-1002249,Gold,No
CRM000269,Annabel,Mosley,senn49@example.org,(0625)-501730,Bronze,Yes
CRM000270,Jaylinn,Zijlmans,ospanhaak@example.com,+31387 380270,Gold,Yes
CRM000271,Jim,Westerburg,,(0122) 842253,Gold,No
CRM000272,Jinthe,Kremer,sethvan-boulogne@example.net,0834-021899,Silver,Yes
CRM000273,Thijmen,Potters,dekkeresila@example.net,+31(0)009-335584,Platinum,No
CRM000274,Elise,Kamper,maud20@example.net,(031)-6795639,Bronze,Yes
CRM000275,Robin,de Koning,otielemans@example.com,(064)-1847089,Bronze,Yes
CRM000276,Robin,van Grondelle,lestey@example.com,0853 065005,Platinum,Yes
CRM000277,Fedde,Momberg,olivia07@example.org,+31211-277214,Bronze,Yes
CRM000278,Jim,Janssens,arthur81@example.net,+31699-973582,Silver,No
CRM000279,Lauren,Spiker,ter-waarbeekkian@example.net,058 1302804,Silver,No
CRM000280,Yassin,Ramaker,quinty80@example.org,,Gold,No
CRM000281,Amina,Giselmeyer,abel53@example.org,(0337)-356261,Silver,Yes
CRM000282,Inaya,Bertho,lievevan-den-brink@example.net,+31(0)717 921235,Platinum,No
CRM000283,Evi,Korstman,saarverbeek@example.net,045-0515369,Bronze,No
CRM000284,Victoria,Kof,zjerusalem@example.net,(098) 2220112,Silver,No
CRM000285,Johanna,Kort,lvan-berkum@example.org,(0571)-250612,Gold,No
CRM000286,Levi,van Arnsberg,madeliefvan-rijnsbergen@example.net,+31067 683130,Silver,Yes
CRM000287,Renske,van der Maath,nvan-beeck-beeckmans@example.net,(046) 3316993,Gold,No
CRM000288,Isis,Blom,gvos@example.net,054-0062274,Platinum,Yes
CRM000289,Mathijs,van Rossum,lorenzopaillet@example.com,(0374) 854462,Silver,No
CRM000290,Seth,van Munster,morris54@example.com,(056) 4470167,Gold,Yes
CRM000291,Joël,Woudenberg,quinn08@example.net,028 7338539,Silver,No
CRM000292,Joshua,de Jonge,blomlaurens@example.org,+31(0)166 504781,Silver,Yes
CRM000293,Joost,van de Pavert,atexier@example.net,+31(0)985 363586,Bronze,Yes
CRM000294,Lot,Nijman,van-nusnorah@example.org,0147-729366,Gold,No
CRM000295,Job,Mulders,cvan-doorn@example.org,0145 643228,Platinum,Yes
CRM000296,Evy,van Leuven,dirkremmers@example.net,+31(0)608 921838,Bronze,Yes
CRM000297,Senna,Meyer,owelf@example.net,0925 154908,Gold,Yes
CRM000298,Isa,Heijman,aimee67@example.net,(0557)-860134,Platinum,No
CRM000299,Lindsey,van Tuijl,oprins@example.net,,Platinum,Yes
CRM000300,Dean,Gerrits,wilckenbo@example.org,+3189 0630724,Bronze,Yes
CRM000301,Brian,van der Wal,job42@example.com,+31(0)587-719561,Silver,No
CRM000302,Joshua,Wutke,mia48@example.org,096 0207314,Silver,Yes
CRM000303,Elena,Ernst,bentehuls@example.org,075-9268771,Platinum,No
CRM000304,TIJS,van Noort,lucyslingerland@example.com,(0944)-613456,Bronze,Yes
CRM000305,Silke,de Vroege,jacobbud@example.org,+3163-0090729,Bronze,Yes
CRM000306,Hanna,van Spreuwel,owenverboom@example.net,087-1769011,Bronze,Yes
CRM000307,Aya,Mathol,aaliyah30@example.com,0993 802321,Platinum,No
CRM000308,Simon,van Arkel,bierstratenkim@example.org,0617-025031,Gold,Yes
CRM000309,Nisa,Chotzen,mettewesterburg@example.com,071 4570228,Silver,No
CRM000310,Puk,van Leeuwen,ovan-berkel@example.org,+31(0)32 6846463,Bronze,Yes
CRM000311,Marinus,Walsteijn,megan31@example.org,(0277) 308657,Gold,No
CRM000312,Chloé,Scardino,joeyvan-den-berg@example.com,+3169-8639271,Gold,Yes
CRM000313,Cato,van der Schuijt,gerritsekai@example.org,+31(0)55 5819191,Bronze,No
CRM000314,Sil,Ellis,senn63@example.com,+3125 8917002,Silver,Yes
CRM000315,Joël,Die Bont,james22@example.net,0941 320641,Bronze,Yes
CRM000316,Joël,Jorlink,wloep@example.com,+31(0)39 9949510,Bronze,No
CRM000317,Elise,van Ham,felinevan-wassenaar@example.com,+31574-213254,Platinum,Yes
CRM000318,Elise,Stinis,jmartens@example.net,088-5930458,Bronze,No
CRM000319,Roan,Wolzak,pnihoe@example.org,+3132 2584523,Gold,No
CRM000320,Mara,de Bruijn,bart45@example.org,+3157 4602576,Bronze,No
CRM000321,Wesley,Booden,pvan-den-velde@example.org,085 8827684,Bronze,No
CRM000322,Leon,van Cuijck,muldersrik@example.org,+31(0)628-243761,Silver,Yes
CRM000323,Ties,Lemmens,gbastiaense@example.org,+31784 620653,Platinum,No
CRM000324,Julie,"West-Francië, van",sil73@example.net,,Silver,Yes
CRM000325,Kayleigh,de Vroege,gde-hoog@example.net,(0888) 171570,Bronze,Yes
CRM000326,Naud,Dirksen,juliarademaker@example.net,0906-224686,Bronze,No
CRM000327,Mohammed,Stoffelsz,vjanssen@example.net,010-9064090,Platinum,Yes
CRM000328,Sten,Simons,de-kaleize@example.com,+31(0)02-9744874,Bronze,No
CRM000329,Nathan,Schuurmans,amansvelt@example.org,(0225) 000194,Platinum,No
CRM000330,Oscar,Winnrich,bvan-jumiege@example.com,+31485-082539,Silver,Yes
CRM000331,Mathijs,Le Marec,,+3120-8418524,Platinum,No
CRM000332,Linde,van Wickerode,,,Platinum,Yes
CRM000333,Jayden,Verhagen,elize09@example.com,0965-452328,Platinum,No
CRM000334,Johanna,van Berkel,maryamslingerland@example.com,051-2212278,Bronze,No
CRM000335,Livia,Rouwhorst,isismichiels@example.org,+3158-6719474,Bronze,No
CRM000336,Lise,van der Linden,lspies@example.org,+31237 233845,Platinum,Yes
CRM000337,Yara,Boers,van-estemads@example.net,+3196 5234057,Bronze,No
CRM000338,Leah,van de Water,lauren49@example.com,0457-761144,Platinum,Yes
CRM000339,Aimée,Oosterhout,guusvan-brenen@example.net,(034)-4935497,Silver,No
CRM000340,Noud,Teunissen,van-bovenhidde@example.org,(098) 6751359,Bronze,Yes
CRM000341,Jet,van Daal,stijn01@example.net,+31(0)10 0293011,Silver,No
CRM000342,Sterre,Huurdeman,rouwenhorstties@example.org,040-1291555,Gold,Yes
CRM000343,Robin,Haselaar,lorealadam@example.com,(063)-3605671,Silver,Yes
CRM000344,Demi,van Leeuwen,phileine26@example.org,+31395-509998,Silver,Yes
CRM000345,Lorenzo,Schelvis,sandersquinn@example.com,+31(0)23-4962873,Silver,Yes
CRM000346,Lisa,Scharroo,van-der-flaasrens@example.net,0382 722667,Platinum,No
CRM000347,Nout,van Luxemburg,ariensyara@example.com,+31(0)556 577716,Silver,No
CRM000348,Timo,Wunderink,gielschrant@example.org,(0382)-649802,Silver,Yes
CRM000349,Yara,Maas,brandtmaja@example.net,(007) 7820319,Silver,No
CRM000350,Merle,Kirpenstein,uphaussam@example.net,(0249)-729940,Platinum,No
CRM000351,Thom,de Graaf,pvan-de-leemput@example.org,+31(0)75-4539719,Bronze,No
CRM000352,Koen,Bruijne van der Veen,bvan-heusden@example.org,(0340) 276588,Silver,No
CRM000353,Veerle,van Bovene,lotcornelissen@example.com,+3158-3052956,Gold,No
CRM000354,Luc,Winnrich,van-berniciapim@example.com,0821-958258,Platinum,No
CRM000355,Olivier,Bernaards,wvan-es@example.org,(006) 9273408,Silver,Yes
CRM000356,Loïs,Huisman,jurre71@example.net,(047)-0539950,Silver,Yes
CRM000357,Jari,Kort,joriseverde@example.net,(033) 8075260,Platinum,Yes
CRM000358,Pieter,Mulders,nadia37@example.org,+3137-2412066,Silver,No
CRM000359,Nienke,de Bruin,tijnjeggij@example.net,+31(0)556-219496,Gold,No
CRM000360,Micha,van Beaumont,bernaardsemily@example.org,+31(0)98-4773670,Silver,Yes
CRM000361,Giel,Reijers,joelle78@example.org,+31888 126324,Bronze,No
CRM000362,Jim,Gerrits,qbeourgeois@example.net,+31(0)82 7834830,Silver,Yes
CRM000363,Phileine,Dekker,vhoppenbrouwer@example.com,0216 656641,Bronze,No
CRM000364,Mia,Doyle,sborman@example.com,0891-883635,Silver,Yes
CRM000365,Chloë,Lamotte,luna03@example.com,0123 114276,Bronze,Yes
CRM000366,Mathijs,le Matelot,vinkalex@example.com,001 8086939,Bronze,No
CRM000367,Finn,Broeckx,jvandenbergh@example.org,0133-276049,Silver,No
CRM000368,Tycho,Carnotte,nielskleijse@example.net,0600 615239,Silver,No
CRM000369,Dewi,van Rijnsbergen,nickde-gruil@example.com,+31361 264814,Silver,Yes
CRM000370,Tirza,Vergeer,gde-bruyn@example.org,+31099-375418,Gold,No
CRM000371,Stefan,van Schweinfurt,dewihak@example.com,+31(0)525 352992,Gold,Yes
CRM000372,Sanne,de Korte,kyaravan-wijk@example.net,+3154 6780683,Silver,No
CRM000373,Olivia,Stichter,yaralonen@example.com,+31461 550914,Gold,Yes
CRM000374,Anne,Vaessen,pimde-heer@example.com,(051) 3140174,Silver,No
CRM000375,Vince,Vandenbergh,mees53@example.net,+31(0)135 663424,Platinum,Yes
CRM000376,Vince,Timmermans,rikvan-ginneke@example.com,+31(0)100 189339,Gold,Yes
CRM000377,Thijs,Broeders,demi80@example.com,+3166-5499879,Platinum,No
CRM000378,Sam,van Susa,adamrietveld@example.com,+3135-3214659,Platinum,No
CRM000379,Lieve,de Vos,quinn30@example.net,062 7912189,Platinum,Yes
CRM000380,Ibrahim,van Maasgouw,lvan-breukelveen@example.com,+3178 6985208,Silver,Yes
CRM000381,Quinty,Post,ottojesper@example.net,+31846 466471,Bronze,Yes
CRM000382,Jennifer,Jochems,hagendoornthomas@example.org,(0282)-273900,Gold,Yes
CRM000383,Mika,Willems,willemsdylano@example.org,(0258) 188689,Gold,Yes
CRM000384,Rick,de Hoogh,joris53@example.net,+3193-2186454,Platinum,No
CRM000385,Lauren,Wilcken,timsteenbakkers@example.com,(0078)-472236,Gold,Yes
CRM000386,Aaron,Rijn,xjaceps@example.net,+31(0)275-675707,Platinum,Yes
CRM000387,Aylin,van de Eerenbeemt,dkamper@example.org,+3110-8417338,Bronze,No
CRM000388,Sander,de Lange,jaydavan-den-eijssel@example.com,+31156 624769,Platinum,Yes
CRM000389,Max,van den Assem,joey98@example.com,033-9642809,Silver,No
CRM000390,Lot,Brizee,vruijs@example.org,(035)-3493569,Bronze,No
CRM000391,Inaya,Noordijk,johannes65@example.net,+3191 0445714,Platinum,No
CRM000392,Liv,van de Wal,jansdrbritt@example.com,0914-944072,Platinum,Yes
CRM000393,Brian,Uittenbosch,godfrey-van-alemannieyara@example.org,+3119 6697952,Silver,Yes
CRM000394,Mike,Scharroo,chloebakker@example.com,+31843-903191,Silver,No
CRM000395,Kyan,Schagen,valentijn08@example.net,+31(0)750 647720,Platinum,Yes
CRM000396,Jayden,van de Berg,jackbijlsma@example.org,067-3315915,Platinum,Yes
CRM000397,Vigo,van den Velden,de-haasseth@example.net,(030) 6474861,Platinum,No
CRM000398,Marijn,Hulshouts,evapuig@example.org,,Silver,Yes
CRM000399,Jesper,Texier,aliciamathurin@example.net,(029) 2494866,Gold,Yes
CRM000400,Inaya,Olykan,jhondeveld@example.net,(034) 5222659,Silver,Yes
CRM000401,Jamie,Le Marec,isabel21@example.com,0727-792902,Bronze,Yes
CRM000402,Fabian,'s Gravensande,spaansimon@example.com,+31(0)27-3499340,Bronze,Yes
CRM000403,Xavi,Rijcken,sebastiaan97@example.org,(0319) 907535,Silver,No
CRM000404,Mare,van Laar,eline74@example.com,0870-325160,Gold,No
CRM000405,Kate,de Bruijn,jadriaense@example.org,(0264) 790509,Platinum,No
CRM000406,Lena,van de Veen,jolijn65@example.com,+3109 1842307,Bronze,Yes
CRM000407,Dewi,Mathol,catovan-der-maes@example.org,0063 193629,Silver,Yes
CRM000408,Joy,Vallenduuk,angelina63@example.com,(019) 5357735,Gold,No
CRM000409,Dirk,Nihoe,koningsvictoria@example.net,+31886-145031,Silver,No
CRM000410,Sarah,Bruynzeels,van-enschotjesper@example.com,0748 313913,Silver,Yes
CRM000411,Emily,Uphaus,isabel48@example.com,003 2661767,Bronze,Yes
CRM000412,Pieter,die Witte,lily67@example.net,0323 101412,Gold,Yes
CRM000413,James,Knuf,lensenmaaike@example.org,+31036-819420,Bronze,Yes
CRM000414,Eliza,Oda,overdijkevi@example.net,018 3035245,Gold,Yes
CRM000415,Josephine,Hekker,berendjoosten@example.com,+31864-916913,Silver,Yes
CRM000416,Megan,Schenkel,feddevan-westfalen@example.com,+31(0)487-634182,Silver,No
CRM000417,Thijs,Salet,whakker@example.org,0572 755403,Gold,No
CRM000418,Marinus,van der Smeede,isabelle69@example.org,+3159-0043032,Silver,Yes
CRM000419,Loek,Veenendaal,guitmette@example.org,+31(0)86-9503611,Bronze,No
CRM000420,Tara,Gerrits,fstettyn@example.net,+3117-0831889,Silver,No
CRM000421,Fenne,Jansen,melle28@example.org,0910-862246,Gold,Yes
CRM000422,Luca,Zuijdveld,laurenspost@example.org,097-7099195,Silver,Yes
CRM000423,Naomi,Backer,lhak@example.org,098-5873751,Silver,No
CRM000424,Alicia,van Luyssel,lex60@example.org,011-9572688,Platinum,Yes
CRM000425,Mike,Klomp Jan,samuel61@example.net,+3165-6684901,Silver,Yes
CRM000426,Luc,Visser,zguit@example.org,072-1429255,Platinum,Yes
CRM000427,Lindsey,Bökenkamp,anne80@example.net,+31(0)63 8627899,Platinum,No
CRM000428,Yusuf,van Formbach,annabel43@example.com,045-6905352,Platinum,No
CRM000429,Olaf,Remmers,jaylinnvan-mook@example.net,+3129-8155445,Silver,No
CRM000430,Maartje,van Nus,de-kalefay@example.org,084-2400800,Bronze,Yes
CRM000431,Lieke,Borman,max65@example.com,(0449) 442431,Platinum,Yes
CRM000432,mEREL,Spaan,blewanuskaylee@example.org,0805-407631,Platinum,No
CRM000433,Lucy,van de Pol,vincejanse@example.org,+31(0)769-759974,Gold,Yes
CRM000434,Lieke,van Leeuwen,billungzakaria@example.com,+31882 012303,Gold,Yes
CRM000435,Maryam,Cornelissen,maximvan-waas@example.org,+31(0)590-225466,Bronze,Yes
CRM000436,Lise,Scherms,elise42@example.com,(0720) 545145,Silver,No
CRM000437,Maxim,van Bernicia,valerie60@example.org,+3154 1142788,Bronze,No
CRM000438,Arthur,van Schevinghuizen,van-dagsburgflorian@example.org,+31(0)536-576461,Bronze,Yes
CRM000439,Livia,Scheffers,van-salmenarie@example.net,(0875) 452658,Platinum,No
CRM000440,Faye,van den Berg,luc93@example.com,068 1922268,Platinum,Yes
CRM000441,Valerie,Fremie,noud19@example.org,+31(0)69 8358265,Bronze,No
CRM000442,Merel,Luitgardis van Neustrië,anoukvan-den-bergh@example.com,(079)-2298137,Bronze,No
CRM000443,Mia,Bökenkamp,maaswinkellana@example.org,+3132-4168650,Bronze,No
CRM000444,Bas,de Vrome,,041-1496521,Bronze,Yes
CRM000445,Lola,Lommert,dvan-poppel@example.com,059-8921263,Platinum,Yes
CRM000446,Maud,Dries,gadriaense@example.com,(0692)-648492,Gold,Yes
CRM000447,Sofia,Geldens,pblom@example.org,+31(0)185 993369,Bronze,Yes
CRM000448,Jules,Mater,smeetsinaya@example.com,003 6612059,Bronze,No
CRM000449,Ryan,van Northeim,joris43@example.org,(031)-3652015,Platinum,Yes
CRM000450,Jade,Jorlink,quinnspies@example.org,058 7219182,Bronze,No
CRM000451,Mathijs,van Hamaland,frecer@example.org,+31615-799255,Gold,Yes
CRM000452,David,Lieshout,verschuerejill@example.com,+31(0)298-707415,Gold,Yes
CRM000453,Nadia,van Beek,de-grootcornelis@example.org,+31011 534999,Silver,No
CRM000454,eLINE,van de Darnau,mette38@example.net,077-2359962,Silver,Yes
CRM000455,Elisabeth,Huijben,de-langeberend@example.org,(0536) 410781,Gold,No
CRM000456,Karlijn,van Laon,yvan-velzen@example.net,+31915 309881,Gold,No
CRM000457,Jamie,Kuit,weijtersmirte@example.org,+31(0)271 964273,Silver,Yes
CRM000458,Linde,van Straaten,ikorsman@example.org,(014)-9597251,Gold,No
CRM000459,Lucas,van Arkel,elenavan-ghoerle@example.org,+31267-006122,Bronze,No
CRM000460,Sterre,Rousselet,anouk14@example.net,+3173-6363494,Silver,Yes
CRM000461,Ize,van den Berg,koenrackham@example.net,+31442-693455,Silver,Yes
CRM000462,Janna,Fiere,abroeshart@example.com,087 9412935,Gold,No
CRM000463,Milo,Haring,guus05@example.net,+3113 6432126,Gold,Yes
CRM000464,Lotte,Uphaus,roodesteijnevy@example.com,067 9221264,Platinum,No
CRM000465,Liza,Wilmont,van-buurensara@example.org,039-6467366,Bronze,No
CRM000466,Tygo,Manne,pvan-der-leek@example.net,+31836-809071,Bronze,Yes
CRM000467,Yasmine,Matthews,xwalter@example.com,+31(0)656 605700,Platinum,No
CRM000468,Sten,van de Kooij,floorolthof@example.org,+31(0)73-8734436,Gold,Yes
CRM000469,Julian,van den Velden,elinde-groot@example.org,032-1065209,Gold,Yes
CRM000470,Sanne,Rotteveel,van-drentheroos@example.net,+31(0)582 982481,Platinum,Yes
CRM000471,Zara,Woutersz,dbroeshart@example.org,+3121-9923891,Platinum,No
CRM000472,Selina,Merckx,dylanode-backer@example.net,0207 098530,Bronze,Yes
CRM000473,Daphne,Kamp,daphne89@example.com,(003)-6495449,Silver,No
CRM000474,Daniël,van Berkel,abel86@example.org,(0326) 341522,Platinum,Yes
CRM000475,Linde,Kort,ivan-den-corput@example.com,+31000 218123,Platinum,Yes
CRM000476,Puk,Aeije,stefan08@example.com,(028) 6380448,Platinum,Yes
CRM000477,Luka,de Jong,elize38@example.org,0145-790385,Gold,Yes
CRM000478,Zoey,der Kijnder,thijnvervoort@example.org,+31(0)26 3621323,Gold,Yes
CRM000479,Anouk,Fechant,xvan-de-ven@example.org,(013) 9634385,Platinum,No
CRM000480,Elize,Kuiper,drousselet@example.net,+31(0)67-0869485,Silver,Yes
CRM000481,Jordy,Goyaerts van Waderle,zeynepschenkel@example.net,091 7613139,Gold,Yes
CRM000482,Maja,van der Klijn,mathieumohamed@example.net,+3141 4350458,Bronze,Yes
CRM000483,Janne,van Bentheim,oscar92@example.net,+31(0)703-130846,Platinum,No
CRM000484,Bas,Jacobs,ariensroos@example.net,052 1115190,Silver,Yes
CRM000485,Nadia,Wunderink,jente04@example.com,+31(0)052-004112,Bronze,No
CRM000486,Morris,Uphaus,ivan-wessex@example.com,+31(0)43-7598839,Gold,Yes
CRM000487,Catharina,Brievingh,sil47@example.org,+3197-0000180,Bronze,Yes
CRM000488,Luca,Everts,jtimmermans@example.com,+31(0)087 455909,Silver,No
CRM000489,Dylan,Henric van den Nuwenhuse,amirkeijser@example.org,0493 140161,Silver,Yes
CRM000490,Maja,van Parijs,lizhekker@example.com,+31(0)47-7027142,Silver,Yes
CRM000491,Collin,Meeusen,sil42@example.org,+31(0)51 8112348,Silver,No
CRM000492,Muhammed,van Kuijc,florian75@example.org,+31(0)749 421083,Platinum,Yes
CRM000493,Micha,Bastiaanse,jarimaas@example.net,0252-296031,Gold,Yes
CRM000494,Romy,David,mathieuimran@example.org,+3145 0647039,Bronze,No
CRM000495,Bart,Pasman,rademakermustafa@example.org,0502-332575,Silver,No
CRM000496,Kyano,de Heer,damiandachgelder@example.org,+31927 897223,Silver,No
CRM000497,Valentijn,le Matelot,vschelvis@example.net,(054) 3804828,Platinum,Yes
CRM000498,Silke,Joosten,bart20@example.com,(0513)-554516,Platinum,Yes
CRM000499,Tyler,Peronne,sebastiaan34@example.net,(058)-4811202,Gold,No
CRM000500,Jordy,Aeije,bastiaan28@example.net,+3109-9734338,Platinum,No
CRM000501,Leah,van Mook,benthe35@example.org,0604-739381,Platinum,No
CRM000502,Vincent,Galenzone,evertslotte@example.net,0383-999295,Bronze,Yes
CRM000503,Aaron,Room,fslagmolen@example.com,+3138-7906904,Silver,No
CRM000504,Boris,van der Veen,fien75@example.net,+31(0)96 4784927,Bronze,Yes
CRM000505,Wessel,Thomas,fay93@example.org,+3174-4855314,Gold,No
CRM000506,Adriana,Fortuyn,aimeevan-opper-lotharingen@example.net,0741 572986,Silver,Yes
CRM000507,Wout,Karels,bouthoornhannah@example.org,(0577) 333916,Gold,No
CRM000508,Lucas,Boer,oscararens@example.com,+3127 4134276,Bronze,Yes
CRM000509,Alyssa,Huisman,roodesteijnluca@example.org,0046-064526,Gold,No
CRM000510,Jennifer,Kremer,van-vermandoishugo@example.org,+3169 1782995,Bronze,No
CRM000511,Sam,van Velthoven,@retailmart.com,+31(0)93 9992757,Platinum,No
CRM000512,Nadine,Arens,van-gemertjoshua@example.com,+3169 8364652,Silver,Yes
CRM000513,Fenne,Luitgardis van Neustrië,simon98@example.org,+3146 2421293,Bronze,No
CRM000514,Noud,Wutke,jonas96@example.com,+31(0)034-447039,Bronze,No
CRM000515,Rosa,Bud,gboers@example.org,+31(0)190-621092,Bronze,No
CRM000516,Senna,Serra,agoyaerts-van-waderle@example.org,0818-592499,Silver,No
CRM000517,Dex,"Bourgondië, van",amirasterkman@example.com,0198-605235,Platinum,No
CRM000518,Janna,Wouters van Eijndhoven,yshupe@example.org,0694 378301,Bronze,No
CRM000519,Isabel,van Oirschot,sepridder@example.org,0002 943034,Bronze,No
CRM000520,Twan,Waltrade Walderade,,033-0232884,Platinum,No
CRM000521,Lynn,Haring,fvan-der-steen@example.org,+31269 209795,Gold,Yes
CRM000522,Sep,Kloppert,oshupe@example.net,+31(0)604-602819,Silver,No
CRM000523,Wesley,Schrik,sannede-jager@example.org,(056)-6650010,Gold,No
CRM000524,Sjoerd,van 't Wel,wesley68@example.net,086 1871029,Gold,Yes
CRM000525,Jill,Bartels,lvan-ginkel@example.net,(0745)-207688,Platinum,Yes
CRM000526,Mirte,Steenbeek,meganbrugman@example.net,+3195-4374010,Silver,No
CRM000527,Liz,Passchiers,yusufvan-santen@example.org,068-2744801,Platinum,Yes
CRM000528,Job,Die Bont,sbeijring@example.org,+31(0)41-8371231,Bronze,No
CRM000529,Zoë,Scholten,tadriaense@example.com,+31645 710013,Bronze,Yes
CRM000530,Noortje,ter Waarbeek,,+31(0)52-7424119,Platinum,No
CRM000531,Arthur,de Keijser,juleswolters@example.net,(0617) 643750,Platinum,No
CRM000532,Jayden,de Jode Vastraedsd,ivan-baalen@example.com,0643-232270,Gold,No
CRM000533,Brent,de Bont,jannamens@example.com,085-1216453,Silver,Yes
CRM000534,Koen,Ooms,geertsenmerijn@example.net,(048) 4982441,Gold,Yes
CRM000535,Lara,Nihoe,ztammerijn@example.org,073 1614175,Silver,No
CRM000536,Yassin,van den Broek,corneliszaaron@example.com,(097) 7937714,Gold,No
CRM000537,Dion,van der Sande,erehorst@example.org,(0387) 101888,Gold,No
CRM000538,Ivy,van Leeuwen,wesley08@example.net,(021)-5944155,Platinum,No
CRM000539,Bram,Verharen,ibruijne-van-der-veen@example.com,(043)-4227470,Platinum,No
CRM000540,Amina,Ariens,rvan-olst@example.net,(015) 5037807,Gold,Yes
CRM000541,Fenne,Simonis,broeckxkoen@example.com,,Bronze,Yes
CRM000542,Sil,van 't Erve,van-zwabenfloor@example.org,(030) 3280659,Bronze,No
CRM000543,Aaliyah,van Laar,janssensthijs@example.org,+31115-919414,Bronze,No
CRM000544,Nout,Wunderink,wzevenboom@example.org,0925-923330,Platinum,No
CRM000545,Bo,van Wallaert,van-zwabentara@example.org,(0901)-992448,Gold,Yes
CRM000546,Lizzy,van Beieren,de-plantardliz@example.net,+31(0)085-902729,Silver,No
CRM000547,Riley,Marceron,van-den-bergjennifer@example.org,(019) 2022651,Bronze,Yes
CRM000548,Féline,van Roijen,meike20@example.net,(046)-7525835,Silver,No
CRM000549,Emily,Speijer,tijn21@example.com,030-8429398,Silver,Yes
CRM000550,Lieke,van Geenen,kimsymons@example.com,0948 221055,Platinum,No
CRM000551,Mika,Room,wheere@example.net,+31(0)25-6005899,Gold,Yes
CRM000552,Naud,van Alenburg,ambervan-evelingen@example.net,065-3594695,Platinum,Yes
CRM000553,Luca,Verbeeck,ayoub39@example.net,(045) 5745547,Bronze,No
CRM000554,Catharina,Gnodde,oferran@example.com,+31(0)24 4435007,Silver,No
CRM000555,Giel,Pasman,peterseninthe@example.net,(0823) 952432,Platinum,Yes
CRM000556,Joris,Huijben,phileinevan-brenen@example.com,+3163 4996495,Bronze,No
CRM000557,Sander,van der Loo,lennvan-gils@example.org,030-3546220,Gold,No
CRM000558,Sophia,Marchand,adirven@example.org,+31(0)11-6373453,Bronze,Yes
CRM000559,Victoria,Huisman,wouters-van-eijndhovennoortje@example.com,+31(0)63 4328316,Bronze,No
CRM000560,Jolie,Pons,vincethatcher@example.net,+31216-450546,Silver,Yes
CRM000561,Kyano,Boudewijns,moetesila@example.net,+31331 950892,Silver,No
CRM000562,Amina,van Boulogne,cadefaubenthe@example.org,+31003-527447,Silver,No
CRM000563,wOUTER,Michiels,zbave@example.net,080 2874484,Silver,Yes
CRM000564,Ryan,van Dommelen,laurapasman@example.net,(0791) 801326,Platinum,No
CRM000565,Daan,de Backer,casper38@example.net,0072-324152,Silver,Yes
CRM000566,Matthias,Louws,zsam@example.org,+31(0)71 0185776,Platinum,No
CRM000567,Stijn,Klerks,coreth-von-und-zu-coredo-und-starkenbergbenthe@example.org,+31867 278549,Platinum,Yes
CRM000568,Lana,van Luxemburg,ivan-engeland@example.net,0121 292214,Gold,Yes
CRM000569,Pleun,van Tuijl,bente16@example.com,+3113-4222256,Bronze,No
CRM000570,Liz,Mol,azraroukes@example.org,+31(0)82-7285353,Silver,No
CRM000571,Mehmet,Bouwhuisen,tim43@example.net,+31(0)004 570173,Silver,Yes
CRM000572,Cato,Geerling,gverhoeven@example.com,+31161-670420,Platinum,No
CRM000573,Chloé,Mangel,kampalicia@example.org,+31398-479942,Silver,No
CRM000574,Mick,Rijntjes,rekise@example.net,+31040-197572,Bronze,No
CRM000575,Nova,Bave,janssemax@example.org,(025) 1966777,Platinum,Yes
CRM000576,Ella,Brisee,thijn16@example.org,(047) 9507202,Silver,No
CRM000577,Niek,van de Pavert,lhuijben@example.org,(0896) 976962,Bronze,Yes
CRM000578,Aron,Schagen,jacob27@example.net,0861-934653,Gold,No
CRM000579,Siem,Weijland,mmathieu@example.com,047-1796541,Gold,No
CRM000580,Mirthe,Perkins,ivan-mispelen@example.net,005-8197849,Gold,No
CRM000581,Ceylin,die Witte,ycoret@example.org,(099) 7584988,Bronze,No
CRM000582,Abel,Adriaense,vincent27@example.org,(0865) 065997,Bronze,Yes
CRM000583,Pippa,The Elder,iwillems@example.net,+3159 4642572,Gold,Yes
CRM000584,Hamza,Haengreve,wouters-van-eijndhovennadia@example.com,+31683 459949,Gold,Yes
CRM000585,Elena,van Breukelveen,aaron03@example.com,(096)-4216788,Bronze,Yes
CRM000586,Mare,Noordijk,ymeijer@example.org,+3122-6447864,Silver,No
CRM000587,Elin,Klein,zara07@example.org,+31(0)82 5061558,Gold,Yes
CRM000588,Liza,van Ginkel,annabelbosch@example.org,+31429-915686,Gold,Yes
CRM000589,Imran,Walsteijn,evi12@example.com,(020) 3905073,Silver,No
CRM000590,Lisa,van Luxemburg,ehekker@example.com,+31471 375144,Silver,No
CRM000591,Luca,Zeemans,jochemsmarit@example.net,(0917) 658343,Gold,No
CRM000592,Tess,van Nes,van-wickerodetirza@example.net,+3183 0123852,Platinum,No
CRM000593,Sam,Lansink,dean67@example.org,+31(0)914 089873,Bronze,No
CRM000594,Jari,Butselaar,lukavan-enschot@example.org,0389 091465,Gold,Yes
CRM000595,Arthur,Zwart,roosenboomlauren@example.com,+31342-935286,Bronze,Yes
CRM000596,Lot,Dennenberg,van-der-veiverbram@example.net,(057) 5276479,Silver,Yes
CRM000597,Riley,Vignon,arie00@example.net,013 6302885,Bronze,No
CRM000598,Sven,de Strigter,klaffray@example.org,034 5614573,Silver,Yes
CRM000599,Valentijn,Overdijk,rvan-den-broek@example.net,006 0076047,Gold,Yes
CRM000600,Aimée,Jerusalem,loepromy@example.net,+3148-4947051,Gold,Yes
CRM000601,Faas,Adriaansen,roos06@example.org,0211-799768,Silver,No
CRM000602,Lindsey,Overdijk,van-den-brandyassin@example.net,017-1241965,Silver,No
CRM000603,Olivia,van Henegouwen,xwigman@example.org,(0339)-170513,Silver,Yes
CRM000604,Yinthe,Strik,de-heermads@example.org,+31918-247559,Gold,Yes
CRM000605,Kick,Beekman,hboetet@example.com,+31(0)915-034388,Bronze,Yes
CRM000606,Bram,Jekel,bgenefaas@example.com,+31(0)370 774925,Platinum,Yes
CRM000607,Lena,Dekker,,+3199-7791102,Bronze,No
CRM000608,Riley,Govarts,van-den-henstcarlijn@example.org,+3155 5638962,Platinum,No
CRM000609,Twan,Belpere,maartjetamsma@example.org,(067)-0065446,Silver,Yes
CRM000610,Damian,Marchand,lorenzokof@example.net,+31591-952728,Bronze,Yes
CRM000611,Emma,van Beek,lieke05@example.org,+31(0)03 7892944,Gold,Yes
CRM000612,Senna,Houdijk,noud03@example.net,+31(0)391-039444,Gold,No
CRM000613,oscar,Butselaar,invalid.email,(074)-1382652,Silver,No
CRM000614,Sylvie,Rouwhorst,narens@example.net,+31(0)813 101737,Bronze,No
CRM000615,Roos,Jansen,aweeldenburg@example.net,+3146-6612101,Silver,No
CRM000616,Selina,van Nederlotharingen,khehl@example.org,098 9880276,Silver,Yes
CRM000617,Nout,Rotteveel,hvervoort@example.com,+31(0)82 9604953,Platinum,Yes
CRM000618,Jonathan,Sarneel,lukas97@example.net,+31(0)90-2832903,Platinum,No
CRM000619,Joey,Pieters van der Maes,claesnerzeynep@example.org,+31(0)807-069583,Platinum,No
CRM000620,Thijs,"West-Francië, van",neuzerlingjenna@example.org,+31749 231046,Gold,No
CRM000621,Jip,Serra,roande-groot@example.com,+31(0)20 9932381,Silver,No
CRM000622,Dave,Duivenvoorden,ode-haas@example.com,(0960) 647524,Silver,Yes
CRM000623,Pim,Weylant,den-teulingtwan@example.org,+31783 174071,Platinum,Yes
CRM000624,Mads,Coret,jaylinnvan-beieren@example.org,(067)-4091083,Bronze,No
CRM000625,Tijmen,Breugelensis,wout92@example.net,+31(0)20 4466936,Silver,No
CRM000626,Zara,Oostveen,willemsbrian@example.com,(0475)-100506,Gold,Yes
CRM000627,Stefan,Briere,thomasadriana@example.net,+3158 6386918,Platinum,Yes
CRM000628,Marit,Spier,nvan-breugel@example.org,0765-080045,Platinum,Yes
CRM000629,Lot,Mangel,lminer@example.org,+31(0)975-496228,Gold,No
CRM000630,Keano,Everts,hazenveldnoah@example.com,+31068 907333,Platinum,No
CRM000631,Jayson,Kortman,imkeduivenvoorden@example.org,041 2031990,Gold,No
CRM000632,Dave,Nedermeijer,erhoutjake@example.com,+31(0)248-106508,Gold,No
CRM000633,Gijs,van Roijen,lotte@example.com,+31(0)628-669971,Platinum,No
CRM000634,Jonathan,Timmermans,megan58@example.org,(0795)-573851,Gold,Yes
CRM000635,Bente,Dachgelt,fayblom@example.com,+31(0)88-2723916,Platinum,No
CRM000636,Annemijn,van der Pol,eliselips@example.net,(0449)-963880,Bronze,No
CRM000637,Esther,Ligtvoet,ikronenberg@example.net,+31082-435040,Silver,No
CRM000638,Milou,Coreth von und zu Coredo und Starkenberg,elisakok@example.com,028 9786863,Platinum,Yes
CRM000639,Thom,Huisman,lvan-formbach@example.com,037 4967692,Bronze,No
CRM000640,Jayden,Mallien,ian38@example.net,(0058) 453924,Platinum,Yes
CRM000641,Rowan,Hendricks,segerszoenwouter@example.net,+31(0)595-086747,Gold,No
CRM000642,Thom,Mahieu,mart65@example.org,0419-324125,Silver,No
CRM000643,Simon,van Ginkel,van-duvenvoirdestefan@example.org,+31942-029600,Bronze,Yes
CRM000644,Luc,Hekker,danigeldens@example.com,+3127-2526441,Platinum,No
CRM000645,Tara,Smeets,benthe82@example.net,+31(0)10-7611206,Bronze,Yes
CRM000646,Femke,Terry,hekkerivy@example.net,(004) 5985556,Platinum,Yes
CRM000647,Chris,Aertsz,sborman@example.org,011 9122231,Platinum,Yes
CRM000648,Selena,Vial,dinavan-gils@example.net,+31386 648116,Bronze,No
CRM000649,Mirte,Belpere,cjansen@example.org,0763-835785,Bronze,Yes
CRM000650,Jonathan,van Ginneke,mats60@example.com,0831 117243,Silver,Yes
CRM000651,Danique,Smith,esteyjulian@example.net,0215-552541,Bronze,Yes
CRM000652,Teun,Dekker,jaylinn06@example.org,(0527)-844965,Gold,Yes
CRM000653,Bente,van Stralen,doornhemsven@example.org,(0106) 379650,Gold,No
CRM000654,Olivier,van Schevinghuizen,oemencskyano@example.com,(042) 9081625,Silver,No
CRM000655,Fabian,Verhoeven,wolterseline@example.net,+31(0)36-7534679,Bronze,Yes
CRM000656,Bastiaan,Scherms,finnvan-nederlotharingen@example.com,062 1023083,Platinum,Yes
CRM000657,Ali,Goyaerts van Waderle,jayden61@example.org,+3117-3219755,Bronze,No
CRM000658,Sarah,Bertho,fayvan-stralen@example.net,(0636)-002128,Gold,Yes
CRM000659,Lot,Ghoerle,noah31@example.com,(008) 4632665,Platinum,No
CRM000660,Jesper,van der Laarse,invalid.email,+31(0)01 4904345,Platinum,Yes
CRM000661,Naud,Lafleur,amirscuylenborchs@example.net,(075)-4313039,Silver,Yes
CRM000662,Mehmet,van Emmelen,schoutenbibi@example.net,+31(0)38 1990628,Gold,Yes
CRM000663,Sofia,van 't Erve,nathan36@example.com,+31(0)851 978964,Silver,Yes
CRM000664,Sven,Ponci,tklomp-jan@example.com,+3192 3271883,Gold,No
CRM000665,Imke,Steenbeek,dlinschoten@example.net,+31(0)39-4718090,Silver,No
CRM000666,Adriana,van de Ven,jort65@example.com,0437 990612,Bronze,No
CRM000667,Sam,Vaessen,merelvan-de-greef@example.org,+31(0)58 1548367,Bronze,No
CRM000668,Isabella,Loreal,zverhoeven@example.net,+3182 8712092,Gold,Yes
CRM000669,Puck,Martel,blomjens@example.com,0748-648971,Gold,Yes
CRM000670,Sophia,van Leuven,gspreeuw@example.com,(046)-8586825,Bronze,Yes
CRM000671,Eva,van der Kaay,imke31@example.com,0562-894849,Gold,No
CRM000672,Alyssa,de Plantard,van-der-lindenjelle@example.net,(0854)-306077,Platinum,Yes
CRM000673,Stijn,van Beaumont,fabiennewillems-van-lier@example.com,0297 323928,Gold,No
CRM000674,Kian,Shupe,dex07@example.com,+31186-837442,Platinum,No
CRM000675,Jason,Reijers,nadine93@example.net,+31(0)931-090033,Platinum,No
CRM000676,Liza,le Briel,jvegt@example.net,+31314 193676,Bronze,No
CRM000677,Maurits,VI,beau13@example.org,+31(0)53-4551399,Bronze,Yes
CRM000678,Xavi,Verschut,hannavan-den-brand@example.com,+31(0)97 0917195,Gold,Yes
CRM000679,Thom,Dijkstra,hermansyasmine@example.net,+31618-463361,Platinum,Yes
CRM000680,Ryan,Waltrade Walderade,rehorstdanique@example.net,+31(0)721 037338,Silver,No
CRM000681,Matthias,van der Smeede,smulder@example.net,(076)-9037831,Silver,No
CRM000682,Noud,Becht,melissa36@example.org,040 9145695,Platinum,Yes
CRM000683,Ties,Oda,van-den-nuwenhuijzensiem@example.com,+3156 5287388,Bronze,No
CRM000684,Lieve,Verheij,aiden71@example.org,+3140 9328360,Gold,Yes
CRM000685,Kyano,Vertooren,coret-coredokayleigh@example.com,0547 100001,Platinum,Yes
CRM000686,Jesper,Suijker,rponcelet@example.com,(088)-4229252,Silver,Yes
CRM000687,Nout,van Alenburg,koningaiden@example.com,(0147)-820234,Silver,No
CRM000688,Dana,Scuylenborchs,zvan-duivenvoorde@example.org,(018)-1155303,Silver,Yes
CRM000689,Anna,van Boulogne,kai81@example.net,(095) 2992184,Gold,No
CRM000690,Marinus,Giselmeyer,yvan-de-water@example.net,087 1044349,Silver,Yes
CRM000691,Emily,Fredriks,eaeije@example.com,(0565) 238643,Silver,No
CRM000692,Elif,Pons,pimvan-der-velde@example.com,(014)-4277985,Platinum,No
CRM000693,Rens,Stamrood,roessinklana@example.org,+3125-1682129,Silver,Yes
CRM000694,Hanna,Slagmolen,aydenmulder@example.org,(038) 7977769,Silver,Yes
CRM000695,Madelief,van Este,marinusvan-de-wal@example.net,0313-308421,Silver,Yes
CRM000696,Kyara,Geldens,smithannah@example.org,0800 412244,Platinum,No
CRM000697,Cato,van Breukeleveen,leah62@example.org,(060)-4950772,Bronze,No
CRM000698,Stijn,Miner,jtexier@example.net,(0026)-627254,Platinum,No
CRM000699,Pieter,van der Kint,lukascoret-coredo@example.com,+31(0)69 4130106,Platinum,Yes
CRM000700,Thom,die Bont,prinsenkyara@example.org,+31(0)61-4533177,Gold,No
CRM000701,Sebastiaan,van Engeland,timmermansceylin@example.org,+31(0)59 8720797,Bronze,Yes
CRM000702,Milan,Melet,dylanvan-westfalen@example.org,(0293) 824855,Gold,No
CRM000703,Lana,Vos,lynn99@example.com,+31336-513940,Platinum,Yes
CRM000704,Teun,Neuzerling,,+31(0)285 525189,Gold,Yes
CRM000705,Bibi,Hoogers,hlorreijn@example.com,+31(0)07 3408482,Bronze,Yes
CRM000706,Meike,de Grote,kayleigh24@example.com,022 9361262,Platinum,No
CRM000707,Rayan,Kriens,mohammedbastiaense@example.org,(093) 9271508,Gold,Yes
CRM000708,Nick,Goudriaan,van-den-hoekfatima@example.org,+3197-0962588,Silver,Yes
CRM000709,Arie,de Haan,pimvan-bruchem@example.org,+3103-8451032,Gold,Yes
CRM000710,Isabel,Kof,ebacker@example.com,+31(0)403 012861,Platinum,Yes
CRM000711,Pleun,Riem,kvolcke@example.org,+31429-360549,Silver,No
CRM000712,Wouter,van Mispelen,kweijland@example.org,+3140 1342260,Platinum,No
CRM000713,Stef,Aschman,ian41@example.org,+31(0)067-719117,Bronze,Yes
CRM000714,Maaike,Martel,julius95@example.com,+31077-363987,Platinum,No
CRM000715,Sanne,Erhout,van-waaspleun@example.org,049-9559527,Platinum,Yes
CRM000716,Noah,Reimes,samuelle-gulcher@example.com,+31(0)36 2038594,Platinum,No
CRM000717,Olaf,Uphuis,bradley87@example.net,+31(0)203-419246,Platinum,No
CRM000718,Stefan,van Clootwijck,vincebroeders@example.net,(037) 0720656,Platinum,Yes
CRM000719,Ise,Bruggeman,agenefaas@example.org,0626 802109,Gold,No
CRM000720,Lot,Hazenveld,riemsofie@example.org,050-5928318,Platinum,Yes
CRM000721,Amy,Tammerijn,marijn51@example.net,+31595 463946,Gold,Yes
CRM000722,Rens,Klerks,fem65@example.com,+31(0)97 4118977,Gold,Yes
CRM000723,Alex,Van Bragt,,(057)-5310029,Platinum,Yes
CRM000724,Hamza,Noordijk,vigo20@example.org,+31(0)12 2364057,Bronze,No
CRM000725,Alex,Scardino,micha58@example.net,0739 590990,Platinum,No
CRM000726,Vera,Reimes,veerle23@example.net,(0697)-951837,Platinum,No
CRM000727,Elizabeth,Gepa van Bourgondië,leah05@example.net,+3185 1179900,Bronze,Yes
CRM000728,Tim,Sestig,customer@@example.com,(082)-9410991,Gold,Yes
CRM000729,Dave,van Salmen,tess93@example.org,+31(0)96-8249264,Platinum,No
CRM000730,Bastiaan,Massa,hellevoortcornelia@example.com,0391-589483,Platinum,Yes
CRM000731,Koen,Joosten,rayan69@example.com,0595-579451,Gold,No
CRM000732,Ian,van der Hoeven,kvan-der-stael@example.net,+31(0)85 9282116,Bronze,No
CRM000733,Rosalie,van den Velde,jasper06@example.org,+31191-710635,Platinum,No
CRM000734,Madelief,Kolster,mohammedjeggij@example.com,+31(0)56 4403039,Platinum,Yes
CRM000735,Puk,Wolzak,van-loonzoey@example.org,(039)-4702801,Platinum,Yes
CRM000736,Nathan,Stichter,dvan-tours@example.com,036-7756780,Silver,Yes
CRM000737,Maria,van Ginneke,ltirie@example.net,044 5443488,Gold,No
CRM000738,Marit,van Bernicia,woutersmax@example.com,+31(0)06 2803548,Bronze,Yes
CRM000739,Nick,Stichter,floorkeijzer@example.com,(031) 1203334,Bronze,Yes
CRM000740,Mats,Serra,wilckenmara@example.com,041-2930648,Silver,Yes
CRM000741,Senna,Ernst,felinerobbrechts-bruijne@example.com,+3163-0027466,Bronze,Yes
CRM000742,Kian,Maaswinkel,cboudewijns@example.net,+3137 9350375,Gold,No
CRM000743,Kyano,Waardeloo,artsmara@example.com,+31(0)782 596715,Silver,Yes
CRM000744,Jack,Jonker,maartje05@example.net,(049)-1978444,Gold,Yes
CRM000745,Mette,van de Ven,lisannekas@example.org,(010) 1378897,Silver,No
CRM000746,Demi,Koster,wouter50@example.net,+31(0)69 1014433,Gold,Yes
CRM000747,Matthijs,van Buuren,indy29@example.com,+31433-293156,Bronze,No
CRM000748,Tara,de Groot,fbeernink@example.org,+31(0)151-080453,Silver,No
CRM000749,Guus,van de Kooij,james39@example.net,+3119 4587930,Platinum,Yes
CRM000750,Luca,Ansems,stijnfrancois@example.com,+31765-942512,Platinum,No
CRM000751,Mats,Mathurin,rhuisman@example.com,(0847)-774771,Platinum,No
CRM000752,Chris,van Hagen,jansendex@example.org,+31874-020871,Platinum,No
CRM000753,Tygo,Uphuis,femke22@example.net,035 3910673,Bronze,No
CRM000754,Luuk,Levesque,le-flochsamuel@example.com,017 8889698,Platinum,No
CRM000755,Mark,Volcke,vigomuijs@example.net,+31(0)17-2765464,Platinum,Yes
CRM000756,Ninthe,Dekker,sam40@example.com,(0583) 682412,Gold,No
CRM000757,Kay,Claesner,hexspoorjoost@example.org,+31(0)78-6280518,Bronze,No
CRM000758,Stijn,Maaswinkel,tessa02@example.net,,Silver,No
CRM000759,Marit,van Hulten,sam65@example.org,(029) 0853659,Silver,No
CRM000760,Feline,Heyne,uoversteeg@example.org,+31(0)17 7159000,Platinum,Yes
CRM000761,Kyan,Stange,aylinwesterburg@example.org,+3196-1148068,Gold,No
CRM000762,Annemijn,van der Ven,livnek@example.com,+31(0)552-628047,Gold,No
CRM000763,Kate,Karels,scardinoxavi@example.com,0385 202351,Silver,Yes
CRM000764,Fiene,van der Veiver,ashleyvan-luxemburg@example.com,+31(0)81-6014767,Platinum,No
CRM000765,Lucy,van Rooij,esmeeeelman@example.com,0017 933171,Bronze,Yes
CRM000766,Brent,Verbeeck,hvan-den-assem@example.org,+3156-6477194,Gold,No
CRM000767,Joëlle,Coolen,fay90@example.org,0611 616858,Platinum,Yes
CRM000768,Phileine,van der Mast,van-metzboaz@example.org,(0780)-606142,Bronze,Yes
CRM000769,Linde,Puig,gijsgeneart@example.org,+31(0)54 5117054,Platinum,No
CRM000770,Dirk,van Luyssel,bo60@example.net,0000-989461,Gold,No
CRM000771,Ceylin,Symons,ben97@example.org,+31(0)156 172919,Silver,Yes
CRM000772,Nova,Charon,kayvan-grinsven@example.com,(048)-2177327,Platinum,No
CRM000773,Jayson,van Kasteelen,van-der-kaayevi@example.org,+3101 6482650,Platinum,No
CRM000774,Mees,Jonkman,danielvan-de-weterink@example.com,,Platinum,No
CRM000775,Job,Mulders,hondeveldcatharina@example.com,048-4717591,Platinum,No
CRM000776,Mads,Vos,angelinachevresson@example.com,+3159-0473534,Gold,No
CRM000777,Thijmen,Fortuyn,van-den-corputfem@example.org,+3158-9584952,Silver,No
CRM000778,Iris,van Beaumont,joey45@example.net,(013)-3267028,Platinum,Yes
CRM000779,Pim,van Enschot,tijmenvan-es@example.org,0212 313146,Gold,No
CRM000780,Brent,Ulrich,,(0793) 609955,Platinum,No
CRM000781,Sam,Kolen,dijkmanevie@example.net,+31(0)82-0511234,Gold,No
CRM000782,Ruben,Schakelaar,kiki65@example.com,+31586-594620,Gold,Yes
CRM000783,Lily,van Ommeren,joostligtvoet@example.org,+3176-9879772,Silver,Yes
CRM000784,Valentijn,de Bock,lorenzovan-voorst@example.net,+3141-3061574,Silver,Yes
CRM000785,Mustafa,de Gruijl,bibibierstraten@example.com,+31(0)708-843461,Platinum,Yes
CRM000786,Fleur,Miltenburg,xrijn@example.com,082 1001753,Platinum,Yes
CRM000787,Naomi,Kerkhof,themma-van-allemanie@example.com,(024) 4582550,Bronze,No
CRM000788,Mats,Jansse,berattamsma@example.org,0574-988474,Gold,Yes
CRM000789,Bart,van den Pol,kimvan-den-eerenbeemt@example.org,+31328-214983,Bronze,Yes
CRM000790,Silke,Otto,naomibertho@example.org,+31(0)989-762155,Platinum,No
CRM000791,Quinten,de Gratie,fpotters@example.org,+31950-357082,Platinum,Yes
CRM000792,Thijs,Cornelisz,van-orleanssanne@example.net,+31(0)474 456310,Silver,No
CRM000793,Alex,Perck,ospanhaak@example.org,+3177 1985895,Gold,Yes
CRM000794,Amin,Speijer,brian86@example.org,095 7005204,Silver,Yes
CRM000795,Isabella,Spaan,jacksteenbeek@example.com,+31534 234532,Bronze,Yes
CRM000796,Floor,van der Stael de Jonge,mannebrian@example.net,(097) 3544947,Silver,Yes
CRM000797,Catharina,Boddaugh,serralisa@example.org,(0976)-359996,Gold,No
CRM000798,Felix,Wilson,van-schweinfurtjens@example.org,+31(0)24-2654831,Platinum,Yes
CRM000799,Benthe,van der Heijden,jmansveld@example.com,018 3199144,Silver,No
CRM000800,Olivia,Bastiaense,floortjevan-kasteelen@example.org,(0430)-668928,Gold,Yes
CRM000801,Quinten,van Oudewater,aminrisma@example.org,088-6127268,Silver,No
CRM000802,Yara,Wildschut,van-den-brandjuliette@example.org,+31635 048396,Silver,Yes
CRM000803,Justin,Gerritsen,beaupieters-van-der-maes@example.com,+31(0)72-4986947,Platinum,Yes
CRM000804,Mohammed,Matthews,kleybrinkchloe@example.org,0589 802614,Silver,No
CRM000805,Kevin,van Leeuwen,oliviermahieu@example.com,+3159-4369640,Silver,Yes
CRM000806,Joep,Sas,stichterdylano@example.com,(0998) 782483,Gold,Yes
CRM000807,Jasper,Bellemans,elisavan-beeck-beeckmans@example.com,+3149-2483792,Bronze,No
CRM000808,Pepijn,Backer,lorreijnsil@example.com,(036)-5977863,Silver,No
CRM000809,Kai,van der Pluijm,zakaria88@example.org,0198-202436,Silver,Yes
CRM000810,Elize,den Haag,keano05@example.net,(097)-2954626,Bronze,No
CRM000811,Amelia,Schakelaar,philip58@example.org,(051)-5216875,Silver,No
CRM000812,Isabelle,Pasman,suus90@example.com,+31(0)948 480810,Silver,No
CRM000813,Dylan,Fortuyn,jaysonboer@example.com,(0759)-080769,Gold,No
CRM000814,Dirk,van Westfalen,vmens@example.net,(0748)-544908,Bronze,Yes
CRM000815,Bastiaan,Knoers,ariens-ansemsmason@example.org,+3127-9148335,Gold,Yes
CRM000816,Janna,Walter,joy88@example.org,014 1091555,Platinum,No
CRM000817,Ivy,de Grunt,danielfrankhuizen@example.net,(0382) 555717,Gold,Yes
CRM000818,Bram,Scuylenborchs,julius21@example.com,+3146 9007489,Bronze,Yes
CRM000819,Noud,Vink,victorvan-formbach@example.net,+3125-6270620,Silver,No
CRM000820,Loek,Blokland,jarischenkel@example.com,+31021 297896,Silver,Yes
CRM000821,Thomas,Muijs,vvan-leuven@example.com,092-8726701,Platinum,No
CRM000822,Dex,Kleybrink,saravervoort@example.com,+31(0)29 4182668,Gold,Yes
CRM000823,Tijmen,Tamsma,alexander64@example.net,(044) 6434616,Bronze,No
CRM000824,Robin,Brugman,zeynepmahieu@example.org,+31(0)65 1288822,Gold,No
CRM000825,LUCAS,van der Schuijt,eliza43@example.com,(080) 9789467,Gold,No
CRM000826,Quinty,Friehus,xvan-de-klashorst@example.com,(031)-9485699,Silver,No
CRM000827,Megan,van Bernicia,wjekel@example.org,+3120-3631847,Platinum,No
CRM000828,Senna,van Bruchem,van-der-hoevendylano@example.net,(0034) 024582,Gold,Yes
CRM000829,Ize,Groen,marit41@example.net,038-4318017,Silver,Yes
CRM000830,Sander,Olykan,tbrievingh@example.org,+31884 706944,Silver,No
CRM000831,Jorn,Kas,cato60@example.org,(028) 0567535,Bronze,Yes
CRM000832,Rowan,van Orleans,zoebresse@example.com,+31954-180609,Bronze,No
CRM000833,Jip,Scholten,rgroote@example.com,0209-965152,Bronze,Yes
CRM000834,Dave,Schakelaar,elisabethde-bruyn@example.net,0314-843745,Silver,No
CRM000835,Lisanne,Tielemans,elif52@example.org,(0802)-566681,Platinum,Yes
CRM000836,Louise,Kalman,zneuzerling@example.org,0003 976644,Silver,No
CRM000837,Veerle,Overeem,meisjonas@example.net,+31676 435065,Platinum,No
CRM000838,Lana,de Bruin,nick69@example.net,+31(0)394 831747,Bronze,No
CRM000839,Liv,Hellevoort,wrightnienke@example.org,+31(0)26-4674682,Platinum,Yes
CRM000840,Ibrahim,Vermeulen,tobiaslagerweij@example.org,+3138 4653959,Silver,No
CRM000841,Beau,de Roos,verheijlieve@example.net,+31(0)95 8078928,Gold,No
CRM000842,Aiden,Dubois,nisashupe@example.net,(095)-7700359,Gold,Yes
CRM000843,Jens,Vertoor,jordyjansen@example.net,0018-355951,Gold,Yes
CRM000844,Lisanne,Hak,van-de-brinkmarijn@example.net,069 8431884,Bronze,Yes
CRM000845,Juliette,van den Henst,kbruynzeels@example.net,+3131 4320276,Platinum,No
CRM000846,Fedde,van der Linden,chermans@example.net,+31(0)403-017201,Platinum,Yes
CRM000847,Damian,van Venrooy,vengels@example.net,+31866-519249,Bronze,Yes
CRM000848,Nikki,van der Meer,stuivenbergstijn@example.com,+31(0)508 348329,Silver,Yes
CRM000849,Sten,Blees,jeltemerkx@example.com,+31(0)306-014292,Platinum,No
CRM000850,Ashley,Brisee,sennsanders@example.com,+31483 708435,Platinum,No
CRM000851,Vajèn,Veltman,van-kempendex@example.org,+31(0)39 5937167,Bronze,No
CRM000852,Jesper,van Liendert,mvan-suinvorde@example.net,+3131 8991220,Silver,Yes
CRM000853,Jacob,Bos,van-haspengouwstella@example.net,(0647)-856454,Platinum,Yes
CRM000854,Demi,Scherms,mathurinniels@example.org,(046)-4438672,Platinum,Yes
CRM000855,Naud,van der Meulen,julesfremie@example.org,+31(0)370-843831,Silver,No
CRM000856,Thijn,Stettyn,fay56@example.com,(0075)-308356,Silver,Yes
CRM000857,Laurens,Wipstrik,rosalie23@example.org,(0861)-793051,Silver,No
CRM000858,Rowan,Adelaar,zmichielsen@example.net,+31196-602571,Bronze,No
CRM000859,Nova,Kathagen,van-liendertsuus@example.org,+31(0)907-571296,Platinum,No
CRM000860,Mirte,van Brenen,hulstjort@example.com,+31747 965213,Platinum,No
CRM000861,Bjorn,van Nimwegen,gde-bruijn@example.net,+31(0)29-1196227,Bronze,Yes
CRM000862,Dylano,de Kok,elinde-wit@example.net,(0445)-712113,Platinum,Yes
CRM000863,Thijs,Zeemans,de-boertirza@example.net,+31979-034938,Silver,Yes
CRM000864,Merijn,Giselmeyer,ayoub64@example.com,(030) 1761743,Gold,No
CRM000865,Tobias,de Vos,annevan-wijland@example.net,+31(0)400-667550,Bronze,No
CRM000866,Bjorn,van der Laan,jslingerland@example.com,(0408) 995859,Bronze,No
CRM000867,Nick,Kolster,westerburgyassin@example.net,+31(0)69-4958600,Bronze,Yes
CRM000868,Senna,Verhoeven,carlijn18@example.net,+3141 2680531,Platinum,Yes
CRM000869,Jesper,Willems,ygervais@example.net,0571 409113,Platinum,Yes
CRM000870,Philip,Zijlemans,dvan-daal@example.org,+31(0)78 3068929,Platinum,Yes
CRM000871,Kaylee,Knoers,perkinslaura@example.net,+3151 4526945,Silver,Yes
CRM000872,Joost,van der Smeede,lvan-es@example.org,+31953 194259,Gold,Yes
CRM000873,Stan,van Gorp,,+3166 2819142,Platinum,Yes
CRM000874,Guus,Rackham,zmanne@example.com,+31(0)40-9373223,Platinum,No
CRM000875,Colin,van der Velden,sroom@example.net,(097) 9591796,Gold,No
CRM000876,Vajèn,Levesque,zakariauit-de-willigen@example.com,095 4203991,Silver,Yes
CRM000877,Dex,Mansvelt,yasmineleguit@example.com,0175-173069,Platinum,Yes
CRM000878,Jay,Thout,lhaneberg@example.com,+31519 037589,Platinum,Yes
CRM000879,Feline,van Ham,mirthe58@example.net,(0986) 124111,Bronze,Yes
CRM000880,Twan,Linschoten,michellede-jode-vastraedsd@example.org,+3193 0950459,Gold,No
CRM000881,Kevin,Janse,faye82@example.org,034 3739666,Bronze,Yes
CRM000882,Jesper,van der Velden,janna20@example.org,+3117-0320016,Platinum,No
CRM000883,Amélie,de Jonge,lijnlois@example.org,+31(0)212 988744,Bronze,No
CRM000884,Ivy,van der Velde,charlottecoret-coredo@example.org,+31(0)24-2332827,Silver,No
CRM000885,Micha,"West-Francië, van",bleeshidde@example.org,+31(0)04-7631011,Bronze,Yes
CRM000886,Romy,Dennenberg,justinroom@example.org,(040)-6703952,Platinum,No
CRM000887,Senna,Pasman,ocorstiaens@example.net,(0813)-126466,Gold,Yes
CRM000888,Elias,Tirie,mirte46@example.org,+31(0)974 410496,Bronze,Yes
CRM000889,Maja,Lether,luka78@example.org,+31498 547671,Gold,Yes
CRM000890,Fien,le Briel,amira71@example.org,+31(0)314-724385,Bronze,Yes
CRM000891,Tobias,van der Noot,grondeljort@example.net,(007)-7884915,Bronze,Yes
CRM000892,Jake,Bökenkamp,liamsalet@example.net,024 3123340,Platinum,No
CRM000893,Hannah,van den Nuwenhuijzen,owen17@example.net,+31(0)198 551522,Silver,Yes
CRM000894,Maja,van Wallaert,,+31(0)644 372959,Platinum,Yes
CRM000895,Sami,van Kuijc,tvan-wijk@example.org,(0264)-078918,Platinum,No
CRM000896,Hailey,Godfrey van Alemannië,kappelman@example.com,(0860) 141228,Silver,No
CRM000897,Jade,Rackham,wessel68@example.org,+3190-6049356,Bronze,Yes
CRM000898,Juul,Koning,liekevan-de-eerenbeemt@example.org,+31(0)038-641426,Gold,No
CRM000899,Niek,Waardeloo,rooseemma@example.org,080 8704466,Platinum,Yes
CRM000900,Rosalie,Lelijveld,beourgeoisberat@example.org,+31953 601590,Silver,Yes
CRM000901,Mika,Diesbergen,veerle50@example.org,+3161-0823625,Bronze,No
CRM000902,Jinthe,van Salm,stimmermans@example.com,0455 885928,Platinum,No
CRM000903,Johannes,Rousselet,xkronenberg@example.com,+3112-2930360,Bronze,Yes
CRM000904,Felix,Chrodtrud,tygovan-den-eerenbeemt@example.org,+31(0)09 2335211,Gold,Yes
CRM000905,Hidde,van Gastel,nienkekof@example.net,071 3235088,Silver,Yes
CRM000906,Danique,van Ooste,sophiehuurdeman@example.com,0132 006797,Gold,No
CRM000907,Morris,Dirven,mathijsnihoe@example.com,+3109 4826440,Platinum,No
CRM000908,Nout,van Heusden,qmaas@example.com,+31(0)56-0715297,Silver,Yes
CRM000909,Aya,Maaswinkel,hperrono@example.org,(0277)-554826,Silver,Yes
CRM000910,Tim,Wooning,nzijlemans@example.net,,Platinum,No
CRM000911,Jip,Nihoe,aden-teuling@example.com,(090) 1162427,Gold,Yes
CRM000912,Luc,van Kasteelen,ivy41@example.org,+31583 219605,Gold,Yes
CRM000913,Charlotte,van den Nuwenhijsen,yspaan@example.com,+31(0)945 226805,Platinum,No
CRM000914,Jonathan,Verwoert,noudvan-dam@example.com,+31(0)583-708848,Platinum,Yes
CRM000915,Maaike,Brizee,,+31(0)75 7916283,Gold,Yes
CRM000916,Berat,Schrik,jannevan-den-berg@example.org,(054) 2759008,Silver,Yes
CRM000917,Rick,Spies,tillmannobente@example.net,+31(0)812-604815,Bronze,No
CRM000918,Rayan,Mathol,melissa37@example.net,(0326) 009575,Silver,No
CRM000919,Nienke,Tins,jipkloppert@example.org,+3123 1565036,Silver,Yes
CRM000920,Benjamin,Arnold,van-evelingenella@example.com,+3149-5969969,Gold,Yes
CRM000921,Sam,Hoes,de-beerjennifer@example.org,074 8988713,Silver,No
CRM000922,Ashley,de Kale,nvan-der-steen@example.org,(058) 3064397,Silver,No
CRM000923,Isis,van der Veen,noudgellemeyer@example.com,010-0112266,Silver,Yes
CRM000924,Jorn,Massa,lois81@example.net,0732 603510,Platinum,Yes
CRM000925,Alex,Ansems,hendricksnoelle@example.com,(0813) 845243,Gold,Yes
CRM000926,Linn,Passchiers,mees47@example.com,(058) 1025625,Platinum,Yes
CRM000927,Jip,Rek,thijs23@example.org,+31(0)141 941594,Platinum,No
CRM000928,Olivia,Janse,tygo61@example.org,+3168-8280327,Platinum,Yes
CRM000929,Anna,Kirpenstein,yfkede-plantard@example.com,0388-292944,Platinum,No
CRM000930,Ise,Rietveld,van-ooyendylan@example.net,+31890 339364,Gold,Yes
CRM000931,Benjamin,van der Smeede,roodesteijnnick@example.net,+31(0)10 9185462,Bronze,Yes
CRM000932,Siem,Huel,mansveldlena@example.com,+31(0)532-876718,Gold,No
CRM000933,Jens,Stoffelsz,,+3134 2788981,Bronze,Yes
CRM000934,Yasmin,Slaetsdochter,jayden58@example.com,+31(0)581-792056,Platinum,Yes
CRM000935,Bastiaan,Jansse,esmee79@example.net,(054)-6882485,Bronze,Yes
CRM000936,Maarten,Mathurin,xavihoeks@example.com,+31(0)00-8226067,Gold,No
CRM000937,Lucy,Vallenduuk,jesper39@example.com,+31(0)25-8289981,Bronze,Yes
CRM000938,Robin,van den Brand,aaronlieshout@example.net,+31(0)14 2154222,Silver,Yes
CRM000939,Vincent,Chrodtrud,leonrijks@example.net,094-2706069,Platinum,No
CRM000940,Michelle,Roose,ssmits@example.org,+31(0)76 7383895,Platinum,Yes
CRM000941,Simon,Koeman,annavan-der-heijden@example.com,(0771) 475869,Bronze,No
CRM000942,Micha,Aertsz,dcammel@example.org,+3122 0901859,Bronze,No
CRM000943,Berend,van der Linden,lara47@example.com,(015) 0018618,Platinum,Yes
CRM000944,Kayleigh,Ramaker,bartovereem@example.org,+3176-6304770,Gold,Yes
CRM000945,Gijs,van der Velde,cvan-der-meer@example.org,006-3203483,Gold,No
CRM000946,Simon,van Mook,mirthesterkman@example.com,+31(0)852 839206,Platinum,Yes
CRM000947,Jasper,Tammerijn,koenverwoert@example.org,+31705 080400,Silver,Yes
CRM000948,Arthur,van Ooyen,juulwaltrade-walderade@example.org,085 9020248,Bronze,No
CRM000949,Bart,Bos,overharen@example.com,+31(0)680-860252,Silver,No
CRM000950,Morris,Everts,aliciabooden@example.com,+31(0)443 137955,Bronze,Yes
CRM000951,Damian,van Loon,sstange@example.net,(0113)-830533,Platinum,No
CRM000952,Micha,Neuzerling,uvan-den-assem@example.net,+31(0)71-3474666,Gold,No
CRM000953,Quinn,Schouten,mohamedlensen@example.com,+3101-8744127,Gold,Yes
CRM000954,Victor,Huisman,van-ginkeljens@example.org,(044) 4804547,Gold,Yes
CRM000955,Kevin,van den Assem,le-gallendave@example.net,016 7460504,Gold,Yes
CRM000956,Dani,de Wit,sofiakas@example.org,+31(0)96-4791755,Silver,No
CRM000957,Julia,de Gruijl,wlevesque@example.net,+3169-6395409,Platinum,No
CRM000958,Aron,Ouwel,jacquotmara@example.org,(036)-0672821,Platinum,Yes
CRM000959,Esmée,Gemen,nuphaus@example.org,+3182-4807253,Gold,No
CRM000960,Sara,van der Linden,jande-korte@example.net,0331-313866,Platinum,No
CRM000961,Anouk,Verschuere,dirk21@example.net,+31(0)65-0092993,Silver,Yes
CRM000962,Merle,Mulder,,077-7082552,Platinum,No
CRM000963,Roan,Spiker,isabellade-la-fleche@example.com,(094)-6275434,Silver,Yes
CRM000964,Meike,van Gastel,renskeflink@example.com,0457-092272,Platinum,No
CRM000965,Johannes,de Groot,janvan-den-nieuwenhuijsen@example.net,011-3043059,Bronze,Yes
CRM000966,Romy,Tamsma,noah06@example.com,092 8116432,Gold,Yes
CRM000967,Cornelis,de Swart,mustafabroeshart@example.net,+31737-911407,Bronze,No
CRM000968,Jente,Drysdale,koningsquinten@example.org,(0117)-642982,Gold,No
CRM000969,Pippa,Zijlmans,ielbertse@example.com,+3110 1558686,Gold,No
CRM000970,Sem,Sitters,isprong@example.org,096 6971921,Silver,No
CRM000971,Isis,van Buuren,kyarawolters@example.com,(072) 7749228,Gold,Yes
CRM000972,Gijs,Rademaker,xvan-dijk@example.com,(019) 0132300,Silver,Yes
CRM000973,Elif,Hoes,puk14@example.com,(0982) 315016,Platinum,Yes
CRM000974,Eliza,van de Velden,willem40@example.net,006-7512671,Silver,Yes
CRM000975,Vajèn,Postma,,+3122 7789587,Silver,Yes
CRM000976,Dion,Velderman,lhoogers@example.net,048-5754219,Gold,Yes
CRM000977,Dirk,Nedermeijer,yasmin31@example.org,+3181-6235021,Gold,No
CRM000978,Colin,Rietveld,kiki47@example.net,(0725) 542495,Bronze,Yes
CRM000979,Siem,Veenstra,jayvan-t-erve@example.com,+31(0)26-8709420,Bronze,Yes
CRM000980,Niek,Pauwels,piersonstan@example.net,+3107 4792730,Platinum,No
CRM000981,Anouk,van der Laan,van-hollandtom@example.net,+31(0)438 916420,Bronze,Yes
CRM000982,Sem,Ehlert,walpaidis@example.net,0769 474674,Gold,No
CRM000983,Fabiënne,Haneberg,jadevan-westfalen@example.org,097-8749449,Platinum,Yes
CRM000984,Emily,Jacquot,verbeekfleur@example.org,+31720 055726,Platinum,No
CRM000985,Aron,Ariens Ansems,igemen@example.com,(0698) 242154,Bronze,No
CRM000986,Mick,Momberg,guitteun@example.com,(001)-3159712,Platinum,Yes
CRM000987,Noah,de Bock,jacepsxavi@example.net,(080)-7600843,Silver,No
CRM000988,Isabelle,van der Meer,opost@example.com,+31(0)16 4915944,Bronze,Yes
CRM000989,Zoey,Kolster,kpratt@example.com,(023) 3119370,Gold,Yes
CRM000990,Senna,le Floch,jdachgelt@example.com,055-2347757,Silver,Yes
CRM000991,cATHARINA,Stamrood,arthurgeerts@example.com,(022) 9387423,Platinum,No
CRM000992,Pleun,Michiels,gvan-der-leek@example.org,+31288-595561,Bronze,Yes
CRM000993,Hamza,Billung,oennencas@example.net,+31(0)275 833721,Gold,Yes
CRM000994,Maaike,van Hoevel en van Zwindrecht,rvan-den-brand@example.com,+31(0)468-183886,Bronze,No
CRM000995,Jente,van den Assem,zvan-wallaert@example.net,0427 803112,Silver,No
CRM000996,Madelief,Weeldenburg,mvan-limburg@example.com,+31(0)84-7457405,Silver,No
CRM000997,Merijn,Recer,frerichshailey@example.net,(061) 9220402,Bronze,Yes
CRM000998,Adam,Bruijne van der Veen,stangoyaerts-van-waderle@example.com,+31087-010319,Silver,Yes
CRM000999,Florian,Scherms,fgellemeyer@example.org,+31(0)81-8035042,Gold,Yes
CRM001000,Jort,Beijring,krabbejorn@example.net,028-5954200,Silver,Yes
CRM001001,Chloë,van de Velden,ottoyassin@example.com,003 8381112,Silver,No
CRM001002,Noor,Wildschut,alicoret@example.com,031-0098604,Platinum,No
CRM001003,Hugo,Geerling,juulduivenvoorden@example.org,(0935)-487535,Bronze,No
CRM001004,Noëlle,van der Laan,kbeekman@example.org,(073) 3705005,Gold,No
CRM001005,Evelien,van der Velden,zrietveld@example.com,0817 270520,Silver,Yes
CRM001006,Sten,van Metz,amy50@example.org,005 0521728,Gold,Yes
CRM001007,Ivan,Brandon,,+31536 371386,Silver,Yes
CRM001008,Simon,Furda,damian85@example.com,+31(0)589-110751,Platinum,Yes
CRM001009,Fien,Beijring,evelienschrik@example.org,+31188 612041,Silver,Yes
CRM001010,Kay,van Wassenaar,jurreluboch@example.com,0887 681652,Gold,No
CRM001011,Benjamin,Welf,kvan-waas@example.net,051 5388428,Bronze,Yes
CRM001012,Florian,van den Pol,wutkebeau@example.com,(0353)-209900,Gold,Yes
CRM001013,Vince,van Rijthoven,nadine42@example.com,090-9705046,Bronze,No
CRM001014,Kyan,Thomas,sennade-gruijl@example.net,0168 821826,Gold,Yes
CRM001015,Floris,van Noordeloos,,+31(0)200 148128,Gold,Yes
CRM001016,Maartje,Visser,van-den-corputashley@example.com,(045)-1621447,Platinum,Yes
CRM001017,Thijmen,van Maasgouw,wvan-de-weterink@example.net,+31(0)796-982969,Bronze,Yes
CRM001018,Thijmen,Belpere,verbeekmirte@example.net,+31692 088694,Platinum,Yes
CRM001019,Sander,Lansink,lvan-gelder@example.com,(0150) 219481,Bronze,Yes
CRM001020,Aaron,Oda,norah63@example.com,+31(0)65 3411514,Bronze,No
CRM001021,Arthur,van Orleans,joelle10@example.com,+31591 380980,Gold,No
CRM001022,Lotte,Duivenvoorden,kleybrinkluc@example.org,(026) 2546728,Platinum,Yes
CRM001023,Amy,Adriaense,rik08@example.net,(009)-7431026,Gold,No
CRM001024,Lara,van Bentheim,noa03@example.net,(0459) 567409,Bronze,No
CRM001025,Ayoub,Brumleve,lfrankhuizen@example.com,+31(0)94 6224328,Bronze,Yes
CRM001026,Luna,Lelijveld,hhanegraaff@example.com,0027-365156,Gold,No
CRM001027,Damian,Wendt,jhulst@example.net,0294-333955,Platinum,Yes
CRM001028,Lex,Scholten,texiervince@example.net,073-5108200,Platinum,Yes
CRM001029,Dina,Verbeeck,umoet@example.net,(0014) 599761,Bronze,Yes
CRM001030,Jenna,Wolters,fwest-francie-van@example.com,043-3248531,Silver,Yes
CRM001031,Yinthe,Estey,woutervan-zwaben@example.org,+31(0)59-1268956,Platinum,No
CRM001032,Joëlle,Versluijs,kleinhugo@example.net,(0436)-308616,Silver,Yes
CRM001033,Rick,Kisman,slaetsdochtervalentijn@example.org,099-4874191,Gold,No
CRM001034,Stefan,van Formbach,dana11@example.com,018 5741507,Bronze,Yes
CRM001035,Merel,Peterse,van-den-nieuwenhuijsensam@example.com,(0049)-061916,Gold,Yes
CRM001036,Valentijn,Tillmanno,collin71@example.net,+31(0)470 438818,Bronze,Yes
CRM001037,Elise,van Lucel,lucy19@example.com,(0565)-474118,Bronze,No
CRM001038,Nova,Timmermans,avan-mil@example.net,+3132-8078073,Bronze,Yes
CRM001039,Thomas,Mijsberg,danique16@example.org,099-0051020,Gold,No
CRM001040,Julius,Scholten,de-hoogheliza@example.com,+31029-854485,Platinum,No
CRM001041,Wessel,van Straaten,muijsnova@example.org,+31(0)07-2796588,Platinum,No
CRM001042,Kyara,van Opper-Lotharingen,hulstfinn@example.org,+3138-1342057,Platinum,No
CRM001043,Giovanni,van Evelingen,kremernoah@example.org,+31846 485778,Platinum,No
CRM001044,Joep,Rietveld,van-der-brinkamira@example.com,0439 859812,Bronze,Yes
CRM001045,Dewi,Furda,scuylenborchsmarit@example.com,(0936)-781666,Bronze,No
CRM001046,Tom,Linschoten,kian76@example.org,+31(0)243 634145,Bronze,No
CRM001047,Dirk,van der Steen,bas66@example.com,051 1850005,Platinum,No
CRM001048,Isis,van der Horst,usmit@example.com,0968 724216,Platinum,No
CRM001049,Ibrahim,die Pelser,ruttenaaron@example.net,011 5402945,Silver,No
CRM001050,Owen,Sas,inaya00@example.net,(0356)-414905,Platinum,Yes
CRM001051,Lizzy,Maaswinkel,cverharen@example.com,0754-813127,Platinum,Yes
CRM001052,Julian,van Roijen,van-drenthemirthe@example.org,+31(0)855-729822,Bronze,No
CRM001053,Philip,Bos,lamberslevi@example.net,084-7135310,Silver,No
CRM001054,Jelle,Scharroo,tboetet@example.com,+31(0)985 914886,Bronze,No
CRM001055,Saar,Perck,lievevan-den-nuwenhuijzen@example.net,+31(0)91-9538597,Bronze,Yes
CRM001056,Lucas,Lonen,mfrerichs@example.net,049-1449602,Gold,No
CRM001057,Joshua,Hellevoort,,004-2349863,Platinum,Yes
CRM001058,Bente,Roosenboom,naomivan-de-kooij@example.net,0284-463388,Gold,No
CRM001059,Esila,The Elder,pterry@example.com,+31(0)386 932250,Bronze,No
CRM001060,Yara,Zaal,upostma@example.org,+31(0)93 7655038,Platinum,No
CRM001061,Ryan,Brouwer,brumleverenske@example.org,0416-482922,Gold,Yes
CRM001062,Felix,Huijben,van-den-veldesenna@example.org,0710 976368,Bronze,No
CRM001063,Anouk,Becht,beourgeoissep@example.com,034 3646028,Platinum,Yes
CRM001064,Rens,van de Elzas,maurits45@example.org,+31(0)037 971105,Silver,Yes
CRM001065,Liza,van der Laarse,mohamed11@example.net,(005) 4553052,Gold,No
CRM001066,Senn,Brizee,egarret@example.net,+31(0)38 8370086,Bronze,Yes
CRM001067,Sander,Coolen,juliettetammerijn@example.com,007-9014097,Silver,Yes
CRM001068,Ecrin,Lelijveld,kpastoors@example.org,(0861) 786403,Silver,No
CRM001069,Tycho,Verbruggen,jacepslenn@example.net,066 1203979,Platinum,Yes
CRM001070,Senna,Stettyn,xavi33@example.org,+31(0)158 501691,Silver,No
CRM001071,Jan,van Mare,lize92@example.net,+3164-4820124,Silver,No
CRM001072,Senna,Michielsen,kde-keijser@example.org,+31477 798647,Platinum,No
CRM001073,Aron,Buijs,gruijllizz@example.org,+3184-9418577,Silver,No
CRM001074,Maartje,Reijers,jacquotmirthe@example.com,(010)-0526485,Gold,No
CRM001075,Kayleigh,Stoffel,hoogersduuk@example.com,+31(0)80 9528869,Platinum,Yes
CRM001076,Jim,Kremer,whuls@example.net,(037)-5150085,Bronze,Yes
CRM001077,Olaf,van Veen,,+31220-858005,Platinum,Yes
CRM001078,Ayden,Volcke,van-der-meeramber@example.net,+31(0)70-9308309,Bronze,Yes
CRM001079,Phileine,Geerling,van-luxemburgjanna@example.com,+31(0)85-7467939,Silver,Yes
CRM001080,Dean,Fortuyn,sami21@example.com,,Gold,Yes
CRM001081,Yasmine,Luboch,uvan-de-berg@example.com,+31(0)25-8083339,Bronze,No
CRM001082,Michelle,Frerichs,bjorn04@example.com,(0020)-680729,Silver,No
CRM001083,Mehmet,Volcke,sriem@example.com,+31(0)39-0901954,Silver,No
CRM001084,Evy,van der Kint,jake25@example.com,0680 366990,Gold,No
CRM001085,Lot,de Gratie,gijswillems@example.com,(089) 0104504,Gold,No
CRM001086,Kian,Robbrechts Bruijne,alex05@example.com,+3133 0917609,Platinum,Yes
CRM001087,Noud,Berendse,indy71@example.com,+31032 985115,Gold,No
CRM001088,Sil,Kleijse,swolffel@example.net,+31611 585158,Bronze,No
CRM001089,Nout,Fechant,xoverdijk@example.net,0140 403337,Bronze,Yes
CRM001090,Yinthe,Claesner,van-der-brinkdex@example.com,(027)-1947813,Gold,No
CRM001091,Thijn,Boers,silke68@example.net,063 7832276,Gold,Yes
CRM001092,Elisa,Tamsma,ruben06@example.com,+31889-733477,Silver,No
CRM001093,Bart,Adryaens,npalman@example.net,(0210)-959484,Silver,No
CRM001094,Noah,Ligtvoet,melissa70@example.com,(0061)-192180,Bronze,No
CRM001095,Kyra,Blonk,xde-gruijl@example.com,+3166-3302560,Silver,No
CRM001096,Pippa,Weylant,,+3158-9392813,Bronze,Yes
CRM001097,Max,van Laon,faas07@example.com,069 6850791,Silver,Yes
CRM001098,Oscar,Spaan,fortuynlukas@example.net,090 0981639,Gold,No
CRM001099,Roan,Marchal,lisa92@example.org,(039)-2680717,Gold,Yes
CRM001100,Mathijs,van der Veiver,van-der-sandelola@example.com,(0302) 496438,Silver,Yes
CRM001101,Angelina,van der Spaendonc,mschroeff@example.org,+31(0)34-0571505,Silver,Yes
CRM001102,Elena,Kok,uhendrikse@example.net,027 9484943,Bronze,Yes
CRM001103,Amelia,Groenestein,sander57@example.com,0194-159294,Platinum,No
CRM001104,Lenn,van de Biezenbos,eliasvan-clootwijck@example.org,+31(0)64 1500966,Gold,Yes
CRM001105,Jenna,Verhaar,mombergdex@example.net,(0009)-438359,Bronze,Yes
CRM001106,Sara,Kronenberg,hbeernink@example.net,+3120-4553340,Silver,Yes
CRM001107,Tobias,Bresse,van-den-nieuwenhuijsenguus@example.org,046-3998951,Gold,No
CRM001108,Rowan,Beekman,van-der-maathlise@example.net,050 8497321,Gold,No
CRM001109,Ize,van Munster,fatima90@example.org,,Platinum,Yes
CRM001110,Fleur,Sterkman,wbacker@example.org,(0942)-294041,Silver,Yes
CRM001111,Rayan,van Maaren,coretjulius@example.org,020-1364058,Platinum,No
CRM001112,Joris,Claassen,bradley59@example.com,0184-360053,Gold,Yes
CRM001113,Sterre,Miner,pleunbosch@example.net,(026)-8605449,Platinum,Yes
CRM001114,Catharina,van Bernicia,veenendaalcato@example.com,+31(0)250 714424,Gold,Yes
CRM001115,Dylan,Moenen,bveenendaal@example.com,(0462)-839048,Gold,Yes
CRM001116,Fien,Bouhuizen,mde-bont@example.org,+31(0)88 3832290,Platinum,No
CRM001117,Jonas,van Leuven,wde-boer@example.net,+31(0)555-099778,Platinum,Yes
CRM001118,Julius,Doesburg,aaron77@example.net,+3129 0885820,Bronze,Yes
CRM001119,Puk,Bastiaanse,bramwagenvoort@example.net,078-5415474,Platinum,No
CRM001120,Elize,Lorreijn,claesdryusuf@example.org,027-1019661,Bronze,No
CRM001121,Jan,Karels,noelle07@example.net,035 2639077,Platinum,No
CRM001122,Sep,Bos,lambersmadelief@example.com,+31(0)89-9158406,Gold,No
CRM001123,Kiki,van Drenthe,loek69@example.org,+31261 831591,Silver,No
CRM001124,Pien,Martens,gkof@example.org,+31(0)759-604478,Gold,No
CRM001125,Niek,de Roos,west-francie-vanmelle@example.org,0239-398643,Silver,Yes
CRM001126,Jorn,Zijlmans,jonkerdion@example.net,0410-795706,Platinum,Yes
CRM001127,Sil,Meis,lboogaerts@example.com,+3106-1842018,Silver,Yes
CRM001128,Tijs,Gerritse,van-berkelmaud@example.org,+31(0)783 137052,Gold,Yes
CRM001129,Noa,Oennen,puktammerijn@example.net,+31(0)21-4621973,Gold,Yes
CRM001130,Elin,van den Corput,letherflorian@example.net,(0260) 533740,Bronze,No
CRM001131,Emir,Adelaar,verboomjordy@example.net,0904-234222,Platinum,Yes
CRM001132,Sophia,van de Noordmark,joel07@example.net,073-5755097,Platinum,No
CRM001133,Robin,de Roos,niek68@example.com,013 1476890,Gold,Yes
CRM001134,Jaylinn,Kleijse,chris52@example.net,+3100 4350915,Bronze,No
CRM001135,Sarah,Hoedemakers,lieve64@example.net,+31394-701620,Silver,Yes
CRM001136,Thijs,Berendse,lois60@example.org,+31(0)657 536673,Bronze,No
CRM001137,Hidde,van Dokkum,izevan-dooren@example.org,0214 821149,Platinum,No
CRM001138,Jill,Knoers,ndachgeldt@example.com,(0506)-631829,Gold,Yes
CRM001139,Tessa,Lutterveld,uvoortman@example.com,+3175 6296737,Bronze,Yes
CRM001140,Ninthe,Verhagen,de-gruijterlinde@example.com,+31(0)870-087144,Gold,No
CRM001141,Kyan,van Heusden,bvan-ghoerle@example.org,0310-042137,Gold,Yes
CRM001142,Youssef,Spruyt,robinvan-gils@example.com,0489-799509,Gold,No
CRM001143,Micha,Kof,evertsannabel@example.com,(041) 9703321,Bronze,No
CRM001144,Olaf,van de Coterlet,dirkdorsman@example.org,+31509-335219,Silver,No
CRM001145,Valentijn,Verda,van-veenlieve@example.org,0648 906218,Silver,Yes
CRM001146,Owen,van Henegouwen,vverda@example.net,+31(0)39 7145237,Platinum,Yes
CRM001147,Bram,Kalman,emilygeneart@example.com,+3171 2707434,Platinum,Yes
CRM001148,Boaz,van de Klashorst,dachgelderbente@example.com,(0358) 794175,Silver,Yes
CRM001149,Yfke,van der Kint,cvan-parijs@example.net,+31(0)473 090137,Platinum,Yes
CRM001150,Isis,van de Leemput,de-ruiterisabel@example.org,0215-407977,Platinum,Yes
CRM001151,Micha,van der Lede,ypotters@example.org,+31(0)989-923994,Silver,Yes
CRM001152,Sanne,Fredriks,merlegreij@example.net,+3135 0543269,Gold,No
CRM001153,Wouter,de Gruijter,bjorn38@example.net,+31(0)48-2723492,Platinum,Yes
CRM001154,Cato,d' Heripon,merijnvan-opper-lotharingen@example.net,(0222)-938447,Platinum,No
CRM001155,Sanne,Gervais,loek41@example.com,+3167 3670421,Bronze,Yes
CRM001156,Twan,Jansse,dboudewijns@example.net,+31(0)17-3371189,Silver,Yes
CRM001157,Jenna,van der Horst,van-den-polsilke@example.net,,Gold,Yes
CRM001158,Mette,Fremie,mathijs36@example.com,+3188-1553731,Bronze,No
CRM001159,Jenna,van Schweinfurt,poncibryan@example.org,019 9738916,Bronze,Yes
CRM001160,Valentijn,Nek,keijsergiel@example.net,(072) 4833867,Silver,No
CRM001161,Thom,Post,jannahakker@example.net,+31(0)090 303297,Bronze,Yes
CRM001162,Norah,Joosten,livia85@example.net,(033)-9138408,Bronze,No
CRM001163,Anna,Mater,samde-smit@example.com,(0508) 944729,Silver,Yes
CRM001164,Yasmin,d' Heripon,evie74@example.net,(079) 8702971,Gold,Yes
CRM001165,Jorn,Sarneel,jaydadircken@example.net,+31(0)55 9663647,Gold,Yes
CRM001166,Lenn,Bastiaanse,britt97@example.com,+31(0)271-862400,Bronze,Yes
CRM001167,Olaf,van der Spaendonck,nlind@example.com,+31549 543998,Silver,Yes
CRM001168,Kate,van den Eijssel,chloe76@example.net,(0076) 086657,Platinum,Yes
CRM001169,Noa,Kamp,sennahoning@example.org,+31717-927004,Gold,Yes
CRM001170,Arie,van Spreuwel,yveenendaal@example.net,+31(0)267 645172,Silver,Yes
CRM001171,Mustafa,"West-Francië, van",scardinoyasmine@example.com,+31(0)04 0745648,Bronze,No
CRM001172,Aiden,Schulten,bovan-luinenburg@example.com,(0467)-312340,Gold,Yes
CRM001173,Sil,Engels,islingerland@example.com,005 4252149,Gold,No
CRM001174,Ise,le Gulcher,mulderlars@example.net,070-4535236,Gold,Yes
CRM001175,Adriana,Merkx,sprongcornelia@example.org,(0601)-380584,Silver,Yes
CRM001176,Timo,van den Broek,lise53@example.com,+31(0)970-739022,Silver,Yes
CRM001177,Bibi,van Susa,uvan-venrooy@example.org,0255-813625,Platinum,No
CRM001178,Ruben,Steenbakkers,pvan-beek@example.com,083-8149287,Bronze,Yes
CRM001179,Feline,van Embden,van-der-spaendoncjoost@example.com,+31672-901093,Gold,No
CRM001180,Ayoub,van Leuven,milan49@example.net,+31(0)96-2761935,Silver,Yes
CRM001181,Bram,van Noort,anouk64@example.net,074 6610271,Silver,No
CRM001182,Ayoub,Wutke,wotto@example.net,008 3500197,Platinum,Yes
CRM001183,Chloë,Labado,zeynepvan-loon@example.org,(0288) 596416,Platinum,No
CRM001184,Luna,de Marduras,esila25@example.org,+31(0)23-7918710,Silver,No
CRM001185,Nynke,van den Henst,dave54@example.org,022-1661140,Bronze,No
CRM001186,Inaya,Perrono,de-roosevelien@example.org,(0486)-524287,Bronze,Yes
CRM001187,Job,Furda,boaz73@example.net,+3120-6226966,Platinum,No
CRM001188,Lara,Heyne,odanoor@example.net,+3183 8404104,Platinum,No
CRM001189,Bo,Zijlemans,jansems@example.org,(066)-9935989,Silver,No
CRM001190,Bilal,van de Veen,wouter67@example.com,(046)-8011214,Bronze,No
CRM001191,Milou,Blokland,ovan-den-nuwenhijsen@example.org,+3198-0500476,Gold,No
CRM001192,Tijs,Luster,kyara24@example.net,+3109 3468479,Gold,No
CRM001193,Mason,Wolters,van-rietmatthias@example.org,(083)-4626521,Gold,Yes
CRM001194,Jorn,Lamore,kirpensteintara@example.com,+31(0)492 568964,Bronze,Yes
CRM001195,Jolijn,Kuipers,,(0953) 809522,Bronze,Yes
CRM001196,Laurens,le Guellec,bellemansjurre@example.com,(077)-1012755,Platinum,Yes
CRM001197,Mason,van Westfalen,maria31@example.net,(0559)-654009,Bronze,No
CRM001198,Anna,Everts,van-der-pluijmfem@example.com,(011) 4540971,Gold,No
CRM001199,Lisanne,van 't Houteveen,renske30@example.com,+31(0)33 6467197,Gold,No
CRM001200,Zoey,Becht,timoouwerkerk@example.net,+31(0)619 429583,Gold,Yes
CRM001201,Cas,Karels,cvan-drenthe@example.com,096 3899349,Silver,Yes
CRM001202,Roan,van Laon,cfortuyn@example.org,(0366)-558751,Platinum,No
CRM001203,Evi,Brizee,quinten99@example.com,(026)-0115338,Platinum,No
CRM001204,Sepp,Vermeulen,ramakerlucas@example.net,0721 404109,Bronze,No
CRM001205,Milo,Jorrisen,rosavan-dongen@example.com,(0974)-345420,Gold,No
CRM001206,Maartje,Reimes,dvan-de-ven@example.com,+31729-821533,Platinum,No
CRM001207,Lex,Kof,rismatobias@example.com,0816-483043,Silver,Yes
CRM001208,Tijs,Overeem,noortje62@example.org,(022)-9085822,Platinum,Yes
CRM001209,Timo,van Duivenvoorde,madeliefkuijpers@example.org,069 2820982,Silver,No
CRM001210,Mart,Reijers,merkxgiovanni@example.com,+31081 208452,Bronze,No
CRM001211,Chloë,Oversteeg,lucypeters@example.com,+31(0)27 8163322,Silver,Yes
CRM001212,Lieke,van den Oever,joost98@example.com,+31(0)147-853036,Platinum,No
CRM001213,Rafael,Vrancken,kvan-bentheim@example.net,+3130-0483211,Silver,No
CRM001214,Elias,van de Plas,foverdijk@example.com,(0665) 692814,Bronze,No
CRM001215,Lenn,de Grunt,jolievan-bruchem@example.org,+3110 9263224,Bronze,No
CRM001216,Giovanni,Ansems,giel93@example.net,+31(0)152-130310,Gold,Yes
CRM001217,Samuel,Ghoerle,daniwolfsdr@example.org,+31976 752457,Bronze,Yes
CRM001218,Jason,van der Linden,koningsmaria@example.net,(0030)-763891,Gold,Yes
CRM001219,Fien,Arnold,sscardino@example.com,(091)-9685337,Platinum,No
CRM001220,Yasmin,Vos,oversluijs@example.net,0057-347642,Platinum,Yes
CRM001221,Damian,Moenen,teun30@example.org,+3169-2306855,Gold,Yes
CRM001222,Leah,Veenendaal,joellekloppert@example.org,0275 829931,Bronze,No
CRM001223,Wout,Oversteeg,kosterpuck@example.com,0202-390560,Gold,Yes
CRM001224,Tijn,Kuit,kschrant@example.com,(017)-7104562,Platinum,No
CRM001225,Elisa,Molenaar,mlevesque@example.net,072-9850267,Bronze,Yes
CRM001226,Suze,Huisman,joel56@example.com,085-7544899,Bronze,No
CRM001227,Nadine,Haengreve,svan-de-pol@example.net,+31564 869978,Platinum,Yes
CRM001228,Niek,Ridder,sjoerdhollander@example.net,+31(0)96 4662205,Gold,Yes
CRM001229,Teun,Stoffelsz,matthewsesila@example.net,+31093 289625,Platinum,No
CRM001230,Dewi,van Amstel,verbeekvera@example.net,(0413) 316118,Bronze,No
CRM001231,Laurens,van Oosten,bvan-brunswijk@example.net,+31639 841612,Platinum,No
CRM001232,Liv,Hekker,neuteboomlisa@example.org,090 4984483,Platinum,No
CRM001233,Guusje,Uphus,victor95@example.org,+31390-260039,Platinum,No
CRM001234,Dylano,Brizee,josephinesteenbeek@example.org,(001) 5643705,Platinum,No
CRM001235,Annabel,Hak,kramernikki@example.org,+31(0)122-324369,Platinum,Yes
CRM001236,Ties,Jeggij,amberd-heripon@example.com,+31(0)51-1124709,Bronze,No
CRM001237,Micha,Jansse,uhaselaar@example.net,+31037 452008,Platinum,No
CRM001238,Laura,van Haspengouw,wensenlorenzo@example.com,057 2592414,Platinum,Yes
CRM001239,Angelina,Martens,ties00@example.com,(0066) 314162,Bronze,Yes
CRM001240,Dewi,Bolkesteijn,ecrin20@example.net,(0086) 511960,Gold,Yes
CRM001241,Suze,"West-Francië, van",versluijsamira@example.org,+31(0)23-2733649,Silver,Yes
CRM001242,Jaylinn,Kleybrink,ali94@example.net,+3151 7434886,Bronze,No
CRM001243,Ties,Aarts,chloevan-ooste@example.com,+3152-1895465,Gold,No
CRM001244,Nina,van Beaumont,brouwersam@example.net,+31(0)61-4582382,Gold,Yes
CRM001245,Fenna,Otte,riley81@example.org,+31(0)77-8337456,Gold,No
CRM001246,Stella,Michiels,uvan-engeland@example.com,+31(0)17-9034278,Platinum,Yes
CRM001247,Maria,Zwart,elena91@example.net,(0207)-516499,Bronze,Yes
CRM001248,Elisa,Ghoerle,amina74@example.org,+31(0)71-3350011,Platinum,Yes
CRM001249,Féline,Wagenvoort,fremiequinty@example.org,(008)-1941152,Bronze,No
CRM001250,Fabiënne,Pieters van der Maes,stellasoos@example.org,+31(0)63 7198909,Bronze,No
CRM001251,Yassin,Ansems,emir42@example.net,+31943 637177,Silver,Yes
CRM001252,Adam,Otte,alilaffray@example.com,(0088) 273720,Bronze,No
CRM001253,Dean,"West-Francië, van",bastiaanrijn@example.com,+31(0)387-464764,Bronze,Yes
CRM001254,Rayan,Molen,van-arkeljoshua@example.net,0638 340867,Bronze,No
CRM001255,Tycho,Brizee,dde-vries@example.net,+3105-8222549,Gold,Yes
CRM001256,Julie,Claesner,keano47@example.org,+3132-0606658,Bronze,No
CRM001257,Quinn,Eelman,elisabeth25@example.org,+3184-7966288,Bronze,No
CRM001258,Sander,Flink,ivan-der-wal@example.com,+31207-350749,Silver,Yes
CRM001259,Bastiaan,Adryaens,qjanse@example.net,(0721)-388368,Silver,No
CRM001260,Maria,van Haspengouw Hesbaye,justin01@example.net,0279 815308,Gold,No
CRM001261,Dylano,Bertho,ubrisee@example.net,+31268-138852,Platinum,No
CRM001262,Dani,Roessink,mehmetadelaar@example.net,+31690-285862,Silver,No
CRM001263,Alexander,de Jode Vastraedsd,pippa32@example.org,(0526)-460531,Platinum,No
CRM001264,Jenna,Roose,xtielemans@example.net,011 2957166,Gold,Yes
CRM001265,Feline,van den Broek,yverboom@example.org,(0770) 716056,Bronze,No
CRM001266,Kick,Kok,charlotte21@example.org,+3184-6606725,Gold,No
CRM001267,Jelte,van Daal,awouters-van-eijndhoven@example.com,+31(0)964 271114,Silver,No
CRM001268,Laurens,Beourgeois,kim80@example.net,+3130 6676935,Silver,Yes
CRM001269,Suze,Rubben,dexcornelisz@example.com,0265-243343,Gold,Yes
CRM001270,Lieke,van Maasgouw,van-der-pluijmmirthe@example.org,+31(0)75-7915065,Platinum,No
CRM001271,Bas,Zuidweg,van-velthoventijs@example.net,(0364) 157955,Bronze,No
CRM001272,Maxim,Grondel,eerdenisa@example.org,+3148-9008329,Bronze,Yes
CRM001273,Linde,Wouters,van-ginnekekate@example.net,+31(0)16-3036919,Platinum,Yes
CRM001274,Helena,Elbertse,dde-gratie@example.org,(0981) 947030,Silver,No
CRM001275,Senna,van der Maath,eknuf@example.com,+3115 9938179,Gold,No
CRM001276,Lize,Heerkens,alyssa79@example.net,(0641) 019827,Silver,No
CRM001277,Kiki,de Werd,van-cuijcklenn@example.org,(049) 5961019,Bronze,No
CRM001278,Laurens,Amalrada,mads51@example.com,(0937) 284849,Bronze,No
CRM001279,Colin,Niermann,vwouters-van-eijndhoven@example.net,+31757 387540,Silver,Yes
CRM001280,Juliette,de Strigter,van-jumiegejolijn@example.net,+3117-9991317,Bronze,No
CRM001281,Nora,Charon,van-der-laarjelle@example.net,(081) 2010601,Gold,No
CRM001282,Cas,van Arnsberg,vvan-oostendorp@example.org,(0913)-342340,Silver,No
CRM001283,Jolijn,Maaswinkel,fabienne28@example.com,+3192-6564007,Gold,Yes
CRM001284,Mohammed,Diesbergen,kim53@example.com,0511-511621,Bronze,Yes
CRM001285,Sanne,Amalrada,omosley@example.com,+31(0)156-399311,Gold,Yes
CRM001286,Vera,van Loon,esther94@example.com,+31(0)965 491441,Gold,Yes
CRM001287,Amir,Galenzone,godertsjade@example.net,081-1688875,Platinum,No
CRM001288,Cato,van der Spaendonck,qvan-der-wal@example.com,+31(0)38-5982137,Gold,Yes
CRM001289,Ceylin,Sterkman,laraspreeuw@example.com,0053-206170,Bronze,Yes
CRM001290,Britt,van der Steen,eva27@example.com,+31(0)39-8580538,Silver,No
CRM001291,Amber,Barents,joep03@example.com,+31(0)803 082150,Platinum,Yes
CRM001292,Alicia,de Jonge,cmatthews@example.org,(0234)-560956,Gold,No
CRM001293,Bilal,Prins,wildschutdani@example.net,,Silver,No
CRM001294,Amélie,Verharen,terrydex@example.net,(0261) 688402,Platinum,Yes
CRM001295,Nathan,Geldens,yusuf66@example.com,(0401)-944543,Platinum,No
CRM001296,Bradley,de Groot,ben62@example.net,(018) 0766784,Platinum,Yes
CRM001297,Melissa,Middelkoop,nkoster@example.net,+3197 2410062,Silver,Yes
CRM001298,Lucy,Louws,minerstella@example.com,+31159 138959,Platinum,Yes
CRM001299,Johanna,van Munster,abel19@example.com,0473 292021,Platinum,No
CRM001300,Bart,Hellevoort,ecrin57@example.org,028-9679385,Bronze,Yes
CRM001301,Isabel,Uphaus,uknoers@example.net,+31(0)991-370836,Platinum,Yes
CRM001302,Yfke,Symons,aliciadennenberg@example.net,+31(0)896-526834,Silver,Yes
CRM001303,Sylvie,Willemsen,melle47@example.org,036 1189181,Gold,Yes
CRM001304,Maud,Timmermans,feline16@example.net,044-2900266,Bronze,Yes
CRM001305,merijn,Winters,the-elderrens@example.com,(048)-4337929,Silver,No
CRM001306,Senn,Huijs,hhoelen@example.net,+31(0)682 720332,Bronze,No
CRM001307,Elizabeth,van Drenthe,kneuteboom@example.com,+31(0)573 944203,Bronze,Yes
CRM001308,Hannah,van der Klein,s-gravensandeadriana@example.org,+3164-8104539,Gold,No
CRM001309,Quinn,Zaal,femvan-ghoerle@example.net,+31(0)96 2629015,Bronze,No
CRM001310,Mustafa,Roosenboom,tkorsman@example.com,+3111 4966265,Silver,Yes
CRM001311,Jill,Lether,lynnmolegraaf@example.org,+31(0)25-0866559,Silver,Yes
CRM001312,Joy,Scuylenborchs,molegraafbryan@example.org,+3146-3313496,Bronze,No
CRM001313,Sem,Ponci,van-berniciatobias@example.org,+31(0)79 3270937,Silver,Yes
CRM001314,Senna,van Vliet,nbud@example.net,+31(0)88-4825526,Bronze,No
CRM001315,Loek,de Wit,rippeytwan@example.net,+31(0)923-836454,Bronze,Yes
CRM001316,Isabella,Suijker,svan-santen@example.net,+31(0)659-438053,Gold,No
CRM001317,Kian,Konings,floris70@example.net,+3164 2671419,Gold,No
CRM001318,Kick,Melet,majamuijs@example.net,+31954-137317,Silver,Yes
CRM001319,Fabiënne,Willemsen,van-metzmilou@example.org,+31(0)309 416028,Bronze,Yes
CRM001320,Chloë,Spruyt,roukesjoey@example.com,,Platinum,No
CRM001321,Jake,de Bruijn,esmeeschokman@example.com,+31(0)850 896782,Platinum,Yes
CRM001322,Nathan,van Opper-Lotharingen,tguit@example.com,+31(0)387 783164,Bronze,No
CRM001323,Pippa,Osterhoudt,cvan-der-schuijt@example.org,(0680) 425504,Gold,No
CRM001324,Lize,van Waas,duivenvoordencollin@example.net,+31(0)456-335624,Gold,Yes
CRM001325,Tijn,de Strigter,kde-jode-vastraedsd@example.net,(0114) 489547,Bronze,No
CRM001326,Jordy,Vergeer,wkathagen@example.com,+3183-7429765,Gold,No
CRM001327,Rick,van Hemert,casperpons@example.com,+31(0)312-766818,Silver,No
CRM001328,Ben,Heere,van-den-oeveranne@example.org,+31447 713370,Silver,Yes
CRM001329,Jorn,de Vries,suuspieters-van-der-maes@example.net,(0445) 394005,Gold,No
CRM001330,Laurens,Ramaker,van-het-heerenveenjonathan@example.org,098 7311604,Platinum,Yes
CRM001331,Sophia,Ehlert,tslagmolen@example.com,(0011)-125325,Silver,No
CRM001332,Pepijn,de Bruin,juleslankle@example.org,,Gold,No
CRM001333,Zoey,van Metz,cornelisde-haan@example.com,+31(0)103-154073,Gold,No
CRM001334,Dewi,Groen,melissabeernink@example.org,0620 936417,Bronze,No
CRM001335,Noëlle,die Pelser,xehlert@example.com,0669 476790,Platinum,No
CRM001336,Max,Beekman,emma95@example.com,+31032-183323,Silver,Yes
CRM001337,Keano,van der Klein,zengels@example.org,+31126 089969,Platinum,No
CRM001338,Amira,Lutterveld,pieter08@example.net,(0312) 922185,Gold,No
CRM001339,Lucy,Postma,lorenzovan-dokkum@example.net,+31168-250323,Silver,Yes
CRM001340,Luke,van den Heuvel,stoffelszaya@example.com,+31773 005283,Platinum,No
CRM001341,Hendrik,Oversteeg,corneliamarchal@example.com,+31(0)232-223368,Silver,No
CRM001342,Pien,Mansveld,dion94@example.com,0479 184827,Bronze,Yes
CRM001343,Jim,van den Brand,romy15@example.com,+31935 261824,Silver,No
CRM001344,Rik,Jacobs,teunissenrick@example.net,+31(0)775-263311,Gold,Yes
CRM001345,Vera,Lorreijn,van-der-laarsenna@example.net,+31(0)507-651464,Gold,No
CRM001346,Esmée,Kok,van-grinsvenjelte@example.net,027 4673724,Bronze,No
CRM001347,Loek,Dirven,klerksruben@example.com,+31(0)23-9923475,Platinum,No
CRM001348,Raf,Shupe,lambregtarie@example.com,019 6358455,Gold,No
CRM001349,Puck,Koning,matthijsde-jager@example.net,(0895)-691458,Bronze,No
CRM001350,Luuk,Rijcken,,(0320)-666598,Silver,Yes
CRM001351,Rosalie,van de Ven,florianeerden@example.org,+31028 336341,Bronze,Yes
CRM001352,Janna,van den Assem,basde-bruyn@example.com,+31419-261111,Platinum,No
CRM001353,Joy,de Haas,tbellemans@example.org,+31364 400506,Bronze,No
CRM001354,Yasmine,Broeckx,uvegt@example.com,+3194-6628050,Silver,No
CRM001355,Joshua,Hoelen,noravan-arnsberg@example.com,+31(0)61 6930523,Gold,No
CRM001356,Kayleigh,van Bovenen,maaikegervais@example.org,(028) 6383952,Platinum,No
CRM001357,Noor,Rijntjes,bormancharlotte@example.com,(087)-3234449,Gold,No
CRM001358,Faas,van Bentheim,lvan-geffen@example.net,+31(0)26 9597432,Bronze,No
CRM001359,Ivy,van der Avoirt,adriana03@example.org,(018) 6213563,Silver,Yes
CRM001360,Ali,Nieuwstraten,hollanderryan@example.com,0722-348181,Platinum,No
CRM001361,Esmee,Kloppert,felinesymons@example.com,+31336-632271,Platinum,Yes
CRM001362,Milo,le Luc,flinklisanne@example.com,+31(0)72 8667601,Gold,Yes
CRM001363,Meike,van der Maes,giel08@example.org,0542-112484,Platinum,Yes
CRM001364,Lenn,Vermeulen,pippa51@example.net,0730-805968,Platinum,Yes
CRM001365,Selena,Lemmens,kmahieu@example.org,0512 442476,Gold,Yes
CRM001366,Jay,Doornhem,noudde-groot@example.org,(0699)-134777,Silver,Yes
CRM001367,Tycho,Bekbergen,xschuylenborch@example.net,(010)-3088114,Platinum,No
CRM001368,Finn,Cant,noor23@example.net,(0007) 633078,Gold,No
CRM001369,Jade,van Wijk,tessa73@example.com,+31(0)99-7159201,Gold,Yes
CRM001370,Koen,Zwart,lambersnorah@example.net,+31(0)479-373619,Silver,Yes
CRM001371,Jolijn,van der Lede,matthijs94@example.org,0986 494004,Silver,No
CRM001372,Liv,van Breukeleveen,aimee51@example.org,+31373 470417,Bronze,Yes
CRM001373,Fenne,Hermans,mariamuller@example.net,083-5697283,Gold,Yes
CRM001374,Kaylee,van Wessex,emma49@example.net,0614-339789,Platinum,No
CRM001375,Mila,van Gent,felixspiker@example.net,012 0111733,Gold,No
CRM001376,Julius,Ligtvoet,sophiefeltzer@example.org,+31(0)15-6080713,Platinum,Yes
CRM001377,Esmee,de Bruin,azra21@example.com,(0520)-259934,Bronze,No
CRM001378,Giel,Coreth von und zu Coredo und Starkenberg,sebastiaan32@example.com,(096)-1364956,Platinum,Yes
CRM001379,Sepp,Wilcken,odoyle@example.com,+31871 170252,Gold,No
CRM001380,Lena,Claassen,kle-briel@example.org,+3165 3866618,Silver,No
CRM001381,Yinthe,van Bergen,van-nusjames@example.com,(0898)-155222,Gold,Yes
CRM001382,Tara,van Dooren,norah94@example.org,(099)-0801481,Gold,No
CRM001383,Pim,Verbeek,casholthuis@example.org,+31(0)34-4494179,Gold,Yes
CRM001384,Hamza,van Northeim,jan37@example.com,(048)-0366940,Bronze,Yes
CRM001385,Lily,van Beaumont,hulsinaya@example.com,(001) 9200678,Gold,Yes
CRM001386,Tara,Veenstra,vpratt@example.net,(074)-9171024,Silver,Yes
CRM001387,Eline,van Rijnsbergen,cstuivenberg@example.org,+3130 4995035,Gold,Yes
CRM001388,Jonathan,van den Nuwenhuysen,jenniferde-haas@example.org,+31864-249853,Platinum,Yes
CRM001389,Kevin,van de Veen,amina89@example.com,0066 948553,Bronze,Yes
CRM001390,Norah,Lamotte,matshemma-van-allemanie@example.net,+31(0)85-2993844,Platinum,Yes
CRM001391,Jennifer,van Velthoven,kortmanrenske@example.com,+31(0)480 316663,Silver,No
CRM001392,Mika,Schuurmans,klomp-janyoussef@example.com,(0557)-700168,Silver,No
CRM001393,Ben,van Beaumont,dexvan-de-veen@example.net,+31846 056293,Bronze,Yes
CRM001394,Alexander,Boeser,alinschoten@example.com,,Platinum,Yes
CRM001395,Lize,de Mol,nsteenbeek@example.net,+3100 0556088,Bronze,No
CRM001396,Sophie,Adelaar,hamza56@example.net,+31(0)060 514969,Silver,No
CRM001397,Ivy,van Bernicia,gerritsberend@example.net,+31286-755641,Gold,Yes
CRM001398,Annabel,Willems,krabbelara@example.net,(0944)-055497,Gold,Yes
CRM001399,Emily,Jdotte,van-der-plasanna@example.net,048 5975781,Bronze,No
CRM001400,Lana,Heere,zoeydachgelder@example.com,+31402-709680,Platinum,No
CRM001401,Lois,Lijn,vwensen@example.com,+3149 8043285,Silver,Yes
CRM001402,Ayden,Vos,bilal58@example.net,+31091-435701,Platinum,Yes
CRM001403,Quinty,Dekker,qfremie@example.com,+3189-5720905,Bronze,Yes
CRM001404,Mart,van den Bosch,corstiaensvajen@example.net,+31268 258618,Gold,No
CRM001405,Amy,Galijn,demmendaalwesley@example.com,+3172-0562019,Gold,No
CRM001406,Berend,van Dagsburg,boaz25@example.com,054 6159093,Bronze,No
CRM001407,Chris,Doyle,sbutselaar@example.net,+3150-4247989,Platinum,Yes
CRM001408,Gerrit,Bertho,xvan-der-velde@example.org,+31973 412881,Bronze,No
CRM001409,Tristan,Klerks,verhaarmilan@example.com,+31873-045044,Platinum,No
CRM001410,Muhammed,Blom,sylvie78@example.org,0690-699474,Gold,No
CRM001411,Julia,Boogaerts,evan-beek@example.org,+31(0)994 521478,Bronze,Yes
CRM001412,Silke,Versluijs,yusuf98@example.com,073 8079206,Bronze,Yes
CRM001413,Valerie,van Straaten,kaarts@example.com,+31693-275028,Gold,Yes
CRM001414,Jaylinn,Kamp,amina84@example.org,+31(0)280-067829,Gold,No
CRM001415,Noortje,Huisman,melle63@example.com,+31(0)119-606126,Silver,No
CRM001416,Floortje,Hendriks,noelle28@example.com,+31(0)202 915129,Platinum,Yes
CRM001417,Aron,van Leeuwen,yusufdriessen@example.net,+31(0)928-541844,Silver,No
CRM001418,Sara,van Wallaert,olykantim@example.org,029-5762937,Platinum,No
CRM001419,Josephine,Dachgelt,ejerusalem@example.org,+31(0)31 3178455,Bronze,Yes
CRM001420,Tijn,van Wijk,jamievan-der-meulen@example.net,0876 416768,Platinum,No
CRM001421,Jesse,Paillet,robinlambers@example.org,+31(0)106-167390,Platinum,No
CRM001422,Kai,Massa,bbouthoorn@example.org,050 1176524,Silver,No
CRM001423,Marit,Steinmeiern,jvan-loon@example.org,+3139 9588551,Platinum,Yes
CRM001424,Rowan,van Oostendorp,dex73@example.org,+31(0)548-645409,Platinum,No
CRM001425,Maya,Steinmeiern,pheerkens@example.net,+31(0)475-806156,Platinum,Yes
CRM001426,James,de la Fleche,nisawerdes@example.org,+31892-881058,Platinum,No
CRM001427,Florian,van Salmen,sara15@example.com,(0476)-242624,Silver,No
CRM001428,Jayden,Berends,nekelizabeth@example.com,(0611)-558141,Platinum,No
CRM001429,Mason,Boddaugh,indy41@example.org,+31436 725703,Bronze,Yes
CRM001430,Yasmine,Uphaus,rjansen@example.com,+31637 377050,Gold,No
CRM001431,Aylin,Soos,alansink@example.net,+3154-2984557,Platinum,No
CRM001432,Daphne,Bartels,wrightlise@example.com,+3112 4980391,Gold,No
CRM001433,Isa,Ouwerkerk,timmermanboaz@example.net,(0435)-782744,Gold,No
CRM001434,Lize,van der Loo,heymanshidde@example.net,+31(0)688-506209,Bronze,No
CRM001435,Carlijn,van der Heijden,selinakuit@example.com,+31(0)94-6851659,Platinum,No
CRM001436,Matthias,van Ham,livluitgardis-van-neustrie@example.com,(016) 5882219,Gold,Yes
CRM001437,Sven,Adriaensdr,grotteveel@example.org,025 1284550,Silver,Yes
CRM001438,Quinty,Stoffelsz,schoutenjamie@example.com,0467-911316,Platinum,No
CRM001439,Lauren,Huisman,zvan-ham@example.net,+3162 7486290,Silver,No
CRM001440,Micha,van Berkum,alexander15@example.net,(042)-3283303,Bronze,Yes
CRM001441,Melissa,van de Elzas,oliviervan-tuijl@example.org,(0437) 753315,Gold,No
CRM001442,Mustafa,Peters,romijnmichael@example.net,+3154 4683596,Gold,No
CRM001443,Sophie,Draaisma,epost@example.com,(086) 9173492,Bronze,Yes
CRM001444,Adam,Spies,lily01@example.net,+31(0)39 1099969,Silver,Yes
CRM001445,Ise,Duivenvoorden,ecadefau@example.org,+31(0)61 0576363,Bronze,No
CRM001446,Jolijn,Stinis,van-maarenmick@example.net,+31143 174759,Platinum,Yes
CRM001447,Kyano,Jacobs,peetersniels@example.com,0827 513994,Bronze,No
CRM001448,Michael,van Dam,lieke92@example.net,006 7807899,Bronze,No
CRM001449,Joris,Verharen,pschwartsbach@example.net,(080) 2071845,Silver,No
CRM001450,Rens,Schuylenborch,arentvictor@example.com,(032) 4233164,Bronze,No
CRM001451,Ravi,de Vroege,evaveltman@example.net,+31317-348128,Bronze,Yes
CRM001452,Jolie,Aertsz,kolenemily@example.org,(0949) 792002,Platinum,Yes
CRM001453,Amira,van Gils,mauritspeterse@example.com,+31318-502972,Silver,Yes
CRM001454,Danique,Lafleur,kolenchloe@example.com,(0342)-226211,Gold,Yes
CRM001455,Pleun,Loreal,breugelensisties@example.org,(0032)-887082,Gold,Yes
CRM001456,Angelina,Niermann,fennedachgelder@example.net,+31(0)712-787704,Bronze,No
CRM001457,Jinthe,Garret,hgerritsen@example.net,(0411) 460942,Gold,Yes
CRM001458,Kim,Welf,mustafasterkman@example.com,031 5947795,Gold,No
CRM001459,Jort,van Breukeleveen,kayleigh83@example.com,+31(0)028 075462,Platinum,Yes
CRM001460,Twan,Bresé,nadinevan-dongen@example.com,051-9528819,Bronze,Yes
CRM001461,Mark,Winters,mbrievingh@example.org,(0931)-234632,Gold,No
CRM001462,Lynn,Heerschop,feddevan-orleans@example.org,079-2069068,Gold,No
CRM001463,Helena,Zeemans,chloe33@example.org,+3130 7208927,Silver,No
CRM001464,Nout,van den Eijssel,meesfiere@example.com,+31(0)00 4735912,Silver,Yes
CRM001465,Felix,Gnodde,wrighteva@example.net,(064) 8677695,Gold,No
CRM001466,Julius,van Vlaanderen,tijsminer@example.org,004-0027387,Platinum,Yes
CRM001467,Lauren,Tielemans,van-arkeljoshua@example.org,0950-971155,Gold,No
CRM001468,Beau,van Laar,nouduphaus@example.net,0301-721875,Platinum,Yes
CRM001469,Pippa,Noordijk,gblaak@example.net,(0516)-839428,Bronze,No
CRM001470,Alicia,Houdijk,uappelman@example.com,+31709 523820,Platinum,Yes
CRM001471,Ruben,Houdijk,elisa50@example.org,+31(0)42-5589476,Gold,No
CRM001472,Nathan,Kwaadland,kaylee82@example.com,+3123-9723486,Bronze,No
CRM001473,Colin,Lutterveld,tombierstraten@example.com,+3103 2551580,Silver,Yes
CRM001474,Isabelle,van Ochten,nielsschulten@example.org,0848 386449,Gold,Yes
CRM001475,Lynn,Beourgeois,jbruijne-van-der-veen@example.com,0785 803597,Platinum,No
CRM001476,Elizabeth,de Grunt,zde-gruijter@example.com,0766 876618,Silver,No
CRM001477,Mika,van Luinenburg,youssef94@example.net,+31(0)920-224334,Silver,Yes
CRM001478,Fleur,Hollander,annavi@example.net,+31(0)01 8724632,Gold,Yes
CRM001479,Daphne,van Embden,jimkosten@example.org,+31(0)470 087678,Bronze,No
CRM001480,Milo,Dubois,meesadriaensdr@example.org,(0929) 373658,Bronze,Yes
CRM001481,Eline,Adriaense,bvierdag@example.net,+31579 348274,Silver,No
CRM001482,Dylano,de Roo,alicia93@example.org,082 1471007,Silver,Yes
CRM001483,Mike,le Guellec,stef75@example.com,+31(0)67 5104428,Platinum,Yes
CRM001484,Yfke,Everts,isistexier@example.com,(041)-6541902,Platinum,Yes
CRM001485,Pleun,van Gorp,mees08@example.net,+3182 2750078,Gold,No
CRM001486,Mark,van Ginkel,van-rijthovenvalerie@example.com,(0120) 556400,Platinum,Yes
CRM001487,Lois,Steenbeek,yassin43@example.org,+31579 082545,Silver,Yes
CRM001488,Marijn,Janssen,verheuvelliam@example.net,+31966-126211,Gold,Yes
CRM001489,Anne,Le Grand,ableijenberg@example.org,092 2354801,Gold,Yes
CRM001490,Koen,van Saksen,miabeernink@example.com,+3101-6467333,Gold,No
CRM001491,Senna,ter Waarbeek,van-het-heerenveenjules@example.net,+31(0)109-965314,Platinum,No
CRM001492,Collin,van Susa,gvan-de-berg@example.net,0498 046704,Silver,Yes
CRM001493,Stefan,Blaak,elips@example.org,(0730)-224170,Bronze,Yes
CRM001494,Lola,van den Bergh,jaydende-vries@example.com,(0319) 589757,Bronze,Yes
CRM001495,Ivy,van Beeck,vvan-breugel@example.org,+31(0)043-492506,Silver,Yes
CRM001496,Valerie,Stoffel,hamzaheribert-van-laon@example.org,+3144-4108487,Bronze,Yes
CRM001497,Hanna,Ansems,,+31(0)821 981799,Silver,Yes
CRM001498,Nikki,Lorreijn,sepp59@example.org,0012-172588,Bronze,Yes
CRM001499,Elias,van der Flaas,tde-grote@example.org,+31(0)80-4574773,Platinum,No
CRM001500,Rafael,Jonker,wvan-breugel@example.com,0740 472608,Platinum,No
CRM001501,Valentijn,de Jode Vastraedsd,azradraaisma@example.com,+31031 397088,Silver,No
CRM001502,Pippa,van Dillen,phendriks@example.org,0573 610528,Platinum,Yes
CRM001503,Mark,Dubois,gmulder@example.org,+31(0)09-2052720,Bronze,Yes
CRM001504,Dex,Stinis,dde-swart@example.net,029 2373131,Bronze,No
CRM001505,Lise,van Schweinfurt,verwoertrobin@example.org,(0858) 733333,Silver,No
CRM001506,Jip,Slingerland,gkoster@example.org,(009) 7057684,Bronze,Yes
CRM001507,Amelia,Jansen,pimvan-oirschot@example.com,040-8680511,Silver,No
CRM001508,Senn,Ehlert,tessa63@example.org,(036)-1349473,Bronze,Yes
CRM001509,Merijn,van Parijs,ayoubvan-der-maes@example.org,0670 473984,Gold,No
CRM001510,Emily,Riem,jackvan-voorhout@example.net,+31(0)436-770597,Bronze,Yes
CRM001511,Jinthe,Rijntjes,qschelvis@example.com,(0010)-045442,Bronze,No
CRM001512,Tess,Lansink,emanne@example.net,+3189-2348481,Platinum,No
CRM001513,Yasmin,van der Stael,ude-gruijl@example.net,0204-778090,Bronze,No
CRM001514,Kim,Bijlsma,hiddehaengreve@example.org,+3144 7118866,Gold,Yes
CRM001515,Isa,Smeets,vbave@example.com,007 8363425,Gold,No
CRM001516,Tijmen,van Wassenaar,mustafavan-der-pouw@example.com,(081) 9363184,Silver,Yes
CRM001517,Saar,Jochems,ponsjenna@example.com,+31(0)65 1526917,Bronze,No
CRM001518,Rick,Jacobs,van-loonnadia@example.com,009-8701794,Gold,Yes
CRM001519,Noud,Ariens,raf94@example.com,+31(0)14 4173489,Silver,No
CRM001520,Mads,Verhoeven,hgervais@example.com,(0477)-771513,Platinum,No
CRM001521,Roos,Dachgelder,ceylin50@example.net,(002)-7117339,Platinum,Yes
CRM001522,Dave,van Hemert,pien03@example.org,+31(0)83 2949882,Bronze,Yes
CRM001523,Jenna,Stichter,meesde-vroege@example.org,(0259)-736508,Bronze,No
CRM001524,berat,Hulst,ella57@example.net,(0158) 292589,Bronze,Yes
CRM001525,Lex,van der Velden,van-der-laanjulian@example.net,+31(0)421-078172,Gold,No
CRM001526,Matthijs,Mahieu,nielsschipper@example.com,0965 110050,Silver,Yes
CRM001527,Dean,Huijbrechts,van-der-heydendaniel@example.com,0213 820161,Silver,Yes
CRM001528,Evy,Stichter,massachloe@example.com,,Gold,No
CRM001529,Fenna,de Jong,lanabloemendaal@example.net,,Gold,Yes
CRM001530,Sterre,Kuijpers,sde-gratie@example.org,(0151)-164790,Gold,Yes
CRM001531,Helena,Ariens Ansems,tessa22@example.org,+3177 7069880,Platinum,No
CRM001532,Liz,Noordijk,arthursoos@example.com,(0227) 681379,Silver,No
CRM001533,Roos,van Beieren,angelina90@example.org,024 7614977,Platinum,Yes
CRM001534,Johannes,Muller,joep10@example.org,+3171 1406684,Bronze,Yes
CRM001535,Juul,Loep,der-kijnderimke@example.net,(001)-8491354,Gold,Yes
CRM001536,Sam,Verbeeck,dewi74@example.org,+31(0)062 349564,Bronze,No
CRM001537,Vera,Brandon,martensibrahim@example.com,+31(0)800-968281,Bronze,No
CRM001538,Senna,Ellis,meletalexander@example.net,+31473-553370,Silver,No
CRM001539,Ayoub,Thomas,duukvan-munster@example.org,053-2746288,Silver,No
CRM001540,Dex,Kas,hvan-der-laar@example.org,+3142-9789349,Platinum,No
CRM001541,Mick,van der Kint,rijckenravi@example.org,(0401) 105577,Platinum,No
CRM001542,Silke,Schuylenborch,dex42@example.org,+31(0)66 3600424,Platinum,No
CRM001543,Janna,de Vos,ashleyvan-der-meer@example.org,+31(0)15 3623589,Silver,No
CRM001544,Selina,van Rijnsbergen,emily91@example.org,+3115 2429237,Bronze,Yes
CRM001545,NOOR,Bellemans,guus19@example.com,(001)-8840528,Bronze,No
CRM001546,Fay,Otto,thijn94@example.org,(024)-3254198,Platinum,Yes
CRM001547,Wessel,van Bruchem,esmeewijland@example.com,0192 066520,Gold,Yes
CRM001548,Stella,Gnodde,joy33@example.com,(0072) 702728,Bronze,Yes
CRM001549,Floris,Roose,alyssacoenen@example.net,+31(0)11-8817500,Platinum,No
CRM001550,beau,Heyne,samihoning@example.com,+3111-7153447,Silver,Yes
CRM001551,Muhammed,van Drenthe,mariavan-dalem@example.com,+31(0)323 449722,Bronze,Yes
CRM001552,Pleun,Rouwenhorst,jvan-den-corput@example.net,+31348-097005,Gold,No
CRM001553,Aimée,Nek,kuipersmark@example.org,0361 492198,Bronze,Yes
CRM001554,Bente,van Zwaben,evan-den-heuvel@example.net,0907-775198,Bronze,No
CRM001555,Wessel,van Schevinghuizen,mvan-mare@example.net,(043)-6018475,Gold,Yes
CRM001556,Liv,Kisman,,+31(0)03 7194186,Silver,No
CRM001557,Adriana,Schagen,kikischrik@example.org,057 4698992,Gold,No
CRM001558,Sam,Vos,wilckenlizz@example.net,0192-195212,Platinum,Yes
CRM001559,Luc,de Backer,uvan-schevinghuizen@example.net,081 6023455,Bronze,No
CRM001560,Rik,Schokman,koningsmyrthe@example.net,+31(0)72 4426067,Platinum,Yes
CRM001561,Fatima,Martens,mosleylot@example.net,+3143 0251598,Silver,No
CRM001562,Jennifer,Woutersz,julie42@example.org,0048-044331,Bronze,Yes
CRM001563,Julia,Cammel,,+31(0)457 961237,Bronze,No
CRM001564,Job,Joosten,wschakelaar@example.org,+31769-788301,Silver,Yes
CRM001565,Danique,Verheuvel,jverschut@example.net,+3119 3597143,Bronze,No
CRM001566,Micha,Stuivenberg,jelle32@example.org,(030)-7485131,Bronze,Yes
CRM001567,Matthias,Lips,jaydaphillipsen@example.com,(033) 3067591,Bronze,Yes
CRM001568,Lizzy,Stange,kick58@example.net,+31(0)801 046220,Gold,No
CRM001569,Marinus,Bellemans,mathijsverschut@example.com,(0598) 875200,Platinum,No
CRM001570,Mohamed,Brouwer,brenthoning@example.com,(0626) 556830,Bronze,Yes
CRM001571,Lana,de Koning,cornelia77@example.com,009 7703969,Platinum,No
CRM001572,Nout,Ouwel,petersmilo@example.com,070 3033092,Bronze,No
CRM001573,Mare,Dirven,jentespier@example.net,+31(0)466-200010,Bronze,Yes
CRM001574,Maya,van Wel,vvan-beek@example.net,0538 548968,Platinum,Yes
CRM001575,Melle,van Dongen,kayleighmater@example.net,078 5390881,Platinum,Yes
CRM001576,Rafael,Lambregt,thatcheryasmin@example.net,013-7319453,Bronze,Yes
CRM001577,Nynke,Vrancken,vera87@example.com,(0482) 276839,Silver,Yes
CRM001578,Dylan,de Beer,krabbeelin@example.com,(042)-8600387,Platinum,Yes
CRM001579,Victor,Rietveld,loes69@example.net,(006)-6663542,Gold,No
CRM001580,Tycho,Bekbergen,helenabosman@example.net,+31744 696964,Platinum,No
CRM001581,Roan,van den Nuwenhuijzen,jacob22@example.com,+31735 807825,Platinum,Yes
CRM001582,Timo,van Dam,yhermans@example.net,+31(0)83 8402275,Silver,No
CRM001583,Indy,Ooms,annemijn61@example.com,0028-524281,Platinum,No
CRM001584,Luc,Shupe,liviafortuyn@example.org,+31(0)714-281406,Silver,No
CRM001585,jules,Dirksen,oscar79@example.net,(019)-9557764,Silver,No
CRM001586,Levi,Uit de Willigen,mmosley@example.net,025 3056436,Bronze,No
CRM001587,Lot,Peeters,evie05@example.net,+31(0)824-747216,Gold,Yes
CRM001588,Nadia,van Haspengouw,brian96@example.net,004-2464271,Bronze,Yes
CRM001589,Liam,Roosenboom,avan-maasgouw@example.net,+31(0)55 0269701,Bronze,No
CRM001590,Sam,van Tours,dwright@example.org,054-9920207,Gold,No
CRM001591,Jari,van Velthoven,elisabethspeijer@example.com,+31(0)907 545566,Silver,Yes
CRM001592,Amir,Koster,amir99@example.org,+31(0)88 5673835,Bronze,No
CRM001593,Anouk,de Wit,milouchrodtrud@example.com,069-4141192,Bronze,Yes
CRM001594,Suus,van den Wittenboer,van-hemertaya@example.net,+3191 1811319,Silver,Yes
CRM001595,Brent,Bresse,wthomas@example.net,0780-315325,Gold,Yes
CRM001596,Brent,Kleybrink,hugobroeckx@example.com,+3192-5367857,Silver,No
CRM001597,Job,Schellekens,van-den-berganne@example.net,023-9645504,Platinum,No
CRM001598,Janne,Kosten,maartje61@example.net,+31(0)196-965769,Gold,No
CRM001599,Sami,Maaswinkel,moensendijkilse@example.com,(034)-5072764,Gold,No
CRM001600,Azra,van Breukelveen,sterrevan-der-brink@example.com,(0740) 027266,Platinum,Yes
CRM001601,Beau,le Matelot,thijmen17@example.org,0819 587685,Gold,No
CRM001602,Fabiënne,Linschoten,lukaboddaugh@example.org,+31(0)19 2019971,Silver,No
CRM001603,Emily,Willemsen,fabian27@example.org,088-8617804,Platinum,No
CRM001604,Hanna,Carnotte,wvan-der-veiver@example.com,+31(0)41 8175131,Gold,Yes
CRM001605,Julie,Köster,elenapasschiers@example.org,+31110-273624,Bronze,No
CRM001606,Bilal,Vastenhouw,svan-de-berg@example.net,+3121 2419968,Silver,No
CRM001607,Lorenzo,Huurdeman,jakevan-berkel@example.net,,Silver,No
CRM001608,Micha,Alpaidis,hheribert-van-laon@example.com,(0453)-456945,Gold,Yes
CRM001609,Tijn,Claesdr,kuijpersisabel@example.com,+31(0)06-6499551,Gold,No
CRM001610,Daan,Fechant,xvan-gelder@example.com,(0419)-931683,Platinum,Yes
CRM001611,Mike,van de Veen,davidscharroo@example.com,0793-835305,Silver,No
CRM001612,Justin,Dirven,elizabriere@example.net,+31913-674748,Platinum,Yes
CRM001613,Dave,Jerusalem,hmiddelkoop@example.org,(0572) 623192,Bronze,No
CRM001614,Mohammed,van Wessex,feddesalet@example.com,(0984)-605093,Gold,Yes
CRM001615,Melle,Waardeloo,eckhardtmehmet@example.org,(043)-0537393,Silver,Yes
CRM001616,Inaya,le Luc,pbave@example.com,+3141 0965491,Silver,Yes
CRM001617,Ian,Verbeek,matthijs45@example.org,+31(0)263 275249,Platinum,No
CRM001618,Aimée,Vallenduuk,nrijntjes@example.org,+31(0)570-027148,Silver,Yes
CRM001619,Lara,Jochems,ydie-bont@example.org,(032) 4298772,Platinum,Yes
CRM001620,Guus,de Hoog,jules21@example.org,+3179 2969196,Silver,No
CRM001621,Rick,Wijland,linn04@example.net,+31(0)674 267667,Platinum,Yes
CRM001622,Fedde,Elberts,lois96@example.com,+31(0)95-9007964,Gold,Yes
CRM001623,Niels,de Vrome,bvierdag@example.net,+31(0)633 776508,Platinum,Yes
CRM001624,Mirte,Heijmans,noahouwel@example.com,0529 998427,Silver,Yes
CRM001625,Justin,Le Grand,de-keijzerfrederique@example.org,+3116-7619805,Silver,Yes
CRM001626,Nova,de Marduras,vissermaryam@example.net,+31611 497991,Gold,No
CRM001627,Dion,de Man,chloede-wit@example.net,0447 718242,Bronze,Yes
CRM001628,Zakaria,van den Velden,ravi93@example.com,(0590) 652597,Silver,No
CRM001629,Mike,Veenstra,tansems@example.net,(073)-0519657,Platinum,No
CRM001630,Isabel,van Kasteelen,hailey88@example.org,+31350-182210,Bronze,No
CRM001631,Zoë,Huijs,godfrey-van-alemannieaaliyah@example.org,+3169-7493004,Platinum,No
CRM001632,Maartje,Kuilenburg,luke75@example.com,035 8308126,Gold,Yes
CRM001633,Britt,Berends,frederique04@example.net,(061)-6264910,Bronze,No
CRM001634,Ise,de Jode Vastraedsd,van-munsterrens@example.org,+31(0)716-886854,Silver,Yes
CRM001635,Robin,Winnrich,gsprong@example.com,+31279 385076,Bronze,No
CRM001636,Maya,van Maaren,mohamedvan-der-ven@example.org,001-5460561,Platinum,Yes
CRM001637,Gerrit,van Geenen,tvan-kuijc-van-malsen@example.com,(0874)-182002,Silver,Yes
CRM001638,Hugo,Stange,van-mookceylin@example.com,(009)-8434101,Bronze,No
CRM001639,Samuel,Rotteveel,simon31@example.net,+3134 7337260,Platinum,Yes
CRM001640,Kim,Puig,esmeevan-wijland@example.com,(058)-4011340,Gold,Yes
CRM001641,Daniel,van der Kaay,gde-leeuw@example.com,0793 247753,Gold,Yes
CRM001642,Vajèn,van Nederlotharingen,stefan07@example.com,(096) 3078522,Gold,No
CRM001643,Yinthe,Wolters,martsteenbakkers@example.com,+31(0)776-465264,Bronze,Yes
CRM001644,Fabian,Visser,van-den-veldenadia@example.net,(0251)-681485,Gold,Yes
CRM001645,Teun,d' Heripon,sjoerd61@example.org,+31(0)09 4436892,Gold,Yes
CRM001646,Lot,van Gorp,philip14@example.org,0809 228078,Bronze,Yes
CRM001647,Esmée,Cornelisse,rens70@example.net,055 5861413,Silver,Yes
CRM001648,James,Arnold,stella94@example.org,(0851)-698686,Platinum,Yes
CRM001649,Kevin,Lemmens,van-wessexsten@example.com,(0422)-663766,Silver,No
CRM001650,Abel,Bolkesteijn,maud47@example.net,(0897)-138677,Bronze,Yes
CRM001651,Lisa,van 't Houteveen,ydie-bont@example.com,0720-657467,Bronze,No
CRM001652,Sander,Hoelen,bmelet@example.org,+31716 563035,Gold,No
CRM001653,Lotte,Schipper,charlotte85@example.com,+31000-894710,Platinum,No
CRM001654,Sara,Lutterveld,aertszmegan@example.org,+31(0)274-253941,Bronze,Yes
CRM001655,Joshua,Feenstra,ischroeff@example.org,(049) 5907994,Platinum,No
CRM001656,Pim,Verschut,qvan-den-brink@example.net,0306 780213,Bronze,No
CRM001657,Evy,Beijring,louise30@example.com,+31446-111129,Gold,No
CRM001658,Melissa,Ehlert,glommert@example.net,0588-744274,Platinum,Yes
CRM001659,Tim,Dachgelder,ella55@example.net,+31431-262781,Gold,No
CRM001660,Cornelis,Koeman,maria04@example.com,(0569) 561363,Gold,No
CRM001661,Keano,Scholten,miloadriaensdr@example.org,043 6911223,Silver,No
CRM001662,Jurre,van Mispelen,sophievink@example.org,(069)-5406022,Silver,Yes
CRM001663,Marijn,van Dalem,jannavan-der-brink@example.net,(070) 0540761,Bronze,Yes
CRM001664,Evie,van Nes,twandachgeldt@example.com,+31(0)99-8088089,Gold,Yes
CRM001665,Luna,d' Heripon,pippa95@example.com,+31(0)08 4500468,Bronze,No
CRM001666,Kai,Verbruggen,rafgalenzone@example.net,096-9920061,Bronze,Yes
CRM001667,Ayoub,van der Sande,tijsvan-evelingen@example.com,+31829 558211,Gold,No
CRM001668,Tyler,Dachgelt,gjaceps@example.net,+31(0)811 487486,Silver,Yes
CRM001669,Quinty,Hak,tclaassen@example.com,+31977-733497,Bronze,Yes
CRM001670,Youssef,Meijer,selenadennenberg@example.org,+31(0)547-507322,Gold,No
CRM001671,Annemijn,Soos,mikejerusalem@example.org,037-2775981,Platinum,Yes
CRM001672,Sanne,den Buytelaar,esilasymons@example.net,+31(0)81-4195799,Gold,No
CRM001673,Kate,Passchiers,verharenjanne@example.com,+3167-6560838,Gold,No
CRM001674,Rosalie,Brandt,weerdenburgdana@example.net,,Platinum,No
CRM001675,Nout,Schotte,jacepsjinthe@example.net,0495 549096,Bronze,Yes
CRM001676,Thijs,Woudenberg,majabarents@example.org,007-5782834,Platinum,Yes
CRM001677,Aya,Brievingh,pvan-liendert@example.org,+3164-7919420,Bronze,Yes
CRM001678,Noud,Scholten,liviale-gallen@example.com,+31(0)01 9952294,Bronze,Yes
CRM001679,Hannah,Moensendijk,finn07@example.org,0139 429548,Platinum,No
CRM001680,Karlijn,Risma,ovan-brunswijk@example.org,093 4938677,Platinum,Yes
CRM001681,Brent,Dubois,beourgeoisbenthe@example.net,+3122 6281230,Platinum,No
CRM001682,Laura,Lind,marevan-der-loo@example.com,+31563 294511,Silver,Yes
CRM001683,Milo,Eijkelboom,mauritsvan-vlaanderen@example.org,0918 504039,Gold,Yes
CRM001684,Aylin,de Bruijn,mariaverwoert@example.net,+31(0)791 336872,Silver,No
CRM001685,Jort,van Brenen,julian05@example.net,+31668 190930,Gold,Yes
CRM001686,Fenne,Verbeek,joris01@example.net,(020) 9074827,Platinum,Yes
CRM001687,Lars,van Es,adriaensdrmatthias@example.org,(071)-3356019,Gold,Yes
CRM001688,Mason,Werdes,unruoch-hunerikkian@example.org,033-6778654,Platinum,No
CRM001689,Lily,Blees,xkamper@example.net,0894-259161,Gold,No
CRM001690,Jayda,van der Ploeg,,+3199 0357762,Silver,Yes
CRM001691,Siem,Vervoort,michellede-vries@example.net,(080) 3300326,Gold,Yes
CRM001692,Seth,Labado,wvan-veen@example.org,(0048) 225631,Bronze,No
CRM001693,Jade,Mathol,elif57@example.com,+31(0)64-6965757,Silver,No
CRM001694,Jenna,Vergeer,huismanluka@example.com,+31164-918881,Gold,Yes
CRM001695,Indy,Die Bont,hulskesmuhammed@example.com,+31(0)018-139007,Silver,Yes
CRM001696,Vajèn,Vertoor,willemsenloes@example.org,+3166 6718545,Gold,Yes
CRM001697,Kyan,Marchand,houdijkjanne@example.com,+31(0)036 370962,Gold,Yes
CRM001698,Giel,Goudriaan,marijn67@example.org,031 7430822,Bronze,No
CRM001699,oscar,de Groot,johannes60@example.net,(004) 7432759,Silver,No
CRM001700,Joël,van Luyssel,ehaack@example.org,+31(0)379 607094,Silver,No
CRM001701,Mehmet,de Korte,zelbertse@example.net,(017)-9474882,Platinum,No
CRM001702,Sylvie,Verhaar,cornelisle-briel@example.com,018-2729798,Platinum,Yes
CRM001703,Charlotte,van de Darnau,helena39@example.org,0568-908729,Platinum,Yes
CRM001704,Amin,Willems van Lier,daphne80@example.org,(0076) 844353,Gold,No
CRM001705,Mehmet,Vermeulen,van-beekmax@example.net,+31(0)695 818259,Gold,No
CRM001706,Joris,de Haan,vcoret-coredo@example.com,+3103 7099253,Bronze,No
CRM001707,Lara,Moensendijk,rosalie79@example.com,+31(0)44 7193915,Gold,Yes
CRM001708,Mehmet,Lucas,juliamanne@example.com,+31(0)986-982892,Gold,Yes
CRM001709,Jinthe,Mahieu,wouteradelaar@example.org,+31578 237288,Gold,Yes
CRM001710,Rayan,de Leeuw,eliaslathrope@example.net,+3152-3295451,Gold,No
CRM001711,Janna,de Vroege,elsenaarmirte@example.com,+3141-0798876,Bronze,Yes
CRM001712,Iris,Garret,jorisde-plantard@example.org,+31443 732215,Platinum,No
CRM001713,Valentijn,Fredriks,dinade-groot@example.org,+3178 0488611,Gold,No
CRM001714,Tijs,Weylant,uhoekstra@example.org,+3155-6366941,Gold,No
CRM001715,Kick,Riem,yvan-de-greef@example.com,(0161)-598811,Platinum,No
CRM001716,Bram,Nijman,agarret@example.com,0691-108456,Silver,No
CRM001717,Vigo,Huisman,julesbroekhoven@example.net,+31(0)70-5496730,Platinum,Yes
CRM001718,Wesley,Maaswinkel,hgoedhart@example.net,(060)-5815028,Silver,No
CRM001719,Bastiaan,Hofman,kevin66@example.com,(030)-7549472,Silver,Yes
CRM001720,Mathijs,Geerts,joey48@example.net,+31(0)89 2695007,Bronze,Yes
CRM001721,Lynn,van Veen,mick81@example.net,(0742) 521764,Silver,Yes
CRM001722,Wout,Mathol,jasper13@example.net,+31(0)714-072732,Silver,Yes
CRM001723,Jip,van Nes,giel64@example.com,030-5690977,Silver,Yes
CRM001724,Noëlle,Boetet,janne42@example.org,(091) 0809686,Platinum,No
CRM001725,Marinus,Blokland,bilaljdotte@example.com,0332-790801,Bronze,No
CRM001726,Jorn,van den Berg,van-de-veenise@example.org,+31287 100467,Bronze,Yes
CRM001727,Jip,Smits,hendrikde-bruijn@example.com,+31082 758428,Platinum,No
CRM001728,Elisa,Huisman,schwartsbachkoen@example.org,0830 558090,Silver,No
CRM001729,Tara,Smit,tessa18@example.com,(095) 2280031,Silver,No
CRM001730,Roos,Visser,moensendijktim@example.com,+3177 7523901,Platinum,Yes
CRM001731,Rik,Jaceps,arensloes@example.com,0811-847211,Platinum,Yes
CRM001732,Daphne,van 't Riet,louisedirven@example.net,(080)-6216366,Silver,Yes
CRM001733,Leon,Merkx,kuiperecrin@example.com,+31(0)969 715827,Silver,No
CRM001734,Livia,Hagendoorn,mansveldphilip@example.net,+31416 999698,Bronze,No
CRM001735,Elize,van Hamaland,liza15@example.com,+31(0)252 882017,Platinum,No
CRM001736,Silke,Boddaugh,jansselotte@example.org,(0998)-582466,Platinum,Yes
CRM001737,Noor,van Haspengouw Hesbaye,elias63@example.com,+31022-946234,Silver,Yes
CRM001738,Lize,van Engeland,lukasvan-der-pluijm@example.net,+3180 3690337,Gold,No
CRM001739,Lise,Uphaus,sep99@example.org,031 4783867,Silver,Yes
CRM001740,Maria,der Kijnder,thijnvos@example.net,+31(0)561-943888,Gold,Yes
CRM001741,Floris,Schroeff,jonkmanraf@example.net,(0048)-426671,Silver,Yes
CRM001742,Cornelis,Janssen,kate68@example.org,0660 733943,Platinum,No
CRM001743,Wesley,van Vlaanderen,davevan-beeck-beeckmans@example.net,+31638-354150,Gold,Yes
CRM001744,Lauren,van den Heuvel,lindevan-der-heiden@example.org,+3155 0716845,Platinum,No
CRM001745,Megan,van Opper-Lotharingen,terrysebastiaan@example.org,+3155-9720001,Platinum,No
CRM001746,Roos,Jacquot,schipperwout@example.com,+31(0)544-377337,Bronze,Yes
CRM001747,Isabella,Leguit,adam50@example.net,(034) 3207731,Bronze,Yes
CRM001748,Niels,de Vries,bolkesteijnnathan@example.org,+31101 702216,Silver,Yes
CRM001749,Amélie,van Dam,tvan-engelen@example.org,+3136 1509355,Silver,Yes
CRM001750,Luna,Verbeeck,maarten91@example.org,083-1814450,Platinum,No
CRM001751,Johanna,Miltenburg,daniquemulder@example.net,0402-515777,Platinum,No
CRM001752,Milan,Groenestein,fthe-elder@example.com,(0390)-314113,Gold,Yes
CRM001753,Sanne,Vertoor,sepp86@example.org,(0925)-666653,Silver,No
CRM001754,Noah,van Kuijc,nvan-gemert@example.net,(049)-2524596,Bronze,Yes
CRM001755,Lieve,Dachgelder,gijs41@example.net,+3107 1671818,Platinum,No
CRM001756,Tristan,Hulst,vigoansems@example.com,+3110 0860936,Silver,Yes
CRM001757,Jack,Ernst,selena85@example.org,0769-491023,Silver,Yes
CRM001758,Ecrin,van Dongen,dex46@example.net,0673-157243,Platinum,No
CRM001759,Bibi,den Teuling,@retailmart.com,090 1844713,Platinum,Yes
CRM001760,Valentijn,Hulskes,cornelis60@example.com,0374-206513,Bronze,No
CRM001761,Sofia,van Mil,ibeourgeois@example.com,+3176 6131513,Gold,Yes
CRM001762,Tara,Stinis,juliettede-wit@example.net,0956 784919,Silver,Yes
CRM001763,Lorenzo,van Gorp,van-maarenangelina@example.com,034-9359796,Silver,Yes
CRM001764,Lex,van Northeim,ede-kale@example.net,+3177 2338854,Silver,No
CRM001765,Lise,Bos,ysalet@example.net,071-0488205,Bronze,No
CRM001766,David,Oversteeg,maja51@example.net,0677-208160,Gold,Yes
CRM001767,Emily,Jorrisen,thoning@example.org,0151-954301,Silver,No
CRM001768,Vigo,Sarneel,tess81@example.com,0629 312123,Platinum,No
CRM001769,Sofie,Veltman,frederique71@example.net,083 7625646,Platinum,Yes
CRM001770,Zara,der Kijnder,fboers@example.org,066 6327540,Gold,Yes
CRM001771,Rosalie,Huijbrechts,van-bentheimraf@example.com,(0089) 811700,Silver,Yes
CRM001772,Evy,François,merijn51@example.org,+31(0)26 5695952,Platinum,No
CRM001773,Faas,van Jumiège,mustafa62@example.net,+3197-7313885,Silver,Yes
CRM001774,Sanne,Hofman,kyanferran@example.net,+31(0)75 7124277,Bronze,No
CRM001775,Ashley,Michielsen,leonvaessen@example.net,032 1986725,Silver,Yes
CRM001776,Rens,Melet,pmansveld@example.com,(0062)-387598,Bronze,Yes
CRM001777,Fay,Boetet,beratvan-boven@example.com,0092-082907,Bronze,No
CRM001778,Aaliyah,Scholten,valentijnde-jong@example.org,+3154 5753266,Platinum,No
CRM001779,Amin,van Clootwijck,van-de-veenguus@example.net,(0164)-579978,Silver,Yes
CRM001780,Nynke,Tins,fenna11@example.org,047 0969266,Silver,Yes
CRM001781,Amir,van Westfalen,livvan-der-flaas@example.com,0303 000064,Platinum,No
CRM001782,Loek,Weijland,kronenbergzara@example.net,(0311)-515671,Bronze,Yes
CRM001783,Amber,van Wallaert,mustafa25@example.net,0216-425358,Platinum,No
CRM001784,Ivy,Woudenberg,tvan-dagsburg@example.net,(041)-7432635,Gold,No
CRM001785,Joshua,Rek,nynkehexspoor@example.org,+31(0)202-668861,Gold,Yes
CRM001786,Ian,Hellevoort,alexander43@example.com,(026)-0320104,Silver,Yes
CRM001787,Jason,Michielsen,xwijland@example.org,047 4371694,Silver,Yes
CRM001788,Tijn,de Swart,cato42@example.com,035 3763654,Gold,No
CRM001789,Julia,Cornelisz,luukzwart@example.net,+31(0)922-650170,Silver,Yes
CRM001790,Youssef,Bouhuizen,benschrant@example.org,+31(0)426 066180,Bronze,No
CRM001791,Nadia,de Werd,hvos@example.org,+31421 903104,Gold,Yes
CRM001792,Adriana,Martel,bradley04@example.org,(0414) 949124,Silver,Yes
CRM001793,Jenna,van der Pol,saarvan-duvenvoirde@example.org,(0743) 801029,Bronze,Yes
CRM001794,Jelle,van Noort,dylanaertsz@example.org,+31115 283345,Gold,Yes
CRM001795,Aaliyah,Mudden,van-nimwegenfedde@example.net,055-9051597,Bronze,Yes
CRM001796,Ali,Ariens,fverbeek@example.com,+31(0)01-8183463,Silver,Yes
CRM001797,Floor,van Beeck,ameliabacker@example.net,+31(0)506-342240,Gold,Yes
CRM001798,Fiene,van der Heiden,rooslorreijn@example.com,+3196-1268965,Silver,No
CRM001799,Wouter,'s Gravensande,ade-kale@example.com,0865 078941,Bronze,No
CRM001800,Amira,Vertoor,pratttom@example.org,(0759) 055667,Platinum,Yes
CRM001801,dAVID,Spier,schrikhannah@example.com,(0000) 088413,Silver,No
CRM001802,Ninthe,Uit de Willigen,aydenbosman@example.net,0967-743609,Silver,No
CRM001803,Brent,van Vlaanderen,vnollee@example.net,+31165 769594,Silver,No
CRM001804,Joost,Beekman,milanvan-wickerode@example.net,083-0526552,Silver,Yes
CRM001805,Tom,van Poppel,van-den-nyeuwenhuysendaniel@example.com,080-6726967,Silver,Yes
CRM001806,Owen,van Cuijck,schuurmanslynn@example.net,0711 790323,Silver,Yes
CRM001807,Elena,Gervais,uvergeer@example.com,026 9709916,Silver,Yes
CRM001808,Brian,van Berkum,peronnedave@example.net,(010) 4558114,Gold,Yes
CRM001809,Luc,van Grondelle,lflink@example.com,+3145-3988762,Gold,Yes
CRM001810,Gerrit,de Bruin,justinsterkman@example.net,+3175-5229903,Gold,Yes
CRM001811,Sara,de Gruson,laura40@example.com,+31771-559102,Gold,Yes
CRM001812,Nina,Poncelet,ndraaisma@example.net,+31(0)37-9622929,Silver,Yes
CRM001813,Fatima,Vos,danielhulskes@example.net,(0446)-508808,Gold,Yes
CRM001814,Robin,van Hemert,yassin10@example.net,+31(0)321-483888,Gold,No
CRM001815,Lara,Koning,van-velthovensara@example.net,0505-288907,Bronze,No
CRM001816,Anouk,Leguit,obrugman@example.org,+3172 7000423,Silver,No
CRM001817,Kate,van Dijk,yvan-dommelen@example.com,(009)-6233985,Silver,Yes
CRM001818,Wout,van Boulogne,bechtzoe@example.net,079-5353344,Silver,Yes
CRM001819,Joost,Haring,hidde37@example.org,(015)-6149307,Gold,Yes
CRM001820,Quinn,van de Pavert,evi23@example.com,(013) 3728696,Bronze,No
CRM001821,Michael,Erhout,kayleewouters@example.org,066 0053137,Platinum,No
CRM001822,Isabella,Heijmen,damianbillung@example.org,+31(0)91-6123901,Gold,No
CRM001823,Daniel,Schotte,xmahieu@example.net,+31(0)36-1142465,Platinum,No
CRM001824,Suze,Wolzak,matthijs17@example.org,+3159-2276561,Bronze,No
CRM001825,Anouk,Paillet,rowanvan-den-eijssel@example.com,+31(0)481-156413,Platinum,No
CRM001826,Vince,Blom,jaymartel@example.com,+3100-2816849,Silver,No
CRM001827,Guusje,Rehorst,xboers@example.org,+31(0)49-6426328,Silver,No
CRM001828,Maaike,Hermans,hidde28@example.com,+31(0)306-365529,Silver,No
CRM001829,PHILEINE,Ariens Ansems,gbrouwer@example.org,+31330 626549,Gold,No
CRM001830,Loïs,Boetet,gknoers@example.org,062 8959749,Silver,Yes
CRM001831,Jayden,Neuzerling,jaylinnhellevoort@example.org,(015) 1637014,Platinum,Yes
CRM001832,Carlijn,van Stralen,indy96@example.net,+31911 571701,Platinum,No
CRM001833,Lenn,Brumleve,beau38@example.com,(056) 2224380,Silver,Yes
CRM001834,Julius,van het Heerenveen,zaravan-mook@example.org,+3137-8558045,Bronze,Yes
CRM001835,Ruben,de Graaf,ivy72@example.com,+31(0)59 2218691,Silver,No
CRM001836,Lotte,van Ochten,demi52@example.com,000-8374598,Platinum,No
CRM001837,Evy,Olthof,spiesanna@example.net,0205 225614,Platinum,Yes
CRM001838,Juul,van den Nieuwenhuijsen,jimosterhoudt@example.org,0251-922921,Silver,No
CRM001839,Jari,Peters,fenna07@example.org,(019) 8502770,Gold,No
CRM001840,Hailey,van den Oever,janna55@example.org,+31644 890316,Silver,Yes
CRM001841,Rick,Wever,anneneuteboom@example.net,+3100 5875564,Platinum,Yes
CRM001842,Sanne,Doornhem,svan-der-avoirt@example.com,(0126) 012305,Silver,No
CRM001843,Gerrit,Roukes,isabelle97@example.org,+31413 499879,Platinum,Yes
CRM001844,Zoey,Doyle,dorsmanjulia@example.org,0661 578254,Silver,Yes
CRM001845,Leon,de Wit,gervaisaron@example.com,+31(0)07 2160755,Silver,No
CRM001846,Valerie,van Laon,aaliyahpons@example.net,0882 281454,Silver,No
CRM001847,Nynke,Estey,ashleyvan-enschot@example.com,+31(0)875-006070,Silver,Yes
CRM001848,Jaylinn,Otte,dylanohakker@example.org,(0171) 092347,Silver,No
CRM001849,Jay,Pratt,van-praaghpim@example.org,089-8169822,Gold,Yes
CRM001850,Hailey,Blom,de-boerninthe@example.net,+31412-763072,Silver,No
CRM001851,Sten,van Wickerode,van-baalenesmee@example.net,(058)-0049073,Bronze,Yes
CRM001852,Johannes,Kunen,svan-spreeuwel@example.com,(0595) 607681,Platinum,No
CRM001853,Nathan,van Wessex,stuivenbergsami@example.org,(0874)-897152,Bronze,No
CRM001854,Joris,Evers,esmeevan-der-pluijm@example.com,+31(0)412 777540,Silver,No
CRM001855,Johanna,Bruggeman,niek57@example.net,+3171-5390417,Gold,Yes
CRM001856,Nikki,le Gulcher,karelslena@example.net,080-5942357,Platinum,Yes
CRM001857,Robin,Weylant,sepp35@example.net,+31(0)399-396232,Bronze,Yes
CRM001858,Ian,van Parijs,bresejulia@example.org,(043)-4029552,Bronze,Yes
CRM001859,Mila,Nek,courtierlukas@example.net,093-2565822,Bronze,No
CRM001860,Tessa,Mol,hoelenjesse@example.com,+31979 989195,Bronze,Yes
CRM001861,Tygo,Arts,collinoude-heer@example.net,+31(0)379 262745,Silver,No
CRM001862,Kiki,de la Fleche,ebierstraten@example.com,+31(0)16-2495404,Bronze,Yes
CRM001863,Marijn,Olykan,okolen@example.org,0831-840172,Gold,Yes
CRM001864,Emily,Diesbergen,fdekker@example.com,(0626) 149081,Bronze,No
CRM001865,Eva,van der Spaendonc,van-der-heidenolivier@example.com,+31(0)052 999650,Gold,No
CRM001866,Ize,van Riet,feline99@example.org,0956-736543,Bronze,No
CRM001867,Lana,van Haspengouw,matthias14@example.net,+31563 787950,Silver,Yes
CRM001868,Dirk,Lucas,valerie70@example.net,076 2457228,Gold,Yes
CRM001869,Daphne,van Northeim,simonsryan@example.com,084-1658139,Bronze,No
CRM001870,Thomas,Hermans,lucasmaaswinkel@example.net,(063)-0832846,Gold,Yes
CRM001871,Adam,Lagerweij,aya35@example.net,(087) 4677809,Platinum,Yes
CRM001872,Jenna,Huijzing,weylandsami@example.org,+31222-196562,Bronze,No
CRM001873,Maria,de Gruijl,qkisman@example.com,(017) 0153719,Gold,Yes
CRM001874,Lola,de Bock,dvan-engelen@example.com,0211-319788,Platinum,No
CRM001875,Zara,Verboom,mbosch@example.net,(040) 1313168,Platinum,Yes
CRM001876,Twan,Jansen,ode-lange@example.org,+31(0)741 809007,Bronze,No
CRM001877,Olivier,Brumleve,joel00@example.com,070-0018430,Platinum,No
CRM001878,Merel,Wilmont,masonverboom@example.com,+3139 6799336,Platinum,Yes
CRM001879,Mara,Waardeloo,tobias58@example.com,047-6985691,Platinum,Yes
CRM001880,Fleur,Draaisma,ouwellena@example.net,(0999) 877938,Platinum,Yes
CRM001881,Alexander,Coreth von und zu Coredo und Starkenberg,damian10@example.org,(033)-8605888,Platinum,Yes
CRM001882,Megan,Korsman,maudaeije@example.net,+31509 182957,Silver,Yes
CRM001883,Jolijn,Jansen,dachgeldtrik@example.com,,Gold,No
CRM001884,Benthe,Brouwer,bastiaanvan-de-kooij@example.org,(0642) 548778,Platinum,Yes
CRM001885,Wesley,Momberg,puck60@example.net,075-6374862,Silver,Yes
CRM001886,OLIVIA,van de Biezenbos,shuperens@example.net,+31689 623579,Platinum,Yes
CRM001887,Guus,de Gruijl,nweeldenburg@example.net,027-0010906,Silver,No
CRM001888,Dex,Slingerland,de-graafgiel@example.com,+31(0)673 602984,Platinum,No
CRM001889,Suus,Kirpenstein,pleunvan-den-bosch@example.net,+31442 365578,Gold,Yes
CRM001890,Tijmen,Draaisma,wesselgalenzone@example.org,+31610-995818,Platinum,No
CRM001891,Janne,Dachgeldt,lois03@example.net,+31(0)42-4679380,Bronze,No
CRM001892,Levi,Uphuis,farens@example.net,054 7837617,Platinum,Yes
CRM001893,Bibi,Claesdr,kianvan-wallaert@example.org,+31(0)89 6938547,Platinum,No
CRM001894,Elizabeth,Kosten,vincevan-breukeleveen@example.net,+31(0)86-3323628,Silver,Yes
CRM001895,Kiki,Michiels,ycosman@example.org,+3107 0378756,Silver,No
CRM001896,Bradley,Kosten,kay09@example.net,(0728)-138853,Platinum,No
CRM001897,Simon,Berendse,tamsmakian@example.net,035 7197769,Silver,Yes
CRM001898,Anouk,den Haag,nadiauphus@example.com,+31429 171625,Platinum,No
CRM001899,Ecrin,Marchand,ageldens@example.org,(0921) 001190,Bronze,Yes
CRM001900,Dina,Bouthoorn,ibrahimgoderts@example.net,+3100 1423832,Platinum,Yes
CRM001901,Florian,Scholten,sven15@example.net,+31(0)12-6099632,Silver,No
CRM001902,Elena,Neuteboom,isisde-strigter@example.org,+31811-769050,Gold,Yes
CRM001903,Keano,Voortman,rotteveelvince@example.org,(0021) 729785,Platinum,No
CRM001904,Johannes,Lansink,van-der-smeedeelias@example.com,+31833 566416,Platinum,Yes
CRM001905,Lieke,van Grondelle,liv16@example.com,+31992 511462,Silver,No
CRM001906,Aaliyah,van de Veen,vvan-orleans@example.net,076 8925603,Bronze,Yes
CRM001907,Tim,van Westfalen,mahieukate@example.net,(008)-6072762,Silver,Yes
CRM001908,Rayan,van der Steen,emma15@example.org,(0471)-555215,Bronze,Yes
CRM001909,Fedde,Martens,kikimarchand@example.com,+31552-991282,Platinum,Yes
CRM001910,Keano,Cammel,recerdani@example.com,+31(0)12-1782402,Gold,No
CRM001911,Cornelis,Verboom,quinty06@example.com,062 4478934,Gold,Yes
CRM001912,Lotte,van der Ploeg,sepverbeek@example.com,0728-809104,Platinum,Yes
CRM001913,Jet,van Engeland,rosa55@example.com,0621-053676,Gold,Yes
CRM001914,Lotte,Claesner,mathijsvan-de-weterink@example.com,+31(0)73-1135475,Platinum,No
CRM001915,Hamza,Matthews,alimeeres@example.net,+3188-6438360,Silver,Yes
CRM001916,Jonathan,Terry,bloemendaaljelte@example.org,060-5204518,Silver,Yes
CRM001917,Liz,Dirksen,youssefvan-metz@example.com,(057) 7839193,Bronze,No
CRM001918,Aron,van der Horst,renskejoosten@example.com,(008) 5594739,Platinum,Yes
CRM001919,Emily,Boeser,van-der-plascatharina@example.org,+31457 249922,Gold,Yes
CRM001920,Mette,Lonen,de-kortesofia@example.org,+31(0)300-578675,Gold,No
CRM001921,Sofie,Scharroo,ibrahim75@example.com,0841 823112,Silver,Yes
CRM001922,Ilse,Cant,louwsimran@example.org,+3153 9822329,Silver,Yes
CRM001923,Senn,Tamsma,yinthe53@example.com,+31098-266355,Silver,Yes
CRM001924,Sil,Coreth von und zu Coredo und Starkenberg,gtamsma@example.com,018 0733902,Gold,Yes
CRM001925,Johanna,Furda,lvan-laon@example.net,+3146-1987401,Gold,No
CRM001926,Chloë,Köster,loekgenefaas@example.com,+31(0)59-7319265,Platinum,Yes
CRM001927,Siem,Jansen,indy10@example.net,+31(0)567-263456,Platinum,Yes
CRM001928,Hugo,van Straaten,punruoch-hunerik@example.com,(021) 4977574,Bronze,Yes
CRM001929,Elisa,Cammel,pvan-santen@example.net,+31(0)74 6733246,Silver,Yes
CRM001930,Sara,Sire,norahjacobi@example.net,005-4903363,Gold,Yes
CRM001931,Luke,de Gruijter,tessavan-goerle@example.org,071 0492863,Silver,Yes
CRM001932,Daphne,Jerusalem,van-goerlelinn@example.org,+31(0)27-7366027,Platinum,Yes
CRM001933,Michael,van Mare,thijmen33@example.net,0114-477260,Bronze,Yes
CRM001934,Olivia,van Oudewater,van-der-staelmichael@example.net,073-5452684,Silver,No
CRM001935,Aylin,van Vlaanderen,owalsteijn@example.org,(0996) 033566,Gold,No
CRM001936,Ivy,van Wijland,mijsbergthijs@example.org,+31(0)156 497705,Bronze,No
CRM001937,Romy,Zuidweg,joostensenna@example.org,+31(0)42-4809180,Platinum,Yes
CRM001938,Jari,Heyne,ivan48@example.org,002-4328603,Platinum,Yes
CRM001939,Jaylinn,van Doorn,khuls@example.org,0171 731038,Gold,No
CRM001940,Bart,Charon,isabellawalsteijn@example.com,069 7684768,Silver,Yes
CRM001941,Thijmen,Everts,renske32@example.org,(058)-1030736,Gold,No
CRM001942,Elizabeth,Moensendijk,jvan-der-velden@example.org,0877-663348,Gold,No
CRM001943,Lorenzo,van Alenburg,chondeveld@example.com,+31(0)157 701056,Silver,No
CRM001944,Adam,Walter,slagmolenkevin@example.org,0612 591951,Silver,Yes
CRM001945,Jesper,Sitters,matholhidde@example.net,+31(0)27 9295642,Silver,Yes
CRM001946,Twan,van Laarhoven,simonoda@example.net,+3121 3068671,Bronze,No
CRM001947,Sienna,le Briel,daan64@example.org,0640 486746,Bronze,No
CRM001948,Dion,Jeggij,lindsey86@example.org,(0403)-881084,Platinum,Yes
CRM001949,Daniel,Vink,svan-enschot@example.com,095-1292245,Platinum,No
CRM001950,Amélie,van Susa,thomasamelia@example.org,+31(0)394-919155,Bronze,No
CRM001951,Evi,Martens,fleurzaal@example.org,+31467-067432,Silver,No
CRM001952,Collin,d' Heripon,van-der-laanvalerie@example.com,0700-011424,Gold,No
CRM001953,Yusuf,Wever,,+3183-2007937,Silver,No
CRM001954,Sara,Grondel,mila03@example.org,(0556) 485517,Bronze,Yes
CRM001955,Chloë,Jonkman,linschotenyusuf@example.org,037-2034594,Silver,Yes
CRM001956,Fedde,van Poppel,van-der-steensarah@example.net,+31(0)968-656052,Silver,Yes
CRM001957,Charlotte,Bertho,barentssamuel@example.org,005 7399596,Gold,Yes
CRM001958,Aaron,Koeman,kismanthomas@example.org,0851-579107,Gold,No
CRM001959,Zeynep,Verbeeck,gvan-goerle@example.net,+31(0)16-2531335,Bronze,No
CRM001960,Jip,Oosterhek,timmermanmaud@example.com,+3158-1185939,Platinum,No
CRM001961,Keano,Martel,marit08@example.com,+3133-8941839,Gold,No
CRM001962,Sten,Suijker,vjoosten@example.com,+31939 611701,Silver,Yes
CRM001963,Siem,Velderman,linde46@example.com,+31(0)968-536863,Silver,No
CRM001964,Jayda,Kok,bvan-veen@example.com,(014) 3565734,Bronze,Yes
CRM001965,Kyara,van Salm,jmichiels@example.com,+3190-5785230,Silver,No
CRM001966,Merle,Greij,kschuurmans@example.org,(083)-3859618,Bronze,Yes
CRM001967,Nora,Cornelisz,wildschutkyara@example.org,+31(0)209 504101,Silver,No
CRM001968,Youssef,Pierson,casper88@example.net,(0355)-189716,Silver,No
CRM001969,Lot,van Formbach,cvan-der-ploeg@example.com,(093)-1019373,Platinum,Yes
CRM001970,Jason,Fredriks,vvan-bentheim@example.com,006 3971781,Bronze,No
CRM001971,Lily,van Allemanië,stella62@example.com,094 1493835,Platinum,No
CRM001972,Ali,van Enschot,matthijs85@example.org,+31(0)93 1783945,Bronze,No
CRM001973,Kyan,de Jager,gellemeyersep@example.net,(0712)-045602,Bronze,No
CRM001974,Anne,van Breukelveen,amira39@example.org,+31(0)00 5237933,Platinum,Yes
CRM001975,Olivia,Broekhoven,hvan-saksen@example.com,(0304) 474547,Gold,No
CRM001976,Bilal,van den Corput,vbakker@example.com,0521 091355,Gold,No
CRM001977,Ise,Ketel,yde-jager@example.com,+3139 0142853,Silver,Yes
CRM001978,Justin,Verboom,sylvieunruoch-hunerik@example.com,+31(0)120-564586,Platinum,No
CRM001979,Lot,Roose,lustersofie@example.org,(0800)-135066,Silver,No
CRM001980,Sebastiaan,van Formbach,rlamore@example.com,016-9494029,Gold,Yes
CRM001981,Marijn,Claassen,dylanbrievingh@example.com,+31(0)362-771932,Platinum,Yes
CRM001982,Iris,van den Berg,joephuurdeman@example.org,0882-212540,Platinum,Yes
CRM001983,Zoey,van den Eijssel,merijnslagmolen@example.com,+3101 2316515,Bronze,Yes
CRM001984,Bo,Hermans,dana70@example.net,+31(0)684-717125,Platinum,No
CRM001985,Jens,Ligtvoet,jessevan-jumiege@example.com,+31(0)98-8188836,Gold,Yes
CRM001986,Timo,Neuteboom,liv04@example.org,+31(0)177-372906,Platinum,No
CRM001987,Jelte,van der Plas,pvan-der-velde@example.com,047-8404593,Bronze,No
CRM001988,Gijs,Cadefau,vde-reede@example.com,+31(0)52 1471269,Platinum,No
CRM001989,Alex,Geerts,rowanborman@example.org,(0378) 818820,Platinum,No
CRM001990,Fleur,van Landen,fiene88@example.net,+31(0)172-958444,Silver,No
CRM001991,Suze,Sanders,gneuteboom@example.net,(0526) 890789,Platinum,Yes
CRM001992,Gerrit,Marchal,nmahieu@example.com,(082)-2019688,Silver,No
CRM001993,Kim,Palman,matthijserhout@example.org,+31766 217981,Silver,Yes
CRM001994,Michael,Rijn,gle-briel@example.com,(099)-0253683,Platinum,Yes
CRM001995,Lisanne,van den Nuwenhuysen,kde-la-fleche@example.com,(095) 1489320,Platinum,Yes
CRM001996,Dana,Butselaar,quinn24@example.com,+31767-199845,Bronze,No
CRM001997,Norah,Elberts,elias66@example.org,+31(0)677 099937,Silver,No
CRM001998,Aylin,van de Velden,ravi64@example.com,(0433) 669858,Silver,Yes
CRM001999,Sam,van de Wal,selenalijn@example.net,+31184-938964,Silver,No
CRM002000,Robin,Boudewijns,arievan-asten@example.net,003-4954738,Platinum,No
CRM002001,Ivan,van Engelen,dpostma@example.com,(088)-8575385,Silver,No
CRM002002,Elise,Willems van Lier,lindsey65@example.com,(010)-9170335,Silver,Yes
CRM002003,Sepp,Bruynzeels,lizeoostveen@example.net,+31(0)657-181444,Bronze,Yes
CRM002004,Fabiënne,Kisman,yberends@example.org,0907 750149,Silver,No
CRM002005,Kai,van de Berg,kian88@example.org,+31(0)67 0409815,Silver,No
CRM002006,Marinus,Mater,van-laarhovenjason@example.net,004 9857064,Platinum,No
CRM002007,Jort,Gervais,hugo94@example.net,(0890)-834062,Bronze,No
CRM002008,Annabel,Scheffers,dylanode-groot@example.net,(061)-8430407,Silver,No
CRM002009,Thijmen,Soos,hulshoutsphileine@example.org,0561-467253,Platinum,Yes
CRM002010,Angelina,Cadefau,sten91@example.com,+31(0)835-824515,Platinum,Yes
CRM002011,Stefan,Scherms,mensbenjamin@example.net,+31(0)49-5005766,Silver,No
CRM002012,Tobias,de Bruyn,ybrese@example.org,(0628) 099453,Platinum,No
CRM002013,Maria,de Mol,lotzijlemans@example.com,0661-223617,Gold,Yes
CRM002014,Sarah,den Haag,kallenlois@example.net,+3127 6114382,Bronze,Yes
CRM002015,Yasmin,van der Heyden,yarade-bock@example.org,(0867)-168411,Platinum,No
CRM002016,Maud,Groenestein,boschjordy@example.org,+31345-329849,Gold,Yes
CRM002017,Sanne,Carnotte,van-leuvenabel@example.com,+31(0)179 613000,Platinum,No
CRM002018,Tom,van den Brink,alexuphuis@example.net,0669 945839,Platinum,No
CRM002019,Mia,van Hagen,yjoosten@example.net,+31(0)130 222801,Gold,Yes
CRM002020,Luc,van de Brink,thijmenvaessen@example.net,(095)-5679748,Silver,Yes
CRM002021,Silke,van Kasteelen,uvan-schweinfurt@example.net,027 9774992,Gold,Yes
CRM002022,Kiki,van Herstal,van-de-eerenbeemtisabelle@example.org,088-8552855,Silver,No
CRM002023,Gijs,Wigman,yhuls@example.net,+3136 5807672,Bronze,Yes
CRM002024,Chloë,van Riet,wvan-duivenvoorde@example.com,064 0085842,Platinum,Yes
CRM002025,Jolie,Sanders,maxim18@example.net,+31093-401827,Silver,Yes
CRM002026,Olaf,Lether,ybijlsma@example.net,0922 064112,Bronze,No
CRM002027,Fleur,van der Stael de Jonge,sulrich@example.com,0721 973184,Silver,No
CRM002028,Nick,van den Eerenbeemt,brievinghfien@example.net,(042)-0511845,Bronze,No
CRM002029,Amin,van Noort,collinkorstman@example.net,+3173-2424015,Bronze,No
CRM002030,Tirza,van de Ven,tirzaschuurmans@example.com,(0013) 669890,Silver,Yes
CRM002031,Aron,Mulders,steenbeekelif@example.org,(054) 7216167,Silver,No
CRM002032,Annabel,van Wassenaar,lotte38@example.com,(056) 1843419,Silver,Yes
CRM002033,Elize,Ariens,de-boereline@example.org,+31587 559311,Silver,Yes
CRM002034,Benthe,van Vermandois,vigo21@example.com,+31(0)589 129802,Silver,No
CRM002035,Hailey,Merckx,yasminscharroo@example.com,0258 166578,Platinum,Yes
CRM002036,Joy,Boetet,gvan-der-ven@example.org,+31162-237698,Gold,Yes
CRM002037,Merijn,van den Nieuwenhuijsen,juliusvan-spreuwel@example.org,+31042 531800,Bronze,Yes
CRM002038,Sam,Texier,timvan-de-velde@example.net,0992 426399,Gold,No
CRM002039,Simon,Groen,,+31(0)80 3624813,Silver,Yes
CRM002040,Hendrik,Ernst,noelle29@example.com,074 2395552,Platinum,No
CRM002041,Guus,van Berkel,tess39@example.net,(0837) 839569,Platinum,No
CRM002042,Linn,Vial,hubertsmarijn@example.net,+31283-035114,Platinum,No
CRM002043,Aiden,Perck,hvan-der-veen@example.org,(013)-3974664,Silver,Yes
CRM002044,Wesley,Kleibrink,kay28@example.com,+3180-1762164,Gold,Yes
CRM002045,Hailey,van Opper-Lotharingen,kim12@example.org,(0171) 841727,Platinum,Yes
CRM002046,Ian,van der Velden,sophiamulders@example.net,0889 472079,Bronze,Yes
CRM002047,Tessa,Coret-Coredo,bryan29@example.org,0449 929923,Silver,No
CRM002048,Amber,van Wessex,huijbenseth@example.org,004-5907978,Platinum,No
CRM002049,Yasmin,van Oirschot,alexanderdavid@example.org,0025-116037,Gold,No
CRM002050,Kay,Vermeulen,olivialommert@example.net,0211-819879,Silver,No
CRM002051,Aiden,Lagerweij,pvervoort@example.net,+31(0)549 332266,Platinum,No
CRM002052,Maurits,Kriens,qbastiaanse@example.net,063 3260684,Silver,No
CRM002053,Julia,van Laon,faasengels@example.org,+31395 356227,Bronze,No
CRM002054,Frederique,van der Veen,kayverschuere@example.org,,Gold,No
CRM002055,Tristan,Zeemans,masonremmers@example.net,(065) 4958359,Silver,Yes
CRM002056,Nathan,van Saksen,jonasromijn@example.com,,Silver,No
CRM002057,Tim,Ketel,lily74@example.net,0525 368974,Silver,Yes
CRM002058,Rowan,den Buytelaar,lorenzovan-t-erve@example.net,+3175-8406077,Platinum,Yes
CRM002059,Lukas,Coreth von und zu Coredo und Starkenberg,lutterveldmohamed@example.org,+31(0)839-216386,Bronze,No
CRM002060,Bjorn,van de Wal,appelmantirza@example.org,030-4880317,Gold,No
CRM002061,Beau,van Mil,evan-drenthe@example.net,+3108 3729886,Silver,No
CRM002062,Joy,van Beek,pieneverde@example.org,+3191 1508708,Silver,Yes
CRM002063,Collin,van de Wal,joy89@example.org,+31403 928972,Platinum,Yes
CRM002064,Yassin,Kleybrink,bernaardskyan@example.com,(038)-4536565,Platinum,Yes
CRM002065,Joëlle,Meyer,sofiade-grote@example.com,+3162-7559377,Gold,No
CRM002066,Tobias,Dekker,zoe27@example.org,+31(0)885-904045,Gold,No
CRM002067,Berend,Werdes,nielszijlemans@example.com,+31133-453210,Gold,Yes
CRM002068,Lise,van Breugel,kslagmolen@example.org,077-6303964,Silver,No
CRM002069,Pim,van Heusden,flinkleon@example.com,0829-455337,Silver,Yes
CRM002070,Kyara,Walsteijn,van-duyvenvoordemika@example.com,(037) 2646836,Bronze,Yes
CRM002071,Tara,van den Bosch,mariavan-schweinfurt@example.com,+3135-3660106,Bronze,No
CRM002072,Rosa,Berendse,,+31(0)99 7780968,Gold,Yes
CRM002073,Senn,van Vermandois,basvan-de-coterlet@example.org,0037 406395,Silver,Yes
CRM002074,Daniel,Adryaens,muhammed99@example.org,+31(0)177 078257,Platinum,Yes
CRM002075,Loes,Hendrikse,kosterjolijn@example.net,+31420-278685,Platinum,No
CRM002076,Joshua,van 't Riet,glassesayden@example.com,+31(0)948 270344,Gold,No
CRM002077,Chloë,Postma,robin99@example.org,(062) 8221099,Gold,Yes
CRM002078,Victor,Woudenberg,tvan-maaren@example.net,(019) 8155426,Platinum,No
CRM002079,Noëlle,Verboom,lenalelijveld@example.com,+31(0)443 054068,Gold,Yes
CRM002080,Micha,van Gorp,van-gilslenn@example.org,(074) 6866707,Gold,No
CRM002081,Rafael,de Keijzer,noortjevan-dokkum@example.com,068-9791000,Silver,Yes
CRM002082,Sten,van Dokkum,naud45@example.net,+31(0)861-798339,Silver,No
CRM002083,Raf,Govarts,eversluka@example.org,(050) 4267835,Gold,Yes
CRM002084,Lorenzo,de Wit,zbeijring@example.com,0220-280707,Platinum,Yes
CRM002085,Dani,Hemma van Allemanië,marediesbergen@example.org,(018)-5915657,Silver,Yes
CRM002086,Boris,van Dam,ter-waarbeekmerel@example.com,054-7498341,Gold,No
CRM002087,Julius,de Reede,elsenaarfatima@example.com,(054) 4221478,Silver,No
CRM002088,Lotte,de Leeuw,jim92@example.com,(083)-8985961,Silver,Yes
CRM002089,Isabelle,Gerritsen,goyaerts-van-waderleivan@example.org,007 9025476,Platinum,Yes
CRM002090,Tara,Govarts,van-de-elzasstella@example.org,0939 178436,Silver,Yes
CRM002091,Mika,Rousselet,ybud@example.com,+3125-0771891,Platinum,Yes
CRM002092,Sienna,Molen,markvan-soest@example.org,(0718) 630188,Platinum,Yes
CRM002093,Rens,Heinrichs,lamotteyasmine@example.com,0801 395886,Gold,No
CRM002094,Aya,Kalman,de-mardurascornelia@example.net,065 1366909,Bronze,Yes
CRM002095,Julian,van Ginkel,adryaensniek@example.org,(044) 4742089,Silver,No
CRM002096,Fiene,Erhout,segerszoenmilo@example.net,0978 013371,Silver,Yes
CRM002097,Tyler,van Rijthoven,tirza98@example.org,001-8492096,Silver,Yes
CRM002098,Fabiënne,Keltenie,umartens@example.net,(0394) 349601,Platinum,No
CRM002099,Teun,Hoogers,cantfatima@example.net,076-4189313,Gold,No
CRM002100,Pien,van der Heijden,dylano20@example.com,(082) 9904480,Bronze,No
CRM002101,Loes,van der Smeede,van-de-weterinklynn@example.net,+31408-988634,Bronze,Yes
CRM002102,Aaliyah,Blees,erecers@example.org,+31(0)03-2833525,Gold,No
CRM002103,Philip,Passchiers,stefscholten@example.org,(0022)-856305,Gold,Yes
CRM002104,Jinthe,Berends,tygokloppert@example.com,+3137 9797839,Platinum,Yes
CRM002105,Senna,Walter,evapaillet@example.org,(046)-6597106,Gold,Yes
CRM002106,Esther,Smith,nvan-t-riet@example.org,0546 428364,Gold,No
CRM002107,Kyan,Nieuwstraten,maartjemassa@example.net,+3127-6032847,Gold,No
CRM002108,Tijs,van Gent,lise86@example.com,(009)-6589301,Silver,No
CRM002109,Ise,van Velzen,qvan-gelder@example.org,(0857)-433062,Silver,Yes
CRM002110,Fay,Ellis,finn05@example.net,+31(0)90-1867619,Gold,Yes
CRM002111,Amina,van Ham,,0021 844675,Platinum,No
CRM002112,Boris,Wijland,floorvan-de-klashorst@example.net,+3113-7491497,Gold,No
CRM002113,Mirthe,Kof,jens09@example.com,0113-478342,Platinum,No
CRM002114,Joep,Blonk,mustafa78@example.com,(0932) 209313,Bronze,No
CRM002115,Yara,Courtier,jvermeulen@example.com,+31(0)21-1661615,Platinum,No
CRM002116,Stefan,Kremer,noorde-groot@example.org,+31957-202454,Bronze,Yes
CRM002117,Jim,Oda,ycarnotte@example.com,(025) 2004425,Platinum,No
CRM002118,Nora,Kleijse,schakelaarsten@example.net,+31366 910018,Gold,No
CRM002119,Noah,Prins,nadine80@example.org,0623-667626,Gold,Yes
CRM002120,Julie,van Hamaland,elisezijlmans@example.com,(002) 8388425,Bronze,No
CRM002121,Owen,Merckx,customer@,(0170) 342702,Platinum,No
CRM002122,Sam,Mulders,jaylinnde-vroege@example.net,(059)-9063105,Platinum,No
CRM002123,Owen,Arent,perkinsmax@example.net,+31390-891343,Bronze,No
CRM002124,Maartje,van Berkum,de-korterosa@example.org,+31(0)15 8876863,Platinum,Yes
CRM002125,Jurre,Tins,vvan-de-eerenbeemt@example.com,(099)-2684897,Gold,Yes
CRM002126,Lauren,van Brenen,de-nijsfloris@example.org,+31(0)85-1840533,Silver,No
CRM002127,Leon,Uphuis,arouwenhorst@example.org,+3187-0478317,Silver,No
CRM002128,Sven,Hakker,van-de-waternikki@example.org,(094) 6383341,Silver,Yes
CRM002129,Sem,Luboch,evikortman@example.com,+31(0)108 782683,Gold,No
CRM002130,Linde,Bierstraten,,0955 792744,Platinum,No
CRM002131,Pippa,Blokland,ischokman@example.net,040 5493528,Gold,No
CRM002132,Michael,Jdotte,jannehuijben@example.org,+31233-787734,Bronze,No
CRM002133,Jolijn,van Lucel,dekkersenna@example.org,+31(0)52 0252013,Silver,Yes
CRM002134,Esther,Roose,danique35@example.net,+31(0)51-7270764,Platinum,No
CRM002135,Eva,Buijs,tvan-de-biezenbos@example.com,(0104) 203155,Platinum,Yes
CRM002136,Myrthe,van Riet,xavi64@example.net,(014)-5579297,Platinum,No
CRM002137,Luke,de Hoog,janssenluuk@example.org,+31816-669145,Silver,No
CRM002138,Bjorn,Elsemulder,van-de-kooijjaylinn@example.org,+3159-0474953,Gold,No
CRM002139,Sofia,de Nijs,jvan-straaten@example.net,+3187 0127993,Silver,Yes
CRM002140,Amber,Hagendoorn,jonasvan-geenen@example.com,039-1431711,Silver,Yes
CRM002141,Milan,Mathol,haacknathan@example.com,(0264) 648128,Gold,No
CRM002142,Thijmen,le Gallen,ipost@example.com,(0033) 864501,Platinum,No
CRM002143,Sophie,Pons,kolsterimke@example.net,+31091 526592,Gold,Yes
CRM002144,Elias,Mol,gvan-arkel@example.net,+31(0)839-491888,Bronze,No
CRM002145,Isabel,van der Zijl,shupetijmen@example.org,(0098)-403725,Bronze,No
CRM002146,Megan,Hazenveld,van-maremaartje@example.net,+31281-624098,Gold,Yes
CRM002147,Jayson,van den Nuwenhijsen,esmee41@example.org,+31(0)140-805380,Platinum,Yes
CRM002148,Lieke,Veenendaal,ogalenzone@example.net,+31(0)673-460731,Platinum,No
CRM002149,Vajèn,van Geffen,,(0787) 105687,Platinum,Yes
CRM002150,Elif,Melet,keanovan-der-berg@example.org,+31(0)03 8410134,Platinum,No
CRM002151,Stella,de Groot,bibihelmerhorst@example.net,(031)-5589894,Silver,No
CRM002152,Pleun,van der Heiden,kortmanjinthe@example.org,(0329)-778596,Bronze,Yes
CRM002153,Fem,Eelman,noudmens@example.com,(0075)-723483,Bronze,No
CRM002154,Micha,van Oudewater,naud70@example.org,+31(0)03-0065950,Bronze,Yes
CRM002155,Stan,Moensendijk,omaas@example.org,0630-864248,Gold,Yes
CRM002156,Noortje,Garret,customer@@example.com,+31(0)50 4269886,Silver,No
CRM002157,Nina,Verschuere,elizepons@example.com,064-8489506,Bronze,No
CRM002158,Nova,le Briel,imkevan-de-velde@example.net,+31(0)631 362739,Gold,No
CRM002159,Sophia,Volcke,schelvisesther@example.org,(0813) 054574,Silver,No
CRM002160,Ravi,Backer,van-milisabel@example.net,+3115 2250789,Gold,Yes
CRM002161,Lara,d' Heripon,thomholthuis@example.net,(049)-4839648,Platinum,No
CRM002162,Jayson,Weeldenburg,mick01@example.org,(004)-1202388,Bronze,No
CRM002163,Mika,van Vermandois,xkolster@example.com,0152-055606,Platinum,Yes
CRM002164,Puk,Vermeulen,mariade-keijzer@example.org,+3194 2762356,Silver,Yes
CRM002165,Joep,van Leeuwen,gijshuberts@example.net,+31(0)580 563995,Silver,No
CRM002166,Brent,van Nus,rotteveelgijs@example.com,+31735-202662,Silver,No
CRM002167,Duuk,van den Assem,phileinevan-de-weterink@example.com,+31(0)508-975025,Gold,Yes
CRM002168,Kai,van Wijland,pepijn18@example.com,+31103 441926,Silver,No
CRM002169,Milou,van 't Houteveen,karlijn73@example.net,+3148-4935162,Silver,Yes
CRM002170,Carlijn,Lucas,hugootte@example.net,+3148 3303630,Platinum,No
CRM002171,Julie,Hendricks,zpratt@example.net,(061) 2741190,Platinum,Yes
CRM002172,Jason,Recers,sarah47@example.org,,Bronze,Yes
CRM002173,Loïs,van Haspengouw Hesbaye,yfremie@example.com,+31717-495456,Bronze,Yes
CRM002174,Aiden,van de Velden,hoogersjasmijn@example.com,(0840) 547481,Platinum,No
CRM002175,Sterre,Keijser,maja02@example.net,+31(0)15 8962920,Gold,Yes
CRM002176,Marijn,Mercks,chrisvan-enschot@example.org,(0985) 528875,Gold,No
CRM002177,Zakaria,Bernaards,aron25@example.net,+31(0)93-7663718,Platinum,No
CRM002178,Jordy,van Breukeleveen,lucabourgondie-van@example.net,+31(0)264-222422,Bronze,Yes
CRM002179,Mirthe,Vos,vverbeeck@example.net,+31161-752802,Gold,No
CRM002180,Giovanni,van Hostaden,leonjacquot@example.org,(0092) 019765,Gold,No
CRM002181,Mila,van der Wal,,+31725-110807,Platinum,No
CRM002182,Tirza,Totwiller,aya46@example.com,(003) 1682950,Gold,No
CRM002183,Yassin,Heymans,bruijne-van-der-veendavid@example.com,075-4868321,Bronze,No
CRM002184,Luka,Scheer,daanmeeusen@example.net,(036)-3895012,Silver,Yes
CRM002185,Niels,d' Heripon,amberkoster@example.net,+31(0)41-8166270,Silver,Yes
CRM002186,Sil,Jdotte,stefan33@example.org,(0815)-749770,Gold,Yes
CRM002187,Emma,Timmerman,uvan-der-zijl@example.com,+3192-1046242,Bronze,No
CRM002188,Tycho,Gellemeyer,sofie61@example.net,+3116 4676950,Silver,Yes
CRM002189,Quinn,van Boven,alyssastamrood@example.net,016-7626901,Bronze,No
CRM002190,Lizz,Spiker,spruyttyler@example.net,063-9282798,Gold,No
CRM002191,Linde,Hak,vengels@example.net,(0333)-465170,Silver,Yes
CRM002192,Faye,Lemmens,elisa37@example.org,+31(0)83 6151117,Platinum,No
CRM002193,Jorn,Ketting,phaneberg@example.net,000 9805949,Bronze,Yes
CRM002194,Mart,Mahieu,stoffelsznadia@example.org,0832-319893,Silver,No
CRM002195,Sami,de Marduras,ide-gratie@example.net,(0487)-588565,Bronze,No
CRM002196,Thom,Dorsman,van-de-noordmarkmarinus@example.com,(0019) 020868,Platinum,Yes
CRM002197,Tristan,van Maaren,rafael71@example.com,+3157-5680709,Platinum,Yes
CRM002198,Jade,Leene,qvan-saksen@example.com,+31(0)91-1074335,Bronze,Yes
CRM002199,Wouter,van der Steen,jakedie-witte@example.net,068-4307348,Silver,No
CRM002200,Youssef,Fortuyn,ggalijn@example.net,(043) 6224188,Gold,Yes
CRM002201,Amelia,Courtier,martkeijzer@example.org,005-7637300,Silver,No
CRM002202,Mark,van Alenburg,moljorn@example.net,(0319)-308041,Platinum,Yes
CRM002203,Lena,van Liendert,wilsonriley@example.net,0555 265313,Platinum,Yes
CRM002204,Maya,van Laarhoven,van-wessexryan@example.com,0547-253639,Bronze,Yes
CRM002205,Noor,Galijn,vvan-den-oever@example.org,+3189 7430382,Gold,Yes
CRM002206,Thijmen,Dachgelt,jolievan-riet@example.org,+31(0)78-0455020,Gold,No
CRM002207,Joy,Westerbeek,jsmith@example.com,+31(0)71 4699919,Bronze,Yes
CRM002208,Dani,Ellis,maud07@example.net,+31(0)930-207939,Platinum,No
CRM002209,Teun,Brugman,jesperbouhuizen@example.org,+31(0)189 714164,Platinum,Yes
CRM002210,Giel,Steenbakkers,van-den-brinkmatthias@example.org,0829 699504,Bronze,No
CRM002211,Imran,Ellis,owenvan-de-ven@example.com,(0703)-902166,Gold,Yes
CRM002212,Bo,van de Ven,zaalmerel@example.com,+31(0)954 653118,Silver,No
CRM002213,Jelle,Cornelisz,jvan-maaren@example.com,+31173 767722,Bronze,Yes
CRM002214,Joost,Brandon,veerle46@example.net,+31(0)27-3644764,Platinum,No
CRM002215,Robin,van Beaumont,wouters-van-eijndhovenjohanna@example.com,0432-774570,Silver,Yes
CRM002216,Kiki,Huberts,smitsbritt@example.com,+31(0)415-908307,Bronze,Yes
CRM002217,Ian,Ferran,laurenshoudijk@example.net,+31072 314996,Silver,Yes
CRM002218,Johannes,Coret-Coredo,selena84@example.net,(008)-6755891,Gold,Yes
CRM002219,Joy,van Nus,josephine00@example.org,054 5006224,Silver,No
CRM002220,Robin,van Wijk,tessa39@example.net,(0129) 012616,Platinum,No
CRM002221,Kyan,van Noordeloos,annemijnhofman@example.net,+31(0)64-7172384,Silver,Yes
CRM002222,Lukas,Martel,wouter91@example.org,+31(0)07-9188598,Platinum,Yes
CRM002223,Morris,Hofman,wthatcher@example.org,057 6283277,Bronze,No
CRM002224,Oscar,Loep,lvial@example.net,+31819-797591,Silver,No
CRM002225,Sjoerd,Post,cgruijl@example.net,0258 820974,Platinum,Yes
CRM002226,Amber,Huijben,nolleejip@example.org,031 3094180,Bronze,Yes
CRM002227,Ize,Schelvis,lizaverbeeck@example.org,(028)-6539114,Gold,Yes
CRM002228,Linde,van den Berg,mads84@example.net,008 2001713,Silver,Yes
CRM002229,Lina,van Gastel,feline02@example.org,0924 549178,Silver,No
CRM002230,Isa,Bijlsma,dirk21@example.com,0820-669388,Bronze,No
CRM002231,Adam,Bekbergen,ymeis@example.org,+31(0)30-3416782,Silver,No
CRM002232,Joep,Stichter,postmalisanne@example.org,+31(0)435-419285,Silver,Yes
CRM002233,Lily,Mulder,kayleegnodde@example.net,0702-208908,Bronze,No
CRM002234,Valentijn,Segerszoen,sscardino@example.com,+31(0)67-6227065,Bronze,Yes
CRM002235,Hanna,Dachgeldt,ponsjuul@example.org,+31581 982153,Silver,No
CRM002236,Sienna,Strijker,maarten35@example.com,072 2870770,Bronze,Yes
CRM002237,Amin,Bökenkamp,maaike56@example.org,0713-664276,Gold,Yes
CRM002238,Amina,Rouwhorst,fsarneel@example.net,076-7859493,Silver,No
CRM002239,Mila,van Drenthe,kaylee46@example.org,+31(0)134 729697,Bronze,Yes
CRM002240,Sienna,Lathrope,ise19@example.com,+31(0)927 368449,Bronze,No
CRM002241,Vajèn,van Ginneke,ukok@example.org,+31(0)46-1297463,Silver,Yes
CRM002242,Kyan,van der Laarse,sterrekamper@example.net,+31(0)524 582618,Platinum,Yes
CRM002243,Damian,van Leeuwen,van-der-veenfabian@example.org,(0865)-862201,Bronze,Yes
CRM002244,Floris,Cornelissen,dekkerjan@example.org,0557 631961,Gold,No
CRM002245,Stef,de Koning,pvoortman@example.com,+3108 4578008,Bronze,No
CRM002246,Fleur,die Pelser,hulstvictoria@example.org,(0967)-831632,Gold,Yes
CRM002247,Mare,Everts,,+31531 135784,Gold,Yes
CRM002248,Zara,Steenbeek,bpersijn@example.com,+3167 6428279,Silver,Yes
CRM002249,Phileine,Cosman,ouwellivia@example.org,093 3963827,Bronze,No
CRM002250,Olaf,Huijzing,sadriaensdr@example.org,(086)-0345334,Bronze,No
CRM002251,Felix,Vignon,alicia28@example.org,+3134-5618827,Bronze,Yes
CRM002252,Victor,Emmen,lina96@example.org,+3137 2910683,Platinum,Yes
CRM002253,Evie,Bosch,lucsimons@example.org,+31(0)24 9834466,Gold,No
CRM002254,Bryan,van Breukelveen,van-egisheimboris@example.com,+31(0)038-989414,Bronze,No
CRM002255,Cato,Bos,rvan-straaten@example.org,+3173-8821757,Silver,Yes
CRM002256,Daphne,Jekel,mart40@example.org,(086)-8850815,Silver,Yes
CRM002257,Amy,Wutke,karlijnvan-herstal@example.org,0897-458718,Silver,No
CRM002258,Thom,van de Veen,hoedemakersmats@example.org,0333-759854,Platinum,Yes
CRM002259,Carlijn,Corstiaens,ufriehus@example.com,(024)-5220616,Silver,No
CRM002260,Loïs,Martens,owen27@example.com,+31(0)221 974322,Gold,No
CRM002261,Evelien,van Beeck Beeckmans,sepp41@example.org,+31684-757113,Gold,No
CRM002262,Laura,Rijcken,roosetyler@example.com,(069) 7786028,Bronze,No
CRM002263,Tom,Simonis,bechtsanne@example.net,(0255) 926496,Silver,No
CRM002264,Aya,Pastoors,xslagmolen@example.net,0164-552314,Platinum,No
CRM002265,Hendrik,Meijer,mia95@example.org,033 3460338,Gold,Yes
CRM002266,Yassin,van der Meulen,van-vermandoisanouk@example.com,(0881)-937565,Silver,Yes
CRM002267,Rafael,Hoogers,van-gorpjayda@example.com,+31644-816422,Platinum,No
CRM002268,Yara,van Oudewater,rhulshouts@example.com,(0215) 617184,Gold,No
CRM002269,Koen,Blom,van-ochtentara@example.net,(0697)-557819,Bronze,Yes
CRM002270,Nikki,Wolfsdr,dstettyn@example.net,+3185-0970612,Platinum,Yes
CRM002271,Jim,Westerbeek,fatimahuisman@example.org,+3153-6574355,Platinum,No
CRM002272,Luca,Lemmens,joost63@example.org,+31(0)40-6293376,Silver,Yes
CRM002273,Mara,van de Ven,evie75@example.net,+31(0)81 7618795,Bronze,No
CRM002274,Felix,Heymans,hfiere@example.org,(012)-1963530,Platinum,Yes
CRM002275,Thijs,Bouthoorn,gepa-van-bourgondiegiel@example.com,065 9985235,Bronze,No
CRM002276,Quinten,Hoekstra,lizzvan-den-nuwenhijsen@example.org,0644 873899,Gold,Yes
CRM002277,Lieke,Goderts,ayoubvan-t-riet@example.net,(0971)-220909,Platinum,Yes
CRM002278,Silke,Mulder,vde-bont@example.org,(046) 2867071,Bronze,No
CRM002279,Joshua,Lemmens,robinkoret@example.org,(0117)-165736,Bronze,Yes
CRM002280,Jonas,Prinsen,norah52@example.net,,Silver,Yes
CRM002281,Aron,Strik,tirieise@example.com,(075) 0439711,Platinum,No
CRM002282,Noortje,Neuteboom,gvan-egisheim@example.org,(036)-9653805,Gold,No
CRM002283,Niek,van de Velde,prijks@example.com,,Bronze,No
CRM002284,Duuk,Barents,haengrevesepp@example.com,+31(0)15 9573511,Silver,Yes
CRM002285,Maaike,Rubben,tdiesbergen@example.com,(0557)-263343,Silver,No
CRM002286,Kyan,Gepa van Bourgondië,van-der-veldenstijn@example.com,+3134 3946597,Platinum,Yes
CRM002287,Noëlle,van Boulogne,inoordijk@example.org,0258-784953,Bronze,Yes
CRM002288,Jason,van Nederlotharingen,tkronenberg@example.org,+31(0)913 976628,Platinum,Yes
CRM002289,Senn,Broeckx,nvan-der-stael-de-jonge@example.net,066 7491730,Gold,No
CRM002290,Imran,de Jong,chrodtruddylano@example.com,+31(0)112-556398,Silver,No
CRM002291,Lieve,Wendt,daniel76@example.org,0832-074564,Bronze,No
CRM002292,Elin,van Ham,tvan-luxemburg@example.org,+31(0)786-763741,Platinum,No
CRM002293,James,Gerritse,bradley27@example.com,+31758 056440,Gold,Yes
CRM002294,Sander,Rouwhorst,tvolcke@example.com,+3134 5866555,Platinum,Yes
CRM002295,Marinus,die Witte,azra86@example.net,+3132 5650227,Silver,No
CRM002296,Lorenzo,de Vries,damianvan-den-heuvel@example.org,(0811)-772140,Platinum,Yes
CRM002297,Azra,Estey,utimmermans@example.net,+3131-8075355,Platinum,No
CRM002298,Mirte,van der Pol,mika56@example.org,+3196 2987399,Silver,No
CRM002299,Gijs,Ansems,bvan-dokkum@example.net,035-9855480,Silver,Yes
CRM002300,Loes,Aertsz,daan88@example.net,073 7692826,Gold,Yes
CRM002301,Amélie,van der Pol,de-groteyfke@example.org,023 1616017,Silver,Yes
CRM002302,Norah,van Brunswijk,isa98@example.net,(038) 3065639,Platinum,No
CRM002303,Melissa,Rotteveel,hoekselizabeth@example.org,(038) 4208012,Silver,No
CRM002304,Dewi,van Allemanië,jasper12@example.com,012-0461851,Bronze,Yes
CRM002305,Aimée,Schipper,van-oudewaterwouter@example.net,(0059)-094457,Silver,No
CRM002306,Wesley,Hoekstra,sannevan-verdun@example.net,(003) 5285337,Gold,Yes
CRM002307,Juliette,Hemma van Allemanië,michaklomp-jan@example.com,0106 603827,Gold,Yes
CRM002308,Nynke,Peeters,myrthede-haan@example.com,0897-210163,Gold,Yes
CRM002309,Frederique,van Mispelen,wipstrikjuliette@example.org,(0006) 350749,Gold,Yes
CRM002310,Eline,Heymans,de-bruijnloek@example.org,+31041-494791,Bronze,No
CRM002311,Elize,van Haspengouw Hesbaye,siennabellemans@example.org,+3112-9083102,Silver,Yes
CRM002312,Cornelia,Tuithof,fvan-oosten@example.org,+31(0)20-7269500,Bronze,Yes
CRM002313,Ninthe,Dekker,appelmanbibi@example.net,+3183-7620972,Platinum,No
CRM002314,Twan,Stook,ties48@example.net,088-9050668,Bronze,Yes
CRM002315,Duuk,Doesburg,wintersvictor@example.net,091 7724547,Bronze,No
CRM002316,Samuel,Lijn,avan-t-houteveen@example.org,+31(0)41 1486835,Platinum,Yes
CRM002317,Ise,d' Heripon,ilse12@example.org,+31(0)23 9362781,Platinum,Yes
CRM002318,Mirte,Sprong,van-gelderjustin@example.com,(036)-6458676,Platinum,Yes
CRM002319,Evie,Everts,lottebeernink@example.org,+31(0)51-3194615,Bronze,Yes
CRM002320,Liz,Klomp Jan,aeijeyara@example.com,0599 488239,Platinum,Yes
CRM002321,Twan,Rijks,veldermanluc@example.net,+31(0)59-2532312,Gold,Yes
CRM002322,Jenna,Huisman,ohofman@example.net,0972-085394,Bronze,No
CRM002323,Cornelia,van Kasteelen,hendricksisabella@example.net,+31(0)474-164723,Silver,No
CRM002324,Lucas,van Daal,sophiagnodde@example.net,+31(0)200-673758,Platinum,Yes
CRM002325,Giovanni,Meis,romy40@example.org,(044) 1877804,Platinum,Yes
CRM002326,Inaya,Vial,aron67@example.net,033-9742763,Gold,Yes
CRM002327,Sam,Marceron,ivan-der-smeede@example.net,+31(0)622-895748,Gold,No
CRM002328,Anne,Mallien,nora28@example.net,002 7501248,Silver,No
CRM002329,Joep,van den Nuwenhuijzen,pkas@example.com,+31(0)285-030373,Gold,No
CRM002330,Maria,Hehl,umuller@example.com,+31411-848959,Platinum,No
CRM002331,Charlotte,Jansen,dewismit@example.net,(0142)-994719,Gold,No
CRM002332,Max,Vegt,eckhardttim@example.net,(024) 6445218,Bronze,Yes
CRM002333,Anna,Dijkman,wvan-de-darnau@example.org,077-3196986,Silver,Yes
CRM002334,Levi,die Bont,senn88@example.org,(027) 8787148,Gold,Yes
CRM002335,Joris,Mangel,courtiertijmen@example.com,0606-521598,Gold,No
CRM002336,Catharina,Stange,meeresgijs@example.org,0344-978905,Platinum,Yes
CRM002337,Ibrahim,van Oosten,de-grusonemma@example.com,+31061-085868,Gold,No
CRM002338,Yusuf,de Reede,d-heriponrik@example.org,080 4920560,Platinum,Yes
CRM002339,Laurens,Bouthoorn,jim60@example.com,+3189-2361700,Silver,Yes
CRM002340,Hamza,Kalman,dion26@example.org,0025-458118,Gold,Yes
CRM002341,Rosalie,Marchand,yvan-waas@example.com,0378-992126,Platinum,Yes
CRM002342,Luuk,Kosten,sde-nijs@example.com,+31327-973565,Bronze,Yes
CRM002343,Lizz,Neuzerling,clorreijn@example.org,+31(0)51-7841027,Platinum,No
CRM002344,Jonathan,van Wijland,korstmanecrin@example.com,+31(0)008 845873,Gold,No
CRM002345,Jayda,Furda,van-den-nyeuwenhuysenlina@example.net,(089) 6925397,Silver,Yes
CRM002346,Chloë,Versluijs,jakekeltenie@example.org,(091)-7856257,Platinum,No
CRM002347,Mads,van Berkel,zijlmansashley@example.com,(094)-6969837,Platinum,Yes
CRM002348,Jens,van Bunschoten,zara87@example.net,+31(0)66-1518374,Bronze,Yes
CRM002349,Kate,Velderman,isabellaamalrada@example.net,086 4876911,Platinum,Yes
CRM002350,Fedde,Schroeff,van-de-biezenbosbryan@example.org,,Silver,Yes
CRM002351,Feline,Goyaerts van Waderle,nvan-de-kooij@example.net,+3115-7515839,Bronze,No
CRM002352,Pim,le Briel,eijkelboomjolijn@example.org,+31(0)65 2000368,Bronze,Yes
CRM002353,Fenna,Moensendijk,michaelkerkhof@example.com,(0957) 901722,Gold,Yes
CRM002354,Emir,Mathurin,van-der-sandejoep@example.net,087 7708803,Silver,Yes
CRM002355,Jaylinn,Koster,weylandmaaike@example.com,+31(0)544 455740,Silver,Yes
CRM002356,Jorn,Hehl,david58@example.net,(0210)-849102,Bronze,No
CRM002357,Joost,Kathagen,lafleurhendrik@example.org,+31(0)20 7324050,Silver,Yes
CRM002358,Sienna,Everts,customer@,0625 729373,Gold,Yes
CRM002359,Ilse,Pieters van der Maes,zjorlink@example.org,+31(0)534 724585,Silver,Yes
CRM002360,Fien,Bosch,naomilensen@example.net,080-0675753,Silver,No
CRM002361,Joost,Heijman,van-wallaertjob@example.net,+31(0)59-9947543,Gold,No
CRM002362,Anne,Hollander,schoutenjet@example.net,+31(0)89 3328035,Gold,No
CRM002363,Romy,Engels,stettynolivia@example.com,+31(0)11-5087960,Silver,Yes
CRM002364,Elize,Kerkhof,irubben@example.net,+31(0)07-1035096,Silver,No
CRM002365,Senna,van Leeuwen,wklerks@example.net,0611 444824,Gold,Yes
CRM002366,Janne,Bökenkamp,dvan-der-plas@example.com,+31(0)08-8286311,Platinum,No
CRM002367,Sami,van Goerle,oscar13@example.net,+31(0)662 085423,Platinum,No
CRM002368,Stijn,Roosenboom,smitsfleur@example.com,(0078) 965816,Platinum,Yes
CRM002369,Tirza,de Bruijn,rde-wit@example.org,+3121 4676500,Silver,No
CRM002370,Mia,Ketting,mart88@example.org,0659 325565,Platinum,Yes
CRM002371,Saar,Pison,tygovan-den-henst@example.com,+31059-770353,Platinum,Yes
CRM002372,Maaike,van Beek,alicia61@example.org,+3177 6339304,Silver,Yes
CRM002373,Jim,Phillipsen,esmee72@example.net,(0391) 452752,Silver,Yes
CRM002374,Aaron,Loep,tirzavan-gorp@example.org,(0654) 485860,Silver,No
CRM002375,Niek,Janssen,maja42@example.org,(0884) 322524,Silver,Yes
CRM002376,Hendrik,Bruijne van der Veen,levivan-hulten@example.org,025 7288126,Platinum,No
CRM002377,Lorenzo,van Hamaland,rboudewijns@example.org,081-5293339,Bronze,No
CRM002378,Roos,Scheer,riddermaxim@example.com,(020)-4545736,Gold,No
CRM002379,Giovanni,Velderman,koretcatharina@example.org,(097)-4700150,Bronze,Yes
CRM002380,Matthijs,Spruyt,krademaker@example.com,+31029 721242,Gold,Yes
CRM002381,Elena,van Engeland,siemgodfrey-van-alemannie@example.com,+31(0)57 2660644,Platinum,Yes
CRM002382,Merijn,van Orleans,moosterhek@example.org,+3199 9973960,Gold,Yes
CRM002383,Arie,van Rijnsbergen,adamjdotte@example.org,+31344-808563,Bronze,Yes
CRM002384,Berat,Zijlemans,jvan-den-pol@example.com,+31089 245068,Platinum,No
CRM002385,Milan,Spaan,hendrik03@example.org,+3178 5680583,Gold,No
CRM002386,Tara,Gruijl,vijoelle@example.net,0920 113331,Gold,Yes
CRM002387,Boris,Moenen,ilse82@example.org,(010) 1163109,Bronze,Yes
CRM002388,Romy,Boeser,noortje80@example.com,+31(0)55 5666805,Gold,No
CRM002389,Jake,Zijlemans,elisabethvan-de-elzas@example.com,+31315-343950,Bronze,Yes
CRM002390,Jasper,van Suinvorde,nihoeliv@example.org,(042)-6492115,Silver,Yes
CRM002391,Saar,Mercks,fedde15@example.org,(023)-8696356,Bronze,No
CRM002392,Lot,Recer,mohamedlieshout@example.com,(0838)-124351,Bronze,No
CRM002393,Sep,Lemmens,vde-marduras@example.net,(004)-4054282,Bronze,No
CRM002394,Maartje,Vignon,pwinters@example.com,(015) 5708760,Bronze,No
CRM002395,Tycho,van Clootwijck,,+31773 270997,Silver,No
CRM002396,Zoë,Molenaar,xboetet@example.org,+31(0)15-2430413,Bronze,No
CRM002397,Nout,Wouters van Eijndhoven,rijnlivia@example.org,(0350) 091548,Silver,Yes
CRM002398,Ben,Verhagen,jesseverhoeven@example.org,+31240 211030,Bronze,No
CRM002399,Jinthe,Vrancken,floriswillems@example.net,+3111-1924732,Platinum,No
CRM002400,Jonas,Post,wesleyrecers@example.com,+31473 118711,Gold,Yes
CRM002401,Indy,Weylant,van-metzlina@example.org,(033) 8521393,Silver,No
CRM002402,Ben,van Dokkum,weijterspieter@example.com,0489-864661,Bronze,No
CRM002403,Merle,Hexspoor,maassarah@example.com,+31(0)99 0574102,Platinum,No
CRM002404,Eliza,Beekman,jennifer30@example.org,(091)-4136526,Silver,Yes
CRM002405,Rick,Ouwerkerk,alyssavan-den-corput@example.org,0813-651375,Gold,Yes
CRM002406,Giovanni,van der Meulen,gvan-beek@example.com,+31882-977907,Bronze,No
CRM002407,Niek,Hermans,nisasmit@example.org,+31314-079123,Platinum,Yes
CRM002408,Evelien,Weijters,ymolenaar@example.com,+31(0)938-124206,Bronze,Yes
CRM002409,Yasmine,de Groot,kiki24@example.org,(096)-2720383,Gold,Yes
CRM002410,Ivy,Bloemendaal,zoe67@example.net,+3169 5090543,Bronze,No
CRM002411,Ilse,van der Spaendonc,tpotters@example.net,(0065) 307827,Silver,Yes
CRM002412,Youssef,Govarts,iovereem@example.com,046-9400843,Gold,No
CRM002413,Juul,Haselaar,ellisrobin@example.org,0428 859731,Bronze,Yes
CRM002414,Lise,Muijs,oomsjayda@example.org,+31540-504650,Gold,Yes
CRM002415,Lois,Dirven,yasmin18@example.org,+3157-8330112,Silver,No
CRM002416,Yinthe,Lansink,marinus77@example.org,(0191) 495422,Platinum,No
CRM002417,Owen,van Wassenaar,ede-werd@example.com,043 4535118,Gold,No
CRM002418,Sebastiaan,Rijcken,niels57@example.net,(0688)-779308,Bronze,No
CRM002419,Quinn,Jansen,clamore@example.com,(054) 7853931,Platinum,Yes
CRM002420,Megan,Wever,yasminspies@example.com,+31595-694121,Platinum,No
CRM002421,Rik,Post,manneesmee@example.net,+31(0)219-141809,Silver,Yes
CRM002422,Bradley,van Oudewater,kyanovan-salm@example.net,+31(0)742 217153,Platinum,Yes
CRM002423,Dave,de Strigter,mlieshout@example.org,033-3670103,Platinum,Yes
CRM002424,Mehmet,de Smit,gvan-stralen@example.net,(054) 1614069,Platinum,Yes
CRM002425,Noah,de Vrome,jinthe34@example.org,(043)-4016626,Bronze,No
CRM002426,Lisa,Aeije,lukevan-boulogne@example.com,+3105 2520045,Silver,No
CRM002427,Vajèn,Langevoort,maaike43@example.org,036 2660959,Bronze,Yes
CRM002428,Lizz,van Tours,bartwipstrik@example.org,+31(0)49 7533882,Gold,No
CRM002429,Jesper,van der Heijden,wunruoch-hunerik@example.net,(0291) 331560,Bronze,No
CRM002430,Sebastiaan,Claesdr,abelschatteleijn@example.org,+3115 3664487,Bronze,No
CRM002431,Lana,Hanegraaff,ywipstrik@example.org,0877 014629,Silver,Yes
CRM002432,Mart,le Floch,maud96@example.org,(0131) 907541,Gold,Yes
CRM002433,Eva,Wouters van Eijndhoven,james66@example.net,+31129 954891,Platinum,Yes
CRM002434,Fenne,Broek,kianslagmolen@example.com,(0631)-261887,Bronze,Yes
CRM002435,Jill,Prins,bentevan-mispelen@example.org,+3141-1354787,Bronze,Yes
CRM002436,Cas,Wolzak,nadia99@example.org,+31(0)066-450115,Platinum,Yes
CRM002437,Alyssa,Claesdr,wilsonnoah@example.com,(026)-1429288,Platinum,Yes
CRM002438,Kay,van Kempen,guus17@example.com,(004)-3487226,Gold,Yes
CRM002439,Benjamin,Saxo,qpost@example.net,+31(0)66 6901684,Bronze,No
CRM002440,Jake,de Backer,jinthe70@example.org,+3101-4505164,Platinum,Yes
CRM002441,Dina,Verheij,lotvan-noort@example.com,+31(0)47-4529785,Gold,No
CRM002442,Daniël,le Luc,mvan-liendert@example.com,+3110 1975127,Bronze,Yes
CRM002443,Kate,van Luinenburg,senn91@example.com,(0508) 297197,Bronze,Yes
CRM002444,Hidde,Hoelen,emily74@example.org,(085) 7085337,Gold,No
CRM002445,Hailey,Wagenvoort,martelloes@example.com,+3179 4745632,Silver,Yes
CRM002446,Emily,Bouthoorn,van-dommelenfrederique@example.org,+31(0)404-977046,Platinum,Yes
CRM002447,Guus,Blom,daan10@example.org,(0933) 535116,Silver,Yes
CRM002448,Liz,Vermeulen,,+31(0)128 351491,Platinum,Yes
CRM002449,Sepp,van de Velden,uden-buytelaar@example.com,041-2802890,Gold,No
CRM002450,Jesse,Huel,@retailmart.com,+3154-6250161,Platinum,No
CRM002451,Tess,Groenendaal,qvan-de-wal@example.org,002-8315383,Bronze,No
CRM002452,Sterre,Adriaansen,lieve69@example.net,027-6242474,Bronze,No
CRM002453,Amélie,de Kok,lucasaertsz@example.net,(049)-5867075,Bronze,No
CRM002454,Vigo,Scholten,frackham@example.org,+31(0)918 675808,Gold,No
CRM002455,Yusuf,Korstman,levesquemark@example.net,(0730) 871663,Gold,No
CRM002456,Faye,Cadefau,ponciravi@example.net,+3197-3678146,Gold,No
CRM002457,David,Passchiers,ivan-alenburg@example.org,010 3157749,Silver,Yes
CRM002458,Amina,Pratt,abelde-boer@example.org,+31(0)31 9246634,Bronze,Yes
CRM002459,Sven,Versluijs,loekboer@example.com,092 5215882,Platinum,No
CRM002460,Eliza,Mudden,nadineclaassen@example.org,0128 179922,Silver,Yes
CRM002461,Kyano,Reimes,iligtvoet@example.org,+31651 932836,Bronze,No
CRM002462,Zeynep,Ruijs,jurre12@example.net,0556-308675,Platinum,No
CRM002463,Bjorn,Loep,aschmanjoshua@example.com,059-6710443,Bronze,No
CRM002464,Vigo,van Ooste,evijoosten@example.net,0454 315074,Platinum,Yes
CRM002465,Mart,Aertsz,mohamedvan-kuijc-van-malsen@example.org,(0710)-543453,Gold,No
CRM002466,Morris,Haneberg,van-herstaljasmijn@example.com,+31392-305492,Silver,Yes
CRM002467,Hidde,Woudenberg,,+31(0)480-534996,Silver,Yes
CRM002468,Faye,van Geenen,dewi36@example.net,(015) 5593857,Silver,Yes
CRM002469,Zoey,Spier,de-boeryusuf@example.net,(0369)-005489,Platinum,No
CRM002470,Linn,Ariens Ansems,aketting@example.org,0441 500761,Gold,No
CRM002471,Ise,de Beer,de-koninglily@example.com,+31196 056254,Silver,No
CRM002472,Eva,Huls,sander44@example.com,(0271)-229417,Bronze,No
CRM002473,Tim,Die Bont,ovan-den-nyeuwenhuysen@example.net,094 1169343,Platinum,No
CRM002474,Dave,van den Hoek,pprins@example.org,0091 690242,Bronze,No
CRM002475,Pien,Marchal,de-bruynkayleigh@example.com,(0150)-727976,Silver,No
CRM002476,Louise,van Wallaert,esmeevan-laar@example.org,0656 997585,Platinum,No
CRM002477,Jake,Genefaas,unruoch-hunerikrayan@example.org,0141 140242,Silver,No
CRM002478,Fenna,Schilt,van-de-biesenboslara@example.com,+31136-561348,Bronze,Yes
CRM002479,Mees,van de Greef,mika02@example.com,(0579) 826052,Platinum,Yes
CRM002480,Robin,Simons,kostenfenna@example.org,0623-127847,Platinum,Yes
CRM002481,Jim,Shupe,greijmatthijs@example.net,+31(0)532-556715,Bronze,Yes
CRM002482,Max,van Maasgouw,joostflink@example.net,(074)-3144272,Silver,Yes
CRM002483,Janna,Govarts,daniels-gravensande@example.com,+31(0)870 468660,Silver,No
CRM002484,Esila,van Praagh,oblees@example.org,078-0129695,Bronze,Yes
CRM002485,Lois,Pieters,yblonk@example.org,0794 889550,Silver,No
CRM002486,Mart,Pasman,matthijskalman@example.org,0993 522927,Bronze,Yes
CRM002487,Maarten,van Dagsburg,mayaprins@example.com,0290-643985,Gold,Yes
CRM002488,CHARLOTTE,Martens,orademaker@example.com,+31(0)188-770038,Gold,Yes
CRM002489,Noud,Oosterhout,nadiaeijkelboom@example.com,(016) 4719725,Platinum,No
CRM002490,Jasper,Bakker,jason12@example.com,0515-280295,Silver,Yes
CRM002491,Maxim,Westerburg,fpotters@example.net,(027) 4845034,Silver,Yes
CRM002492,Jim,Winnrich,britt53@example.com,+31400 456564,Silver,Yes
CRM002493,Mika,Godfrey van Alemannië,faas71@example.com,(003) 2856945,Bronze,Yes
CRM002494,Fenna,van der Wal,fslingerland@example.org,+3156 6109689,Silver,Yes
CRM002495,David,Schuurmans,ecrin58@example.org,+31297-825535,Silver,Yes
CRM002496,Lise,van Cuijck,hde-keijzer@example.com,088-0264101,Platinum,Yes
CRM002497,Isabella,Blom,fbernaards@example.com,+31(0)232 727344,Silver,Yes
CRM002498,Johanna,le Floch,lucy93@example.com,+31(0)07-4726761,Bronze,No
CRM002499,Mohamed,Weijland,vlorreijn@example.net,(0602) 759760,Gold,Yes
CRM002500,Aya,van Enschot,rvan-dokkum@example.net,+3161-9618099,Bronze,Yes
CRM002501,Tyler,de Plantard,ian90@example.com,(000)-9983999,Silver,Yes
CRM002502,Lukas,Scuylenborchs,fpierson@example.net,058 0935467,Bronze,No
CRM002503,Xavi,Kosten,kvan-allemanie@example.org,+31481-647695,Platinum,No
CRM002504,Lex,van Limburg,cemmen@example.com,+31(0)209-990735,Bronze,Yes
CRM002505,Jordy,Rehorst,groenthijn@example.net,0454 725154,Gold,Yes
CRM002506,Rick,Frerichs,majavan-wijk@example.org,0932 173099,Bronze,Yes
CRM002507,Dylano,Groenestein,buijskyan@example.org,(0261) 824051,Bronze,No
CRM002508,Lisa,van Soest,marchandsterre@example.com,064-9502093,Gold,Yes
CRM002509,Kyara,van Goerle,gfrancoise@example.org,(0062)-012465,Platinum,Yes
CRM002510,Lize,Heijmen,,(098) 1969449,Platinum,Yes
CRM002511,Tygo,Arnold,nienkevan-emmelen@example.net,(048)-9484786,Gold,No
CRM002512,Damian,Jaceps,gstange@example.net,024 0587447,Platinum,No
CRM002513,Koen,Overdijk,lotte12@example.org,+31(0)49-5333569,Silver,No
CRM002514,Linn,van Oosten,luna26@example.net,0149-478232,Silver,No
CRM002515,Twan,van Grondelle,mohamed76@example.net,+31642-792152,Gold,No
CRM002516,Sam,de Jong,tycho34@example.org,0988 809033,Silver,No
CRM002517,Tycho,van der Linden,van-t-ervequinty@example.org,(0211)-865237,Platinum,Yes
CRM002518,Sam,Kuijpers,carlijnknoers@example.org,+3175-5150746,Silver,No
CRM002519,Kyra,van Ginneke,kismanmathijs@example.net,+31(0)081-127727,Platinum,Yes
CRM002520,Hanna,van der Maath,jansenpuck@example.org,+3145 6647896,Silver,Yes
CRM002521,Puck,Huijbrechts,jorrisennoortje@example.org,+31(0)716 465712,Bronze,No
CRM002522,Luka,Gepa van Bourgondië,tkremer@example.net,+31(0)337-462138,Silver,No
CRM002523,Boaz,Geerts,lisahaack@example.org,(0816) 352100,Gold,No
CRM002524,Marit,Mathurin,eliasvan-der-maes@example.org,+31(0)43-5561665,Silver,Yes
CRM002525,Loïs,Blaak,ehagendoorn@example.com,060-7882008,Gold,No
CRM002526,Gijs,Huberts,mohamed94@example.org,(073) 7958986,Bronze,No
CRM002527,Fatima,Gemen,vlensen@example.com,(0727) 672839,Bronze,Yes
CRM002528,Maurits,Pierson,meeusenlena@example.com,+31(0)485-335664,Platinum,Yes
CRM002529,Bo,Louws,dex17@example.com,044-1351289,Silver,Yes
CRM002530,Marinus,den Buytelaar,jesse55@example.com,+31(0)572-304375,Silver,Yes
CRM002531,Joey,Verhoeven,ehlertlana@example.net,0161-613596,Platinum,No
CRM002532,Kate,van Ommeren,heinrichskay@example.com,027 1080544,Platinum,No
CRM002533,Boaz,Bud,roosvan-dijk@example.com,,Silver,Yes
CRM002534,Mees,Winnrich,jbrands@example.com,(0102)-560528,Silver,No
CRM002535,Jurre,Verhoeven,uwillemsen@example.org,(032) 5407761,Silver,Yes
CRM002536,Ninthe,van Haspengouw Hesbaye,plieshout@example.com,+31(0)129-620052,Bronze,Yes
CRM002537,Esther,van der Mast,fadryaens@example.org,+31(0)16-9739722,Gold,Yes
CRM002538,Nisa,Bouthoorn,eferran@example.com,+31725 058488,Bronze,Yes
CRM002539,Stella,Broeckx,lmolenaar@example.net,050 7408558,Gold,No
CRM002540,Victor,Freshour,djans@example.org,023-0189774,Platinum,No
CRM002541,Daniël,van den Bosch,,+31741-351184,Gold,Yes
CRM002542,Dana,Overdijk,ravi61@example.org,+31(0)05-9564796,Gold,Yes
CRM002543,Maud,Elsemulder,cvan-der-heyden@example.com,083 7933072,Platinum,Yes
CRM002544,Joëlle,van Maaren,sepp95@example.org,+31069-185464,Gold,No
CRM002545,Zoey,Molenaar,imrankruns@example.net,+31(0)050-640076,Silver,Yes
CRM002546,Marit,Verheij,pslagmolen@example.com,(076)-4005722,Platinum,Yes
CRM002547,Hailey,van Northeim,dlevesque@example.org,0083-805168,Bronze,Yes
CRM002548,Jasmijn,Stange,van-oostendorpjan@example.org,+3148 1294122,Platinum,No
CRM002549,Quinten,Rouwenhorst,aimee86@example.org,+31086 873688,Platinum,No
CRM002550,Job,van Soest,ramakersanne@example.net,(056) 1545278,Platinum,No
CRM002551,Fay,Korsman,nekgijs@example.com,035 2278936,Platinum,Yes
CRM002552,Ayoub,Hoes,,+3164-0233107,Gold,No
CRM002553,Ivy,Eijkelboom,kim82@example.net,(0955)-617962,Bronze,Yes
CRM002554,Keano,van Loon,rayan28@example.org,+31(0)93-0646316,Platinum,No
CRM002555,Robin,van den Assem,schenkloek@example.com,090 7503543,Silver,No
CRM002556,Sofia,Zijlmans,luca14@example.org,+31461 289317,Silver,Yes
CRM002557,Lisanne,Kolen,puk59@example.org,(028) 6192770,Gold,Yes
CRM002558,Janna,Recer,liv44@example.org,003 0678107,Silver,Yes
CRM002559,Wout,Sestig,dijkmansuus@example.org,+31(0)962-477578,Gold,Yes
CRM002560,Mia,Adelaar,gfreshour@example.com,(060)-9324920,Gold,No
CRM002561,Dean,Vierdag,heijmanjanne@example.org,,Bronze,Yes
CRM002562,Mads,Loreal,fwerdes@example.net,(054)-4620771,Silver,No
CRM002563,Tom,Wildschut,hvan-t-houteveen@example.com,0256 843457,Platinum,No
CRM002564,Bas,van Susa,thijs35@example.com,+3100-1799250,Silver,Yes
CRM002565,Senna,Jeggij,miadie-bont@example.org,+3191 7442589,Bronze,Yes
CRM002566,Lauren,van de Greef,zthatcher@example.org,0648 821810,Silver,Yes
CRM002567,Fleur,van Dam,pimaelftrud-van-wessex@example.org,+31792 171484,Platinum,Yes
CRM002568,Jente,van Dillen,ffriehus@example.com,(011)-8089347,Bronze,No
CRM002569,Ilse,Jansen,van-der-ploeglizzy@example.org,(019) 0343786,Bronze,No
CRM002570,Catharina,Verhoeven,zvan-de-greef@example.com,071-0575040,Gold,No
CRM002571,Maryam,van Dommelen,lmarchal@example.com,(0959) 339775,Platinum,No
CRM002572,Mart,Verheuvel,jennifer73@example.net,0425-616835,Platinum,Yes
CRM002573,Fenne,van Landen,vde-la-fleche@example.com,+31602-244539,Bronze,Yes
CRM002574,Sofia,van Maaren,jan29@example.net,0875 835112,Gold,No
CRM002575,Angelina,van Grondelle,alexander85@example.net,084 8582552,Platinum,Yes
CRM002576,Nikki,Hanegraaff,veralutterveld@example.net,+31(0)57 0503003,Platinum,No
CRM002577,Pepijn,de Backer,berat40@example.com,0518 261737,Gold,Yes
CRM002578,Lex,van de Water,tboetet@example.org,+31(0)40 1470107,Platinum,No
CRM002579,Liza,Marchal,@retailmart.com,+31298 523434,Bronze,No
CRM002580,Bilal,Frankhuizen,van-ghoerlelinn@example.com,0174-415689,Bronze,Yes
CRM002581,Victor,Opmans,yasminevan-der-velden@example.net,(028)-8747016,Platinum,No
CRM002582,Yinthe,Engels,levi42@example.net,0899 860241,Gold,Yes
CRM002583,Maya,den Haag,lambregtesmee@example.com,0556-800040,Bronze,Yes
CRM002584,Stef,van der Loo,mwolters@example.org,(0504) 194339,Platinum,No
CRM002585,Sterre,van der Veiver,van-beekbart@example.org,+31(0)98-3066212,Bronze,No
CRM002586,Jim,Le Marec,fbroeders@example.net,,Bronze,No
CRM002587,Sophie,Brouwer,jelle50@example.org,+31(0)32-1995284,Silver,No
CRM002588,Iris,Wooning,zvan-der-sande@example.net,(0569) 231161,Bronze,No
CRM002589,Lize,Koster,rouwenhorstnaomi@example.org,,Bronze,No
CRM002590,Mika,Zaal,de-hoogvigo@example.com,+31(0)083 237860,Platinum,Yes
CRM002591,Luka,Joosten,evytielemans@example.com,0300 356923,Gold,No
CRM002592,Pleun,Nek,jay77@example.org,+31922 018021,Bronze,No
CRM002593,Kick,Thout,hidde08@example.com,0505 631414,Bronze,No
CRM002594,Maud,van den Berg,furdamette@example.org,(043) 1299858,Platinum,Yes
CRM002595,Alyssa,Haneberg,lveltman@example.com,+31337-849698,Silver,No
CRM002596,Sanne,Mulder,eline97@example.org,+31(0)37-6766242,Bronze,No
CRM002597,Bilal,Brandt,lansinkkiki@example.com,072-2167088,Gold,No
CRM002598,Sep,de Keijser,jorisschenk@example.org,(0210) 731085,Platinum,No
CRM002599,Suze,Loep,rsprong@example.org,(0362)-715235,Silver,Yes
CRM002600,Beau,Keijser,vvan-velthoven@example.com,0403 201600,Gold,No
CRM002601,Feline,Haneberg,avan-emmelen@example.com,(071) 1959607,Gold,Yes
CRM002602,Jacob,Sas,maryam47@example.net,(042)-1557896,Silver,Yes
CRM002603,Merel,Klomp Jan,jameszeemans@example.net,+31(0)97-1427628,Platinum,No
CRM002604,David,Walter,yinthe46@example.com,+31(0)19 3174375,Gold,No
CRM002605,Wouter,Koster,jordy77@example.net,(0232)-398855,Silver,Yes
CRM002606,Pien,Doyle,noah22@example.org,(000)-1638506,Silver,Yes
CRM002607,Riley,Verhoeven,gerritsfiene@example.com,(019)-8021681,Platinum,Yes
CRM002608,Sanne,Suijker,dadriaensdr@example.com,(024)-8269785,Bronze,No
CRM002609,Dean,Roosenboom,hfiere@example.org,+3133 1395050,Silver,Yes
CRM002610,Elias,van Doorn,van-den-oeversenn@example.com,0358-798192,Bronze,Yes
CRM002611,Dylano,Hendriks,arentfloortje@example.com,+31970 873752,Gold,Yes
CRM002612,Nora,Miltenburg,customer@,+31(0)227 370121,Gold,Yes
CRM002613,Rik,Sas,aminaleguit@example.net,(0420)-033951,Bronze,Yes
CRM002614,Lenn,den Buytelaar,,+31(0)59 2889787,Platinum,No
CRM002615,Luuk,Broeshart,pschroeff@example.org,+31753 013934,Bronze,Yes
CRM002616,Mia,Karels,dorsmanstef@example.net,+31836-218189,Gold,No
CRM002617,Dirk,van der Wal,striksebastiaan@example.org,+31(0)384 556747,Bronze,No
CRM002618,Sjoerd,Leene,yvan-der-berg@example.net,+3108 4287259,Platinum,No
CRM002619,Mike,Bouwhuisen,zkonings@example.com,+31126 681638,Bronze,No
CRM002620,Michael,Die Bont,van-spreeuwelkyano@example.com,+3137-0078033,Silver,No
CRM002621,Stefan,Charon,zclaassen@example.org,(0597)-466838,Platinum,Yes
CRM002622,Lisa,Lensen,broeckxbas@example.org,0813 916214,Gold,Yes
CRM002623,Nynke,Nek,ivanpierson@example.com,+3146-8917300,Silver,No
CRM002624,Jelte,Veenstra,maryam65@example.net,0728-231569,Silver,Yes
CRM002625,Lukas,Stamrood,wde-kale@example.net,+31(0)447-097527,Gold,No
CRM002626,Tobias,Greij,haselaartyler@example.com,+31(0)59-8359296,Silver,Yes
CRM002627,Liam,Bastiaense,jespervan-dijk@example.org,+3198 0759588,Bronze,Yes
CRM002628,Emily,Bouhuizen,rijckenlouise@example.org,(0385)-912500,Silver,Yes
CRM002629,Laura,van Roijen,den-buytelaarsophie@example.org,(094) 9253314,Platinum,No
CRM002630,Yara,Muijs,lilyvan-wijk@example.org,+31(0)02-5136342,Bronze,Yes
CRM002631,Luca,Tuithof,janssenyfke@example.com,(0378) 149817,Bronze,Yes
CRM002632,Michael,Erhout,cuittenbosch@example.org,0787 773639,Platinum,Yes
CRM002633,Pieter,Amalrada,van-der-spaendonckibrahim@example.org,018-3424403,Gold,No
CRM002634,Valerie,Smits,van-der-veenali@example.net,(0745)-832679,Bronze,No
CRM002635,Dean,van Bentheim,sschiffer@example.com,+31774 201331,Silver,Yes
CRM002636,Wessel,van Beek,tirielois@example.org,+3192-6325445,Bronze,No
CRM002637,Mehmet,van Schweinfurt,invalid.email,0966-491228,Silver,No
CRM002638,Elif,Hemma van Allemanië,hhoelen@example.com,0845 885712,Bronze,No
CRM002639,Wouter,van 't Erve,van-der-horstlouise@example.net,+31(0)58-7918007,Platinum,No
CRM002640,Sten,Henric van den Nuwenhuse,benjamin42@example.net,+31(0)09-3600528,Silver,No
CRM002641,Dewi,Jacobs,labadokyra@example.com,+31047 601035,Bronze,No
CRM002642,Sebastiaan,Wouters van Eijndhoven,charlottevan-bunschoten@example.org,+31(0)067-752559,Platinum,No
CRM002643,Bas,Texier,wdoorhof@example.org,(0285) 809728,Silver,Yes
CRM002644,keano,Bos,faythe-elder@example.org,054 9425397,Platinum,No
CRM002645,Stella,Weylant,lmoenen@example.net,+31287 662707,Gold,No
CRM002646,Mats,Lieshout,vigovan-breukeleveen@example.net,+31(0)21 1846570,Platinum,Yes
CRM002647,Rowan,Vergeer,eadryaens@example.net,0341 100553,Platinum,No
CRM002648,Quinty,van de Ven,josephine63@example.net,014-7262703,Bronze,Yes
CRM002649,Fedde,van Breugel,van-de-watermarijn@example.com,(0526) 161757,Silver,No
CRM002650,Zakaria,Lamotte,bo37@example.org,,Platinum,Yes
CRM002651,Jurre,van Hostaden,victoria07@example.com,073-8129359,Gold,Yes
CRM002652,Michelle,Boddaugh,lennreimes@example.net,0981 450077,Silver,No
CRM002653,Noortje,van der Horst,qdijkstra@example.org,+31(0)25 4353405,Silver,No
CRM002654,Berat,Schuylenborch,gvan-dokkum@example.org,0978-160939,Gold,Yes
CRM002655,Bryan,Texier,mroosenboom@example.net,(056)-3225019,Silver,Yes
CRM002656,Fabian,Sanders,scuylenborchsguus@example.org,+31(0)66-0044932,Platinum,No
CRM002657,Suze,Zeldenrust,puck15@example.com,045 6726049,Platinum,No
CRM002658,Ninthe,VI,geertsenkyano@example.net,(0899) 517530,Silver,Yes
CRM002659,Nikki,Massa,pimjacobs@example.com,(0529)-069686,Bronze,Yes
CRM002660,Boaz,Vastenhouw,floorvan-enschot@example.com,012-8583586,Platinum,Yes
CRM002661,Sander,Cornelisse,aminahermans@example.org,+31(0)49-1739753,Silver,Yes
CRM002662,Dirk,van Beaumont,evelien81@example.org,+31197 383920,Silver,Yes
CRM002663,Ayden,Godfrey van Alemannië,van-welmehmet@example.net,047-7838484,Gold,No
CRM002664,Nova,'s Gravensande,merijn30@example.com,+31(0)11 1374292,Gold,Yes
CRM002665,Luke,Zwart,zvan-beieren@example.com,+31673 027356,Silver,No
CRM002666,Angelina,van Dam,svan-de-eerenbeemt@example.com,0307 219868,Platinum,Yes
CRM002667,Jens,van Laar,milavertooren@example.org,049-9488038,Gold,Yes
CRM002668,Phileine,Heinrichs,zaalnadia@example.com,(047) 4657099,Bronze,Yes
CRM002669,Vera,Potters,vmijsberg@example.net,+31(0)75 7183894,Gold,No
CRM002670,Julian,Eijkelboom,yasmine88@example.org,+31(0)749 306913,Platinum,No
CRM002671,Louise,van Daal,,048-9677473,Silver,Yes
CRM002672,Colin,de Roo,xblaak@example.com,+31941-908898,Gold,No
CRM002673,Faye,Vrancken,jayden75@example.org,0765 402520,Gold,Yes
CRM002674,Mike,Roessink,cas61@example.com,(077) 4505035,Gold,Yes
CRM002675,Teun,van den Velden,samuel03@example.com,+31(0)290 428113,Bronze,Yes
CRM002676,Kick,Honing,zpratt@example.com,+3123 3684942,Silver,No
CRM002677,Lisanne,van de Weterink,van-drenthegerrit@example.org,+31310 691216,Gold,Yes
CRM002678,Maud,van Zwaben,adryaensmelissa@example.org,+31418 197450,Bronze,No
CRM002679,Julie,Knuf,teun95@example.org,+3112 8308296,Platinum,Yes
CRM002680,Mara,Tuithof,hamzamangel@example.com,0992 027885,Bronze,Yes
CRM002681,Cato,van Wijland,missing-at-symbol.com,+3128-9073627,Silver,No
CRM002682,Isis,Kuipers,tvolcke@example.org,0317 344147,Silver,No
CRM002683,Ceylin,de Heer,sroukes@example.com,080 3249047,Silver,No
CRM002684,Jonas,Zevenboom,van-der-kinthugo@example.org,0473 079107,Bronze,No
CRM002685,Zeynep,Maas,xkof@example.org,+3168-7145338,Gold,No
CRM002686,Mathijs,van Grondelle,yvan-embden@example.net,050 7536650,Silver,Yes
CRM002687,Lot,Kleijse,hvan-den-brand@example.com,0227-567237,Bronze,No
CRM002688,Lieve,Sarneel,giovanni20@example.org,+3106-2960375,Bronze,No
CRM002689,Tom,Meijer,marahulshouts@example.com,0827-571733,Bronze,No
CRM002690,Ninthe,Gerritse,thijsgerritse@example.net,+31(0)81 2174046,Bronze,Yes
CRM002691,Ninthe,Doornhem,bhoes@example.com,0646 764203,Silver,No
CRM002692,Robin,Oosterhek,opmansbastiaan@example.com,+3198-7860615,Platinum,No
CRM002693,Sepp,van Herstal,bsimons@example.net,+31536-383064,Gold,Yes
CRM002694,Sami,Jans,tverbeek@example.org,+31(0)778 070315,Platinum,No
CRM002695,Rafael,Adriaense,kuilenburgrayan@example.com,(034) 0163121,Gold,No
CRM002696,Imke,Engels,amberdekker@example.com,(089)-5210859,Platinum,Yes
CRM002697,Morris,Hondeveld,zrouwenhorst@example.com,+31(0)83-5945216,Gold,No
CRM002698,Mike,Koeman,puckschilt@example.org,0211 469631,Silver,Yes
CRM002699,Naomi,Timmermans,mansveltvalerie@example.net,+31388 670144,Gold,No
CRM002700,Loïs,van der Horst,avan-dam@example.org,(039)-0993705,Silver,No
CRM002701,Sarah,Matthews,thijmenden-teuling@example.net,+31(0)124-746802,Bronze,No
CRM002702,Ayoub,Duivenvoorden,,008 1010084,Gold,Yes
CRM002703,Jamie,Smit,nolleelieve@example.com,+3165-5248931,Bronze,No
CRM002704,Niels,Kwaadland,egrondel@example.net,+31531-975442,Bronze,Yes
CRM002705,Mirthe,Strijker,de-manyara@example.net,(0973) 147571,Bronze,Yes
CRM002706,Riley,Claassen,wessel92@example.org,+3117-5288208,Silver,Yes
CRM002707,Alex,Hollander,collin61@example.com,+31(0)35 9135087,Platinum,Yes
CRM002708,Liam,Mol,van-eckhamza@example.com,+31(0)18-3771182,Platinum,Yes
CRM002709,Joost,van Luinenburg,,005-5243419,Gold,No
CRM002710,Elias,Moensendijk,jaristeenbakkers@example.net,+31(0)320 194077,Bronze,No
CRM002711,Joshua,van de Wiel,pvan-den-assem@example.com,015 8597369,Platinum,No
CRM002712,Ivy,van Rheineck,hboddaugh@example.org,+31(0)338 873024,Silver,No
CRM002713,Hailey,Briere,schroefftygo@example.com,+3101 6046209,Bronze,Yes
CRM002714,Evy,Hagendoorn,stangexavi@example.org,+31(0)69-9037809,Platinum,Yes
CRM002715,Senna,van Laarhoven,pter-waarbeek@example.net,(0611)-526758,Platinum,Yes
CRM002716,Zakaria,Totwiller,dylan25@example.net,(015) 4904212,Platinum,Yes
CRM002717,Pleun,Gemen,dde-marduras@example.net,+31(0)65-1442035,Bronze,Yes
CRM002718,Cas,de Jode Vastraedsd,speijerfatima@example.org,+3155 4160761,Gold,No
CRM002719,Hidde,David,lise53@example.org,+3120-1019580,Gold,No
CRM002720,Amina,van Grondelle,kden-haag@example.net,0693 054200,Platinum,Yes
CRM002721,Philip,van de Leemput,lindseythout@example.com,(057) 2355392,Gold,Yes
CRM002722,Nathan,de Grote,elif06@example.org,0787-741357,Platinum,Yes
CRM002723,Jorn,Nijman,berendlijn@example.net,+31(0)213-293812,Silver,Yes
CRM002724,Jolie,Beekman,olivierfurda@example.net,+31(0)672 138136,Gold,No
CRM002725,Merel,le Gallen,vince96@example.com,047 9346974,Bronze,Yes
CRM002726,Emily,Rouwenhorst,roanheere@example.net,(038) 6288620,Silver,Yes
CRM002727,Mette,de Leeuw,maeije@example.com,+31181-725595,Gold,No
CRM002728,Mehmet,Heerkens,ilinschoten@example.net,+31210 717427,Gold,No
CRM002729,Kian,Oude Heer,van-der-nootevelien@example.org,0705 320460,Gold,No
CRM002730,Ilse,Ponci,felix88@example.com,+3126 9889632,Platinum,Yes
CRM002731,Anna,van der Heijden,wdekker@example.net,(041)-1797864,Bronze,No
CRM002732,Catharina,Claesdr,felix81@example.org,+31(0)252-010713,Gold,Yes
CRM002733,Morris,Recers,ipeterse@example.org,(0666) 746444,Bronze,Yes
CRM002734,Hendrik,Zwart,zde-swart@example.net,(087) 1284335,Bronze,No
CRM002735,Noortje,van de Velden,kyaravan-landen@example.com,008 7187308,Platinum,No
CRM002736,Zara,de Gruil,pienvan-voorst@example.net,064-2998671,Bronze,Yes
CRM002737,Jaylinn,Ariens,olivia07@example.org,+31290 052659,Platinum,Yes
CRM002738,Stan,de Roos,hemma-van-allemanieaylin@example.com,+31(0)80-1718277,Gold,Yes
CRM002739,Michelle,Rek,de-witjan@example.org,+31(0)40 3189987,Bronze,Yes
CRM002740,Lucas,van Arkel,danique91@example.org,(078) 7824478,Bronze,Yes
CRM002741,Sem,Hoedemakers,ninakerkhof@example.com,(081) 1676998,Platinum,Yes
CRM002742,Joep,Kamp,maryamkirpenstein@example.net,0194 005891,Platinum,Yes
CRM002743,Angelina,Meijer,kyara48@example.org,(041) 2713136,Silver,Yes
CRM002744,Sem,van Es,tvan-der-strigt@example.net,0540-260965,Platinum,Yes
CRM002745,Luca,Groenestein,avan-duyvenvoorde@example.com,+31(0)890 461122,Platinum,Yes
CRM002746,Vajèn,Bosman,fayede-roo@example.org,(072)-0351342,Silver,Yes
CRM002747,Duuk,Martens,versluijsmila@example.org,+31(0)763 702751,Gold,No
CRM002748,Jonas,Goedhart,loekde-vroege@example.com,(0895)-748755,Gold,No
CRM002749,Mehmet,Veenstra,svan-boven@example.org,+31(0)985 161462,Bronze,Yes
CRM002750,Tara,Goudriaan,annabel95@example.net,+3109-9788247,Bronze,No
CRM002751,Noortje,van Oirschot,van-de-bergbenthe@example.com,+31(0)677-902560,Silver,Yes
CRM002752,Ise,de Boer,fsam@example.net,+3168-8865641,Bronze,Yes
CRM002753,Quinty,van Verdun,mohamed66@example.org,0151-255162,Bronze,No
CRM002754,Wesley,Cornelisse,aminde-koning@example.org,+3186-2493834,Gold,No
CRM002755,Sem,"West-Francië, van",mosleymia@example.com,+3155-4627022,Bronze,No
CRM002756,Giel,Govarts,boeserlars@example.com,0739 324802,Silver,No
CRM002757,Kai,Hemma van Allemanië,gerritsmaryam@example.org,027 3293361,Bronze,No
CRM002758,Joshua,van Nus,wmarchand@example.net,+3130 9016267,Platinum,No
CRM002759,Roos,Vignon,huelmegan@example.net,061-6834649,Platinum,No
CRM002760,Rick,van der Ven,rayanoennen@example.net,+3113 7550992,Platinum,Yes
CRM002761,Ceylin,Adriaensdr,van-gelderjoy@example.net,,Gold,No
CRM002762,Ilse,van Ochten,lieshoutmason@example.org,+31115-871272,Bronze,No
CRM002763,Fem,Bierstraten,bvan-der-heiden@example.com,(0416)-538222,Silver,Yes
CRM002764,Fien,Hermans,irisstrik@example.net,0394 909454,Silver,Yes
CRM002765,Maaike,van Hamaland,mohammedvan-de-wal@example.net,067 5423261,Bronze,No
CRM002766,Amin,van den Pol,tiriejelle@example.org,067-3593996,Bronze,No
CRM002767,Damian,Hagendoorn,hvan-der-heijden@example.org,(0003)-762079,Platinum,Yes
CRM002768,Alexander,Beourgeois,versluijsjack@example.org,+3183 6139020,Gold,No
CRM002769,Nynke,Oennen,brugmanmaria@example.org,0786-554092,Gold,Yes
CRM002770,Maud,de Jonge,briseeiris@example.net,(067) 0869172,Platinum,No
CRM002771,Dex,van de Berg,van-gelderjulian@example.com,,Platinum,No
CRM002772,Rosa,Kof,yvan-den-oever@example.com,0880-542563,Platinum,Yes
CRM002773,Tim,Dirksen,van-maremuhammed@example.net,0909 728042,Silver,No
CRM002774,Siem,Amalrada,mathijs93@example.net,+31(0)059-254656,Silver,Yes
CRM002775,Lars,Eckhardt,lvan-luin@example.org,+3119 3558247,Gold,No
CRM002776,Tijmen,Wolfsdr,vvan-den-eijssel@example.net,+31(0)019 737068,Bronze,Yes
CRM002777,Ilse,Wendt,verbeekyara@example.com,(0850)-055048,Gold,No
CRM002778,Kevin,van Susa,ter-waarbeekcatharina@example.com,022-2050063,Silver,Yes
CRM002779,Hannah,Wright,nschulten@example.net,072-9675659,Gold,No
CRM002780,Julius,van Hamaland,svan-der-lede@example.org,+3174-8105634,Gold,No
CRM002781,Tygo,Jansdr,wunderinktygo@example.net,(030)-1619717,Bronze,Yes
CRM002782,Britt,de Marduras,rosalie57@example.org,0662 826876,Gold,No
CRM002783,Linn,van der Smeede,milokamp@example.org,0753 192585,Silver,Yes
CRM002784,Aimée,die Witte,frederique98@example.com,+31(0)88 2988495,Bronze,Yes
CRM002785,Julius,Bronder,aronvan-noordeloos@example.net,+31(0)72 7009043,Silver,No
CRM002786,Gijs,Corstiaens,semwouters@example.org,+31963 432225,Platinum,No
CRM002787,Loïs,Houdijk,budindy@example.org,+3167 5260078,Platinum,No
CRM002788,Daphne,van der Horst,benverkade@example.org,005 2947418,Bronze,Yes
CRM002789,Mehmet,van der Stael de Jonge,zvan-leeuwen@example.org,+3127 7712972,Silver,Yes
CRM002790,Koen,van Ginneke,daanvaessen@example.net,,Silver,Yes
CRM002791,Nova,van Grondelle,pwestermann@example.org,016 4330346,Silver,No
CRM002792,Sander,Rijntjes,van-goerlepien@example.net,(043)-1299871,Bronze,No
CRM002793,Saar,van der Velde,dina05@example.org,+31887 398871,Silver,No
CRM002794,Vince,Sterkman,esmee55@example.org,,Gold,No
CRM002795,jOB,van Henegouwen,uheijman@example.org,026 1783174,Platinum,Yes
CRM002796,Mohammed,Smeets,garretfaye@example.net,(0730) 532331,Platinum,No
CRM002797,Mia,Brumleve,dvan-praagh@example.org,(0040)-334396,Platinum,Yes
CRM002798,Louise,Alpaidis,evan-kuijc@example.com,(0504) 289154,Platinum,No
CRM002799,Pieter,Schuylenborch,fabienne81@example.com,+31(0)673 146303,Bronze,Yes
CRM002800,Janna,Ouwerkerk,de-smitpieter@example.org,+31(0)56-5720476,Platinum,No
CRM000886,Romy,Dennenberg,justinroom@example.org,(040)-6703952,Platinum,No
CRM000687,Nout,van Alenburg,koningaiden@example.com,(0147)-820234,Silver,No
CRM001152,Sanne,Fredriks,merlegreij@example.net,+3135 0543269,Gold,No
CRM001675,Nout,Schotte,jacepsjinthe@example.net,0495 549096,Bronze,Yes
CRM001406,Berend,van Dagsburg,boaz25@example.com,054 6159093,Bronze,No
CRM002126,Lauren,van Brenen,de-nijsfloris@example.org,+31(0)85-1840533,Silver,No
CRM001736,Silke,Boddaugh,jansselotte@example.org,(0998)-582466,Platinum,Yes
CRM002796,Mohammed,Smeets,garretfaye@example.net,(0730) 532331,Platinum,No
CRM001824,Suze,Wolzak,matthijs17@example.org,+3159-2276561,Bronze,No
CRM001639,Samuel,Rotteveel,simon31@example.net,+3134 7337260,Platinum,Yes
