master_customer_id,first_name,last_name,email,phone,gender,date_of_birth,city,country,registration_date,loyalty_tier,marketing_opt_in
C000001,Daphne,Kamp,daphne89@example.com,(003)-6495449,Female,1963-01-29,Dwingeloo,Germany,2026-07-19,Silver,No
C000002,Milan,Mathol,haacknathan@example.com,(0264) 648128,Male,1957-01-15,Zijderveld,Belgium,2025-04-14,Gold,No
C000003,Roos,Dorsman,evelienaarden@example.com,0839-356516,Male,1966-04-15,Winterswijk Woold,France,2024-09-07,Platinum,Yes
C000004,Adriana,Estey,muhammed62@example.com,+31(0)56 3863670,Female,1975-12-18,Veendam,France,2024-03-07,Bronze,No
C000005,Jason,Reijers,nadine93@example.net,+31(0)931-090033,Female,1981-11-14,Hoenderloo,Belgium,2024-04-03,Platinum,No
C000006,Evelien,Perkins,dverheij@example.com,0285-865012,Male,1960-02-04,Broek in Waterland,Germany,2026-05-22,Bronze,Yes
C000007,Valerie,van Straaten,kaarts@example.com,+31693-275028,Male,1963-12-16,Eefde,Belgium,2024-06-06,Gold,Yes
C000008,Ayoub,de Man,ecrinoversteeg@example.net,(027)-0301202,Female,1985-11-28,Ingelum,Netherlands,2024-07-22,Silver,No
C000009,Kyara,Geldens,smithannah@example.org,0800 412244,Male,1957-03-16,Escharen,Netherlands,2026-05-26,Platinum,No
C000010,Noah,Ansems,kvan-nus@example.com,(0817) 813110,Female,1982-08-03,Kiel-Windeweer,France,2024-01-10,Platinum,No
C000011,Dani,Hemma van Allemanië,marediesbergen@example.org,(018)-5915657,Female,1995-05-29,Wolphaartsdijk,Netherlands,2026-03-26,Silver,Yes
C000012,Jade,van Wijk,tessa73@example.com,+31(0)99-7159201,Male,1991-03-15,Kapel-Avezaath,Netherlands,2025-10-22,Gold,Yes
C000013,Aylin,Heijmans,van-bunschotenimke@example.net,+31(0)029 344619,Male,1964-11-05,Biervliet,France,2025-04-02,Gold,Yes
C000014,Floris,van Baalen,wesley63@example.org,+31(0)245-320028,Female,1945-12-28,Mook,Germany,2024-06-18,Bronze,Yes
C000015,Luke,de Hoog,janssenluuk@example.org,+31816-669145,Male,1967-11-05,Tinallinge,France,2026-06-08,Silver,No
C000016,Josephine,Dachgelt,ejerusalem@example.org,+31(0)31 3178455,Female,1965-08-19,Oosterblokker,Netherlands,2024-06-28,Bronze,Yes
C000017,Hendrik,Strik,muddenvincent@example.com,+31(0)16 0620686,Female,1994-03-29,Nieuw-Beijerland,Netherlands,2025-03-25,Gold,Yes
C000018,Fay,Werdes,lafleurcatharina@example.org,(0802)-585112,Female,1995-06-22,Santpoort-Zuid,Germany,2024-10-06,Silver,No
C000019,Liza,Slingerland,boriswolffel@example.org,001-7370923,Female,1956-12-08,Mill,Belgium,2026-02-27,Silver,No
C000020,Pien,Mansveld,dion94@example.com,0479 184827,Male,1989-06-01,Wilsum,Germany,2026-05-19,Bronze,Yes
C000021,Vera,Brandon,martensibrahim@example.com,+31(0)800-968281,Male,1989-08-15,Castelre,Netherlands,2025-11-20,Bronze,No
C000022,Dewi,Jacobs,labadokyra@example.com,+31047 601035,Female,1963-07-14,Steenenkamer,Germany,2026-04-03,Bronze,No
C000023,Jim,Westerburg,morris55@example.net,(0122) 842253,Male,1989-06-13,Schipluiden,Netherlands,2024-03-01,Gold,No
C000024,Megan,van der Loo,annabelvan-mook@example.org,0233-469964,Female,1951-08-18,De Schiphorst,France,2026-03-16,Platinum,No
C000025,Marijn,Glasses,sophia08@example.net,(057)-5817451,Male,1966-10-11,Kronenberg,France,2023-09-01,Bronze,Yes
C000026,Hamza,Matthews,alimeeres@example.net,+3188-6438360,Male,1957-04-02,Hauwert,Belgium,2026-04-22,Silver,Yes
C000027,Phileine,Jones,jurre18@example.org,0042 615232,Female,1988-09-23,Spankeren,Germany,2026-07-22,Platinum,Yes
C000028,Maryam,Lensen,sepschokman@example.com,+31(0)67-7712886,Female,1993-08-27,Zevenaar,Netherlands,2024-02-29,Silver,Yes
C000029,Vajèn,van Gorp,esmee84@example.com,+3129 0219413,Female,1981-05-09,Halle,Germany,2025-03-15,Silver,No
C000030,Twan,Woutersz,sennalieshout@example.com,+31242-679988,Female,1951-02-05,Smakt,Germany,2025-05-26,Silver,Yes
C000031,Nout,van Alenburg,koningaiden@example.com,(0147)-820234,Female,1999-02-18,Purmer,Germany,2024-09-13,Silver,No
C000032,Senna,Stettyn,xavi33@example.org,+31(0)158 501691,Male,1973-12-04,Oudorp,Belgium,2024-08-05,Silver,No
C000033,Emma,Levesque,maarten00@example.net,(025) 1102492,Female,1965-04-15,Maren-Kessel,Germany,2026-01-16,Platinum,No
C000034,Wout,Oversteeg,kosterpuck@example.com,0202-390560,Female,1952-12-29,Vijlen,Germany,2025-01-23,Gold,Yes
C000035,Madelief,Persijn,ghoerlebas@example.net,+31(0)99-2247658,Female,1976-05-04,Heukelum,Belgium,2026-05-06,Platinum,Yes
C000036,Selina,van Rijnsbergen,emily91@example.org,+3115 2429237,Female,1957-12-26,Ingen,Belgium,2025-01-16,Bronze,Yes
C000037,Bente,Hoeks,lise90@example.com,0139-226684,Male,1984-03-30,Nieuwland,Belgium,2024-04-15,Gold,Yes
C000038,Lois,Vink,yasmine91@example.net,0299 022832,Male,1976-03-10,Barchem,Belgium,2024-03-19,Silver,Yes
C000039,Jamie,Verwoert,isterkman@example.com,041-5126320,Female,1985-02-01,Zwanenburg,France,2024-04-11,Silver,No
C000040,Arie,van Herstal,loesvan-heusden@example.net,+31838-372907,Male,1981-08-02,Stokkum,France,2025-07-10,Platinum,No
C000041,Madelief,Eelman,keijzerchloe@example.org,+31(0)999-103185,Female,2006-10-06,Tuil,Netherlands,2024-12-10,Silver,Yes
C000042,Owen,van Cuijck,schuurmanslynn@example.net,0711 790323,Male,1977-08-24,Hartwerd,France,2024-08-01,Silver,Yes
C000043,Tom,Wildschut,hvan-t-houteveen@example.com,0256 843457,Female,1982-03-18,Kwintsheul,Germany,2023-09-05,Platinum,No
C000044,Roos,Visser,moensendijktim@example.com,+3177 7523901,Male,1963-03-21,Sommelsdijk,France,2026-06-12,Platinum,Yes
C000045,Lisanne,van den Nuwenhuysen,kde-la-fleche@example.com,(095) 1489320,Male,1991-04-20,Haler,Germany,2024-06-04,Platinum,Yes
C000046,Nienke,Lage,benthe29@example.org,0943-311664,Female,1946-04-15,Norg,Netherlands,2026-06-08,Silver,No
C000047,Kick,Koeman,nvan-der-klein@example.com,+3194-2327244,Male,1972-10-15,Keent,Germany,2024-08-24,Silver,Yes
C000048,Stijn,Klerks,coreth-von-und-zu-coredo-und-starkenbergbenthe@example.org,+31867 278549,Male,1985-02-20,Hinnaard,Belgium,2024-03-13,Platinum,Yes
C000049,Sophie,Heribert van Laon,jinthe98@example.net,+3161 0452822,Female,1996-11-29,Teeffelen,Belgium,2024-07-27,Gold,Yes
C000050,Mike,Bouwhuisen,zkonings@example.com,+31126 681638,Male,1946-01-25,Radio Kootwijk,Germany,2025-12-23,Bronze,No
C000051,Julius,Stoffelsz,uarts@example.com,0912 325430,Male,1952-05-18,Bleskensgraaf ca,France,2026-05-19,Platinum,Yes
C000052,Laura,Lind,marevan-der-loo@example.com,+31563 294511,Male,2002-05-06,Nuis,France,2026-03-18,Silver,Yes
C000053,Bradley,de Groot,ben62@example.net,(018) 0766784,Male,2007-07-09,Spanbroek,Germany,2025-01-04,Platinum,Yes
C000054,Bradley,van Dongen,norahneuteboom@example.org,+31(0)04-7378118,Male,1951-05-14,Waspik,Germany,2026-07-07,Platinum,Yes
C000055,Hidde,van der Pluijm,jules66@example.com,+31(0)81 3310002,Female,1997-09-04,de Wijk,Belgium,2024-10-23,Platinum,No
C000056,Noud,Oosterhout,nadiaeijkelboom@example.com,(016) 4719725,Male,1963-12-11,Nieuwe-Tonge,France,2023-09-28,Platinum,No
C000057,Rafael,Jonker,wvan-breugel@example.com,0740 472608,Male,1964-02-10,Baarn,Netherlands,2025-12-12,Platinum,No
C000058,Sil,Westermann,noah96@example.net,0972-845510,Male,1994-07-08,Riethoven,Netherlands,2025-11-18,Silver,Yes
C000059,Ise,de Boer,fsam@example.net,+3168-8865641,Male,2002-02-15,Koudekerk aan den Rijn,Germany,2023-09-22,Bronze,Yes
C000060,Brent,Kleybrink,hugobroeckx@example.com,+3192-5367857,Female,1982-03-30,Heemskerk,Netherlands,2024-12-27,Silver,No
C000061,Bilal,Mangel,steenbeekcatharina@example.org,(0343) 771006,Female,1980-07-19,Zweeloo,France,2024-07-14,Bronze,Yes
C000062,Jules,van Soest,oramaker@example.net,(055)-1948695,Female,1997-10-26,Beringe,France,2024-01-25,Bronze,No
C000063,Megan,Spreeuw,schuylenborchnisa@example.org,(018) 7027925,Female,2008-06-10,Drogeham,Germany,2023-09-15,Gold,Yes
C000064,Dina,Hendrikse,merkxvalentijn@example.org,(0160)-209907,Male,2008-01-05,Waarder,France,2023-10-15,Silver,Yes
C000065,Lieke,van Geenen,kimsymons@example.com,0948 221055,Female,1965-07-09,Lucaswolde,France,2025-09-12,Platinum,No
C000066,Stef,van Voorst,alicia96@example.net,+31690 293349,Male,1995-04-30,De Cocksdorp,Germany,2023-12-09,Silver,Yes
C000067,Mehmet,Vermeulen,van-beekmax@example.net,+31(0)695 818259,Female,1994-03-07,Kattendijke,Belgium,2025-02-17,Gold,No
C000068,Brent,van Ommeren,fkalman@example.net,+31534 314150,Female,1963-06-21,Westerlee,France,2024-10-13,Gold,No
C000069,Maya,van Laarhoven,van-wessexryan@example.com,0547-253639,Male,1987-10-18,Rijen,Belgium,2023-10-19,Bronze,Yes
C000070,Ize,van Vlaanderen,bvan-den-berg@example.com,(062)-0169952,Male,1980-11-13,Boesingheliede,Belgium,2025-11-28,Gold,Yes
C000071,Justin,Verboom,sylvieunruoch-hunerik@example.com,+31(0)120-564586,Male,1953-04-17,Heerewaarden,France,2023-09-24,Platinum,No
C000072,Zoey,Doyle,dorsmanjulia@example.org,0661 578254,Female,1980-10-28,Biddinghuizen,Netherlands,2024-07-16,Silver,Yes
C000073,Dina,Fremie,jhehl@example.com,(044)-3572619,Male,1967-07-30,Teuge,Belgium,2023-11-28,Platinum,Yes
C000074,Zakaria,Smits,de-kortemaaike@example.com,(057) 0430722,Female,1985-07-08,Persingen,France,2025-01-08,Platinum,Yes
C000075,Julia,Dubois,luuk09@example.com,0366-891020,Female,1989-08-29,Heikant,Netherlands,2024-07-19,Bronze,Yes
C000076,Boaz,van de Klashorst,dachgelderbente@example.com,(0358) 794175,Male,2004-08-19,Domburg,Netherlands,2024-09-21,Silver,Yes
C000077,Hidde,Janssens,timogerritsen@example.com,+31816-691328,Male,1962-10-26,Bitgum,France,2025-04-03,Bronze,No
C000078,Suus,Gervais,ftillmanno@example.org,+31(0)496-881442,Female,1962-11-11,Ypecolsga,France,2023-12-13,Platinum,No
C000079,Nynke,Tins,fenna11@example.org,047 0969266,Female,1947-09-11,Hengevelde,France,2026-01-11,Silver,Yes
C000080,Tijs,Overeem,noortje62@example.org,(022)-9085822,Male,1999-12-15,Klundert,Netherlands,2025-01-14,Platinum,Yes
C000081,Helena,Oennen,van-susacarlijn@example.org,092-9133209,Female,1962-05-25,Ommen,Germany,2023-12-13,Bronze,No
C000082,Meike,van Bruchem,ccharon@example.org,(009) 8320907,Male,1972-05-25,Nederasselt,Netherlands,2025-06-20,Gold,No
C000083,Ilse,Wendt,verbeekyara@example.com,(0850)-055048,Female,1968-02-24,Cuijk,Germany,2024-11-14,Gold,No
C000084,Floris,Roose,alyssacoenen@example.net,+31(0)11-8817500,Male,1970-08-06,Mheer,Netherlands,2025-06-04,Platinum,No
C000085,Yfke,Gervais,van-northeimhidde@example.org,(0374) 867482,Male,1953-11-19,Steggerda,Netherlands,2024-09-09,Bronze,Yes
C000086,Jonas,Post,wesleyrecers@example.com,+31473 118711,Male,1969-01-22,Herpt,Belgium,2024-11-18,Gold,Yes
C000087,Lotte,de Leeuw,jim92@example.com,(083)-8985961,Male,2002-07-22,Amstenrade,Germany,2023-09-08,Silver,Yes
C000088,Elena,Gervais,uvergeer@example.com,026 9709916,Female,1995-07-14,Callantsoog,Belgium,2025-04-21,Silver,Yes
C000089,Dana,Vermeulen,teun10@example.com,0643 301880,Male,1990-08-18,Zwolle,Germany,2025-07-04,Bronze,Yes
C000090,Thom,de Graaf,pvan-de-leemput@example.org,+31(0)75-4539719,Female,1949-11-27,Easterlittens,Germany,2025-04-13,Bronze,No
C000091,Wouter,Verhoeven,merlelether@example.org,(000) 1575257,Female,1992-03-05,Baarn,Belgium,2025-07-18,Platinum,No
C000092,Jayson,van den Nuwenhijsen,esmee41@example.org,+31(0)140-805380,Male,1977-07-11,Azewijn,France,2023-11-18,Platinum,Yes
C000093,Juliette,van der Laar,obosman@example.net,071 7250049,Male,1981-03-30,Nieuw-Schoonebeek,France,2025-03-18,Bronze,Yes
C000094,Kai,Massa,bbouthoorn@example.org,050 1176524,Female,1989-05-23,Weiteveen,Netherlands,2023-08-14,Silver,No
C000095,Quinty,Hak,tclaassen@example.com,+31977-733497,Female,1949-06-12,Leiden,Germany,2026-07-29,Bronze,Yes
C000096,Nadia,van de Ven,felixkuit@example.net,084 9440599,Male,1952-09-27,Midlaren,Belgium,2025-08-31,Gold,Yes
C000097,Milou,Kremer,matertygo@example.net,(073) 0719921,Female,1950-11-30,Westerlee,France,2024-11-02,Bronze,No
C000098,Luke,Zwart,zvan-beieren@example.com,+31673 027356,Male,1998-06-25,Sint Hubert,France,2024-01-20,Silver,No
C000099,Lizzy,Bos,bilal43@example.com,0354 922737,Male,1959-12-10,Kallenkote,Belgium,2025-02-17,Platinum,Yes
C000100,Kian,Shupe,dex07@example.com,+31186-837442,Male,1975-07-06,Tolkamer,France,2023-08-09,Platinum,No
C000101,Leah,Veenendaal,joellekloppert@example.org,0275 829931,Female,1970-10-28,Veenendaal,France,2025-07-09,Bronze,No
C000102,Finn,Broeckx,jvandenbergh@example.org,0133-276049,Female,1979-04-01,De Hoeve,Germany,2025-06-08,Silver,No
C000103,Micha,Stuivenberg,jelle32@example.org,(030)-7485131,Male,1967-08-14,Nijhuizum,Germany,2024-09-16,Bronze,Yes
C000104,Liz,Dirksen,youssefvan-metz@example.com,(057) 7839193,Female,1959-09-08,Ilpendam,Belgium,2025-08-01,Bronze,No
C000105,Duuk,Haring,merhout@example.net,+31(0)317-826794,Female,1957-01-16,Sexbierum,Netherlands,2026-05-07,Gold,No
C000106,Alex,Van Bragt,tammerijnmohammed@example.org,(057)-5310029,Female,1957-01-26,Weiteveen,Belgium,2026-04-23,Platinum,Yes
C000107,Mohamed,van der Maath,van-ghoerlemette@example.com,(035)-4074399,Male,1975-03-22,Stad aan 't Haringvliet,France,2024-06-11,Gold,No
C000108,Joël,van de Weterink,floorpeeters@example.net,+31(0)56 1485222,Male,1981-12-20,Heilig Landstichting,Belgium,2025-03-03,Gold,No
C000109,Jim,Gerrits,qbeourgeois@example.net,+31(0)82 7834830,Male,2003-05-02,Huisduinen,Netherlands,2023-11-29,Silver,Yes
C000110,Collin,Govarts,van-nusivan@example.net,+31(0)642-379436,Male,1995-05-04,Vijfhuizen,Belgium,2024-12-23,Bronze,No
C000111,Noëlle,die Pelser,xehlert@example.com,0669 476790,Male,1990-11-08,Dreumel,Belgium,2025-05-07,Platinum,No
C000112,Vincent,van Formbach,amina41@example.org,+31164-743875,Female,1947-10-25,Ginnum,Netherlands,2025-09-04,Bronze,Yes
C000113,Lizzy,Le Grand,van-der-laandaniel@example.net,037-4829789,Female,1978-02-08,De Schiphorst,Germany,2024-08-14,Bronze,Yes
C000114,Lenn,Vermeulen,pippa51@example.net,0730-805968,Female,1965-08-06,Stavoren,France,2026-02-18,Platinum,Yes
C000115,Kay,van Wassenaar,jurreluboch@example.com,0887 681652,Male,1983-11-03,Vredepeel,Germany,2025-12-17,Gold,No
C000116,Elise,Kamper,maud20@example.net,(031)-6795639,Female,1996-06-03,Burgerbrug,Germany,2023-10-21,Bronze,Yes
C000117,Vincent,Lambregt,stan46@example.com,+31(0)89-0624437,Male,1982-09-05,Rijswijk (NB),Netherlands,2023-10-10,Silver,Yes
C000118,Aaliyah,Scholten,valentijnde-jong@example.org,+3154 5753266,Female,1974-09-02,Nieuwe-Tonge,Netherlands,2025-06-23,Platinum,No
C000119,Adam,Otte,alilaffray@example.com,(0088) 273720,Female,2001-04-07,Haren Gn,Germany,2026-07-03,Bronze,No
C000120,Phileine,Ariens Ansems,gbrouwer@example.org,+31330 626549,Male,1994-08-04,Stad aan 't Haringvliet,France,2024-02-24,Gold,No
C000121,Brent,Dubois,beourgeoisbenthe@example.net,+3122 6281230,Male,1965-01-01,Molkwerum,Belgium,2024-12-15,Platinum,No
C000122,Milan,Groenestein,fthe-elder@example.com,(0390)-314113,Male,1996-08-23,Heide,Germany,2023-11-16,Gold,Yes
C000123,Jake,de Bruijn,esmeeschokman@example.com,+31(0)850 896782,Male,2007-07-29,Zundert,Netherlands,2026-05-14,Platinum,Yes
C000124,Aron,Jonker,emmamaas@example.net,+31(0)73-5669871,Male,1972-12-05,Hendrik-Ido-Ambacht,Netherlands,2024-07-24,Silver,No
C000125,Kevin,van den Corput,van-geestella@example.org,(090) 7216418,Male,1970-03-18,'s-Heerenhoek,France,2024-04-03,Silver,No
C000126,Tijn,Scholten,wvan-laar@example.com,0221 447271,Female,1950-06-02,Gellicum,Netherlands,2024-03-07,Gold,Yes
C000127,Mette,van de Ven,lisannekas@example.org,(010) 1378897,Male,1973-05-15,Westerlee,France,2025-07-08,Silver,No
C000128,Nynke,Estey,ashleyvan-enschot@example.com,+31(0)875-006070,Male,1946-02-05,Grathem,Belgium,2024-01-06,Silver,Yes
C000129,Ceylin,van Bovene,sepp04@example.org,(0862) 816782,Female,1999-01-18,Mheer,Belgium,2025-03-26,Bronze,Yes
C000130,Lukas,Willems van Lier,jurrijenstimo@example.com,+31(0)598 207129,Female,1962-08-19,Hoogenweg,Germany,2025-11-08,Gold,No
C000131,Tygo,Lafleur,fvan-hulten@example.org,+31(0)20 5075339,Male,1999-07-16,Oirsbeek,Belgium,2025-04-22,Gold,No
C000132,Kayleigh,van Bovenen,maaikegervais@example.org,(028) 6383952,Male,1980-03-19,Erlecom,France,2025-09-08,Platinum,No
C000133,Ruben,Konings,qperck@example.net,(0972) 371866,Female,1957-12-20,Sintjohannesga,Belgium,2025-06-12,Bronze,Yes
C000134,Joep,Kamp,maryamkirpenstein@example.net,0194 005891,Male,1951-07-05,Blesdijke,Germany,2024-03-18,Platinum,Yes
C000135,Gijs,Rijks,knoersriley@example.org,+31(0)351-781250,Male,1971-10-09,Hengevelde,Netherlands,2024-08-21,Bronze,No
C000136,Suus,Mallien,hiddevan-geffen@example.org,004-9372853,Female,2006-11-25,Huijbergen,Germany,2024-01-05,Silver,No
C000137,Dion,de Man,chloede-wit@example.net,0447 718242,Male,2002-10-18,Ekehaar,Belgium,2023-09-24,Bronze,Yes
C000138,Azra,Jekel,tijsschagen@example.com,+31(0)489-572358,Male,1968-04-16,Zuidveld,Netherlands,2025-12-19,Bronze,Yes
C000139,Laurens,Leene,bloemendaalrens@example.net,087 8019004,Female,2002-01-09,Witteveen,Netherlands,2023-08-29,Silver,No
C000140,Dion,Emmen,samuelwillemsen@example.net,(0625) 999709,Female,1969-08-13,Wolfheze,France,2025-08-02,Silver,Yes
C000141,Elisa,Schatteleijn,van-ommerenaya@example.org,+31973 380242,Female,1976-07-13,Boazum,France,2026-05-26,Silver,Yes
C000142,Zoë,de Wit,lize23@example.org,0317 799269,Female,1974-09-30,Ten Boer,Belgium,2026-02-15,Silver,No
C000143,Milan,Lathrope,floortjevrancken@example.net,+31(0)06 0569281,Female,1962-11-07,Lambertschaag,France,2024-04-19,Platinum,No
C000144,Olivia,van Henegouwen,xwigman@example.org,(0339)-170513,Female,1956-06-13,Winterswijk Henxel,Germany,2026-06-19,Silver,Yes
C000145,Danique,Lafleur,kolenchloe@example.com,(0342)-226211,Female,2000-03-05,Made,Germany,2026-01-08,Gold,Yes
C000146,Sterre,Osterhoudt,schipperfenna@example.net,+31(0)35 7903722,Female,1951-10-13,Oosterblokker,France,2025-06-12,Silver,Yes
C000147,Yinthe,Schatteleijn,fatima76@example.org,098-6200793,Male,1973-01-27,Roswinkel,Germany,2024-04-16,Bronze,Yes
C000148,Rick,Wijland,linn04@example.net,+31(0)674 267667,Male,2004-12-31,Huis ter Heide,Netherlands,2024-10-25,Platinum,Yes
C000149,Tijmen,Wolfsdr,vvan-den-eijssel@example.net,+31(0)019 737068,Female,1951-02-01,Zaandam,Belgium,2024-07-26,Bronze,Yes
C000150,Luka,de Gruil,inayahuisman@example.com,+31(0)66-7784905,Female,1999-05-08,Brakel,France,2024-08-01,Platinum,Yes
C000151,Pieter,Mulders,nadia37@example.org,+3137-2412066,Male,1994-08-21,Kloosterburen,France,2024-03-26,Silver,No
C000152,Dylano,Hendriks,arentfloortje@example.com,+31970 873752,Female,1978-11-30,Oosthuizen,Netherlands,2024-06-30,Gold,Yes
C000153,Mike,Koeman,puckschilt@example.org,0211 469631,Female,2008-01-18,Landgraaf,Belgium,2025-11-19,Silver,Yes
C000154,Pieter,de Pauw,esilavan-noordeloos@example.com,+31(0)83 8287197,Female,1966-07-16,Lytsewierrum,France,2026-02-21,Silver,No
C000155,Ise,Pasman,gementhijmen@example.com,(0869)-093202,Male,1991-08-14,Bitgummole,France,2025-04-06,Silver,No
C000156,Jesper,van Dijk,petersenout@example.com,+31(0)53 7028419,Female,1980-08-26,Oude Wetering,Germany,2025-12-16,Gold,Yes
C000157,Joëlle,Meyer,sofiade-grote@example.com,+3162-7559377,Female,1946-10-11,Angeren,Belgium,2024-01-25,Gold,No
C000158,Pepijn,de Backer,berat40@example.com,0518 261737,Female,1962-02-15,Hornhuizen,Belgium,2026-03-17,Gold,Yes
C000159,Owen,Arent,perkinsmax@example.net,+31390-891343,Male,1946-07-05,Katlijk,Belgium,2025-08-18,Bronze,No
C000160,Sarah,Steenbeek,van-bovenmaryam@example.com,(049) 1943760,Female,1954-01-12,Haulerwijk,Germany,2025-10-09,Bronze,Yes
C000161,Julie,Knuf,teun95@example.org,+3112 8308296,Female,1965-10-01,Heiloo,Netherlands,2024-03-04,Platinum,Yes
C000162,Liz,Noordijk,arthursoos@example.com,(0227) 681379,Male,1989-06-02,Nijland,Netherlands,2025-07-10,Silver,No
C000163,Luka,Gepa van Bourgondië,tkremer@example.net,+31(0)337-462138,Female,1952-01-24,Ossenisse,Netherlands,2024-06-01,Silver,No
C000164,Felix,Vignon,alicia28@example.org,+3134-5618827,Female,1949-08-12,Westkapelle,Germany,2026-05-30,Bronze,Yes
C000165,Tess,van Wel,aylin39@example.org,067 2068402,Female,1955-01-31,Voerendaal,Belgium,2025-11-28,Gold,Yes
C000166,Joep,van der Leek,genefaasmax@example.com,+31033 893508,Male,1998-02-02,Zoetermeer,Belgium,2025-09-12,Bronze,Yes
C000167,Imran,Verwoert,zvan-spreeuwel@example.net,+31068 716678,Female,1991-12-15,Oranjewoud,Netherlands,2026-06-24,Silver,No
C000168,Melle,Serra,hulsstijn@example.net,+31(0)68-8585588,Male,1967-08-14,Akkrum,Netherlands,2026-01-15,Bronze,No
C000169,Sophie,van der Loo,svan-velzen@example.net,(0186) 389830,Male,1999-09-19,Vlagtwedde,Germany,2024-04-20,Silver,No
C000170,Elizabeth,van de Elzas,ooostveen@example.com,(0355) 519112,Male,1953-02-09,Bodegraven,Netherlands,2026-02-25,Bronze,No
C000171,Leon,Merkx,kuiperecrin@example.com,+31(0)969 715827,Male,1972-08-03,Uithuizen,France,2026-04-07,Silver,No
C000172,Isabella,Stinis,anna41@example.org,(090) 3029202,Female,1960-07-24,Helenaveen,Germany,2025-11-18,Gold,Yes
C000173,Sten,Goudriaan,van-hultenjens@example.com,(0082) 181741,Female,1958-06-15,Zandeweer,Netherlands,2024-09-11,Gold,No
C000174,Dylano,van Drenthe,amin92@example.org,036-8666433,Female,1964-07-27,Broek,Netherlands,2025-12-07,Platinum,Yes
C000175,Vincent,Luster,wmercks@example.net,+3125-3328987,Male,1994-11-28,Aerdt,France,2023-08-07,Platinum,Yes
C000176,Evelien,Laffray,aaron06@example.com,+3107 6722828,Male,1976-06-22,Oostkapelle,Netherlands,2024-12-01,Gold,Yes
C000177,Fabiënne,de Keijzer,tobiasvan-bragt@example.net,+31(0)39-9522555,Female,1966-03-23,Harkema,Germany,2025-04-28,Gold,No
C000178,Ruben,Kuijpers,floorvan-de-pavert@example.com,(0223)-227090,Male,1948-10-08,De Zilk,Netherlands,2026-02-14,Platinum,Yes
C000179,Joep,van Bernicia,jellevan-arkel@example.net,+31252 798698,Female,1965-05-19,Ysselsteyn,France,2026-01-10,Platinum,Yes
C000180,Nadine,Arens,van-gemertjoshua@example.com,+3169 8364652,Female,1989-08-25,Maasvlakte Rotterdam,Netherlands,2026-03-27,Silver,Yes
C000181,Ise,Rietveld,van-ooyendylan@example.net,+31890 339364,Female,1982-02-28,Swalmen,Belgium,2024-09-11,Gold,Yes
C000182,Kian,Robbrechts Bruijne,alex05@example.com,+3133 0917609,Male,1974-04-04,Noordwelle,Netherlands,2025-11-09,Platinum,Yes
C000183,Jill,Prins,bentevan-mispelen@example.org,+3141-1354787,Male,2005-10-13,Westervelde,France,2024-11-10,Bronze,Yes
C000184,Louise,Maas,muldersjonas@example.org,+31(0)565-241939,Female,1979-10-29,Tzummarum,France,2026-06-13,Silver,Yes
C000185,Pim,van Heusden,flinkleon@example.com,0829-455337,Female,1962-02-23,Geelbroek,Germany,2025-05-02,Silver,Yes
C000186,Helena,Zuidweg,vertoormyrthe@example.org,0034-225956,Male,1946-02-27,Siebengewald,Germany,2025-10-11,Silver,No
C000187,Senna,Houdijk,noud03@example.net,+31(0)391-039444,Female,2001-09-29,Wanneperveen,France,2023-09-17,Gold,No
C000188,Merel,de Graaf,van-maarenjonathan@example.com,(0884)-579767,Male,1974-10-20,Odoornerveen,Belgium,2024-01-01,Silver,No
C000189,Aylin,Wolffel,quinty93@example.org,+31(0)429-248200,Female,1959-07-22,Weurt,Germany,2024-04-04,Bronze,No
C000190,Inaya,Olykan,jhondeveld@example.net,(034) 5222659,Female,1998-06-13,Lutjewinkel,Netherlands,2026-06-10,Silver,Yes
C000191,Renske,Courtier,mart36@example.net,084 8576777,Female,1973-01-18,Kerk Avezaath,Netherlands,2023-11-29,Bronze,Yes
C000192,Kate,van Ommeren,heinrichskay@example.com,027 1080544,Female,1968-12-01,Steenwijkerwold,Belgium,2024-08-10,Platinum,No
C000193,Sterre,Adriaansen,lieve69@example.net,027-6242474,Female,1975-10-03,Boxtel,Netherlands,2023-11-21,Bronze,No
C000194,Linn,le Guellec,ivan-breugel@example.org,(067)-8091294,Female,1984-09-07,Laag-Soeren,Netherlands,2024-03-30,Platinum,Yes
C000195,Mirte,Belpere,cjansen@example.org,0763-835785,Male,2002-10-29,Snikzwaag,Netherlands,2024-12-02,Bronze,Yes
C000196,Robin,de Gruil,borisvan-der-wal@example.org,+3144 1957404,Male,1974-10-14,Vaals,Germany,2026-05-03,Bronze,No
C000197,Mia,Schatteleijn,jaysonsarneel@example.net,+3164-6806732,Male,1966-10-16,Vianen,Netherlands,2026-04-10,Silver,No
C000198,Robin,van den Brand,aaronlieshout@example.net,+31(0)14 2154222,Male,2001-08-21,Kesteren,Germany,2024-10-14,Silver,Yes
C000199,Lily,Stinis,bnollee@example.net,+31(0)96-9071949,Female,1979-11-22,Pieterburen,France,2024-11-13,Bronze,Yes
C000200,Kiki,Michiels,ycosman@example.org,+3107 0378756,Female,1989-11-02,Terschuur,Germany,2026-03-22,Silver,No
C000201,Tyler,van Bergen,cornelia61@example.org,084-0882364,Female,1975-09-30,Bergschenhoek,Belgium,2026-05-20,Gold,Yes
C000202,Fedde,Elberts,lois96@example.com,+31(0)95-9007964,Female,1970-06-04,Stadskanaal,Germany,2025-10-11,Gold,Yes
C000203,Valentijn,Brumleve,nadia96@example.net,(0228) 374039,Female,2001-03-01,Steenwijkerwold,Germany,2026-05-01,Bronze,Yes
C000204,Mika,Diesbergen,veerle50@example.org,+3161-0823625,Female,1979-11-18,Aalsum,Netherlands,2026-01-10,Bronze,No
C000205,Maryam,van Dommelen,lmarchal@example.com,(0959) 339775,Female,1994-11-19,Vorstenbosch,Belgium,2026-02-20,Platinum,No
C000206,Mehmet,Veenstra,svan-boven@example.org,+31(0)985 161462,Male,1988-08-07,Dalem,Belgium,2024-06-28,Bronze,Yes
C000207,Kyra,Blonk,xde-gruijl@example.com,+3166-3302560,Male,1984-09-17,Zeist,Germany,2024-05-07,Silver,No
C000208,Bente,van Stralen,doornhemsven@example.org,(0106) 379650,Male,1973-10-21,Serooskerke,France,2024-04-13,Gold,No
C000209,Livia,de Groot,cosmanchris@example.net,(0993)-216710,Male,1979-08-30,Papenvoort,France,2026-03-30,Bronze,Yes
C000210,Féline,Lamotte,otteluuk@example.org,+31221-418301,Male,1960-06-07,Broek in Waterland,France,2026-03-28,Platinum,Yes
C000211,Robin,van Gelder,maritde-jager@example.net,+31(0)02-3468536,Male,1980-02-06,Smallebrugge,France,2026-03-28,Bronze,Yes
C000212,Emir,Haneberg,raf44@example.com,+3153 7132624,Male,2001-03-22,Lichtaard,France,2025-12-27,Bronze,No
C000213,Maartje,Meeres,wboddaugh@example.org,+31(0)70 3517240,Male,1985-05-17,Eemdijk,Germany,2025-05-17,Gold,No
C000214,Marit,Steinmeiern,jvan-loon@example.org,+3139 9588551,Male,1949-05-14,Nieuw Annerveen,Belgium,2025-03-04,Platinum,Yes
C000215,Seth,Verhaar,willemsayoub@example.org,(0939) 237048,Male,1964-02-21,Waspik,France,2025-03-07,Platinum,Yes
C000216,Aaliyah,Cornelisse,woltersdirk@example.org,(0741) 966157,Male,1974-04-24,Nieuweroord,Netherlands,2024-03-19,Gold,No
C000217,Daan,van der Spaendonc,jort83@example.com,(0915)-882467,Female,1966-05-25,Oosteind,Germany,2024-10-09,Gold,No
C000218,Lize,van Luinenburg,van-den-brinkkarlijn@example.com,(055) 9527082,Male,1956-01-07,De Bilt,France,2023-11-20,Platinum,Yes
C000219,Bibi,Hoogers,hlorreijn@example.com,+31(0)07 3408482,Male,2007-06-14,Feanwâlden,Germany,2026-05-22,Bronze,Yes
C000220,Rens,Stamrood,roessinklana@example.org,+3125-1682129,Male,1946-10-05,Nijlande,Netherlands,2025-01-13,Silver,Yes
C000221,Jelte,Kortman,bouhuizenalicia@example.org,(0413) 609538,Male,1965-01-12,Bakhuizen,Belgium,2024-10-07,Silver,No
C000222,Azra,Estey,utimmermans@example.net,+3131-8075355,Male,1997-08-02,Weerselo,Belgium,2024-10-26,Platinum,No
C000223,Yasmin,van der Stael,ude-gruijl@example.net,0204-778090,Male,1960-05-24,Deurze,France,2024-04-11,Bronze,No
C000224,Evy,Olthof,spiesanna@example.net,0205 225614,Female,1956-08-13,Schettens,Netherlands,2025-04-23,Platinum,Yes
C000225,Isabel,Gerrits,alankle@example.org,(0555)-893623,Female,1981-11-18,Spaarndam gem. Haarlem,Netherlands,2024-02-14,Bronze,No
C000226,Liam,Mol,van-eckhamza@example.com,+31(0)18-3771182,Female,1995-10-06,Herkenbosch,Netherlands,2024-12-25,Platinum,Yes
C000227,Noah,van de Klashorst,veenendaaliris@example.com,0938 822357,Female,1998-07-27,Lengel,France,2023-09-29,Silver,No
C000228,Sander,Lansink,lvan-gelder@example.com,(0150) 219481,Male,2002-03-28,Vlaardingen,Netherlands,2023-12-06,Bronze,Yes
C000229,Maurits,VI,beau13@example.org,+31(0)53-4551399,Male,1984-01-12,Oosternieland,France,2024-07-24,Bronze,Yes
C000230,Niek,Aalts,maaike50@example.org,+31(0)51 5664303,Male,1976-12-13,Langenboom,France,2024-10-16,Silver,Yes
C000231,Anna,Osterhoudt,verheijbastiaan@example.org,0881-924973,Female,1994-03-27,Akmarijp,France,2026-03-11,Silver,No
C000232,Bradley,Hazenveld,meijerroos@example.com,+31(0)00-8537846,Male,1991-05-24,Siebengewald,Germany,2024-03-22,Gold,No
C000233,Luke,van den Heuvel,stoffelszaya@example.com,+31773 005283,Female,2005-06-04,Donderen,Netherlands,2025-07-03,Platinum,No
C000234,Jurre,Verhoeven,uwillemsen@example.org,(032) 5407761,Female,1997-07-05,Braamt,Belgium,2023-10-12,Silver,Yes
C000235,Sara,Lutterveld,aertszmegan@example.org,+31(0)274-253941,Male,1970-11-28,Jutrijp,France,2024-08-05,Bronze,Yes
C000236,Amin,van Schevinghuizen,lola80@example.org,+31088 709115,Female,1961-10-13,Hooghalen,France,2024-11-22,Platinum,Yes
C000237,Lisa,Lensen,broeckxbas@example.org,0813 916214,Female,2003-05-25,Kuitaart,France,2026-01-10,Gold,Yes
C000238,Emily,Jacquot,verbeekfleur@example.org,+31720 055726,Male,1983-04-14,Klaaswaal,Netherlands,2023-12-27,Platinum,No
C000239,Ashley,Loep,klomp-jannoa@example.net,(0935)-279974,Male,1969-02-23,Geldermalsen,Germany,2025-03-01,Gold,No
C000240,Bo,de Vries,felinevan-mare@example.com,+31(0)86 4795761,Female,1983-06-16,Twello,Germany,2025-12-08,Platinum,Yes
C000241,Bilal,Prins,wildschutdani@example.net,+3187 2306019,Male,1970-09-18,Rolde,Germany,2023-11-27,Silver,No
C000242,Mason,van Beaumont,sasjinthe@example.net,+31(0)103 173524,Male,2006-05-14,Woudenberg,Belgium,2023-10-04,Platinum,Yes
C000243,Lana,de Bruin,nick69@example.net,+31(0)394 831747,Female,1957-10-20,Terschuur,France,2024-02-15,Bronze,No
C000244,Joris,Verharen,pschwartsbach@example.net,(080) 2071845,Male,1973-05-31,Fijnaart,Germany,2025-11-09,Silver,No
C000245,Arthur,van de Biezenbos,lucasden-teuling@example.net,(0086)-227882,Male,2002-10-19,Silvolde,France,2023-11-10,Platinum,No
C000246,Adam,Spies,lily01@example.net,+31(0)39 1099969,Female,1973-09-17,Markelo,Belgium,2025-01-08,Silver,Yes
C000247,Brian,Lommert,elisabeth73@example.net,004-4573815,Female,1962-09-05,Wijdenes,Netherlands,2024-12-23,Platinum,No
C000248,Azra,van der Mast,nadine21@example.com,(025)-8732883,Female,1986-10-20,Hank,France,2026-02-24,Bronze,Yes
C000249,Quinten,Hoekstra,lizzvan-den-nuwenhijsen@example.org,0644 873899,Male,1973-12-24,Haskerdijken,Netherlands,2026-04-04,Gold,Yes
C000250,Sienna,Everts,izevan-limburg@example.com,0625 729373,Male,1971-07-23,Nisse,Belgium,2024-12-06,Gold,Yes
C000251,Tirza,van Orleans,jacepsjob@example.org,0907-062621,Male,1945-11-10,Opijnen,Germany,2025-06-08,Bronze,No
C000252,Berend,Werdes,nielszijlemans@example.com,+31133-453210,Female,1983-11-27,Ospel,Belgium,2023-10-14,Gold,Yes
C000253,Noud,van der Klijn,ise56@example.net,+31300-248018,Male,2003-06-29,Amerongen,Belgium,2025-05-16,Gold,Yes
C000254,Boris,Jacobi,xvan-parijs@example.org,+31(0)336 603716,Female,1994-01-24,Retranchement,France,2025-10-03,Gold,Yes
C000255,Jesper,van Liendert,mvan-suinvorde@example.net,+3131 8991220,Female,2007-02-07,Adorp,Netherlands,2024-09-28,Silver,Yes
C000256,Esmée,Cornelisse,rens70@example.net,055 5861413,Female,1987-06-21,Bruchem,Netherlands,2025-09-09,Silver,Yes
C000257,Gerrit,Roukes,isabelle97@example.org,+31413 499879,Male,1955-04-10,Zalk,Belgium,2024-11-27,Platinum,Yes
C000258,Yusuf,de Reede,d-heriponrik@example.org,080 4920560,Male,1959-07-17,'s-Heer Arendskerke,Belgium,2024-07-21,Platinum,Yes
C000259,Maurits,Lommert,doorhofliam@example.org,015-3419434,Female,1979-06-17,Amstelhoek,France,2024-11-21,Silver,Yes
C000260,Fay,Korsman,nekgijs@example.com,035 2278936,Female,1996-01-11,Workum,Netherlands,2023-09-09,Platinum,Yes
C000261,Emily,Kronenberg,pvaessen@example.com,0172 930141,Male,1955-11-07,Ossenzijl,France,2025-11-13,Platinum,No
C000262,Yasmin,Govarts,van-de-brinkjaylinn@example.com,+3135 5725495,Female,1965-10-09,Oudebildtzijl,Germany,2024-02-14,Bronze,No
C000263,Fatima,van Venrooy,jonkermaarten@example.org,+3195 0015012,Female,1989-04-15,Ouderkerk aan de Amstel,Belgium,2025-04-22,Bronze,Yes
C000264,Rosalie,Geerts,govartsisabella@example.net,+3159-0136751,Female,1999-03-03,St.-Jacobiparochie,Belgium,2023-10-07,Silver,No
C000265,Jinthe,Vrancken,floriswillems@example.net,+3111-1924732,Male,1972-08-30,Emmer-Compascuum,Netherlands,2023-12-12,Platinum,No
C000266,Thom,Post,quinn04@example.net,+31(0)83-5071100,Female,1979-11-14,Lierderholthuis,Netherlands,2024-06-13,Platinum,Yes
C000267,Joëlle,Tielemans,gveenendaal@example.com,(0052)-707910,Male,1970-08-12,Vorchten,France,2026-06-20,Platinum,No
C000268,Aiden,van de Velden,hoogersjasmijn@example.com,(0840) 547481,Female,2006-09-17,Beerze,France,2024-11-14,Platinum,No
C000269,Mirte,Heijmans,noahouwel@example.com,0529 998427,Female,1951-09-21,Leuvenheim,Germany,2024-05-10,Silver,Yes
C000270,Guus,van Berkel,tess39@example.net,(0837) 839569,Female,1996-08-25,Schoorl,Belgium,2025-12-03,Platinum,No
C000271,Lindsey,Lonen,noutschwartsbach@example.org,(074)-2857566,Male,1946-12-06,Warfhuizen,Belgium,2024-12-25,Gold,Yes
C000272,Owen,Verhoeven,van-der-laarserafael@example.org,+31675 360162,Male,1998-01-18,Loenersloot,Belgium,2025-12-25,Silver,Yes
C000273,David,Oversteeg,maja51@example.net,0677-208160,Female,1992-09-17,Wamel,France,2024-10-14,Gold,Yes
C000274,Mustafa,Roosenboom,tkorsman@example.com,+3111 4966265,Male,1947-08-16,Heenvliet,Belgium,2024-09-20,Silver,Yes
C000275,Thijs,Bouthoorn,gepa-van-bourgondiegiel@example.com,065 9985235,Female,1958-03-19,Finsterwolde,France,2024-02-04,Bronze,No
C000276,Milo,Walsteijn,bjorn04@example.org,+3109-7009630,Female,1979-01-08,Nieuwleusen,Germany,2025-03-24,Gold,No
C000277,Lindsey,Overdijk,van-den-brandyassin@example.net,017-1241965,Female,1979-11-05,Jaarsveld,Netherlands,2025-05-08,Silver,No
C000278,Philip,van der Sloot,ramakersander@example.org,043 2467822,Female,1961-12-24,Waspik,Belgium,2025-09-10,Silver,Yes
C000279,Jip,Rek,thijs23@example.org,+31(0)141 941594,Female,1993-02-15,Kuinre,Germany,2023-11-19,Platinum,No
C000280,Pippa,Noordijk,gblaak@example.net,(0516)-839428,Female,1984-06-01,Beets,France,2026-04-22,Bronze,No
C000281,Mats,Broek,bart47@example.org,+3190 7461722,Male,1973-11-30,Ouddorp,Germany,2024-07-17,Bronze,No
C000282,Vince,Timmermans,rikvan-ginneke@example.com,+31(0)100 189339,Female,1972-09-13,Helmond,Belgium,2024-07-26,Gold,Yes
C000283,Aiden,Smit,floor11@example.net,000-4994491,Male,1973-09-01,Dreischor,France,2024-06-18,Bronze,Yes
C000284,Chloë,Spruyt,roukesjoey@example.com,+31(0)19-7697758,Female,1979-11-15,Beegden,Germany,2026-02-11,Platinum,No
C000285,Amy,Oemencs,noordijklois@example.org,037-9287757,Male,1991-06-08,Garmerwolde,Belgium,2025-03-02,Silver,Yes
C000286,Hidde,David,lise53@example.org,+3120-1019580,Female,1955-10-01,Zandhuizen,France,2024-01-07,Gold,No
C000287,Lizzy,Soos,keijzerelena@example.org,(018) 1542735,Male,1964-12-17,Renswoude,France,2024-10-09,Gold,Yes
C000288,Luc,de Backer,uvan-schevinghuizen@example.net,081 6023455,Female,2003-11-01,Westdorp,France,2025-04-06,Bronze,No
C000289,Mats,Jansse,berattamsma@example.org,0574-988474,Male,1979-03-25,Leerdam,Belgium,2023-10-15,Gold,Yes
C000290,Nienke,de Bruin,tijnjeggij@example.net,+31(0)556-219496,Female,1948-07-16,Scheemda,Belgium,2023-10-02,Gold,No
C000291,Sem,Hoedemakers,ninakerkhof@example.com,(081) 1676998,Male,1946-12-21,Suwâld,Belgium,2025-02-25,Platinum,Yes
C000292,Dina,Haselaar,maritbos@example.org,+3183-8157964,Female,2005-03-09,Borgsweer,France,2026-07-04,Silver,Yes
C000293,Demi,Boer,feline23@example.org,011 5340506,Female,1990-09-15,Oosterhout,Belgium,2024-02-25,Gold,Yes
C000294,Jesse,Keijser,ovan-der-laar@example.net,0689 481925,Female,1995-12-18,Alkmaar,France,2026-05-09,Gold,Yes
C000295,Pien,de Vos,karlijn77@example.net,+31(0)626 343435,Male,1958-10-26,Elsendorp,Netherlands,2024-03-27,Bronze,Yes
C000296,Zeynep,van Beieren,evivink@example.net,037 7014414,Male,1991-04-13,Gemonde,Netherlands,2025-08-05,Gold,Yes
C000297,Amira,Vertoor,pratttom@example.org,(0759) 055667,Female,1989-09-11,Gendringen,Belgium,2026-04-10,Platinum,Yes
C000298,Jort,Beijring,krabbejorn@example.net,028-5954200,Male,1956-01-12,Olst,Netherlands,2023-08-24,Silver,Yes
C000299,Marinus,die Witte,azra86@example.net,+3132 5650227,Male,1995-05-14,Wilhelminaoord,France,2026-02-11,Silver,No
C000300,Thom,Jurrijens,fierevictoria@example.com,+31958 197624,Male,1966-05-15,Hellouw,Belgium,2023-08-26,Platinum,No
C000301,Meike,Voortman,mees66@example.com,+3142 5660081,Male,1977-08-21,Dreischor,France,2026-03-04,Gold,No
C000302,Lorenzo,Schelvis,sandersquinn@example.com,+31(0)23-4962873,Male,1951-08-15,Montfoort,Belgium,2025-08-08,Silver,Yes
C000303,Jesper,Sitters,matholhidde@example.net,+31(0)27 9295642,Female,2002-08-09,Altforst,Belgium,2026-06-25,Silver,Yes
C000304,Fay,Ellis,finn05@example.net,+31(0)90-1867619,Male,1956-05-28,Borgercompagnie,Netherlands,2024-12-01,Gold,Yes
C000305,Feline,van den Broek,yverboom@example.org,(0770) 716056,Female,1946-04-26,Gieten,Germany,2024-08-22,Bronze,No
C000306,Bradley,Kuipers,ahorrocks@example.com,+3125-5382604,Male,1991-11-29,Haastrecht,Belgium,2024-06-14,Silver,Yes
C000307,Imran,Garret,renske25@example.org,+3118 4018008,Male,1978-10-12,Zelhem,Belgium,2024-04-04,Bronze,Yes
C000308,Lana,Vos,lynn99@example.com,+31336-513940,Female,2003-10-05,Ittervoort,France,2026-01-26,Platinum,Yes
C000309,Casper,Sterkman,kickvan-rheineck@example.org,+3107 5355590,Male,1948-07-19,Kalenberg,Germany,2023-12-20,Silver,No
C000310,Juul,Passchiers,joostzijlmans@example.org,097-3928294,Male,1996-06-30,Schoorl,Belgium,2026-05-14,Bronze,No
C000311,Lauren,Spiker,ter-waarbeekkian@example.net,058 1302804,Male,1988-01-21,Sluiskil,Netherlands,2025-11-17,Silver,No
C000312,Tessa,van Santen,wensenquinty@example.com,+31(0)612-176889,Male,1947-05-21,Valthe,Germany,2025-01-21,Gold,Yes
C000313,Simon,van Arkel,bierstratenkim@example.org,0617-025031,Female,1983-04-30,'s-Gravenpolder,Germany,2026-04-13,Gold,Yes
C000314,Dirk,van Brunswijk,wagenvoortjake@example.org,(0717) 028790,Male,1979-12-05,Waalwijk,Germany,2025-10-31,Silver,No
C000315,Alexander,de Reede,slagerweij@example.com,096-2642872,Male,1948-12-17,Buinerveen,France,2024-04-20,Platinum,Yes
C000316,Iris,Kof,jurre93@example.com,+31613-535016,Female,1989-01-28,Haelen,France,2025-06-28,Platinum,Yes
C000317,Ivy,van der Velde,charlottecoret-coredo@example.org,+31(0)24-2332827,Female,1994-01-19,Nijeholtpade,France,2024-05-12,Silver,No
C000318,Laurens,Pieters,maxvan-wickerode@example.com,0650 079877,Female,1984-07-28,Vierhuizen,Belgium,2025-02-23,Platinum,No
C000319,Colin,Slingerland,hvan-de-greef@example.net,(065)-7429703,Female,1974-10-17,Katlijk,Germany,2023-08-25,Gold,Yes
C000320,Mehmet,Westerburg,waardeloocarlijn@example.com,(034) 3011740,Male,1961-02-24,Markelo,France,2026-01-30,Bronze,No
C000321,Mila,Nek,courtierlukas@example.net,093-2565822,Male,1989-12-22,Echt,Netherlands,2025-10-03,Bronze,No
C000322,Jennifer,Ansems,benthehulst@example.org,051 9192407,Male,2005-08-25,Ubbena,Belgium,2025-10-26,Silver,No
C000323,Ayoub,van Bovene,verboomdanique@example.net,+3133 2237796,Female,1990-04-14,Nijmegen,France,2026-05-16,Bronze,Yes
C000324,Arie,de Haan,pimvan-bruchem@example.org,+3103-8451032,Male,1955-02-03,De Wilgen,France,2024-05-07,Gold,Yes
C000325,David,van der Noot,sarah60@example.com,+3102-3248462,Female,1953-08-05,Arnhem,Netherlands,2024-01-30,Bronze,No
C000326,Nora,van der Stael de Jonge,lottede-groot@example.net,+31(0)954-595997,Female,1948-05-09,Huizinge,Belgium,2025-11-22,Bronze,Yes
C000327,Tim,Die Bont,ovan-den-nyeuwenhuysen@example.net,094 1169343,Female,1958-11-14,Rogat,Germany,2026-05-08,Platinum,No
C000328,Merijn,Wunderink,jipsmit@example.net,(0975) 764644,Female,2005-06-19,Sint-Michielsgestel,Netherlands,2023-08-18,Gold,No
C000329,Mathijs,van Rossum,lorenzopaillet@example.com,(0374) 854462,Female,1949-01-21,Rijswijk (NB),Netherlands,2025-03-02,Silver,No
C000330,Fabian,Sanders,scuylenborchsguus@example.org,+31(0)66-0044932,Male,1959-12-06,Ottoland,Netherlands,2026-03-16,Platinum,No
C000331,Duuk,Doesburg,wintersvictor@example.net,091 7724547,Male,1996-10-25,Harlingen,Belgium,2026-05-20,Bronze,No
C000332,Cornelia,Mulders,lois29@example.net,+31(0)453 339981,Male,1954-08-08,Schijf,Germany,2025-10-16,Platinum,No
C000333,Norah,Robbrechts Bruijne,robbrechts-bruijnekarlijn@example.org,+31(0)310-268541,Male,2001-02-23,Zuidschermer,Germany,2024-10-21,Bronze,No
C000334,Daniel,Vink,svan-enschot@example.com,095-1292245,Male,2001-08-10,Slappeterp,France,2024-07-13,Platinum,No
C000335,Aiden,Guit,fvan-tours@example.com,+3134-6217669,Male,1978-04-22,Nederland,France,2025-01-18,Bronze,Yes
C000336,Zara,van Rijnsbergen,ksarneel@example.net,+31968 087296,Male,1945-08-26,Opheusden,Germany,2025-05-30,Platinum,No
C000337,Anne,Hollander,schoutenjet@example.net,+31(0)89 3328035,Female,1974-08-10,Vrouwenpolder,Belgium,2024-01-10,Gold,No
C000338,Jelte,van Asten,meesschilt@example.net,(016) 7109248,Female,1987-01-11,Sprundel,Netherlands,2025-11-27,Bronze,Yes
C000339,Aylin,van de Velden,ravi64@example.com,(0433) 669858,Female,1960-04-12,Alblasserdam,Germany,2024-01-14,Silver,Yes
C000340,Elize,Werdes,evan-den-heuvel@example.net,(0796)-840276,Male,1989-07-25,Helmond,Belgium,2025-06-16,Platinum,No
C000341,Elise,Stinis,jmartens@example.net,088-5930458,Male,1963-02-17,Winde,Netherlands,2026-05-26,Bronze,No
C000342,Jenna,van Schweinfurt,poncibryan@example.org,019 9738916,Female,2003-12-26,Papekop,Netherlands,2025-11-15,Bronze,Yes
C000343,Giel,Reijers,joelle78@example.org,+31888 126324,Male,1997-10-29,Wijchen,Netherlands,2025-04-02,Bronze,No
C000344,Damian,van Loon,sstange@example.net,(0113)-830533,Female,1975-03-04,Zieuwent,Germany,2024-07-06,Platinum,No
C000345,Tijn,Martel,den-teulingkarlijn@example.org,+31(0)859 148089,Female,1963-12-11,Hoog Soeren,Belgium,2025-10-13,Bronze,No
C000346,Siem,Amalrada,mathijs93@example.net,+31(0)059-254656,Male,1997-01-13,Venhorst,Germany,2025-07-18,Silver,Yes
C000347,Meike,van der Maes,giel08@example.org,0542-112484,Female,1965-04-11,Huizen,Germany,2023-08-04,Platinum,Yes
C000348,Cas,de Jode Vastraedsd,speijerfatima@example.org,+3155 4160761,Female,1988-10-21,Baarland,France,2025-06-04,Gold,No
C000349,Senna,Wolffel,yvan-der-spaendonc@example.net,0480 492619,Male,2005-05-13,Baarle-Nassau,Netherlands,2024-03-23,Silver,Yes
C000350,Wout,Mathol,jasper13@example.net,+31(0)714-072732,Female,2001-05-11,Middelharnis,France,2025-06-16,Silver,Yes
C000351,Olaf,van Hulten,maartje18@example.org,+31(0)968-346232,Female,1999-03-16,Angeren,France,2023-12-22,Gold,No
C000352,Ilse,Jansen,van-der-ploeglizzy@example.org,(019) 0343786,Male,1977-07-26,Luddeweer,Germany,2023-08-09,Bronze,No
C000353,Lieke,van Limburg,victoriaschulten@example.com,(0004) 573503,Male,1960-11-14,Parrega,Germany,2023-08-30,Silver,No
C000354,Nick,Goudriaan,van-den-hoekfatima@example.org,+3197-0962588,Female,1964-01-24,Hezingen,Germany,2025-08-06,Silver,Yes
C000355,Sep,Kerkhof,josephine93@example.net,+31796 144356,Female,2003-07-22,IJzendijke,Belgium,2025-04-29,Bronze,Yes
C000356,Senna,van Laarhoven,pter-waarbeek@example.net,(0611)-526758,Male,2008-05-13,IJhorst,Germany,2025-02-23,Platinum,Yes
C000357,Amin,Spruyt,lensenesila@example.net,(073)-7613877,Female,1994-07-15,Balgoij,Belgium,2026-03-30,Silver,Yes
C000358,Dion,van Wijk,berat82@example.org,+31(0)291 168477,Male,1966-12-30,Sliedrecht,Germany,2025-08-28,Bronze,No
C000359,Samuel,van Hoevel en van Zwindrecht,esmee62@example.net,+31(0)25 5824263,Male,1972-09-08,Oostzaan,France,2025-10-17,Platinum,No
C000360,Quinten,de Gratie,fpotters@example.org,+31950-357082,Female,1951-02-19,Olterterp,Germany,2025-11-28,Platinum,Yes
C000361,Wouter,Koster,jordy77@example.net,(0232)-398855,Male,1997-08-04,Grijpskerk,Netherlands,2025-09-18,Silver,Yes
C000362,Victor,Opmans,yasminevan-der-velden@example.net,(028)-8747016,Female,1996-06-21,Aerdt,Belgium,2026-01-18,Platinum,No
C000363,Isabel,van der Zijl,shupetijmen@example.org,(0098)-403725,Female,1975-01-26,Appingedam,Belgium,2023-10-08,Bronze,No
C000364,Wessel,van Bovenen,dean66@example.net,+31(0)33-8284903,Female,1990-04-24,Oosteind,France,2026-07-01,Silver,No
C000365,Lotte,Zuijdveld,vertoorsenn@example.net,+3183-4421333,Male,1974-03-07,Waalwijk,Germany,2026-06-24,Silver,Yes
C000366,Ilse,Broekhoven,jakevan-ghoerle@example.org,044-5474968,Male,1969-03-10,Heesch,Belgium,2025-07-15,Gold,Yes
C000367,Annemijn,Lonen,marceronvalentijn@example.org,+3177-9180077,Male,1955-12-18,Pietersbierum,France,2025-05-17,Gold,No
C000368,Robin,Haselaar,lorealadam@example.com,(063)-3605671,Female,1979-01-03,Schildwolde,Germany,2024-08-23,Silver,Yes
C000369,Julian,van Ginkel,adryaensniek@example.org,(044) 4742089,Male,1991-12-07,Blauwhuis,France,2024-10-06,Silver,No
C000370,Giovanni,van Hostaden,leonjacquot@example.org,(0092) 019765,Female,1977-06-03,Wapenveld,Germany,2024-11-01,Gold,No
C000371,Lisa,van Bruchem,lizzy68@example.com,(0687)-914766,Male,1994-10-22,Gorredijk,France,2024-10-25,Bronze,No
C000372,Boris,van Ginkel,elena57@example.net,0386 912231,Male,1999-11-29,Berltsum,Belgium,2023-09-02,Bronze,No
C000373,Marinus,Blokland,bilaljdotte@example.com,0332-790801,Male,1989-02-05,Houwerzijl,Germany,2026-02-09,Bronze,No
C000374,Maja,van Parijs,lizhekker@example.com,+31(0)47-7027142,Female,1958-10-17,Beerze,France,2025-05-12,Silver,Yes
C000375,Maud,Ulrich,veldermankyara@example.net,+31(0)610 490146,Male,1958-01-05,Bavel,Belgium,2024-10-05,Gold,No
C000376,Cato,Reimes,linnvan-den-nieuwenhuijsen@example.org,+3123-1384872,Male,1973-03-15,Nieuwediep,France,2025-12-07,Bronze,No
C000377,James,Dorsman,den-teulingjuliette@example.com,+31(0)063-856320,Male,1997-12-18,Harich,Belgium,2026-04-05,Platinum,Yes
C000378,Jenna,die Pelser,kslaetsdochter@example.com,(0299)-383579,Female,1996-06-20,Laag-Soeren,Netherlands,2025-11-10,Silver,Yes
C000379,Sander,van der Loo,lennvan-gils@example.org,030-3546220,Male,1974-05-29,Wanroij,France,2024-03-19,Gold,No
C000380,Amin,van Santen,jayson46@example.org,(088)-6659286,Male,2002-01-18,Rohel,Germany,2026-01-22,Silver,Yes
C000381,Frederique,van Mispelen,wipstrikjuliette@example.org,(0006) 350749,Male,1961-05-03,Odoorn,Netherlands,2025-05-10,Gold,Yes
C000382,Merel,le Gallen,vince96@example.com,047 9346974,Male,1999-01-19,Hoog-Keppel,Netherlands,2023-12-25,Bronze,Yes
C000383,Charlotte,Bertho,barentssamuel@example.org,005 7399596,Female,1947-01-27,Boxmeer,Belgium,2025-08-31,Gold,Yes
C000384,Tristan,Hulst,vigoansems@example.com,+3110 0860936,Male,1959-11-05,Bodegraven,Netherlands,2024-02-19,Silver,Yes
C000385,Jayda,Kuilenburg,ceylinvan-de-ven@example.org,+3145-3860296,Female,1995-09-03,Zandberg,Germany,2024-01-06,Platinum,Yes
C000386,Carlijn,van Stralen,indy96@example.net,+31911 571701,Male,1949-04-22,Vlagtwedde,Netherlands,2025-07-11,Platinum,No
C000387,Luca,van der Heiden,frederiqueschenk@example.org,+31(0)233-971029,Female,1947-04-07,Baarland,Belgium,2024-04-21,Platinum,Yes
C000388,Demi,Verkade,senn20@example.com,(0303)-794123,Female,1976-01-21,Numansdorp,Germany,2024-01-12,Bronze,No
C000389,Sterre,van der Veiver,van-beekbart@example.org,+31(0)98-3066212,Female,1972-03-25,Zuidermeer,Belgium,2024-04-29,Bronze,No
C000390,Merle,Greij,kschuurmans@example.org,(083)-3859618,Male,1949-08-21,Ovezande,France,2025-12-29,Bronze,Yes
C000391,Nathan,van Saksen,jonasromijn@example.com,0024 108103,Female,1980-04-27,Lioessens,Germany,2025-08-26,Silver,No
C000392,Fleur,van Landen,nde-graaf@example.com,019-2523730,Male,1965-07-18,Ballum,Netherlands,2024-01-24,Bronze,Yes
C000393,Matthias,van der Smeede,smulder@example.net,(076)-9037831,Female,1997-07-03,Marle,Netherlands,2024-01-03,Silver,No
C000394,Bart,van den Pol,kimvan-den-eerenbeemt@example.org,+31328-214983,Female,1990-12-30,Schuinesloot,Belgium,2026-04-21,Bronze,Yes
C000395,Rowan,Hendricks,segerszoenwouter@example.net,+31(0)595-086747,Female,1958-12-15,Ammerzoden,Germany,2025-02-12,Gold,No
C000396,Daan,Charon,tthe-elder@example.org,(066)-9794235,Male,1978-01-05,Opperdoes,Belgium,2026-07-03,Gold,No
C000397,Jan,van Geest,mayarisma@example.net,+3148-5456348,Female,1946-05-15,Den Ham,Netherlands,2025-08-18,Gold,Yes
C000398,Hendrik,Meijer,mia95@example.org,033 3460338,Male,1996-09-09,Monster,Germany,2023-10-12,Gold,Yes
C000399,Bo,van de Ven,zaalmerel@example.com,+31(0)954 653118,Female,1988-04-21,Dedgum,Netherlands,2025-07-25,Silver,No
C000400,Sanne,den Buytelaar,esilasymons@example.net,+31(0)81-4195799,Female,1977-11-21,Nijlande,Belgium,2024-09-13,Gold,No
C000401,Madelief,Kolster,mohammedjeggij@example.com,+31(0)56 4403039,Male,1994-11-26,Terheijden,Belgium,2024-12-31,Platinum,Yes
C000402,Floor,van der Stael de Jonge,mannebrian@example.net,(097) 3544947,Female,2003-08-04,Middelaar,France,2025-12-05,Silver,Yes
C000403,Damian,Keijser,kuitsophia@example.com,(0117)-180376,Female,1979-01-12,Obdam,Belgium,2023-10-01,Gold,Yes
C000404,Keano,Voortman,rotteveelvince@example.org,(0021) 729785,Female,1972-05-19,'s-Heer Abtskerke,Netherlands,2025-08-08,Platinum,No
C000405,Lily,van Beaumont,hulsinaya@example.com,(001) 9200678,Male,1984-01-08,Pannerden,Belgium,2025-04-07,Gold,Yes
C000406,Kevin,van Susa,ter-waarbeekcatharina@example.com,022-2050063,Male,1961-09-06,Valthe,Belgium,2024-10-09,Silver,Yes
C000407,Mike,de Gratie,khermans@example.net,+3128 4466257,Female,1971-02-10,Heiligerlee,Germany,2024-01-24,Silver,No
C000408,Puck,van den Bergh,lcoret@example.com,(0348)-067620,Female,1988-09-23,Achtmaal,France,2025-03-18,Silver,Yes
C000409,Josephine,Hekker,berendjoosten@example.com,+31864-916913,Female,1963-01-18,Bruinehaar,Germany,2026-04-16,Silver,Yes
C000410,Jinthe,Berends,tygokloppert@example.com,+3137 9797839,Male,1997-08-21,Ossendrecht,Netherlands,2026-03-02,Platinum,Yes
C000411,Rick,Wilson,collindavid@example.net,0902-932400,Female,1970-01-27,Santpoort-Zuid,Netherlands,2026-04-22,Gold,Yes
C000412,Tom,Hollander,finnlommert@example.net,+31(0)996-503061,Male,1947-09-19,Vreeland,Netherlands,2024-05-04,Silver,No
C000413,Boaz,de Heer,jde-groot@example.com,074 5347741,Female,1989-04-25,Ter Apel,Belgium,2023-10-04,Bronze,Yes
C000414,Amira,van Breukelveen,rmassa@example.org,+31(0)302-443876,Female,1967-04-05,Ruurlo,Belgium,2025-11-27,Bronze,No
C000415,Angelina,Martens,ties00@example.com,(0066) 314162,Male,1987-02-22,Elst,Netherlands,2025-10-05,Bronze,Yes
C000416,Vajèn,Postma,sannepasschiers@example.net,+3122 7789587,Female,1964-11-16,Oudewater,Netherlands,2024-06-29,Silver,Yes
C000417,Angelina,Nollee,tijmenvan-voorst@example.com,0216-556695,Male,1946-05-12,Goutum,Germany,2025-12-13,Platinum,No
C000418,Kay,Elsemulder,neknova@example.org,(088) 4176246,Male,1967-04-11,'s-Heerenberg,Germany,2024-03-10,Platinum,No
C000419,Mathijs,Geerts,joey48@example.net,+31(0)89 2695007,Female,2002-01-23,Noord-Scharwoude,France,2026-07-08,Bronze,Yes
C000420,Kyano,Uit de Willigen,bas67@example.net,+31(0)46-2653257,Male,1999-09-01,Witmarsum,Belgium,2024-01-19,Silver,No
C000421,Rick,Jacobs,van-loonnadia@example.com,009-8701794,Male,1989-04-06,Vlist,Belgium,2026-01-14,Gold,Yes
C000422,Jelle,van de Eerenbeemt,de-witmaja@example.net,+3192 3065363,Male,2007-10-12,Kloosterzande,France,2023-10-22,Platinum,No
C000423,Jonathan,van der Schuijt,jvan-nimwegen@example.net,0601-156997,Male,1970-11-11,Uden,Germany,2026-04-12,Platinum,No
C000424,Bram,Brouwer,rafael12@example.org,+3140-5034252,Male,1996-11-22,Mierlo,France,2026-02-09,Silver,Yes
C000425,Yara,Zaal,upostma@example.org,+31(0)93 7655038,Male,1997-04-27,Beesel,Belgium,2024-11-09,Platinum,No
C000426,Jack,van den Velden,kokelisa@example.net,093-5778141,Female,1957-02-05,Ginnum,Germany,2026-03-02,Bronze,No
C000427,Morris,Uphaus,ivan-wessex@example.com,+31(0)43-7598839,Male,1966-07-28,Oudelande,Belgium,2025-02-04,Gold,Yes
C000428,Mirthe,Perkins,ivan-mispelen@example.net,005-8197849,Male,1946-03-10,Eastermar,Belgium,2026-07-17,Gold,No
C000429,Jim,Feltzer,simonhuijben@example.com,0394-565130,Male,2000-05-24,Biggekerke,Germany,2025-11-10,Silver,Yes
C000430,Jade,van Bovene,whazenveld@example.net,+3128-1965767,Male,1973-06-29,Munstergeleen,Belgium,2023-12-05,Bronze,Yes
C000431,Quinty,van de Elzas,woudenbergmustafa@example.org,036 3371313,Male,2000-05-28,Ruinerwold,France,2024-11-20,Gold,Yes
C000432,Sarah,Bruynzeels,van-enschotjesper@example.com,0748 313913,Female,1977-10-25,Havelte,France,2024-01-04,Silver,Yes
C000433,Tobias,Verkade,jurrijensmustafa@example.com,(013)-0489864,Female,1985-10-23,Poppenwier,Netherlands,2024-05-12,Platinum,Yes
C000434,Madelief,van Este,marinusvan-de-wal@example.net,0313-308421,Female,1946-12-16,Warmond,Netherlands,2026-02-25,Silver,Yes
C000435,Maya,Rijntjes,sep49@example.com,0867-283496,Female,1991-03-10,Neer,Germany,2023-09-23,Silver,Yes
C000436,Meike,Latier,van-den-wittenboerrenske@example.com,+31311 107742,Female,1985-12-08,Macharen,Netherlands,2026-07-13,Gold,Yes
C000437,Giel,Bruijne van der Veen,nvan-breukeleveen@example.org,041 0506075,Female,2003-03-10,De Meern,France,2024-07-02,Silver,No
C000438,Noud,Scholten,liviale-gallen@example.com,+31(0)01 9952294,Female,1957-04-26,Heesbeen,France,2025-06-11,Bronze,Yes
C000439,Julius,Scholten,de-hoogheliza@example.com,+31029-854485,Male,1975-09-19,Mierlo,Belgium,2026-07-25,Platinum,No
C000440,Fabian,Gnodde,jari57@example.org,(012) 3646540,Female,1955-04-24,Bronkhorst,Netherlands,2026-02-11,Gold,Yes
C000441,Kay,Claesner,hexspoorjoost@example.org,+31(0)78-6280518,Female,2000-03-24,Zijderveld,Germany,2024-11-11,Bronze,No
C000442,Timo,van Dam,yhermans@example.net,+31(0)83 8402275,Female,1986-05-24,Abbega,Belgium,2024-02-28,Silver,No
C000443,Sylvie,Verhaar,cornelisle-briel@example.com,018-2729798,Female,1948-12-27,Abcoude,Germany,2023-09-07,Platinum,Yes
C000444,Kian,Hoppenbrouwer,amber65@example.net,0113 825618,Male,1986-06-04,Schiermonnikoog,Belgium,2024-09-21,Platinum,No
C000445,Esther,van der Laarse,gerritsenmicha@example.org,010-9824756,Female,2007-06-25,Terband,Netherlands,2025-09-16,Bronze,No
C000446,Rosalie,van den Velde,jasper06@example.org,+31191-710635,Female,1951-05-03,Bovensmilde,Netherlands,2026-05-06,Platinum,No
C000447,Isabella,Suijker,svan-santen@example.net,+31(0)659-438053,Male,1952-05-12,Hoogeveen,Belgium,2024-04-07,Gold,No
C000448,Sara,Lamore,bramvan-oirschot@example.org,+31(0)677-273708,Female,1963-12-23,Bakhuizen,France,2023-11-12,Silver,Yes
C000449,Wouter,'s Gravensande,ade-kale@example.com,0865 078941,Female,1967-07-15,Swichum,Belgium,2023-10-27,Bronze,No
C000450,Lucy,Wipstrik,dhoning@example.com,054-8682658,Female,1979-05-21,Feanwâlden,France,2024-02-14,Gold,Yes
C000451,Senna,van der Maath,eknuf@example.com,+3115 9938179,Male,2000-08-24,Stiens,Belgium,2025-05-10,Gold,No
C000452,Boaz,Vignon,phileine69@example.org,+31(0)88 2336141,Male,1977-11-26,Lollum,France,2024-08-19,Gold,No
C000453,Joost,den Haag,norah03@example.org,+31(0)72 6418932,Male,2005-06-23,Beltrum,France,2025-11-17,Bronze,Yes
C000454,Sem,Wolfswinkel,maximrijntjes@example.net,(088)-8298683,Female,1970-08-28,Ferwert,Belgium,2025-10-26,Bronze,Yes
C000455,Cato,van der Veen,sienna80@example.com,+3156-8395630,Male,1977-03-12,Sumar,Germany,2025-05-15,Gold,Yes
C000456,Leon,Honing,zmathurin@example.org,+31(0)491-708101,Male,1977-03-13,Schalsum,France,2024-04-08,Silver,Yes
C000457,Jennifer,de Vrome,van-gorpveerle@example.com,(072) 3011208,Male,2001-07-08,Driebruggen,Belgium,2023-10-01,Bronze,Yes
C000458,Hailey,Sas,jinthevan-mispelen@example.net,(0852) 504860,Male,1945-12-28,'t Zandt,Belgium,2025-06-26,Platinum,No
C000459,Benthe,Brouwer,bastiaanvan-de-kooij@example.org,(0642) 548778,Female,1982-03-09,Maastricht-Airport,Belgium,2024-12-22,Platinum,Yes
C000460,Alicia,de Bruijn,van-limburgsebastiaan@example.net,(0784) 953556,Male,1946-10-27,Veendam,Netherlands,2026-07-03,Silver,No
C000461,Hidde,Rutten,luke11@example.org,042-1187198,Female,1981-08-30,Heiligerlee,Netherlands,2024-09-27,Gold,Yes
C000462,Lucas,Heymans,jasper33@example.com,+31(0)07-8190342,Male,1974-09-18,Kapelle,Netherlands,2024-11-27,Gold,Yes
C000463,Vera,van Gelder,bosbibi@example.com,+31(0)81 1056582,Female,1981-02-01,Hegelsom,Belgium,2023-10-05,Silver,No
C000464,Rafael,Vrancken,kvan-bentheim@example.net,+3130-0483211,Male,1977-03-04,Ootmarsum,Germany,2023-10-22,Silver,No
C000465,Pien,van Poppel,xhermans@example.com,+3168-0641243,Male,1946-02-20,Schiphol,Belgium,2025-12-01,Silver,No
C000466,Roan,Spiker,isabellade-la-fleche@example.com,(094)-6275434,Male,1962-12-27,Wetering,Germany,2025-05-12,Silver,Yes
C000467,Kiki,Kok,nihoebenjamin@example.com,+31432 073242,Female,1984-12-08,Galder,France,2024-03-01,Silver,Yes
C000468,Wessel,van Straaten,muijsnova@example.org,+31(0)07-2796588,Female,1970-01-17,Maashees,Germany,2023-09-06,Platinum,No
C000469,Amir,Knuf,ketellieve@example.com,(0287)-368920,Male,1949-08-16,Nijensleek,Belgium,2025-11-09,Gold,No
C000470,Sem,Haneberg,michellegoudriaan@example.com,(0202)-564968,Male,1959-01-19,Zaandijk,Netherlands,2025-01-08,Bronze,Yes
C000471,Mirthe,van Parijs,ischelvis@example.net,0910 345888,Male,1995-09-06,Vlist,Germany,2023-09-16,Gold,No
C000472,Linn,Vial,hubertsmarijn@example.net,+31283-035114,Female,1998-02-26,Herpen,Netherlands,2023-11-12,Platinum,No
C000473,Stan,van Henegouwen,elif61@example.com,013-8149819,Female,1961-11-25,Greonterp,Belgium,2025-05-23,Silver,Yes
C000474,Demi,Bijlsma,ayadrysdale@example.com,+31(0)759-908327,Male,1951-05-21,Sevenum,Germany,2023-08-06,Silver,Yes
C000475,Jolijn,Maaswinkel,fabienne28@example.com,+3192-6564007,Female,2006-09-06,Lienden,Germany,2024-04-24,Gold,Yes
C000476,Raf,Shupe,lambregtarie@example.com,019 6358455,Female,1952-11-19,Wilhelminaoord,Belgium,2024-02-22,Gold,No
C000477,Senn,Ehlert,tessa63@example.org,(036)-1349473,Female,1948-02-19,Kloosterhaar,Germany,2026-05-23,Bronze,Yes
C000478,Felix,Heere,sara29@example.net,0491-070666,Female,2004-10-20,Neerkant,Netherlands,2024-09-24,Silver,Yes
C000479,Mart,van Emmelen,dirvenmees@example.net,+31(0)885 267119,Female,1947-12-19,Wâlterswâld,France,2024-06-16,Bronze,Yes
C000480,Collin,van de Wal,joy89@example.org,+31403 928972,Male,1952-06-02,Zwiggelte,France,2025-02-16,Platinum,Yes
C000481,Leah,van Parijs,van-breukeleveenolivier@example.com,+31470 686918,Female,2007-02-17,Zwiggelte,Netherlands,2023-09-30,Platinum,No
C000482,Hanna,van der Maath,jansenpuck@example.org,+3145 6647896,Male,1987-12-16,Twijzel,Belgium,2024-09-19,Silver,Yes
C000483,Daan,Fechant,xvan-gelder@example.com,(0419)-931683,Male,2002-04-09,De Heurne,France,2024-02-15,Platinum,Yes
C000484,Mette,van Straaten,matthias54@example.org,0256-620079,Male,1946-04-17,Saasveld,Germany,2024-07-04,Gold,No
C000485,Luc,Hekker,danigeldens@example.com,+3127-2526441,Male,1987-04-02,Spier,Germany,2023-09-22,Platinum,No
C000486,Suus,Kirpenstein,pleunvan-den-bosch@example.net,+31442 365578,Female,2004-05-29,Sonnega,Netherlands,2023-10-13,Gold,Yes
C000487,Hanna,Slagmolen,aydenmulder@example.org,(038) 7977769,Male,1954-05-07,Zieuwent,Germany,2024-04-09,Silver,Yes
C000488,Michael,Terry,duuk65@example.org,+31(0)57 8365767,Male,1990-12-28,Heeze,Netherlands,2026-05-12,Gold,Yes
C000489,Michael,Erhout,kayleewouters@example.org,066 0053137,Female,1981-04-26,Westmaas,Belgium,2025-06-17,Platinum,No
C000490,Lukas,Coreth von und zu Coredo und Starkenberg,lutterveldmohamed@example.org,+31(0)839-216386,Male,1947-02-20,Best,Belgium,2023-12-29,Bronze,No
C000491,Tirza,de Bruijn,rde-wit@example.org,+3121 4676500,Female,1971-07-27,Grijpskerke,Belgium,2024-07-09,Silver,No
C000492,Fem,Gellemeyer,elize49@example.net,0037-962166,Male,2001-01-11,Hantumeruitburen,France,2026-02-12,Bronze,Yes
C000493,Tim,Dachgelder,ella55@example.net,+31431-262781,Female,1984-07-09,Deelen,France,2025-05-07,Gold,No
C000494,Daniel,van der Kaay,gde-leeuw@example.com,0793 247753,Male,2003-04-06,Waal,Netherlands,2024-06-19,Gold,Yes
C000495,Mohamed,Weijland,vlorreijn@example.net,(0602) 759760,Male,1986-12-13,Wons,France,2023-11-15,Gold,Yes
C000496,Dewi,van Amstel,verbeekvera@example.net,(0413) 316118,Male,1967-05-07,Anderen,Netherlands,2023-10-29,Bronze,No
C000497,Annemijn,van der Pol,eliselips@example.net,(0449)-963880,Male,1964-03-16,Heerhugowaard,Netherlands,2024-01-07,Bronze,No
C000498,Lena,van Veen,mvan-klaarwater@example.net,099 0470040,Female,2002-08-15,Okkenbroek,Netherlands,2025-08-24,Gold,Yes
C000499,Pippa,Weylant,samuelvan-riet@example.com,+3158-9392813,Female,1988-08-12,Garsthuizen,Netherlands,2024-10-05,Bronze,Yes
C000500,Emily,Belpere,sebastiaan19@example.net,+31138 271105,Female,1949-04-17,'s-Heerenbroek,Netherlands,2026-04-18,Silver,No
C000501,Suze,van Orleans,ade-haas@example.com,(0364)-414493,Female,1971-09-07,Loënga,Netherlands,2024-12-25,Bronze,Yes
C000502,Annabel,Le Grand,gellemeyerayden@example.org,+31(0)033-311816,Male,1977-05-03,Lutjewinkel,Belgium,2023-11-03,Bronze,Yes
C000503,Brian,Dekker,joelle13@example.net,+3173 6559968,Male,2001-09-27,Streefkerk,Belgium,2024-09-11,Bronze,Yes
C000504,Jelle,Coret-Coredo,inaya93@example.com,+31(0)94 4757389,Female,1953-01-21,Oeffelt,France,2023-09-03,Platinum,Yes
C000505,Amira,Lutterveld,pieter08@example.net,(0312) 922185,Male,1986-10-02,Doeveren,Netherlands,2026-07-19,Gold,No
C000506,Liz,Strijker,weverdaniel@example.net,+31(0)539 182957,Male,1979-08-14,Bentelo,France,2026-05-21,Platinum,No
C000507,Amélie,de Kok,lucasaertsz@example.net,(049)-5867075,Female,2004-08-27,Amen,Netherlands,2025-07-22,Bronze,No
C000508,Samuel,Rotteveel,simon31@example.net,+3134 7337260,Female,1946-01-17,Aldtsjerk,Germany,2026-02-06,Platinum,Yes
C000509,Jelle,Huls,jvan-salm@example.net,+31784-544111,Female,1967-03-26,Bovenkarspel,Germany,2025-03-19,Bronze,No
C000510,Janna,van den Assem,basde-bruyn@example.com,+31419-261111,Female,1948-01-16,Reeuwijk,Belgium,2023-10-22,Platinum,No
C000511,Mart,Alpaidis,qholthuis@example.org,0081 740568,Male,1976-05-06,Galder,Germany,2025-05-28,Gold,No
C000512,Jorn,de Smit,bfriehus@example.net,+31(0)653-559659,Female,1957-01-05,Haps,Germany,2025-04-28,Silver,No
C000513,Lily,Geneart,vaessengiovanni@example.org,(0721) 759684,Male,1951-02-08,Wetsens,Germany,2026-02-21,Silver,Yes
C000514,Jim,Westerbeek,fatimahuisman@example.org,+3153-6574355,Male,1958-10-05,Warns,Netherlands,2026-04-14,Platinum,No
C000515,Catharina,Stange,meeresgijs@example.org,0344-978905,Female,1964-08-04,Oosterhesselen,Germany,2025-10-26,Platinum,Yes
C000516,Noortje,Garret,postmajuliette@example.com,+31(0)50 4269886,Male,1991-05-16,Hoge Hexel,Belgium,2026-01-19,Silver,No
C000517,Aiden,Estey,sanne49@example.com,0261-904937,Female,2002-05-26,Hernen,Germany,2026-04-08,Platinum,No
C000518,Daniël,Kuijpers,felix05@example.com,+31(0)66-0319829,Female,1949-11-02,Maria Hoop,Belgium,2025-03-26,Silver,No
C000519,Senna,Hendriks,wilmontmads@example.net,020 4343080,Male,1960-09-17,Akkrum,France,2024-05-13,Gold,Yes
C000520,Aya,van Beeck Beeckmans,fabiennevan-gastel@example.net,+31964-545717,Female,1975-02-26,Hoogersmilde,Belgium,2026-04-13,Silver,Yes
C000521,Cornelia,de la Fleche,vwalter@example.com,097 9245832,Female,1986-09-11,Zoeterwoude,Germany,2024-10-05,Gold,No
C000522,Pim,Greij,lenn75@example.net,(0453)-420074,Female,1949-10-23,De Kiel,Belgium,2023-09-04,Silver,Yes
C000523,Mason,Geertsen,valeriehuisman@example.net,056-2957209,Female,1974-12-25,Klein Zundert,Netherlands,2024-04-19,Gold,Yes
C000524,Joy,Scuylenborchs,molegraafbryan@example.org,+3146-3313496,Male,1958-12-19,Garnwerd,Belgium,2026-06-13,Bronze,No
C000525,Britt,Berends,frederique04@example.net,(061)-6264910,Male,1975-04-07,Middenbeemster,Netherlands,2024-08-02,Bronze,No
C000526,Sep,Kloppert,oshupe@example.net,+31(0)604-602819,Male,1992-07-07,Mariënvelde,France,2025-08-02,Silver,No
C000527,Ali,Goyaerts van Waderle,jayden61@example.org,+3117-3219755,Female,1999-02-06,Den Helder,Germany,2024-08-22,Bronze,No
C000528,Bibi,Palman,julesbouhuizen@example.org,+31(0)46-3366412,Male,1981-02-18,Koolwijk,Germany,2023-09-20,Silver,No
C000529,Nina,van Wijland,eversnoa@example.net,(0572) 841571,Male,1965-07-14,Follega,Netherlands,2025-04-01,Silver,Yes
C000530,Yasmin,Timmermans,olthofaylin@example.com,057-9062253,Male,1951-04-18,Heiloo,France,2023-09-30,Bronze,Yes
C000531,Jesper,Willems,ygervais@example.net,0571 409113,Male,1999-05-31,Zandberg,Belgium,2026-03-24,Platinum,Yes
C000532,Iris,Garret,jorisde-plantard@example.org,+31443 732215,Female,1976-01-31,Overschild,Netherlands,2023-12-22,Platinum,No
C000533,Mats,Serra,wilckenmara@example.com,041-2930648,Female,1991-01-01,Bornwird,Netherlands,2025-09-17,Silver,Yes
C000534,Mirthe,Vos,vverbeeck@example.net,+31161-752802,Female,1987-11-02,Neeritter,Germany,2024-08-14,Gold,No
C000535,Alicia,Aertsz,klerksalex@example.org,004-9022419,Male,2003-07-24,Oldehove,Belgium,2025-08-24,Platinum,Yes
C000536,Sep,de Keijser,jorisschenk@example.org,(0210) 731085,Female,1974-09-06,Sibrandahûs,Germany,2023-08-30,Platinum,No
C000537,Sami,Jans,tverbeek@example.org,+31(0)778 070315,Male,1961-11-19,Dedgum,Belgium,2026-07-04,Platinum,No
C000538,Kyan,Knuf,sennavan-de-water@example.org,+31(0)04 8977741,Female,1974-06-14,Oldeouwer,France,2025-08-15,Bronze,Yes
C000539,Ivy,Eijkelboom,kim82@example.net,(0955)-617962,Female,1967-05-18,Zwartewaal,Netherlands,2023-08-14,Bronze,Yes
C000540,Amy,Galijn,demmendaalwesley@example.com,+3172-0562019,Male,1994-01-10,Pieterzijl,Belgium,2024-02-15,Gold,No
C000541,Pieter,die Witte,lily67@example.net,0323 101412,Female,1974-03-23,Annen,Netherlands,2023-12-17,Gold,Yes
C000542,Loïs,Karels,van-gorpimran@example.org,035-7476872,Female,1984-03-14,Gorinchem,Netherlands,2026-03-06,Platinum,No
C000543,Thijn,Chevresson,lgellemeyer@example.com,+31470 291765,Male,1966-03-09,Windraak,Belgium,2024-06-18,Silver,No
C000544,Aya,Maas,lizjacquot@example.com,+31(0)50-4918467,Male,1951-01-12,Bentelo,Belgium,2023-08-15,Platinum,Yes
C000545,Daphne,Jerusalem,van-goerlelinn@example.org,+31(0)27-7366027,Female,1985-01-12,Allingawier,France,2024-06-27,Platinum,Yes
C000546,Jaylinn,Otte,dylanohakker@example.org,(0171) 092347,Male,2003-04-26,Slappeterp,Germany,2025-03-26,Silver,No
C000547,Jake,van der Meer,hdachgeldt@example.net,004 9459632,Male,2002-06-14,Iens,Netherlands,2025-11-05,Platinum,No
C000548,Matthijs,van Buuren,indy29@example.com,+31433-293156,Female,1986-12-18,Duivendrecht,Belgium,2025-03-04,Bronze,No
C000549,Nynke,Lieshout,jeltede-bruijn@example.net,021-7725910,Female,1961-08-07,Kuinre,France,2024-12-05,Platinum,No
C000550,Dave,Doornhem,jansenquinten@example.com,(043)-9680967,Female,2008-02-20,Broek in Waterland,Germany,2026-07-11,Gold,No
C000551,Duuk,Martens,versluijsmila@example.org,+31(0)763 702751,Female,1972-01-07,Riel,Belgium,2023-08-13,Gold,No
C000552,Nynke,Vrancken,vera87@example.com,(0482) 276839,Female,1970-11-04,Westervoort,France,2025-11-30,Silver,Yes
C000553,Jayson,Kortman,imkeduivenvoorden@example.org,041 2031990,Female,1975-08-14,Yerseke,Netherlands,2026-06-23,Gold,No
C000554,Sophie,Groenendaal,sam55@example.com,(0237) 074598,Female,1967-09-29,Vlijmen,Netherlands,2025-12-03,Gold,No
C000555,Zara,van der Veiver,fienevan-hostaden@example.com,+31(0)59 8158250,Female,1957-09-16,Werkendam,Germany,2026-02-21,Silver,Yes
C000556,Feline,de la Fleche,teunvan-de-ven@example.org,(0164)-076340,Female,1982-11-28,Angerlo,Netherlands,2026-03-23,Bronze,Yes
C000557,Dex,Lamotte,elisa32@example.com,0899 990479,Female,1973-07-06,Mheer,Netherlands,2024-01-31,Platinum,No
C000558,Tirza,Adriaensdr,phileine52@example.net,+31981 150275,Female,1951-09-10,Heelweg,Germany,2024-03-14,Silver,No
C000559,Sebastiaan,Rijcken,niels57@example.net,(0688)-779308,Male,1984-03-15,Zegveld,Netherlands,2023-09-01,Bronze,No
C000560,Tijn,Kuit,kschrant@example.com,(017)-7104562,Male,1991-07-26,Moerdijk,Netherlands,2023-08-27,Platinum,No
C000561,Tobias,Elbertse,ilemmens@example.com,(0731) 418148,Female,1967-08-29,Overloon,Germany,2025-11-08,Gold,No
C000562,Daphne,van 't Riet,louisedirven@example.net,(080)-6216366,Male,1964-07-04,Heeswijk-Dinther,France,2023-09-06,Silver,Yes
C000563,Jacob,van Nes,chloe73@example.org,006-2759347,Female,1983-04-14,Molenschot,Germany,2023-09-28,Bronze,Yes
C000564,Kyra,Veltman,verwoertliz@example.org,085 2487698,Male,2001-01-19,Schinveld,Germany,2026-02-05,Gold,No
C000565,Yinthe,van Bovenen,olafvan-wijk@example.net,039 4550193,Male,1983-02-24,Beltrum,Germany,2025-10-11,Gold,No
C000566,Joep,Sas,stichterdylano@example.com,(0998) 782483,Male,1968-02-17,Westkapelle,France,2026-05-12,Gold,Yes
C000567,Bo,Louws,dex17@example.com,044-1351289,Male,1984-02-08,Vrouwenparochie,France,2025-07-02,Silver,Yes
C000568,Jayson,Boudewijns,de-haasbrian@example.net,+3192-3029301,Female,1994-01-03,Koudum,France,2025-07-24,Bronze,Yes
C000569,Lot,Helmerhorst,van-laonloes@example.com,(052)-4868532,Female,1991-04-09,Roderesch,Germany,2023-11-03,Bronze,Yes
C000570,Julia,Cornelisz,luukzwart@example.net,+31(0)922-650170,Female,1958-04-24,Deurze,Netherlands,2026-03-31,Silver,Yes
C000571,Beau,le Matelot,thijmen17@example.org,0819 587685,Female,1999-07-09,Koudekerk aan den Rijn,Germany,2024-05-03,Gold,No
C000572,Loek,de Wit,rippeytwan@example.net,+31(0)923-836454,Male,1988-08-13,Zevenhuizen,France,2025-01-08,Bronze,Yes
C000573,Carlijn,van der Meer,willem11@example.org,(0606)-183446,Female,1999-02-27,Bergen op Zoom,Belgium,2025-06-14,Platinum,No
C000574,Bart,Charon,isabellawalsteijn@example.com,069 7684768,Male,2007-11-19,Hezingen,Germany,2024-01-26,Silver,Yes
C000575,Niels,d' Heripon,amberkoster@example.net,+31(0)41-8166270,Female,1983-09-04,Wetsinge,Netherlands,2024-05-14,Silver,Yes
C000576,Juliette,Hoes,xvan-de-veen@example.com,+31(0)730 970330,Female,2003-07-10,Heerde,Belgium,2024-05-22,Bronze,Yes
C000577,Sten,van de Kooij,floorolthof@example.org,+31(0)73-8734436,Female,1998-08-14,Andijk,Belgium,2025-05-28,Gold,Yes
C000578,Tyler,Arts,tess27@example.com,+3153-4317933,Male,1983-02-18,Herten,France,2023-10-16,Bronze,Yes
C000579,Marit,de Grote,niekverhoeven@example.com,+31(0)905-762704,Female,1951-02-17,Demen,Germany,2023-09-04,Gold,Yes
C000580,Sep,van Leeuwen,kikikriens@example.net,+31287 406772,Male,1970-06-28,'s-Gravenzande,Netherlands,2026-07-11,Silver,Yes
C000581,Roan,Schokman,maaikevan-suinvorde@example.org,+3189 6069858,Male,1949-05-26,Odiliapeel,Belgium,2026-01-30,Platinum,Yes
C000582,Pippa,Lambregt,rippeyzoe@example.org,(013) 4325744,Female,1969-12-24,Baarland,France,2024-11-12,Gold,Yes
C000583,Jasper,van den Corput,merijn02@example.net,+31(0)955 477544,Female,1965-11-22,Arcen,Belgium,2026-03-24,Gold,Yes
C000584,Tijn,Heribert van Laon,wintersadam@example.org,+31089-130961,Male,1950-12-29,Hoogkarspel,France,2026-04-05,Gold,No
C000585,Gijs,Corstiaens,semwouters@example.org,+31963 432225,Female,1953-03-07,Hengevelde,France,2023-12-11,Platinum,No
C000586,Naud,Goudriaan,morris25@example.org,021 7462140,Female,1970-03-28,Avenhorn,Belgium,2026-01-06,Bronze,Yes
C000587,Xavi,van Veen,berthoamir@example.org,(041)-8679631,Male,1997-09-28,Grathem,France,2025-10-15,Bronze,No
C000588,Loïs,Martens,owen27@example.com,+31(0)221 974322,Female,1956-04-11,Biezenmortel,Belgium,2025-04-26,Gold,No
C000589,Ali,van Rijnsbergen,van-arkeljasper@example.net,+31(0)20 9497863,Male,1989-10-11,Nieuw-Beijerland,Netherlands,2023-12-24,Platinum,Yes
C000590,Lieke,van Leeuwen,billungzakaria@example.com,+31882 012303,Female,1969-03-14,Liempde,Belgium,2024-04-29,Gold,Yes
C000591,Niek,Pauwels,piersonstan@example.net,+3107 4792730,Female,1978-06-20,Helenaveen,Belgium,2024-05-23,Platinum,No
C000592,Phileine,Geneart,huismanlieve@example.net,(014)-2394884,Male,1964-12-07,Valthermond,Germany,2024-01-10,Bronze,No
C000593,Bilal,Olykan,wsaxo@example.com,+31(0)404-612936,Male,1999-10-31,Hoogeveen,France,2024-02-06,Gold,Yes
C000594,Veerle,Coenen,eelmanjens@example.org,035 1903697,Male,2002-06-27,Hulshorst,Belgium,2024-12-22,Gold,Yes
C000595,Bilal,van de Veen,wouter67@example.com,(046)-8011214,Male,1994-02-20,Luddeweer,Netherlands,2024-07-19,Bronze,No
C000596,Ninthe,Dekker,appelmanbibi@example.net,+3183-7620972,Female,1981-07-14,Dreischor,Netherlands,2025-10-25,Platinum,No
C000597,Noortje,ter Waarbeek,maaikepost@example.com,+31(0)52-7424119,Male,1989-05-06,Hooglanderveen,Belgium,2026-07-29,Platinum,No
C000598,Mathijs,van de Wiel,luca36@example.com,+31500-892603,Female,1946-09-30,Heerenveen,Germany,2024-01-06,Bronze,No
C000599,Anna,Weerdenburg,evan-t-riet@example.com,(0727) 944075,Male,1989-01-13,Heukelom,Germany,2024-10-13,Gold,Yes
C000600,Emma,van Dam,lisarehorst@example.org,+31(0)092-199910,Male,2003-06-14,Harreveld,France,2026-04-19,Platinum,Yes
C000601,Kim,Puig,esmeevan-wijland@example.com,(058)-4011340,Male,1997-07-09,'s-Hertogenbosch,Germany,2024-02-22,Gold,Yes
C000602,Felix,Riem,averbeeck@example.com,+31(0)00 3111290,Male,1948-04-13,Babyloniënbroek,Netherlands,2025-09-13,Bronze,No
C000603,Joris,Mangel,courtiertijmen@example.com,0606-521598,Male,1996-08-30,IJsselham,France,2023-09-14,Gold,No
C000604,Daphne,Elbertse,jolie53@example.org,056-9571531,Female,2007-06-03,Leuvenheim,France,2024-07-09,Silver,No
C000605,Jack,Luster,lindmaarten@example.com,+31(0)07 0996464,Male,1999-12-14,Rogat,Belgium,2023-09-12,Bronze,Yes
C000606,Sem,Luboch,evikortman@example.com,+31(0)108 782683,Female,1960-11-22,Aerdt,Belgium,2023-11-15,Gold,No
C000607,Micha,van Beaumont,bernaardsemily@example.org,+31(0)98-4773670,Male,1962-07-16,Apeldoorn,Germany,2023-11-15,Silver,Yes
C000608,Sil,Coreth von und zu Coredo und Starkenberg,gtamsma@example.com,018 0733902,Female,1981-11-28,Venray,Netherlands,2023-09-17,Gold,Yes
C000609,Pippa,van Dillen,phendriks@example.org,0573 610528,Male,1974-02-10,Kaag,France,2025-09-14,Platinum,Yes
C000610,Quinn,Zaal,femvan-ghoerle@example.net,+31(0)96 2629015,Male,2001-03-30,De Koog,Germany,2026-02-21,Bronze,No
C000611,Fien,Bouhuizen,mde-bont@example.org,+31(0)88 3832290,Female,1970-10-04,Velp,Germany,2024-05-17,Platinum,No
C000612,Lois,Fiere,lois43@example.net,(0707) 631316,Male,1956-02-18,Woudbloem,Germany,2025-12-01,Silver,No
C000613,Lana,van den Berg,van-soestphileine@example.com,+31(0)73 9442473,Female,1990-03-10,Heerenveen,France,2026-06-02,Silver,Yes
C000614,Pleun,Knuf,van-dongenthijn@example.com,+31(0)969-083699,Female,1980-06-24,Ameide,France,2025-11-17,Bronze,No
C000615,Milou,Lankle,bovan-rijthoven@example.com,+31(0)58-8442213,Male,1987-08-19,Aldeboarn,Germany,2026-02-09,Bronze,No
C000616,Ruben,Schakelaar,kiki65@example.com,+31586-594620,Male,1947-08-01,'t Zandt,Belgium,2025-07-16,Gold,Yes
C000617,Rosa,Bud,gboers@example.org,+31(0)190-621092,Male,1987-02-16,Casteren,Belgium,2024-05-10,Bronze,No
C000618,Cato,van der Schuijt,gerritsekai@example.org,+31(0)55 5819191,Female,1949-06-30,Vragender,Germany,2024-04-15,Bronze,No
C000619,Carlijn,van de Water,kyravan-bruchem@example.com,+31481 214839,Male,1979-07-01,Badhoevedorp,Netherlands,2024-10-02,Silver,No
C000620,Marinus,van der Smeede,isabelle69@example.org,+3159-0043032,Male,2002-02-15,'t Haantje,Belgium,2026-01-22,Silver,Yes
C000621,Stella,Korstman,loes46@example.com,(066)-3216664,Male,1971-03-26,Noorbeek,Netherlands,2023-09-19,Platinum,No
C000622,Nienke,Tammerijn,jwerl-arnsberg-van@example.com,+31136 124009,Male,1963-07-14,Ried,Belgium,2025-07-08,Gold,Yes
C000623,Merijn,Kleijse,gverhaar@example.org,026-4830571,Male,1991-05-09,Vilsteren,Netherlands,2025-04-30,Bronze,Yes
C000624,Nadia,van der Laarse,jaririppey@example.com,+31(0)14 8696383,Male,1946-04-08,Noordgouwe,Belgium,2025-06-17,Gold,No
C000625,Roos,Verheuvel,senna00@example.net,(0874) 739581,Male,1958-04-01,Herten,Belgium,2026-03-18,Bronze,Yes
C000626,Angelina,Cadefau,sten91@example.com,+31(0)835-824515,Female,1977-12-05,Pieterzijl,Netherlands,2023-11-30,Platinum,Yes
C000627,Johanna,Furda,lvan-laon@example.net,+3146-1987401,Male,1988-01-12,Schoondijke,Germany,2024-06-13,Gold,No
C000628,Ravi,van Verdun,tdie-pelser@example.org,(0225) 527754,Female,1954-12-16,Deventer,Belgium,2025-11-20,Gold,Yes
C000629,Jolijn,van Loon,heerschopgiovanni@example.org,0162-726922,Male,1974-01-31,Meteren,Netherlands,2025-08-09,Silver,Yes
C000630,Jip,Scholten,rgroote@example.com,0209-965152,Female,2002-02-05,Garrelsweer,France,2023-11-01,Bronze,Yes
C000631,Vince,Vandenbergh,mees53@example.net,+31(0)135 663424,Female,1987-12-20,Enschede,France,2026-07-04,Platinum,Yes
C000632,Ayden,van Kuijc van Malsen,jacobswout@example.org,(058)-1112582,Female,2003-02-14,Beinsdorp,France,2025-09-25,Gold,Yes
C000633,Berat,Zijlemans,jvan-den-pol@example.com,+31089 245068,Male,2000-02-05,Roosteren,France,2025-05-09,Platinum,No
C000634,Micha,"West-Francië, van",bleeshidde@example.org,+31(0)04-7631011,Male,1982-04-24,Hummelo,France,2024-09-27,Bronze,Yes
C000635,Joost,Verkade,wevermehmet@example.com,+31360 148937,Female,1971-09-08,Nijetrijne,Netherlands,2024-12-15,Gold,No
C000636,Matthias,Louws,zsam@example.org,+31(0)71 0185776,Female,1981-09-29,Cruquius,Germany,2024-06-10,Platinum,No
C000637,Elena,Takkelenburg,fjerusalem@example.net,+31(0)515-855212,Female,1977-06-08,Oldelamer,Netherlands,2024-02-23,Platinum,Yes
C000638,Tara,Smeets,benthe82@example.net,+31(0)10-7611206,Female,1967-08-16,Zaandijk,Belgium,2026-03-25,Bronze,Yes
C000639,Lana,van Luxemburg,ivan-engeland@example.net,0121 292214,Male,1958-11-25,Zweins,France,2024-01-10,Gold,Yes
C000640,Valentijn,Overdijk,rvan-den-broek@example.net,006 0076047,Male,1997-09-09,Nieuwer Ter Aa,Netherlands,2025-10-30,Gold,Yes
C000641,Lize,die Bont,amelia35@example.net,+3124 2596363,Male,1974-12-27,Velp,Germany,2024-11-06,Silver,No
C000642,Thom,van de Veen,hoedemakersmats@example.org,0333-759854,Female,1964-11-22,Meliskerke,Germany,2026-02-27,Platinum,Yes
C000643,Quinn,van Boven,alyssastamrood@example.net,016-7626901,Male,1970-10-26,Margraten,Netherlands,2024-10-17,Bronze,No
C000644,Joël,Die Bont,james22@example.net,0941 320641,Female,1986-11-10,Wanneperveen,Germany,2023-12-31,Bronze,Yes
C000645,Catharina,Brievingh,sil47@example.org,+3197-0000180,Male,1992-12-25,Bosschenhoofd,Belgium,2024-01-15,Bronze,Yes
C000646,Pleun,van Tuijl,bente16@example.com,+3113-4222256,Male,1984-11-29,Rijssen,Netherlands,2026-03-05,Bronze,No
C000647,Roos,de Korte,wendtjim@example.net,(079) 0963029,Male,1978-04-28,Sebaldeburen,Netherlands,2024-04-05,Bronze,No
C000648,Melle,de Reede,van-de-pololivia@example.com,(047) 9032982,Male,1979-12-08,Benschop,Germany,2025-08-31,Gold,Yes
C000649,Simon,Adriaansen,carlijn69@example.org,(0787) 711306,Female,1979-04-09,Handel,Netherlands,2026-05-04,Silver,No
C000650,Daphne,van der Horst,benverkade@example.org,005 2947418,Male,1993-06-20,Ankeveen,Belgium,2024-07-10,Bronze,Yes
C000651,Sanne,Mulder,eline97@example.org,+31(0)37-6766242,Male,1993-10-29,Macharen,Germany,2026-04-22,Bronze,No
C000652,Sander,de Lange,jaydavan-den-eijssel@example.com,+31156 624769,Female,1957-02-06,Lollum,Belgium,2024-01-04,Platinum,Yes
C000653,Yara,van Laar,heeremyrthe@example.com,0301 157383,Male,1963-12-26,Lollum,Belgium,2026-03-05,Bronze,No
C000654,Sil,Meis,lboogaerts@example.com,+3106-1842018,Male,1992-04-15,Oldeholtpade,Netherlands,2024-05-23,Silver,Yes
C000655,Lina,Grondel,van-vlietyara@example.org,0609-150204,Male,1953-08-23,Donkerbroek,Belgium,2025-08-13,Bronze,No
C000656,Julia,Broeckx,zvan-asten@example.com,+31(0)910-932998,Male,1959-08-03,Jellum,Belgium,2024-10-21,Gold,No
C000657,Sepp,Bruynzeels,lizeoostveen@example.net,+31(0)657-181444,Female,1981-07-20,Hegelsom,Belgium,2024-03-25,Bronze,Yes
C000658,Elise,Peters,imranvan-der-noot@example.net,+31(0)78-8011035,Male,1954-07-12,Witte Paarden,Netherlands,2026-06-27,Platinum,Yes
C000659,Morris,Sestig,jacobszakaria@example.org,(0902) 664718,Female,1950-05-09,Eerbeek,Netherlands,2023-12-12,Platinum,No
C000660,Senna,de Beer,martlangevoort@example.net,(084) 2416091,Male,1992-01-17,Horst,Belgium,2024-12-28,Silver,No
C000661,Anouk,Leguit,obrugman@example.org,+3172 7000423,Male,1969-06-22,Midsland,Netherlands,2024-10-01,Silver,No
C000662,Amina,Karels,danique09@example.org,064-0239328,Female,1995-03-01,Hardenberg,Netherlands,2025-12-29,Silver,Yes
C000663,Fien,Postma,amberhuel@example.net,+31967 975420,Male,1966-10-07,Linne,Germany,2026-02-27,Bronze,No
C000664,Mark,Dubois,gmulder@example.org,+31(0)09-2052720,Female,1954-10-29,Hoogersmilde,Belgium,2025-12-27,Bronze,Yes
C000665,Guus,Blom,daan10@example.org,(0933) 535116,Female,1988-09-08,Drachten-Azeven,Belgium,2024-04-15,Silver,Yes
C000666,Tygo,Bernaards,xvan-ochten@example.com,0277 061040,Male,1989-05-13,Swolgen,France,2023-09-09,Gold,No
C000667,Jaylinn,Kleybrink,ali94@example.net,+3151 7434886,Male,1956-06-22,Riethoven,Netherlands,2026-05-19,Bronze,No
C000668,Nick,Stichter,floorkeijzer@example.com,(031) 1203334,Male,1996-03-22,Bronnegerveen,Netherlands,2024-08-13,Bronze,Yes
C000669,Lois,van Stralen,emmendaniel@example.com,062-2704693,Female,1947-11-19,Megen,Belgium,2025-08-13,Bronze,Yes
C000670,Jurre,van Gastel,svan-de-ven@example.net,(042) 0284538,Male,1962-03-12,Annerveenschekanaal,Belgium,2025-05-08,Gold,Yes
C000671,Amélie,Verharen,terrydex@example.net,(0261) 688402,Female,1963-06-13,Aerdt,Belgium,2025-06-24,Platinum,Yes
C000672,Luka,Kriens,ebecht@example.org,007-2924574,Female,1947-05-03,Abbega,France,2024-10-27,Bronze,No
C000673,Esther,Smith,nvan-t-riet@example.org,0546 428364,Male,1954-04-16,Ezinge,Belgium,2026-05-15,Gold,No
C000674,Benthe,van Arnsberg,lucakorstman@example.net,+31623 159310,Female,1982-05-08,Ulestraten,Belgium,2025-08-26,Platinum,Yes
C000675,Tim,Zwijsen,xdijkstra@example.com,+31(0)30-1983183,Female,1972-04-17,Oud Ade,Germany,2024-12-30,Platinum,Yes
C000676,Megan,Hazenveld,van-maremaartje@example.net,+31281-624098,Male,1971-05-11,Broeksterwâld,France,2026-07-04,Gold,Yes
C000677,Valentijn,le Matelot,vschelvis@example.net,(054) 3804828,Female,1985-08-29,Ruinen,Netherlands,2026-01-17,Platinum,Yes
C000678,Suze,Sanders,gneuteboom@example.net,(0526) 890789,Female,1973-09-30,Zelhem,Germany,2026-03-26,Platinum,Yes
C000679,Cato,d' Heripon,merijnvan-opper-lotharingen@example.net,(0222)-938447,Male,1997-01-12,Uffelte,Germany,2026-02-04,Platinum,No
C000680,Fedde,Martens,kikimarchand@example.com,+31552-991282,Male,2007-02-13,Venhuizen,Germany,2025-01-21,Platinum,Yes
C000681,Kayleigh,Ramaker,bartovereem@example.org,+3176-6304770,Male,2007-07-20,Vethuizen,Germany,2024-10-23,Gold,Yes
C000682,Marijn,Hulshouts,evapuig@example.org,(0281)-262457,Male,1982-10-02,Wilhelminadorp,Belgium,2025-07-15,Silver,Yes
C000683,Sara,Grondel,mila03@example.org,(0556) 485517,Female,1977-08-24,Heesselt,France,2024-07-19,Bronze,Yes
C000684,Aron,van Leeuwen,yusufdriessen@example.net,+31(0)928-541844,Female,1996-11-10,Winterswijk,Netherlands,2026-02-25,Silver,No
C000685,Robin,van Beaumont,wouters-van-eijndhovenjohanna@example.com,0432-774570,Male,1967-05-28,De Koog,Netherlands,2026-07-17,Silver,Yes
C000686,Mara,de Bruijn,bart45@example.org,+3157 4602576,Female,1977-07-25,Ovezande,Netherlands,2025-07-22,Bronze,No
C000687,Amber,van Wallaert,mustafa25@example.net,0216-425358,Male,1982-11-27,Katwijk,Belgium,2026-07-29,Platinum,No
C000688,Twan,de Vries,laura67@example.com,+31(0)905-136597,Female,2004-12-10,Lierderholthuis,Netherlands,2023-08-13,Bronze,Yes
C000689,Maarten,Mathurin,xavihoeks@example.com,+31(0)00-8226067,Male,1976-06-28,Opheusden,Belgium,2024-05-06,Gold,No
C000690,Jasmijn,Stange,van-oostendorpjan@example.org,+3148 1294122,Female,2003-07-14,Spaarndam gem. Haarlem,Germany,2024-07-30,Platinum,No
C000691,Rowan,van Orleans,zoebresse@example.com,+31954-180609,Female,1988-03-19,Holwerd,Belgium,2026-04-04,Bronze,No
C000692,Quinty,den Buytelaar,lhulskes@example.com,(0272) 657808,Female,1956-07-24,Peperga,France,2025-09-26,Platinum,No
C000693,Milou,Dijkman,puck45@example.com,(0048)-224933,Female,1993-05-14,Eursinge,Netherlands,2025-07-06,Bronze,Yes
C000694,Lise,van Cuijck,hde-keijzer@example.com,088-0264101,Female,2003-03-31,Beneden-Leeuwen,France,2026-03-31,Platinum,Yes
C000695,Sam,Bertho,bvan-voorhout@example.net,+31829-392399,Female,1963-04-24,Oude Wetering,Belgium,2025-04-16,Silver,Yes
C000696,Puck,Huijbrechts,jorrisennoortje@example.org,+31(0)716 465712,Male,1973-04-13,Toldijk,Netherlands,2023-10-10,Bronze,No
C000697,Mohammed,Smeets,garretfaye@example.net,(0730) 532331,Female,2007-05-02,Noordhorn,Netherlands,2026-04-25,Platinum,No
C000698,Puk,Visser,ulijn@example.org,+31837 214019,Female,2006-11-18,Idzega,France,2024-11-10,Gold,Yes
C000699,David,Walter,yinthe46@example.com,+31(0)19 3174375,Male,1991-07-08,Putten,Belgium,2025-05-28,Gold,No
C000700,Esther,Ligtvoet,ikronenberg@example.net,+31082-435040,Female,1947-08-03,IJlst,Belgium,2026-06-16,Silver,No
C000701,Aya,Kalman,de-mardurascornelia@example.net,065 1366909,Female,1982-04-16,Gelderswoude,Netherlands,2026-04-30,Bronze,Yes
C000702,Pippa,Blokland,ischokman@example.net,040 5493528,Female,1962-02-28,Mantgum,Germany,2025-05-16,Gold,No
C000703,Ruben,Dekker,alyssa22@example.com,002 4537908,Female,1953-09-12,Annen,Netherlands,2026-02-20,Gold,Yes
C000704,Roan,van den Nuwenhuijzen,jacob22@example.com,+31735 807825,Female,1978-10-20,Vinkenbuurt,Germany,2024-03-16,Platinum,Yes
C000705,Tijs,van Noort,lucyslingerland@example.com,(0944)-613456,Female,1975-02-09,Zuiderwoude,Germany,2024-02-05,Bronze,Yes
C000706,Ali,Evers,jinthe91@example.com,+31(0)097 882653,Female,1960-06-12,Haghorst,Belgium,2025-04-24,Silver,Yes
C000707,Lukas,Martel,wouter91@example.org,+31(0)07-9188598,Male,1972-11-19,Hellum,France,2023-10-03,Platinum,Yes
C000708,Esmée,Heere,hellevoortryan@example.net,+31(0)320-731166,Male,2005-04-17,Hurwenen,France,2025-10-26,Platinum,No
C000709,Johanna,van Berkel,maryamslingerland@example.com,051-2212278,Female,1977-07-18,Breedenbroek,Germany,2025-10-31,Bronze,No
C000710,Sepp,van der Stael,ude-roo@example.com,+31873-558167,Male,2002-02-21,Gaast,Germany,2025-08-06,Bronze,Yes
C000711,Elize,Knuf,rvan-rossum@example.com,+3150 6796256,Male,1989-11-26,Darp,Netherlands,2025-05-22,Platinum,Yes
C000712,Naud,Jacquot,tomhermans@example.com,+31487 390625,Male,1991-08-06,Hantum,France,2024-11-24,Silver,Yes
C000713,Sam,van Susa,adamrietveld@example.com,+3135-3214659,Female,1962-12-09,Anloo,France,2025-10-29,Platinum,No
C000714,Jake,Bökenkamp,liamsalet@example.net,024 3123340,Female,1991-11-18,Rottum,France,2025-08-03,Platinum,No
C000715,Mare,Everts,svengnodde@example.com,+31531 135784,Male,1989-07-20,Hilaard,France,2026-03-01,Gold,Yes
C000716,Eliza,van Haeften,imkeoverdijk@example.org,0022 882822,Female,2006-08-25,Winsum,Germany,2023-08-28,Gold,No
C000717,Arthur,van Ooyen,juulwaltrade-walderade@example.org,085 9020248,Female,2005-01-30,Deventer,France,2025-10-19,Bronze,No
C000718,Rayan,van der Steen,emma15@example.org,(0471)-555215,Male,1967-02-01,Kuitaart,Netherlands,2023-08-02,Bronze,Yes
C000719,Elin,Kuipers,goyaerts-van-waderlejente@example.org,032-8990242,Male,2008-03-25,Beers NB,France,2026-06-22,Bronze,Yes
C000720,Dylano,Brizee,josephinesteenbeek@example.org,(001) 5643705,Female,1957-11-18,Jonkerslân,Germany,2024-05-24,Platinum,No
C000721,Fem,Groen,zara24@example.net,+31(0)95 6007564,Male,2000-04-18,Eesterga,Belgium,2024-09-09,Gold,No
C000722,Ceylin,Aelftrud van Wessex,dgoyaerts-van-waderle@example.org,(0146) 153016,Male,1982-10-31,Nieuw-Dordrecht,Netherlands,2025-04-22,Bronze,Yes
C000723,Nadine,Appelman,avan-de-velden@example.net,096 4275252,Male,1963-08-29,Schagerbrug,Germany,2024-05-15,Bronze,No
C000724,Tom,van Poppel,van-den-nyeuwenhuysendaniel@example.com,080-6726967,Female,1971-07-03,Aalten,Belgium,2025-09-06,Silver,Yes
C000725,Luca,van der Kaay,floortjeversluijs@example.net,0330-385566,Female,1952-03-25,Well L,Belgium,2024-10-19,Platinum,Yes
C000726,Catharina,Stamrood,arthurgeerts@example.com,(022) 9387423,Male,1970-12-01,Rotsterhaule,France,2026-07-20,Platinum,No
C000727,Mees,van de Greef,mika02@example.com,(0579) 826052,Male,1960-01-08,Westendorp,Germany,2025-07-13,Platinum,Yes
C000728,Annabel,de Keijser,van-klaarwaterfaye@example.com,+3182-1668030,Female,1979-11-12,Wijnjewoude,Netherlands,2024-12-26,Silver,Yes
C000729,Roos,Jacquot,schipperwout@example.com,+31(0)544-377337,Male,1949-12-17,Wijster,France,2024-01-06,Bronze,Yes
C000730,Lily,van Allemanië,stella62@example.com,094 1493835,Male,2003-06-04,Elsloo,Germany,2026-05-13,Platinum,No
C000731,Emir,Mathurin,van-der-sandejoep@example.net,087 7708803,Female,1980-02-02,Heenvliet,Netherlands,2026-02-20,Silver,Yes
C000732,Mees,van Mook,megan12@example.net,(0770) 838660,Male,1973-10-30,Zuiddorpe,Belgium,2025-11-02,Gold,Yes
C000733,Kyara,Verbeeck,eliasvan-dongen@example.net,+31(0)761 026122,Female,1952-06-28,Oost West en Middelbeers,Germany,2024-09-22,Gold,Yes
C000734,Dex,Mansvelt,yasmineleguit@example.com,0175-173069,Female,1962-09-22,Rottevalle,Netherlands,2024-03-06,Platinum,Yes
C000735,Hendrik,Zwart,zde-swart@example.net,(087) 1284335,Male,1998-08-27,Wijster,France,2025-12-06,Bronze,No
C000736,Madelief,Werdes,yvan-der-ven@example.net,+3156-2707609,Female,1991-08-04,Beusichem,Germany,2025-03-29,Silver,No
C000737,Jente,Labado,eliza14@example.org,+31152-940209,Female,1976-03-14,Nieuwe-Tonge,France,2025-11-21,Silver,Yes
C000738,Dylano,Le Grand,korstmansamuel@example.org,0105-665093,Male,1963-04-11,Montfoort,Netherlands,2025-08-25,Platinum,Yes
C000739,Bastiaan,Hofman,kevin66@example.com,(030)-7549472,Female,1946-06-03,Ysbrechtum,Germany,2025-06-23,Silver,Yes
C000740,Olaf,van der Spaendonck,nlind@example.com,+31549 543998,Male,1945-10-19,Vught,Netherlands,2026-04-27,Silver,Yes
C000741,Tyler,Peronne,sebastiaan34@example.net,(058)-4811202,Female,1977-10-31,Waal,Germany,2025-07-01,Gold,No
C000742,Chloé,Dorsman,hidde97@example.org,+31(0)45 1024534,Female,1948-01-18,Winterswijk Kotten,Germany,2024-05-24,Platinum,Yes
C000743,Zakaria,van den Velden,ravi93@example.com,(0590) 652597,Male,1963-04-30,Liessel,Belgium,2024-11-03,Silver,No
C000744,Annabel,Mosley,senn49@example.org,(0625)-501730,Female,1985-06-30,Niekerk,Netherlands,2026-01-22,Bronze,Yes
C000745,Jesper,le Guellec,van-berniciajordy@example.com,(014)-1503175,Male,1969-06-03,Oudehaske,Germany,2024-02-29,Platinum,Yes
C000746,Dewi,Gemen,jim30@example.net,+31323 384993,Male,2003-03-07,Itens,Germany,2023-12-15,Gold,No
C000747,Anouk,de Wit,milouchrodtrud@example.com,069-4141192,Male,1974-07-21,Loenersloot,France,2024-06-01,Bronze,Yes
C000748,Jente,Hemma van Allemanië,sepp21@example.org,+3175 8911650,Male,1968-07-18,Ommen,Netherlands,2026-04-27,Platinum,Yes
C000749,Aaron,Jones,maja10@example.com,+3199-0446086,Male,1991-11-16,Kamperveen,Belgium,2026-04-13,Bronze,Yes
C000750,Rowan,Adelaar,zmichielsen@example.net,+31196-602571,Female,1952-10-02,Uffelte,Germany,2024-05-11,Bronze,No
C000751,Esmee,Merkx,fvan-ooyen@example.net,+3137 9724700,Male,2002-04-19,Medemblik,France,2024-12-25,Silver,No
C000752,Brent,van Nus,rotteveelgijs@example.com,+31735-202662,Male,1949-03-07,Tilligte,France,2024-11-26,Silver,No
C000753,Lauren,van den Heuvel,lindevan-der-heiden@example.org,+3155 0716845,Female,1986-12-02,Basse,France,2024-06-27,Platinum,No
C000754,Amber,van Wessex,huijbenseth@example.org,004-5907978,Female,1997-03-16,Harmelen,Belgium,2024-01-06,Platinum,No
C000755,Mart,Mahieu,stoffelsznadia@example.org,0832-319893,Female,2005-07-27,Wijnbergen,France,2024-07-24,Silver,No
C000756,Bo,Hermans,dana70@example.net,+31(0)684-717125,Female,2000-06-22,Witteveen,Belgium,2023-12-01,Platinum,No
C000757,Inaya,Draaisma,caspervan-den-heuvel@example.net,(0016) 806220,Female,1975-09-17,Westhoek,Belgium,2025-06-29,Gold,Yes
C000758,Melissa,Schuylenborch,lucas27@example.com,+31(0)54 5980453,Female,1955-08-12,Twijzelerheide,Belgium,2024-09-04,Silver,Yes
C000759,Julia,de Gruijl,wlevesque@example.net,+3169-6395409,Female,1998-11-15,Geersdijk,Germany,2023-09-29,Platinum,No
C000760,Kate,Passchiers,verharenjanne@example.com,+3167-6560838,Female,1965-11-21,Blaricum,Belgium,2024-09-05,Gold,No
C000761,Maarten,van Dagsburg,mayaprins@example.com,0290-643985,Male,1948-01-11,Oosternijkerk,Netherlands,2026-03-10,Gold,Yes
C000762,Mathijs,van Gils,geertsenrick@example.org,+31(0)424-315600,Male,1951-12-09,Poortvliet,Netherlands,2023-09-07,Platinum,No
C000763,Mohammed,Matthews,kleybrinkchloe@example.org,0589 802614,Male,1989-06-29,Noordeinde,France,2025-06-26,Silver,No
C000764,Roos,Verhoeven,elinepauwels@example.com,048 1196853,Female,1995-02-12,Grave,Belgium,2026-02-14,Platinum,Yes
C000765,Joshua,de Jonge,blomlaurens@example.org,+31(0)166 504781,Male,2002-03-29,Eelde,Germany,2025-09-27,Silver,Yes
C000766,Nynke,Oennen,brugmanmaria@example.org,0786-554092,Female,1968-05-24,Dieverbrug,France,2025-02-04,Gold,Yes
C000767,Luca,Bloemendaal,sandersmits@example.org,+31753-951436,Female,1994-07-10,Borgercompagnie,Netherlands,2024-02-03,Bronze,No
C000768,Mirthe,van Mil,ties52@example.net,(0010) 534984,Female,1975-04-18,Hoek,Belgium,2025-04-28,Gold,No
C000769,Selena,Lemmens,kmahieu@example.org,0512 442476,Male,1953-02-04,Rotstergaast,Belgium,2026-03-19,Gold,Yes
C000770,Mustafa,"West-Francië, van",scardinoyasmine@example.com,+31(0)04 0745648,Female,1953-10-30,Loerbeek,Belgium,2024-05-19,Bronze,No
C000771,Rosalie,Scherms,linanihoe@example.net,(073) 3345502,Female,1997-12-02,Bergeijk,Belgium,2025-10-14,Gold,No
C000772,Tygo,de Roos,isis14@example.org,(0794) 036697,Male,1953-06-21,Aarlanderveen,Netherlands,2025-08-20,Gold,Yes
C000773,Yusuf,Boer,npasman@example.com,019 8840169,Female,1946-01-15,Geijsteren,Germany,2025-07-01,Gold,Yes
C000774,Jim,van den Brand,romy15@example.com,+31935 261824,Male,1953-08-07,Kerkenveld,Netherlands,2025-01-03,Silver,No
C000775,Boris,Wijland,floorvan-de-klashorst@example.net,+3113-7491497,Male,2002-12-11,Hengelo,Belgium,2023-12-23,Gold,No
C000776,Johanna,Kort,lvan-berkum@example.org,(0571)-250612,Female,1995-05-06,Noord-Scharwoude,Netherlands,2026-01-10,Gold,No
C000777,Lara,Koning,van-velthovensara@example.net,0505-288907,Female,1953-10-23,Lijnden,France,2026-02-28,Bronze,No
C000778,Keano,Martel,marit08@example.com,+3133-8941839,Female,1974-09-21,Kudelstaart,Netherlands,2024-04-16,Gold,No
C000779,Ian,Jeggij,tijmende-koning@example.com,+31609-057151,Male,2008-02-01,Lutjewinkel,Netherlands,2024-09-25,Silver,Yes
C000780,Yinthe,Claesner,van-der-brinkdex@example.com,(027)-1947813,Male,1985-05-05,Emmeloord,Germany,2025-12-13,Gold,No
C000781,Milou,Blokland,ovan-den-nuwenhijsen@example.org,+3198-0500476,Male,1987-12-25,Oosterleek,Belgium,2026-05-12,Gold,No
C000782,Lisanne,Hak,van-de-brinkmarijn@example.net,069 8431884,Female,1999-03-13,Retranchement,Germany,2025-06-06,Bronze,Yes
C000783,Lotte,van Ochten,demi52@example.com,000-8374598,Male,1957-01-11,Otterlo,Belgium,2025-09-28,Platinum,No
C000784,Lindsey,Bökenkamp,anne80@example.net,+31(0)63 8627899,Male,1995-09-29,Wier,Netherlands,2026-04-07,Platinum,No
C000785,Merijn,den Buytelaar,de-graafsjoerd@example.net,+31(0)292-815318,Female,1989-09-28,Didam,Belgium,2026-07-10,Bronze,No
C000786,Benjamin,Arnold,van-evelingenella@example.com,+3149-5969969,Male,1999-06-15,Ouwsterhaule,Netherlands,2024-05-06,Gold,Yes
C000787,Mart,Ellis,farens@example.org,0031-612231,Male,1979-11-02,Langerak,France,2025-10-31,Gold,Yes
C000788,Job,van Henegouwen,uheijman@example.org,026 1783174,Male,1999-01-04,Zandhuizen,France,2026-05-31,Platinum,Yes
C000789,Felix,Corstiaens,jinthetillmanno@example.org,+31(0)175 042284,Male,1970-09-21,Abcoude,Germany,2026-05-05,Silver,Yes
C000790,Luka,van der Pluijm,hendricksmara@example.org,+31(0)95 8929387,Male,1992-04-11,Holtum,Netherlands,2025-12-18,Bronze,Yes
C000791,Linde,Puig,gijsgeneart@example.org,+31(0)54 5117054,Male,2003-06-18,Scheerwolde,Netherlands,2023-08-12,Platinum,No
C000792,Zakaria,Totwiller,dylan25@example.net,(015) 4904212,Male,1969-05-22,Alphen,Netherlands,2024-10-27,Platinum,Yes
C000793,Faas,van Bentheim,lvan-geffen@example.net,+31(0)26 9597432,Male,1980-12-12,Milsbeek,Germany,2023-09-22,Bronze,No
C000794,Féline,Langevoort,philipgellemeyer@example.org,(0151) 838703,Male,1962-07-15,Braamt,Netherlands,2024-06-15,Platinum,Yes
C000795,Laura,Dubois,nde-boer@example.org,+31(0)83 9583317,Male,2005-05-04,Nieuwerkerk,Netherlands,2025-02-11,Gold,No
C000796,Kiki,van Drenthe,loek69@example.org,+31261 831591,Female,1969-07-14,Venebrugge,France,2025-07-17,Silver,No
C000797,Tom,Simonis,bechtsanne@example.net,(0255) 926496,Female,1955-01-30,Startenhuizen,France,2025-10-24,Silver,No
C000798,Fem,Briere,louise56@example.org,0349 546011,Female,1986-03-04,Vianen,France,2025-10-28,Platinum,No
C000799,Laurens,le Guellec,bellemansjurre@example.com,(077)-1012755,Female,1992-07-07,Duivendrecht,France,2025-07-03,Platinum,Yes
C000800,Riley,Verhoeven,gerritsfiene@example.com,(019)-8021681,Male,1950-06-22,Peins,Netherlands,2026-03-28,Platinum,Yes
C000801,Milo,Eijkelboom,mauritsvan-vlaanderen@example.org,0918 504039,Male,1986-11-04,Wijnaldum,Netherlands,2026-05-01,Gold,Yes
C000802,Maaike,Spreeuw,sverheuvel@example.net,0120-563000,Female,1956-10-09,Bant,Netherlands,2024-04-04,Platinum,Yes
C000803,Beau,van Laarhoven,fvan-der-plas@example.org,(005)-1182361,Male,1958-02-08,Den Andel,France,2025-02-19,Platinum,No
C000804,Kick,Honing,zpratt@example.com,+3123 3684942,Female,2007-03-15,Pietersbierum,France,2025-02-02,Silver,No
C000805,Evelien,Rotteveel,lambregtdaphne@example.net,(066) 6214853,Female,1998-10-24,Brunssum,Netherlands,2024-07-22,Bronze,No
C000806,Rosalie,Huijbrechts,van-bentheimraf@example.com,(0089) 811700,Female,2006-05-10,Delft,Netherlands,2023-08-23,Silver,Yes
C000807,Sam,Vos,wilckenlizz@example.net,0192-195212,Female,1989-04-11,Wittem,France,2026-05-28,Platinum,Yes
C000808,Sanne,Willems van Lier,van-limburgdirk@example.com,+31(0)889-242824,Male,1958-02-21,Westerlee,Germany,2025-01-06,Bronze,No
C000809,Rosalie,Dircken,rter-waarbeek@example.net,0480-556733,Male,1947-01-09,Oosterend,France,2024-12-31,Gold,No
C000810,Kay,Kolen,mulderazra@example.com,0546-735100,Female,1948-10-20,Paesens,Germany,2024-08-21,Bronze,Yes
C000811,Lisanne,"Werl-Arnsberg, van",visserstijn@example.com,090-8043959,Female,1982-07-11,Eext,Belgium,2025-10-31,Gold,No
C000812,Yassin,van der Meulen,van-vermandoisanouk@example.com,(0881)-937565,Female,2005-09-16,Húns,Germany,2025-06-03,Silver,Yes
C000813,Justin,Schouten,liza41@example.net,+31(0)98-8353531,Male,1986-02-25,Oranjewoud,Germany,2023-11-08,Platinum,No
C000814,Imran,de Jong,chrodtruddylano@example.com,+31(0)112-556398,Male,1971-03-05,Ravenswaaij,Germany,2026-01-16,Silver,No
C000815,Stef,van der Heijden,beau96@example.com,(0822) 945098,Male,1987-12-21,Hedel,Netherlands,2024-01-20,Bronze,No
C000816,Jenna,Stichter,meesde-vroege@example.org,(0259)-736508,Female,1953-05-10,Bakkeveen,Netherlands,2024-06-03,Bronze,No
C000817,Sophia,van de Noordmark,joel07@example.net,073-5755097,Female,2000-05-31,Odoornerveen,Germany,2025-06-22,Platinum,No
C000818,Nick,Soos,gvan-der-berg@example.com,+31(0)55 1147955,Male,1994-03-31,Aartswoud,Germany,2024-10-31,Gold,Yes
C000819,Jasper,van Suinvorde,nihoeliv@example.org,(042)-6492115,Male,1957-09-19,Blesdijke,Belgium,2025-01-29,Silver,Yes
C000820,Pieter,Amalrada,van-der-spaendonckibrahim@example.org,018-3424403,Female,1987-08-21,Budel-Schoot,Germany,2026-01-15,Gold,No
C000821,Aya,Pastoors,xslagmolen@example.net,0164-552314,Male,1957-07-03,Roderesch,France,2025-07-13,Platinum,No
C000822,Milan,van de Darnau,zarakoster@example.com,0771-522936,Female,1965-12-03,De Wilgen,Germany,2026-04-05,Platinum,Yes
C000823,Amina,Giselmeyer,abel53@example.org,(0337)-356261,Male,1963-02-24,Neerlangel,Netherlands,2024-03-23,Silver,Yes
C000824,Dave,Duivenvoorden,ode-haas@example.com,(0960) 647524,Male,1952-02-13,Wormer,France,2026-04-26,Silver,Yes
C000825,Elisabeth,de Lange,otteolivier@example.com,+31957 516412,Female,1990-09-18,Retranchement,Belgium,2024-03-16,Bronze,Yes
C000826,Ashley,de Kale,nvan-der-steen@example.org,(058) 3064397,Male,2003-08-07,Lent,France,2024-10-07,Silver,No
C000827,Maaike,van Hoevel en van Zwindrecht,rvan-den-brand@example.com,+31(0)468-183886,Male,1997-09-22,Wilhelminadorp,Belgium,2025-06-02,Bronze,No
C000828,Imke,Kof,lizzywalsteijn@example.com,+31(0)209-780485,Female,1959-01-31,Easterlittens,Belgium,2025-01-07,Platinum,No
C000829,Mike,Klomp Jan,samuel61@example.net,+3165-6684901,Female,1955-05-11,Ginnum,Germany,2023-10-29,Silver,Yes
C000830,Arthur,de Keijser,juleswolters@example.net,(0617) 643750,Male,1997-08-25,Leons,Germany,2025-07-10,Platinum,No
C000831,Morris,Dirven,mathijsnihoe@example.com,+3109 4826440,Female,1975-11-08,Lellens,France,2025-04-18,Platinum,No
C000832,Kai,van der Pluijm,zakaria88@example.org,0198-202436,Female,1983-05-11,Zorgvlied,Netherlands,2026-03-11,Silver,Yes
C000833,Noa,Jansse,wesleyhagendoorn@example.net,(092) 2738285,Female,1985-09-30,Tjerkwerd,Germany,2025-05-29,Silver,Yes
C000834,Noortje,Neuteboom,gvan-egisheim@example.org,(036)-9653805,Female,1968-01-01,Wânswert,France,2025-03-21,Gold,No
C000835,Dion,Vergeer,sophiade-heer@example.org,(005) 9003822,Female,1977-02-17,Slappeterp,Netherlands,2025-02-11,Bronze,No
C000836,Nathan,Geldens,yusuf66@example.com,(0401)-944543,Male,1968-04-28,Duivendrecht,France,2024-01-14,Platinum,No
C000837,Stella,Gnodde,joy33@example.com,(0072) 702728,Male,1971-06-17,Jabeek,Belgium,2025-08-26,Bronze,Yes
C000838,Sara,Kalman,pvan-ooste@example.net,(0339)-182484,Female,1995-11-12,Giessenburg,Belgium,2026-06-17,Silver,No
C000839,Fay,Boetet,beratvan-boven@example.com,0092-082907,Male,1952-06-25,Nieuwland,Belgium,2025-10-01,Bronze,No
C000840,Lotte,Uphaus,roodesteijnevy@example.com,067 9221264,Female,1953-09-01,Varik,France,2024-11-03,Platinum,No
C000841,Fenne,van Clootwijck,lunaansems@example.com,(076)-7571944,Female,2005-04-16,Spijk Gn,Netherlands,2024-03-02,Bronze,No
C000842,Eliza,Oennen,ceylinvan-der-linden@example.org,0673 576803,Male,1947-03-26,Deelen,Belgium,2024-04-13,Bronze,Yes
C000843,Leon,de Wit,gervaisaron@example.com,+31(0)07 2160755,Female,1982-11-04,Nijmegen,Germany,2024-06-04,Silver,No
C000844,Micha,Neuzerling,uvan-den-assem@example.net,+31(0)71-3474666,Male,1967-11-17,Tiel,Germany,2025-08-25,Gold,No
C000845,Thom,Postma,alicia91@example.com,(0357) 256598,Male,1961-11-06,Callantsoog,Belgium,2025-04-15,Platinum,No
C000846,Jill,Ghoerle,marceronaaliyah@example.org,0504 085392,Female,2002-03-31,Tuitjenhorn,France,2025-03-26,Silver,No
C000847,Teun,Stoffelsz,matthewsesila@example.net,+31093 289625,Male,1966-10-01,Baaiduinen,France,2023-12-21,Platinum,No
C000848,Loes,Aertsz,daan88@example.net,073 7692826,Female,1990-08-04,Zandvoort,Belgium,2023-08-12,Gold,Yes
C000849,Mike,Slagmolen,brent21@example.net,(061) 3557799,Male,1958-08-16,Kelpen-Oler,Belgium,2024-11-26,Platinum,No
C000850,Cornelia,de Haan,megan93@example.org,(033)-2504591,Male,2002-01-21,Oegstgeest,France,2025-10-04,Gold,No
C000851,Amber,Pierson,rosa15@example.net,0670 530366,Male,2005-08-24,Winterswijk Miste,France,2024-01-28,Platinum,Yes
C000852,Jasper,Bakker,jason12@example.com,0515-280295,Male,1952-01-14,Mill,Germany,2025-11-05,Silver,Yes
C000853,Pippa,Feenstra,hde-grote@example.com,+3125 3166955,Female,1970-04-15,Sint-Michielsgestel,Netherlands,2024-03-17,Bronze,Yes
C000854,Johanna,Schipper,voude-heer@example.org,(0858) 432623,Male,1994-06-06,Hegelsom,Belgium,2026-02-08,Platinum,Yes
C000855,Tessa,Miner,pippa25@example.com,+3198 9915201,Female,1955-02-11,Vogelwaarde,Netherlands,2024-01-22,Silver,Yes
C000856,Siem,Weijland,mmathieu@example.com,047-1796541,Male,1995-05-24,Oldeberkoop,Germany,2024-07-09,Gold,No
C000857,Senn,Niermann,schultenrick@example.com,(037)-9572970,Male,1968-06-24,Veen,France,2026-07-08,Bronze,Yes
C000858,Maartje,Visser,van-den-corputashley@example.com,(045)-1621447,Male,1966-07-04,Bunschoten-Spakenburg,Belgium,2023-08-27,Platinum,Yes
C000859,Tycho,van der Linden,van-t-ervequinty@example.org,(0211)-865237,Male,1995-03-12,Buitenkaag,Netherlands,2024-01-23,Platinum,Yes
C000860,Lois,Dirven,yasmin18@example.org,+3157-8330112,Male,1976-02-13,Giessenburg,Netherlands,2025-11-30,Silver,No
C000861,Janna,de Pauw,bakkermathijs@example.com,+31(0)127-526351,Female,1996-01-12,Breskens,France,2024-04-25,Platinum,No
C000862,Muhammed,de Roos,owenkorstman@example.com,(0374)-761235,Male,1953-06-30,Overschild,Germany,2024-02-03,Silver,No
C000863,Seth,Spier,chloebrese@example.net,+31334-182899,Female,2007-01-13,Herpt,Germany,2025-12-13,Silver,Yes
C000864,Suze,Bakker,eder-kijnder@example.org,+31(0)30-8957791,Male,1967-07-16,Drogeham,Belgium,2026-02-15,Gold,Yes
C000865,Sienna,Strijker,maarten35@example.com,072 2870770,Male,2001-10-21,Swalmen,Netherlands,2024-01-26,Bronze,Yes
C000866,Lauren,Butselaar,cheinrichs@example.com,+31(0)673 010428,Female,1949-02-18,Oss,Netherlands,2025-02-07,Silver,No
C000867,Sofie,Veltman,frederique71@example.net,083 7625646,Female,1979-12-04,Soesterberg,Netherlands,2023-10-30,Platinum,Yes
C000868,Chris,Doyle,sbutselaar@example.net,+3150-4247989,Male,1997-01-18,Neeritter,Netherlands,2025-01-27,Platinum,Yes
C000869,Felix,Moet,labadojade@example.com,056 0980518,Female,1959-05-06,Grafhorst,Germany,2024-11-29,Bronze,Yes
C000870,Senna,van Bruchem,van-der-hoevendylano@example.net,(0034) 024582,Female,1962-08-26,Eersel,Germany,2024-04-05,Gold,Yes
C000871,Riley,Govarts,van-den-henstcarlijn@example.org,+3155 5638962,Female,1985-09-28,Escharen,Netherlands,2025-08-05,Platinum,No
C000872,Pim,van Maaren,broeckxmaria@example.org,+31(0)762 326972,Female,1968-05-22,Bruinisse,Germany,2024-08-05,Platinum,Yes
C000873,Lise,van Breugel,kslagmolen@example.org,077-6303964,Female,1969-10-09,Voorburg,France,2023-10-10,Silver,No
C000874,Jorn,Cornelisse,vponci@example.org,+31(0)449 198653,Female,2000-04-17,Anloo,Germany,2023-11-24,Silver,Yes
C000875,Olaf,van Oosten,bvan-voorst@example.org,+31930-841087,Male,1971-10-29,Huissen,Germany,2024-07-29,Gold,No
C000876,Jules,Walsteijn,hmartens@example.org,+31322 000508,Female,1951-05-12,Oudemirdum,Belgium,2024-10-19,Gold,Yes
C000877,Lily,Ansems,rde-man@example.com,(0621)-087850,Male,1993-09-13,Gouderak,Netherlands,2025-03-04,Silver,No
C000878,Lorenzo,van Hamaland,rboudewijns@example.org,081-5293339,Female,1959-10-08,Heusden,Belgium,2025-09-20,Bronze,No
C000879,Bas,Thatcher,ouweljordy@example.net,+31(0)671 049482,Female,1977-03-13,Scheerwolde,Germany,2024-07-08,Bronze,No
C000880,Samuel,Kok,sylvie50@example.com,+31(0)885 356158,Female,1975-04-30,Nietap,France,2024-03-31,Platinum,No
C000881,Suus,Van Bragt,danique49@example.net,0655-230016,Female,1948-01-15,Oppenhuizen,France,2025-07-20,Silver,Yes
C000882,Thijmen,Belpere,verbeekmirte@example.net,+31692 088694,Female,1945-10-21,Lelystad,Germany,2025-07-11,Platinum,Yes
C000883,Mehmet,van Bruchem,heymansboaz@example.com,+31(0)457 180106,Male,1963-11-13,Kloosterzande,Germany,2024-11-12,Gold,No
C000884,Mette,Fremie,mathijs36@example.com,+3188-1553731,Male,1976-12-17,Norg,Belgium,2024-05-07,Bronze,No
C000885,Jacob,Charon,blewanusnadia@example.net,+3124-7786737,Male,1980-03-10,Apeldoorn,Belgium,2024-11-20,Gold,No
C000886,Annabel,van de Noordmark,zeynepvan-baalen@example.net,+31790-211299,Male,2008-05-18,Baarn,Germany,2025-08-31,Bronze,No
C000887,Timo,Osterhoudt,miloudubois@example.net,(0286) 845092,Male,1988-09-24,Dreischor,Belgium,2024-05-01,Silver,Yes
C000888,Jim,Kremer,whuls@example.net,(037)-5150085,Male,1968-11-07,Oppenhuizen,Netherlands,2026-07-15,Bronze,Yes
C000889,Ilse,van Santen,rismamaxim@example.net,(0019)-174506,Male,1959-10-03,Stavenisse,Germany,2025-02-04,Bronze,No
C000890,Sophie,Jans,ian24@example.org,+31204-335205,Female,1974-08-27,Oud Ade,France,2024-07-01,Bronze,Yes
C000891,Lena,Marceron,meijeremir@example.org,+31(0)49 0887156,Male,1985-08-28,Stampersgat,France,2025-09-07,Bronze,Yes
C000892,Aron,Ouwel,jacquotmara@example.org,(036)-0672821,Female,1980-08-29,Kornwerderzand,Netherlands,2025-03-12,Platinum,Yes
C000893,Dave,Maas,keteldewi@example.net,090-5374895,Female,1946-06-08,Klein Zundert,Belgium,2024-05-06,Platinum,No
C000894,Ise,Duivenvoorden,ecadefau@example.org,+31(0)61 0576363,Male,1948-06-07,Zeeland,Germany,2024-12-22,Bronze,No
C000895,Brent,van Ghoerle,boerjason@example.com,(005) 2788044,Female,1980-09-11,Achterveld,Belgium,2024-09-22,Platinum,Yes
C000896,Nina,Room,nekluc@example.org,+3161-7998421,Male,2007-09-20,Easterlittens,Netherlands,2026-03-17,Gold,No
C000897,Sil,Karels,adamoostveen@example.com,056 1191402,Male,1992-05-19,Netersel,Netherlands,2025-06-13,Silver,No
C000898,Jayden,Berends,nekelizabeth@example.com,(0611)-558141,Female,1967-10-08,Noordbroek,Netherlands,2024-08-19,Platinum,No
C000899,Mehmet,Bouwhuisen,tim43@example.net,+31(0)004 570173,Female,2002-05-25,Soerendonk,Belgium,2025-02-17,Silver,Yes
C000900,Cornelia,van de Pavert,jasmijnvan-waas@example.org,0410 754113,Female,1964-04-03,Montfort,Belgium,2025-02-04,Gold,Yes
C000901,Jayden,Verhagen,elize09@example.com,0965-452328,Female,2000-06-15,Ooltgensplaat,Netherlands,2026-05-24,Platinum,No
C000902,Loïs,Verheij,avan-der-linden@example.com,(001)-1047814,Female,1993-01-29,Maarsbergen,Netherlands,2024-11-29,Gold,Yes
C000903,Kyara,Beijring,jvan-de-weterink@example.com,(069)-0388871,Female,1989-08-13,Loerbeek,France,2024-01-24,Bronze,No
C000904,Chloë,Labado,zeynepvan-loon@example.org,(0288) 596416,Male,1989-01-07,Tholen,France,2025-07-24,Platinum,No
C000905,Isabel,van Kasteelen,hailey88@example.org,+31350-182210,Female,1978-06-23,Okkenbroek,Belgium,2024-09-03,Bronze,No
C000906,Vince,Vaessen,lex67@example.com,+3104 0541222,Female,1999-10-20,Gendringen,Germany,2024-07-30,Platinum,No
C000907,Gijs,van Grinsven,van-engelensiem@example.com,(0970)-555120,Female,1992-11-17,Sibculo,France,2026-01-16,Silver,Yes
C000908,Rens,Lucas,fvan-bentheim@example.org,+31(0)74 9520957,Male,1954-02-24,Moerdijk,Netherlands,2026-05-24,Bronze,No
C000909,Lot,Peeters,evie05@example.net,+31(0)824-747216,Female,1977-03-19,Garrelsweer,Belgium,2025-08-29,Gold,Yes
C000910,Cato,de Werd,cfiere@example.net,+31(0)258-710333,Female,1966-07-02,Helden,Belgium,2024-04-01,Silver,No
C000911,Roan,Brumleve,lpuig@example.com,(0394) 751436,Female,1964-09-30,Vragender,Netherlands,2024-03-21,Platinum,Yes
C000912,Tycho,Bekbergen,xschuylenborch@example.net,(010)-3088114,Male,1962-04-06,Hem,Netherlands,2025-07-17,Platinum,No
C000913,Robin,Blom,aron13@example.com,009 7405098,Female,1954-01-09,Sluis,Germany,2024-03-06,Silver,Yes
C000914,Rosalie,Marchand,yvan-waas@example.com,0378-992126,Male,1971-07-08,Maarsbergen,France,2024-10-30,Platinum,Yes
C000915,Aron,van Beek,tboddaugh@example.org,(058) 3916426,Male,1997-12-29,Haelen,Netherlands,2025-01-26,Platinum,Yes
C000916,Rik,Post,manneesmee@example.net,+31(0)219-141809,Female,1951-01-10,Harmelen,France,2025-01-28,Silver,Yes
C000917,Philip,van den Oever,elisabeth17@example.org,(0977) 580543,Female,1962-12-30,Soesterberg,France,2024-06-21,Gold,No
C000918,Ties,Aarts,chloevan-ooste@example.com,+3152-1895465,Male,1986-05-21,Hazerswoude-Rijndijk,Netherlands,2025-12-04,Gold,No
C000919,Muhammed,Zijlmans,van-baalenmerijn@example.org,+31(0)83 0575738,Male,1957-06-05,Marijenkampen,Netherlands,2026-06-14,Gold,No
C000920,Kayleigh,Remmers,cjonker@example.com,(0270)-307815,Female,1977-05-07,Winterswijk Meddo,Germany,2024-09-01,Bronze,Yes
C000921,Luc,Blaak,collin99@example.net,+31504 875800,Male,1951-10-08,'t Harde,Netherlands,2024-08-21,Gold,Yes
C000922,Guusje,de Gruijl,mirte11@example.org,+31(0)42 7354053,Male,1957-07-18,Monster,France,2023-08-05,Platinum,Yes
C000923,Cato,van Es,ajaceps@example.org,(007) 5610809,Male,1986-10-29,Stokkum,Netherlands,2025-09-24,Bronze,Yes
C000924,Berat,van den Nyeuwenhuysen,de-jongefabienne@example.org,+31236-111412,Female,1990-05-15,Blauwhuis,Germany,2025-08-24,Bronze,No
C000925,Milan,van der Berg,bsimonis@example.net,033 6274615,Male,2007-03-06,Hoorn,Germany,2025-02-09,Gold,Yes
C000926,Maud,Huijbrechts,kvan-breukelveen@example.org,(0377) 385961,Male,1978-10-09,Toldijk,Germany,2024-05-04,Platinum,Yes
C000927,Mohammed,Diesbergen,kim53@example.com,0511-511621,Male,1950-06-30,Herwen,France,2023-12-03,Bronze,Yes
C000928,Sander,van Ochten,jayda33@example.net,(0384) 794209,Female,1977-07-06,Biezenmortel,Belgium,2026-05-03,Platinum,Yes
C000929,Jade,Jonkman,hugohorrocks@example.com,+31171 118103,Male,1975-01-07,Kortehemmen,Germany,2025-09-18,Bronze,No
C000930,Luka,van den Nuwenhuijzen,jjacquot@example.org,013 6196029,Female,1950-02-27,Bunne,Germany,2026-02-12,Gold,Yes
C000931,Abel,Bolkesteijn,maud47@example.net,(0897)-138677,Female,1960-04-25,Velden,Germany,2025-11-30,Bronze,Yes
C000932,Marit,Mathurin,eliasvan-der-maes@example.org,+31(0)43-5561665,Female,1952-12-10,Piershil,Netherlands,2024-06-29,Silver,Yes
C000933,Janna,Wouters van Eijndhoven,yshupe@example.org,0694 378301,Female,1984-06-14,Foxwolde,Germany,2025-12-30,Bronze,No
C000934,Sophia,Marchand,adirven@example.org,+31(0)11-6373453,Male,1976-12-11,Keent,Netherlands,2025-11-18,Bronze,Yes
C000935,Lorenzo,van Hulten,ivan-haeften@example.net,+31951 866040,Male,2003-10-03,Uithoorn,Netherlands,2025-12-23,Gold,Yes
C000936,Sven,de Strigter,klaffray@example.org,034 5614573,Male,1952-03-25,Tersoal,France,2024-09-23,Silver,Yes
C000937,Amelia,van den Heuvel,sten08@example.com,+3188 6666499,Male,1979-07-26,Akmarijp,France,2025-10-17,Bronze,Yes
C000938,Mette,Smith,wwilson@example.org,+31(0)375-634545,Male,1994-03-06,Bunnik,Belgium,2023-09-08,Silver,No
C000939,Owen,van Henegouwen,vverda@example.net,+31(0)39 7145237,Female,1977-03-06,Sevenum,Netherlands,2024-02-02,Platinum,Yes
C000940,Jelte,van Dongen,sofiavan-der-kint@example.org,(022) 0692665,Female,1979-01-03,Doornenburg,Netherlands,2024-12-11,Silver,No
C000941,Tristan,Ariens,dklerks@example.org,+31(0)167-524145,Female,1955-10-29,Dieden,Netherlands,2023-09-13,Platinum,No
C000942,Sienna,Molen,markvan-soest@example.org,(0718) 630188,Female,1993-01-26,Winterswijk Woold,Netherlands,2023-08-21,Platinum,Yes
C000943,Bente,Dachgelt,fayblom@example.com,+31(0)88-2723916,Male,1980-09-04,Leersum,Netherlands,2024-04-15,Platinum,No
C000944,Jayda,Groenestein,rens26@example.com,+31674 940933,Female,1989-10-29,Neede,France,2024-11-12,Platinum,Yes
C000945,Feline,van Leeuwen,simonpaillet@example.net,(047) 3992330,Male,1958-08-23,Hem,France,2024-10-22,Silver,Yes
C000946,Robin,de Koning,otielemans@example.com,(064)-1847089,Male,1979-10-07,Bleskensgraaf ca,Germany,2023-11-18,Bronze,Yes
C000947,Luca,Verbeeck,ayoub39@example.net,(045) 5745547,Female,1984-01-09,Veenendaal,Netherlands,2024-05-01,Bronze,No
C000948,Isa,Serra,fvan-munster@example.com,(0806) 493331,Female,1978-11-24,Egchel,Netherlands,2025-06-30,Platinum,Yes
C000949,Esther,Doorhof,marinus56@example.com,+3146-4172496,Female,2003-02-26,Gauw,Belgium,2025-05-01,Gold,Yes
C000950,Indy,Die Bont,hulskesmuhammed@example.com,+31(0)018-139007,Female,2003-04-30,Sappemeer,Belgium,2025-03-04,Silver,Yes
C000951,Matthias,Schelvis,van-der-maathdemi@example.com,0566-580463,Male,1976-12-30,Aerdenhout,Netherlands,2025-05-30,Platinum,Yes
C000952,Ayden,Mathurin,jill95@example.org,+31(0)903-334036,Female,1970-05-12,Aardenburg,Germany,2025-12-03,Gold,Yes
C000953,Robin,van Roijen,ize60@example.net,+3197-3060441,Male,1966-04-07,Grou,Belgium,2025-12-12,Platinum,No
C000954,Sil,Engels,islingerland@example.com,005 4252149,Female,1971-01-23,Wognum,Netherlands,2024-06-22,Gold,No
C000955,Jari,Peters,fenna07@example.org,(019) 8502770,Female,2007-01-07,Mill,Netherlands,2023-10-27,Gold,No
C000956,Marijn,van de Pavert,mellevan-haarlem@example.com,+3111-0521015,Female,1971-10-05,Alphen aan den Rijn,Germany,2026-02-01,Gold,Yes
C000957,Pien,Marchal,de-bruynkayleigh@example.com,(0150)-727976,Male,1990-09-22,Easterlittens,Netherlands,2024-02-15,Silver,No
C000958,Floor,Eijkelboom,alexanderwouters@example.org,(0159)-033037,Male,1968-04-03,Oldetrijne,France,2026-01-18,Gold,No
C000959,Linde,Hak,vengels@example.net,(0333)-465170,Female,1954-02-15,Doorn,Netherlands,2026-06-03,Silver,Yes
C000960,Youssef,de Graaf,rademakerevie@example.net,+31(0)782-894240,Female,1964-07-16,Rijssen,Netherlands,2024-04-16,Platinum,No
C000961,Benjamin,van der Smeede,roodesteijnnick@example.net,+31(0)10 9185462,Female,1973-03-09,Drachten-Azeven,Netherlands,2025-12-15,Bronze,Yes
C000962,Jelte,van de Noordmark,victoriavan-de-leemput@example.com,(013) 3972998,Female,1969-07-07,Sommelsdijk,Belgium,2025-01-03,Silver,No
C000963,Maja,van der Klijn,mathieumohamed@example.net,+3141 4350458,Female,1979-02-15,Bedum,Netherlands,2026-03-10,Bronze,Yes
C000964,Eva,Wouters van Eijndhoven,james66@example.net,+31129 954891,Female,1974-11-23,Dorst,France,2025-02-18,Platinum,Yes
C000965,Wesley,Momberg,puck60@example.net,075-6374862,Male,1991-10-14,Dieren,Belgium,2024-01-12,Silver,Yes
C000966,Janna,Govarts,daniels-gravensande@example.com,+31(0)870 468660,Male,1990-10-12,St.-Jacobiparochie,Germany,2026-02-20,Silver,No
C000967,Maja,van Lucel,mvelderman@example.org,+31796 108127,Male,1976-10-29,Veghel,Germany,2024-08-06,Bronze,Yes
C000968,Mustafa,Verwoert,jochemsphileine@example.com,+31(0)539 891537,Male,1995-11-10,Assen,Belgium,2025-12-12,Silver,No
C000969,Robin,van Hemert,yassin10@example.net,+31(0)321-483888,Female,1999-07-27,Bruchterveld,Belgium,2023-10-13,Gold,No
C000970,Muhammed,Waltrade Walderade,ahaengreve@example.net,0235-018298,Male,1965-03-27,Lievelde,Belgium,2024-02-20,Bronze,No
C000971,Imran,Ellis,owenvan-de-ven@example.com,(0703)-902166,Male,1957-11-18,Punthorst,Belgium,2025-06-11,Gold,Yes
C000972,Jasper,Blom,ter-waarbeekalex@example.net,+31892-883274,Male,1995-08-08,Wierum,Netherlands,2026-07-17,Bronze,Yes
C000973,Lukas,Demmendaal,rvan-gastel@example.net,+31(0)84-8017850,Female,1995-10-14,Diffelen,Belgium,2024-09-11,Platinum,Yes
C000974,Chloé,Mangel,kampalicia@example.org,+31398-479942,Male,1965-08-05,Ooltgensplaat,Netherlands,2025-11-30,Silver,No
C000975,Alexander,Beourgeois,versluijsjack@example.org,+3183 6139020,Male,1976-01-25,Bleiswijk,Germany,2026-04-03,Gold,No
C000976,Noëlle,Boetet,janne42@example.org,(091) 0809686,Male,1991-08-22,Oudebildtzijl,France,2026-06-14,Platinum,No
C000977,Sepp,Vermeulen,ramakerlucas@example.net,0721 404109,Male,1998-01-16,Koudekerke,Germany,2025-12-08,Bronze,No
C000978,Boaz,Kamp,kvan-den-nuwenhuijzen@example.org,(077) 1156232,Male,1993-04-20,Lathum,Germany,2024-07-02,Platinum,No
C000979,Mila,Moensendijk,van-kasteelennoud@example.net,+31453-566752,Female,1954-02-21,'s-Heer Hendrikskinderen,Germany,2025-08-16,Bronze,Yes
C000980,Ize,van Munster,fatima90@example.org,(075)-1831788,Male,2002-10-17,Loosbroek,France,2025-01-06,Platinum,Yes
C000981,Ella,van Gemert,van-berkumsilke@example.net,+31(0)954 879478,Female,1994-04-07,Thorn,France,2025-07-12,Platinum,Yes
C000982,Linn,Vos,kiki75@example.org,(0127)-777365,Male,1969-08-15,Koudekerke,Belgium,2026-01-27,Platinum,Yes
C000983,Puck,Martel,blomjens@example.com,0748-648971,Female,1983-07-06,Est,Germany,2023-11-28,Gold,Yes
C000984,Vincent,Bos,jordyerhout@example.com,098-3985455,Female,1964-03-02,Nieuw-Beijerland,Germany,2023-10-18,Gold,No
C000985,Elisa,Huisman,schwartsbachkoen@example.org,0830 558090,Male,1965-12-27,Paasloo,Netherlands,2025-02-10,Silver,No
C000986,Jamie,Le Marec,isabel21@example.com,0727-792902,Male,1990-01-23,Hippolytushoef,Germany,2024-10-28,Bronze,Yes
C000987,Thijmen,Fortuyn,van-den-corputfem@example.org,+3158-9584952,Female,1981-08-29,Appeltern,France,2025-01-13,Silver,No
C000988,Kaylee,Knoers,perkinslaura@example.net,+3151 4526945,Female,1976-04-26,Mander,Germany,2026-05-04,Silver,Yes
C000989,Vajèn,Vink,naomikoeman@example.org,+31639 063489,Male,2004-05-12,Onna,Germany,2023-12-13,Bronze,Yes
C000990,Tom,van den Brink,alexuphuis@example.net,0669 945839,Female,1974-11-14,Oldemarkt,Belgium,2024-11-17,Platinum,No
C000991,Rens,van Haspengouw,evi93@example.org,+31(0)38 5505986,Female,1981-09-23,Itens,Germany,2023-08-18,Platinum,Yes
C000992,Mara,Tuithof,hamzamangel@example.com,0992 027885,Female,1952-11-16,Velden,Germany,2024-09-10,Bronze,Yes
C000993,Tim,Wooning,nzijlemans@example.net,021 9856770,Male,1958-07-15,Zuidwolde,Netherlands,2024-05-17,Platinum,No
C000994,Lot,Walsteijn,wjansen@example.net,+31(0)961 005172,Male,2000-05-13,Haarlemmerliede,France,2025-03-12,Bronze,No
C000995,Tycho,van Clootwijck,vvan-laar@example.org,+31773 270997,Male,1967-10-07,Doeveren,Netherlands,2026-05-26,Silver,No
C000996,Beau,de Roos,verheijlieve@example.net,+31(0)95 8078928,Female,1984-05-19,Anna Paulowna,Germany,2025-01-12,Gold,No
C000997,Leon,Uphuis,arouwenhorst@example.org,+3187-0478317,Female,1946-01-28,Ven-Zelderheide,France,2023-09-24,Silver,No
C000998,Job,Mulders,hondeveldcatharina@example.com,048-4717591,Female,1971-12-10,Strijen,Netherlands,2024-11-15,Platinum,No
C000999,Jasper,Dekker,jennifer61@example.org,(017) 6912672,Female,1988-05-07,Nooitgedacht,Germany,2025-11-12,Platinum,Yes
C001000,Dirk,Middelkoop,palmanloes@example.com,(0329)-314399,Male,1978-02-10,Zeeland,Belgium,2026-02-06,Bronze,No
C001001,Ninthe,van Haspengouw Hesbaye,plieshout@example.com,+31(0)129-620052,Male,1953-02-19,Keijenborg,Netherlands,2024-04-16,Bronze,Yes
C001002,Jayson,van Luxemburg,kdijkman@example.com,0479 474146,Female,1956-05-05,Vaals,Belgium,2024-10-03,Gold,Yes
C001003,Catharina,Meis,lipstobias@example.com,+3152-7662113,Male,2000-04-03,Afferden L,Germany,2024-07-25,Platinum,Yes
C001004,Linn,Pierson,collin37@example.com,(0780) 431324,Female,1952-04-12,Hoogvliet Rotterdam,Netherlands,2025-08-22,Silver,No
C001005,Mike,van der Strigt,van-munsterwillem@example.org,053-6880974,Female,1987-04-15,Nieuwediep,Belgium,2024-03-28,Platinum,No
C001006,Roan,Marchal,lisa92@example.org,(039)-2680717,Male,1963-01-23,Groesbeek,Netherlands,2025-07-29,Gold,Yes
C001007,Sophie,Scheffers,jansenmika@example.com,+3157 8031092,Male,1947-04-26,Netterden,Belgium,2024-04-02,Bronze,No
C001008,Amélie,de Jonge,lijnlois@example.org,+31(0)212 988744,Male,1979-01-25,Vasse,France,2026-01-02,Bronze,No
C001009,Janna,Kalman,lilyvan-de-velde@example.com,(0833)-814813,Female,1969-03-21,Broek,Belgium,2026-05-09,Gold,No
C001010,Thijmen,Everts,renske32@example.org,(058)-1030736,Female,1946-10-29,Ursem gem. S,France,2023-11-08,Gold,No
C001011,Daan,de Backer,casper38@example.net,0072-324152,Female,1948-09-25,Assendelft,Netherlands,2025-07-18,Silver,Yes
C001012,Daan,Blom,yusuf39@example.org,+3192 2717657,Male,1975-03-16,Zeist,Belgium,2025-10-07,Gold,No
C001013,Bo,van Wallaert,van-zwabentara@example.org,(0901)-992448,Male,2005-10-01,Klazienaveen-Noord,Belgium,2024-07-24,Gold,Yes
C001014,Pim,Verbeek,casholthuis@example.org,+31(0)34-4494179,Male,1983-02-10,Oosterhesselen,France,2025-06-13,Gold,Yes
C001015,Sep,Lips,ebrandon@example.net,(052)-4594391,Female,1996-10-11,Tricht,Germany,2024-05-27,Platinum,No
C001016,Robin,Winnrich,gsprong@example.com,+31279 385076,Male,1961-04-03,Koufurderrige,Netherlands,2025-07-19,Bronze,No
C001017,Gerrit,Marchal,nmahieu@example.com,(082)-2019688,Male,1995-07-10,Westbeemster,Germany,2023-10-02,Silver,No
C001018,Dion,Brumleve,mehmet85@example.net,0809-048310,Female,2002-12-10,Denekamp,France,2026-01-11,Silver,Yes
C001019,Nick,van den Eerenbeemt,brievinghfien@example.net,(042)-0511845,Male,1946-02-08,Westerwijtwerd,Belgium,2025-01-21,Bronze,No
C001020,Sanne,Carnotte,van-leuvenabel@example.com,+31(0)179 613000,Male,2005-07-09,Schraard,Belgium,2024-03-12,Platinum,No
C001021,Jake,Zijlemans,elisabethvan-de-elzas@example.com,+31315-343950,Female,1997-06-27,Noordgouwe,Belgium,2025-12-02,Bronze,Yes
C001022,Amy,Adriaense,rik08@example.net,(009)-7431026,Female,1974-08-30,Bergschenhoek,Germany,2026-07-04,Gold,No
C001023,Ayden,Volcke,van-der-meeramber@example.net,+31(0)70-9308309,Male,2006-06-24,Ryptsjerk,Netherlands,2023-09-19,Bronze,Yes
C001024,Louise,Merckx,ayoub03@example.com,084-5841882,Male,1969-12-10,Winterswijk Meddo,Netherlands,2025-10-14,Bronze,No
C001025,Loïs,Blaak,ehagendoorn@example.com,060-7882008,Male,1984-12-21,Zwijndrecht,Belgium,2026-06-19,Gold,No
C001026,Cato,van Breukeleveen,leah62@example.org,(060)-4950772,Male,1947-01-06,Lucaswolde,Belgium,2025-09-21,Bronze,No
C001027,Arie,Scholten,juul08@example.com,+31134 284192,Female,1994-01-12,Zeeland,Germany,2025-12-14,Platinum,Yes
C001028,Bjorn,Lelijveld,bjornvan-der-noot@example.org,0484 494339,Male,1998-04-25,Lage Mierde,Belgium,2025-05-24,Bronze,No
C001029,Dana,van Dongen,fleur91@example.org,+31312 414190,Male,1994-09-14,Hoenderloo,France,2023-09-28,Gold,Yes
C001030,Lola,van den Bergh,jaydende-vries@example.com,(0319) 589757,Male,1975-05-11,Wateren,Netherlands,2025-02-10,Bronze,Yes
C001031,Linde,Overeem,van-der-lindenkoen@example.org,+31(0)068 363160,Female,1993-02-02,Apeldoorn,Netherlands,2025-09-22,Silver,No
C001032,Xavi,Merckx,lethereline@example.com,(0112)-450150,Female,1983-08-16,Nederland,Belgium,2026-07-30,Bronze,No
C001033,Jay,Lether,adriana32@example.net,+31(0)914-913420,Male,1968-02-16,Zeijerveld,Germany,2025-10-09,Gold,No
C001034,Tristan,Schagen,greimes@example.org,0187-721496,Male,1964-05-17,Nieuwehorne,Germany,2023-10-26,Bronze,Yes
C001035,Senn,Brizee,egarret@example.net,+31(0)38 8370086,Female,1986-05-29,Boksum,Belgium,2026-04-08,Bronze,Yes
C001036,Hailey,Wagenvoort,martelloes@example.com,+3179 4745632,Male,1957-12-17,Teroele,France,2025-12-18,Silver,Yes
C001037,Joy,van Hamaland,jayson72@example.org,+31835 139970,Female,1952-06-22,Almen,Germany,2023-08-06,Platinum,Yes
C001038,Mart,van den Bosch,corstiaensvajen@example.net,+31268 258618,Male,1985-11-19,Achtmaal,Netherlands,2024-01-04,Gold,No
C001039,Laurens,Claassen,daniel99@example.net,(0716)-769528,Male,1970-05-09,Aarle-Rixtel,Belgium,2023-10-09,Gold,No
C001040,Senna,Serra,agoyaerts-van-waderle@example.org,0818-592499,Male,1960-10-06,Velddriel,France,2025-10-04,Silver,No
C001041,Selina,Merckx,dylanode-backer@example.net,0207 098530,Male,1969-03-05,Westbroek,France,2024-12-13,Bronze,Yes
C001042,Jolijn,Jansen,dachgeldtrik@example.com,+31(0)719-205776,Female,1960-07-08,Rossum,Germany,2026-04-24,Gold,No
C001043,Keano,van Loon,rayan28@example.org,+31(0)93-0646316,Male,1982-09-16,Sinderen,Belgium,2025-12-30,Platinum,No
C001044,Job,Eijkelboom,twan07@example.net,+3166-5634182,Male,1992-10-25,Wytgaard,France,2024-01-08,Silver,Yes
C001045,Selina,de Korte,elisevan-den-corput@example.com,+31561-772881,Female,2002-12-09,Noordbeemster,Netherlands,2024-01-06,Gold,Yes
C001046,Angelina,Boetet,feline40@example.com,+31107 638662,Female,1959-12-05,Zeerijp,Netherlands,2023-09-26,Bronze,No
C001047,Rafael,Adriaense,kuilenburgrayan@example.com,(034) 0163121,Male,1990-02-18,Hoogezand,France,2026-06-01,Gold,No
C001048,Levi,Klein,zvan-westfalen@example.com,0155-367421,Male,1971-03-30,Landsmeer,Germany,2025-05-09,Bronze,No
C001049,Gerrit,de Hoog,mayavan-beek@example.net,014 5671123,Female,1973-06-15,Scheulder,France,2025-11-25,Bronze,Yes
C001050,Lucas,van Daal,sophiagnodde@example.net,+31(0)200-673758,Female,1965-12-31,Valthermond,Netherlands,2024-08-22,Platinum,Yes
C001051,Micha,Bertho,weverrayan@example.com,+31(0)49-3902520,Male,1978-04-29,Jistrum,France,2025-12-30,Bronze,Yes
C001052,Sienna,Mudden,everwoert@example.com,+31585 378376,Female,2003-07-18,Benschop,Netherlands,2024-12-15,Silver,No
C001053,Mathijs,van Hamaland,frecer@example.org,+31615-799255,Female,1983-09-10,Heijenrath,France,2024-12-05,Gold,Yes
C001054,Evelien,Gerritsen,iadelaar@example.net,(0042) 016121,Female,1969-09-11,Kuitaart,Belgium,2024-09-09,Bronze,Yes
C001055,Evi,van Heusden,borislafleur@example.com,(054)-0695918,Female,1945-09-09,Nieuwe Niedorp,Netherlands,2025-11-09,Gold,No
C001056,Lisanne,Kolen,puk59@example.org,(028) 6192770,Male,2002-06-04,Molkwerum,France,2023-10-07,Gold,Yes
C001057,Thom,van der Horst,guusje22@example.net,(027)-9038163,Male,1967-03-03,Mariënberg,France,2026-05-18,Platinum,Yes
C001058,Lara,van Dam,dberendse@example.com,+3163-6915548,Female,1951-08-31,Noordbroek,Netherlands,2025-11-10,Bronze,No
C001059,Wessel,van Drenthe,uvan-den-brand@example.org,+31(0)53 1122905,Male,1957-01-05,Nieuwland,Netherlands,2024-01-31,Bronze,No
C001060,Bibi,Blees,lanalips@example.com,+31727 222059,Female,2006-02-11,Follega,Netherlands,2025-07-18,Gold,Yes
C001061,Casper,Bouthoorn,kayleigh94@example.org,+31(0)081-763214,Female,1976-05-27,Scharnegoutum,France,2024-03-30,Silver,No
C001062,Lina,Wilcken,loismens@example.com,+31164 603783,Male,1955-12-15,Mariënberg,Belgium,2025-06-24,Gold,No
C001063,Stefan,van Schweinfurt,dewihak@example.com,+31(0)525 352992,Female,1997-06-11,Dalerveen,Netherlands,2025-03-06,Gold,Yes
C001064,Valentijn,Tillmanno,collin71@example.net,+31(0)470 438818,Female,1992-07-27,Lutjewinkel,Netherlands,2024-04-30,Bronze,Yes
C001065,Sofie,van de Velden,wilsonsylvie@example.org,+3154-6906947,Female,1966-05-26,Kilder,Belgium,2023-09-05,Platinum,Yes
C001066,Sterre,Soos,cbelpere@example.net,+31494-206943,Male,1980-10-25,Appingedam,Belgium,2024-07-08,Silver,Yes
C001067,Merijn,Recer,frerichshailey@example.net,(061) 9220402,Female,1961-02-02,Westdorpe,Belgium,2024-03-14,Bronze,Yes
C001068,Noor,van Haspengouw Hesbaye,elias63@example.com,+31022-946234,Male,1952-09-03,Weurt,Netherlands,2023-10-10,Silver,Yes
C001069,Rowan,den Buytelaar,lorenzovan-t-erve@example.net,+3175-8406077,Female,2004-04-03,Steggerda,Germany,2023-09-08,Platinum,Yes
C001070,Eva,Sarneel,van-duyvenvoordestan@example.net,(0132)-512593,Male,1986-04-28,Amstelhoek,Netherlands,2024-09-23,Silver,Yes
C001071,Luca,Groenestein,avan-duyvenvoorde@example.com,+31(0)890 461122,Female,1974-12-09,'s-Heerenberg,Belgium,2025-03-01,Platinum,Yes
C001072,Loek,Doornhem,de-gruilsepp@example.org,069 4585731,Male,1967-05-18,Eastermar,France,2025-10-13,Bronze,No
C001073,Merel,van Dillen,emma92@example.net,063 8879040,Male,2003-12-08,Enter,France,2023-09-03,Silver,Yes
C001074,Nadia,de Werd,hvos@example.org,+31421 903104,Male,1956-12-03,Helden,Germany,2024-10-19,Gold,Yes
C001075,Sepp,Hak,sander65@example.com,+31(0)699 724518,Male,1993-07-25,Haarzuilens,Germany,2023-11-10,Gold,No
C001076,Pippa,van der Laarse,frerichshidde@example.net,(060)-5525057,Male,2006-10-11,Avenhorn,Germany,2024-07-21,Gold,Yes
C001077,Ali,Ariens,fverbeek@example.com,+31(0)01-8183463,Female,1993-11-30,De Kwakel,Belgium,2026-07-25,Silver,Yes
C001078,Keano,Zijlmans,sterretakkelenburg@example.net,+3148-4931553,Female,1962-06-11,Noordeinde,Belgium,2026-03-17,Gold,Yes
C001079,Sam,van Tours,dwright@example.org,054-9920207,Male,1948-03-09,Snelrewaard,Belgium,2026-05-27,Gold,No
C001080,Maya,van Maaren,mohamedvan-der-ven@example.org,001-5460561,Female,1982-05-03,Hoogezand,Belgium,2026-06-15,Platinum,Yes
C001081,Maryam,Verbeeck,charonesmee@example.net,+31(0)161-367313,Female,1948-10-09,Haps,Netherlands,2024-10-31,Gold,No
C001082,Mare,van Laar,eline74@example.com,0870-325160,Female,1991-02-05,Landsmeer,France,2024-11-07,Gold,No
C001083,Sepp,Wilcken,odoyle@example.com,+31871 170252,Male,1969-08-31,Ommel,France,2024-05-12,Gold,No
C001084,Nienke,ter Waarbeek,xde-jode-vastraedsd@example.com,085 3285461,Female,1961-01-15,Millingen aan de Rijn,France,2023-10-27,Gold,Yes
C001085,Norah,Lamotte,matshemma-van-allemanie@example.net,+31(0)85-2993844,Female,1956-04-16,Sevenum,Germany,2024-12-01,Platinum,Yes
C001086,Roos,Jansen,aweeldenburg@example.net,+3146-6612101,Female,1952-07-17,Musselkanaal,Germany,2025-02-10,Silver,No
C001087,Tyler,Lieshout,jenniferloreal@example.org,(0394) 680230,Male,1985-09-30,Nagele,Netherlands,2025-12-07,Bronze,No
C001088,Lena,Coret,twanbronder@example.net,+31(0)63-3497629,Male,1964-06-30,Bantega,Germany,2023-12-18,Gold,No
C001089,Tara,Gerrits,fstettyn@example.net,+3117-0831889,Female,1970-07-03,Westbeemster,France,2025-08-24,Silver,No
C001090,Morris,Hondeveld,zrouwenhorst@example.com,+31(0)83-5945216,Male,1975-06-20,Borgsweer,Germany,2026-04-16,Gold,No
C001091,Hamza,Vermeulen,inayavan-der-leek@example.net,+31(0)69 3306396,Female,1975-02-16,Hulten,Netherlands,2024-09-28,Silver,No
C001092,Roos,Ouwerkerk,zoeyvan-roijen@example.com,+31(0)393 543634,Female,1996-12-05,Marsum,Netherlands,2024-11-18,Gold,No
C001093,Raf,Shupe,ihuisman@example.org,001 7204219,Female,1975-01-29,Wyns,Netherlands,2024-11-12,Gold,Yes
C001094,Ayoub,van der Sande,tijsvan-evelingen@example.com,+31829 558211,Male,1959-05-14,Tollebeek,Netherlands,2024-03-17,Gold,No
C001095,Aaron,Koeman,kismanthomas@example.org,0851-579107,Male,1952-04-25,Zuid-Beijerland,Belgium,2026-02-20,Gold,No
C001096,Romy,Tamsma,noah06@example.com,092 8116432,Male,1963-04-18,Schinveld,Germany,2024-08-30,Gold,Yes
C001097,Imke,Post,xgerritsen@example.net,+3120-1573160,Male,1952-04-10,Eethen,Belgium,2024-10-09,Silver,Yes
C001098,Sofie,Scharroo,ibrahim75@example.com,0841 823112,Female,1974-03-18,Borssele,Germany,2024-07-17,Silver,Yes
C001099,Giovanni,van Evelingen,kremernoah@example.org,+31846 485778,Female,1988-03-28,Budel-Dorplein,Belgium,2025-08-23,Platinum,No
C001100,Wout,Ehlert,elisa95@example.com,+31780-053846,Male,1982-09-03,Stokkum,France,2024-11-21,Bronze,Yes
C001101,Imke,Riem,avan-loon@example.net,077-5820652,Female,1961-03-10,Aerdenhout,France,2025-12-22,Silver,Yes
C001102,Jente,Saxo,olemmens@example.com,(0026) 439846,Female,1952-12-15,Bunnik,Netherlands,2023-09-27,Bronze,Yes
C001103,Suus,Prins,rademakerguusje@example.com,+31867-120973,Female,1949-03-30,Nibbixwoud,Netherlands,2024-09-22,Platinum,No
C001104,David,de Bruin,jimkirpenstein@example.com,+31018 696495,Female,1967-09-01,Sebaldeburen,Netherlands,2025-04-19,Bronze,Yes
C001105,Eliza,Beekman,jennifer30@example.org,(091)-4136526,Female,1948-06-16,Wilsum,Netherlands,2026-02-10,Silver,Yes
C001106,Noud,Huberts,jennavan-dalem@example.com,(065)-5252847,Male,1986-09-26,Pietersbierum,Germany,2023-10-15,Platinum,No
C001107,Siem,Goyaerts van Waderle,kim47@example.com,+31(0)089-989446,Male,1981-12-25,Kalenberg,Netherlands,2024-04-29,Silver,No
C001108,Bart,Bos,overharen@example.com,+31(0)680-860252,Male,2000-08-04,Wijk en Aalburg,Netherlands,2024-02-10,Silver,No
C001109,Loïs,d' Heripon,ibellemans@example.com,0324-654784,Female,1984-12-05,Panningen,France,2025-12-26,Bronze,Yes
C001110,Twan,van Grondelle,mohamed76@example.net,+31642-792152,Male,1989-07-26,Uffelte,Belgium,2024-02-08,Gold,No
C001111,Lana,van Haspengouw,matthias14@example.net,+31563 787950,Female,1979-02-02,Walem,France,2024-03-02,Silver,Yes
C001112,Vajèn,Vertoor,willemsenloes@example.org,+3166 6718545,Female,1985-01-10,Goirle,Netherlands,2024-12-21,Gold,Yes
C001113,Dion,Stoffelsz,tara39@example.org,0419 159966,Female,1952-05-08,Geldermalsen,France,2023-11-14,Silver,No
C001114,Danique,Kwaadland,janna27@example.org,(094)-6391627,Male,1985-03-16,Nieuwleusen,France,2023-10-11,Platinum,No
C001115,Joost,Kathagen,lafleurhendrik@example.org,+31(0)20 7324050,Male,1970-03-14,Franeker,Netherlands,2024-12-10,Silver,Yes
C001116,Casper,van Voorhout,imranvan-rossum@example.org,+31(0)75 5696157,Male,1967-04-24,Neer,Germany,2026-01-17,Gold,No
C001117,Hugo,Dijkman,pwutke@example.com,046 2334325,Female,1973-06-18,Dreumel,France,2024-05-13,Platinum,Yes
C001118,Olivier,Brumleve,joel00@example.com,070-0018430,Male,1958-07-07,Wouw,France,2025-01-18,Platinum,No
C001119,Alex,Ansems,hendricksnoelle@example.com,(0813) 845243,Female,1998-09-13,Kapelle,Belgium,2025-01-01,Gold,Yes
C001120,Collin,Koeman,van-der-lootobias@example.net,+31768-409306,Female,1949-03-06,Nieuwehorne,Belgium,2023-09-05,Bronze,No
C001121,Damian,van Venrooy,vengels@example.net,+31866-519249,Female,1977-11-12,Deurze,France,2023-08-06,Bronze,Yes
C001122,Valerie,Stoffel,hamzaheribert-van-laon@example.org,+3144-4108487,Male,1963-06-14,Almen,Belgium,2025-06-26,Bronze,Yes
C001123,Selena,Courtier,kyra60@example.org,081-9218276,Male,1960-11-28,Budel-Dorplein,Belgium,2024-06-11,Silver,No
C001124,Esila,Lamotte,mathijs81@example.org,+31(0)554-680729,Male,1955-07-11,Haule,Belgium,2024-08-21,Platinum,No
C001125,Azra,de Gratie,liekewolzak@example.net,0109-853249,Female,1988-01-31,Bruntinge,Netherlands,2023-12-19,Bronze,Yes
C001126,Abel,Recers,matthiaslankle@example.org,+31(0)54 8132570,Female,1964-12-19,Beugen,Germany,2023-09-01,Platinum,No
C001127,Daniël,Jerusalem,sophiaaarts@example.net,+31(0)30 5123509,Female,1979-10-07,Horst,Belgium,2023-09-11,Platinum,No
C001128,Norah,Room,bruijne-van-der-veenliam@example.net,063-5201562,Male,1945-09-26,Hezingen,Germany,2024-04-08,Gold,Yes
C001129,Luuk,Rijcken,bloemendaalfloris@example.com,(0320)-666598,Male,1975-12-27,Noordeinde Gld,Germany,2024-02-22,Silver,Yes
C001130,Lize,Hazenveld,ashley15@example.com,021-0003990,Male,1972-02-13,Weteringbrug,France,2025-06-20,Silver,Yes
C001131,Mika,Godfrey van Alemannië,faas71@example.com,(003) 2856945,Male,1976-11-11,Ellertshaar,Belgium,2024-04-03,Bronze,Yes
C001132,Chloé,Remmers,abel55@example.com,+3102-6936282,Male,1970-11-23,Bleskensgraaf ca,Netherlands,2024-02-10,Platinum,Yes
C001133,Evelien,van Beeck Beeckmans,sepp41@example.org,+31684-757113,Female,2008-01-24,Peize,Belgium,2025-03-29,Gold,No
C001134,Rens,Klerks,fem65@example.com,+31(0)97 4118977,Male,1976-12-01,Visvliet,France,2024-04-23,Gold,Yes
C001135,Aiden,Uittenbosch,joep16@example.com,+3136-7721988,Male,1966-11-03,Ootmarsum,Germany,2024-12-17,Gold,Yes
C001136,Jade,Mathol,elif57@example.com,+31(0)64-6965757,Male,1964-06-12,Bornerbroek,Netherlands,2024-03-14,Silver,No
C001137,Isis,Rijcken,stella35@example.net,+31039-158370,Male,1954-10-18,Zutphen,France,2024-04-12,Platinum,Yes
C001138,Mika,Willems,willemsdylano@example.org,(0258) 188689,Male,1956-03-09,Bruchterveld,Belgium,2024-05-22,Gold,Yes
C001139,Stefan,van Breugel,qkolen@example.org,+31(0)172 159867,Male,1948-08-27,Tholen,Netherlands,2025-10-31,Platinum,Yes
C001140,Mette,Huisman,ellisbo@example.org,+31(0)133 258697,Female,2001-02-23,Kortgene,Belgium,2025-09-20,Gold,No
C001141,Benjamin,van Bentheim,helenanijman@example.org,+3130 1629689,Male,1992-10-07,Zundert,Germany,2025-07-25,Platinum,No
C001142,Silke,Boddaugh,jansselotte@example.org,(0998)-582466,Male,1976-04-10,Beek,France,2024-05-27,Platinum,Yes
C001143,Eliza,Verheuvel,noorverkade@example.net,+31(0)636 749954,Female,1989-08-07,'s-Graveland,France,2025-06-17,Platinum,No
C001144,Fabiënne,Rijn,loiskleybrink@example.com,0795 422854,Female,1985-04-29,Bitgummole,Netherlands,2025-08-03,Bronze,Yes
C001145,Jesper,van der Heijden,wunruoch-hunerik@example.net,(0291) 331560,Female,2008-01-22,Nijlande,Germany,2024-01-17,Bronze,No
C001146,Jelle,Koeman,ayoub61@example.net,+31(0)80-8100303,Male,1962-12-26,Clinge,Belgium,2024-03-28,Platinum,Yes
C001147,Maud,Dries,gadriaense@example.com,(0692)-648492,Female,1967-03-03,Feanwâlden,Germany,2026-04-16,Gold,Yes
C001148,Elisabeth,van de Water,tim73@example.com,+31(0)144-512115,Female,1995-11-29,Idsegahuizum,Netherlands,2026-05-16,Gold,Yes
C001149,Job,Brugman,irecers@example.net,0462 273115,Female,2005-12-18,Weiteveen,Netherlands,2026-03-17,Silver,Yes
C001150,Sven,Ponci,tklomp-jan@example.com,+3192 3271883,Male,1961-11-17,Hobrede,Netherlands,2025-03-19,Gold,No
C001151,Phileine,Nihoe,adriaensdrashley@example.org,(0656) 338370,Male,2003-12-02,Drieborg,Germany,2025-12-10,Gold,No
C001152,Fien,Hermans,irisstrik@example.net,0394 909454,Male,1955-10-31,Midlaren,France,2023-08-16,Silver,Yes
C001153,Inaya,Veenstra,van-dammeike@example.net,+31670-119104,Female,1983-09-23,Voorst,Belgium,2026-03-09,Platinum,No
C001154,Sebastiaan,van Formbach,rlamore@example.com,016-9494029,Male,2002-02-06,Boerakker,France,2025-02-18,Gold,Yes
C001155,Loek,Weijland,kronenbergzara@example.net,(0311)-515671,Male,1977-09-30,Ilpendam,Belgium,2026-04-13,Bronze,Yes
C001156,Leah,Stinis,van-saksenjulian@example.net,+3139-0665102,Female,1987-03-10,Zeegse,Belgium,2024-09-29,Silver,No
C001157,Adriana,van Embden,annepasschiers@example.com,0055-127950,Male,2007-06-16,Berlicum,Belgium,2024-02-16,Platinum,No
C001158,Daniel,Schotte,xmahieu@example.net,+31(0)36-1142465,Female,1954-06-22,Kolham,Belgium,2023-12-02,Platinum,No
C001159,Tycho,van de Darnau,juliusvan-laon@example.net,0844 160240,Female,1956-10-06,Den Burg,France,2026-07-29,Platinum,Yes
C001160,Kyara,van Goerle,gfrancoise@example.org,(0062)-012465,Female,1996-04-23,Middelharnis,Netherlands,2025-10-07,Platinum,Yes
C001161,Esila,The Elder,pterry@example.com,+31(0)386 932250,Male,1976-02-23,Hollandsche Rading,Netherlands,2024-02-18,Bronze,No
C001162,Bas,de Vrome,lois97@example.net,041-1496521,Female,1997-11-22,Vlieland,France,2026-01-14,Bronze,Yes
C001163,Luuk,Mater,carlijn54@example.com,+31(0)95-9276877,Female,1965-06-26,Nieuweroord,Germany,2024-01-15,Platinum,No
C001164,Dex,Kleybrink,saravervoort@example.com,+31(0)29 4182668,Male,1989-03-16,Gastel,Belgium,2024-07-12,Gold,Yes
C001165,Jurre,le Gallen,van-milmaria@example.net,+31489 176023,Female,1995-08-23,Lage Zwaluwe,Netherlands,2024-08-27,Platinum,Yes
C001166,Bastiaan,Adryaens,qjanse@example.net,(0721)-388368,Female,1948-10-09,Alde Leie,France,2024-07-26,Silver,No
C001167,Gerrit,The Elder,ecrin95@example.com,+31057 657112,Female,1946-05-16,Gasselternijveenschemond,Belgium,2026-01-28,Gold,No
C001168,Alex,Hollander,collin61@example.com,+31(0)35 9135087,Female,2006-01-28,Genemuiden,Germany,2025-06-13,Platinum,Yes
C001169,Pepijn,Backer,lorreijnsil@example.com,(036)-5977863,Female,2005-06-20,Ferwoude,France,2026-01-12,Silver,No
C001170,Lenn,van de Biezenbos,eliasvan-clootwijck@example.org,+31(0)64 1500966,Male,1967-12-02,Nooitgedacht,Belgium,2025-07-09,Gold,Yes
C001171,Quinn,Schouten,mohamedlensen@example.com,+3101-8744127,Male,1974-03-10,Hezingen,Belgium,2025-01-29,Gold,Yes
C001172,Tessa,Merkx,ameliavan-de-ven@example.net,0996-858989,Female,1976-04-07,Hulsel,Netherlands,2025-07-06,Bronze,No
C001173,Brian,van Berkum,peronnedave@example.net,(010) 4558114,Male,1996-12-30,Ubbena,Netherlands,2026-06-09,Gold,Yes
C001174,Charlotte,Bresé,bschwartsbach@example.com,+31129-579357,Female,1967-03-13,Hippolytushoef,Netherlands,2026-07-12,Silver,Yes
C001175,Evie,van Klaarwater,samuel94@example.org,0075 933520,Male,1986-02-25,Oeffelt,Germany,2025-10-18,Gold,No
C001176,Suze,Groote,ariede-vries@example.org,+3187-3216297,Female,1965-03-04,Diffelen,Netherlands,2025-09-26,Silver,Yes
C001177,Amin,Aeije,kikiovereem@example.org,+31(0)045 902403,Male,2007-03-05,Workum,Germany,2025-04-08,Gold,No
C001178,Lena,Linschoten,lize00@example.com,+3197-7720677,Male,1997-10-08,Renesse,Netherlands,2024-09-04,Platinum,Yes
C001179,Lise,van de Brink,jillheyne@example.net,0837-920092,Male,1958-01-26,Velsen-Zuid,Belgium,2024-06-14,Gold,No
C001180,Amir,Galenzone,godertsjade@example.net,081-1688875,Female,1969-04-19,'s-Gravenzande,Netherlands,2024-09-08,Platinum,No
C001181,Isabella,van Noordeloos,tvan-voorhout@example.org,+31(0)414 037550,Female,2007-11-20,Nijeholtwolde,Germany,2026-01-24,Bronze,No
C001182,Luca,Lemmens,joost63@example.org,+31(0)40-6293376,Female,1974-08-05,Duivendrecht,Germany,2025-01-31,Silver,Yes
C001183,Sophia,Palman,ecarnotte@example.net,+31(0)16-7295775,Female,1956-03-02,Abcoude,Belgium,2026-07-29,Bronze,Yes
C001184,Imke,Galenzone,mjacobi@example.net,051-5065098,Female,1988-02-05,Heukelum,Germany,2024-03-13,Silver,Yes
C001185,Eva,Buijs,tvan-de-biezenbos@example.com,(0104) 203155,Male,1974-12-10,Beverwijk,Germany,2023-08-06,Platinum,Yes
C001186,Elise,van Ham,felinevan-wassenaar@example.com,+31574-213254,Female,1979-03-12,Heerewaarden,Netherlands,2025-10-12,Platinum,Yes
C001187,Amy,Guit,daphne59@example.net,+31(0)431 254866,Female,2007-10-31,Lambertschaag,France,2025-05-10,Silver,Yes
C001188,Kay,Hexspoor,fgerrits@example.net,(081) 6192541,Male,1982-02-09,Midwolde,Germany,2024-02-11,Platinum,No
C001189,Lucas,van Haspengouw Hesbaye,riley86@example.com,0430-062183,Male,2001-12-14,Steensel,Belgium,2023-11-20,Silver,No
C001190,Roos,de la Fleche,tim76@example.org,023-8549186,Female,2007-04-07,Austerlitz,Netherlands,2025-09-05,Platinum,No
C001191,Nathan,Schuurmans,amansvelt@example.org,(0225) 000194,Male,1981-05-22,Oldehove,Belgium,2026-03-03,Platinum,No
C001192,Mads,van Berkel,zijlmansashley@example.com,(094)-6969837,Female,1975-04-19,Nieuw-Amsterdam,Netherlands,2024-08-10,Platinum,Yes
C001193,Eline,Mulder,ebleijenberg@example.net,+31(0)610-683716,Male,1980-10-15,Arcen,Netherlands,2026-04-01,Gold,No
C001194,Annabel,de Marduras,thijmen39@example.org,+31(0)555 114430,Male,1955-10-14,Rotterdam,Netherlands,2025-08-14,Bronze,No
C001195,Jesse,Arnold,bmens@example.org,+31714-295987,Female,1997-02-21,Heesselt,Belgium,2025-07-11,Bronze,Yes
C001196,Elise,Greij,mick73@example.net,+31(0)219 491251,Female,1948-12-08,Vasse,France,2024-05-11,Bronze,Yes
C001197,Stefan,Wolffel,mohamed84@example.net,+31(0)168 766091,Male,2008-06-20,Greonterp,Germany,2025-11-16,Platinum,Yes
C001198,Fenne,Hermans,mariamuller@example.net,083-5697283,Female,1968-03-27,Roggel,Belgium,2024-04-09,Gold,Yes
C001199,Lisa,Scharroo,van-der-flaasrens@example.net,0382 722667,Male,1987-05-28,Ypecolsga,Belgium,2026-05-12,Platinum,No
C001200,Rosa,Versluijs,marit92@example.net,+3147 6592421,Female,1952-07-22,Deinum,Netherlands,2023-08-24,Silver,Yes
C001201,Louise,van Daal,evertsjip@example.net,048-9677473,Male,1965-06-07,Nederweert,Germany,2026-03-28,Silver,Yes
C001202,Mike,Veenstra,tansems@example.net,(073)-0519657,Male,2005-05-25,Ravenswoud,Germany,2026-06-20,Platinum,No
C001203,Renske,van der Maath,nvan-beeck-beeckmans@example.net,(046) 3316993,Female,1970-07-06,Kapel-Avezaath,Belgium,2024-12-23,Gold,No
C001204,Tristan,Klerks,verhaarmilan@example.com,+31873-045044,Female,1972-11-14,Valthe,Netherlands,2024-10-04,Platinum,No
C001205,Ilse,Zijlemans,charlotte26@example.net,+31(0)04-8894360,Female,1990-12-29,Uddel,France,2025-09-30,Platinum,No
C001206,Yfke,Langevoort,zwartmads@example.org,+31787-107819,Male,1961-12-22,Zwiggelte,Belgium,2025-11-15,Silver,Yes
C001207,Quinty,Haengreve,epeterse@example.org,+31382 508778,Male,1960-05-10,Veere,Belgium,2025-12-08,Gold,Yes
C001208,Lisa,van 't Wel,broekhovenaya@example.com,+31(0)25-5986350,Male,1955-08-27,Oterleek,France,2025-10-03,Gold,No
C001209,Isabel,Uphaus,uknoers@example.net,+31(0)991-370836,Male,1989-11-24,Oosterhout,Germany,2025-09-05,Platinum,Yes
C001210,Kai,de la Fleche,noor63@example.com,+31(0)023 153870,Female,1983-11-05,Gramsbergen,France,2026-07-19,Gold,Yes
C001211,Nisa,Bouthoorn,eferran@example.com,+31725 058488,Male,2002-06-06,Merkelbeek,Netherlands,2024-07-31,Bronze,Yes
C001212,Leon,Post,bryanheijmans@example.net,(0574)-170445,Female,1968-02-23,Froombosch,Germany,2024-08-09,Bronze,Yes
C001213,Joy,Langevoort,cas40@example.org,(0979) 542416,Female,1984-07-13,Een-West,Belgium,2026-06-04,Bronze,No
C001214,Hailey,van den Oever,janna55@example.org,+31644 890316,Female,2007-01-03,Alphen aan den Rijn,Netherlands,2024-12-06,Silver,Yes
C001215,Tess,Mathurin,maxhuel@example.com,032 8221699,Male,1948-07-26,Benningbroek,Germany,2025-07-02,Silver,No
C001216,Benthe,van Vermandois,vigo21@example.com,+31(0)589 129802,Female,1948-06-06,Stavenisse,Netherlands,2024-08-30,Silver,No
C001217,Dex,van de Berg,van-gelderjulian@example.com,+3121-5872672,Female,1947-11-03,Waverveen,Germany,2023-09-06,Platinum,No
C001218,Stijn,van de Veen,bouwhuisenbryan@example.com,+31(0)85-8783967,Female,1972-12-30,Pesse,Belgium,2025-10-07,Bronze,No
C001219,Dion,Jeggij,lindsey86@example.org,(0403)-881084,Male,1994-03-10,Oostwoud,Belgium,2026-01-17,Platinum,Yes
C001220,Tessa,Estey,felinevan-den-wittenboer@example.com,+31(0)434 967426,Male,1961-08-31,De Goorn,Germany,2024-04-18,Platinum,No
C001221,Keano,Scholten,miloadriaensdr@example.org,043 6911223,Male,1988-11-13,Breezand,France,2026-07-20,Silver,No
C001222,Elias,Moensendijk,jaristeenbakkers@example.net,+31(0)320 194077,Male,1991-05-16,Midwolda,Belgium,2025-03-09,Bronze,No
C001223,Joost,Brandon,veerle46@example.net,+31(0)27-3644764,Female,2004-09-26,Zeerijp,Belgium,2025-09-20,Platinum,No
C001224,Alexander,Niermann,ibrahim52@example.org,(014) 0584229,Male,2002-04-04,Bovenkarspel,Netherlands,2024-03-30,Bronze,Yes
C001225,Bibi,de Haas,vrijntjes@example.com,+31(0)50 8822269,Male,1957-03-08,Warten,Germany,2024-02-21,Bronze,Yes
C001226,Jules,Dirksen,oscar79@example.net,(019)-9557764,Female,1987-06-14,Ossenzijl,Belgium,2023-10-26,Silver,No
C001227,Boris,Moenen,ilse82@example.org,(010) 1163109,Female,2007-11-07,Medemblik,France,2024-05-23,Bronze,Yes
C001228,Elif,Hoes,puk14@example.com,(0982) 315016,Male,1997-07-29,Kapelle,Belgium,2024-05-23,Platinum,Yes
C001229,Demi,Scherms,mathurinniels@example.org,(046)-4438672,Female,1953-12-13,Ingber,Germany,2026-06-07,Platinum,Yes
C001230,Giovanni,Momberg,jimlambers@example.org,+3169-6213191,Male,2008-05-13,Wilhelminaoord,Belgium,2025-06-13,Platinum,No
C001231,Anna,van Verdun,meeresevy@example.org,+31661 710447,Female,1958-11-01,Snakkerburen,Belgium,2026-01-14,Platinum,Yes
C001232,Milo,le Luc,flinklisanne@example.com,+31(0)72 8667601,Female,1978-03-09,Amersfoort,France,2025-03-12,Gold,Yes
C001233,Vajèn,van Geffen,senn62@example.net,(0787) 105687,Male,1979-11-22,Anevelde,France,2024-11-26,Platinum,Yes
C001234,Sarah,Bertho,fayvan-stralen@example.net,(0636)-002128,Female,1997-08-18,Lekkum,France,2025-06-03,Gold,Yes
C001235,Ilse,Slaetsdochter,gde-kok@example.org,+3144-0841611,Male,1979-06-05,Werkhoven,Germany,2025-10-23,Gold,Yes
C001236,Evy,van Leuven,dirkremmers@example.net,+31(0)608 921838,Female,1953-07-01,Wanneperveen,Belgium,2026-01-23,Bronze,Yes
C001237,Faye,van den Berg,luc93@example.com,068 1922268,Female,1987-09-16,Zoetermeer,Belgium,2023-08-11,Platinum,Yes
C001238,Emily,Speijer,tijn21@example.com,030-8429398,Female,1984-06-17,Slagharen,Germany,2023-09-13,Silver,Yes
C001239,Valentijn,Brievingh,philip91@example.com,(0412)-621050,Female,1955-04-06,Baexem,France,2023-09-26,Silver,No
C001240,Sara,van Wallaert,olykantim@example.org,029-5762937,Male,2003-10-01,Vriescheloo,Germany,2025-11-16,Platinum,No
C001241,Koen,van Ginneke,daanvaessen@example.net,+3153 9299182,Male,1983-03-23,Zijderveld,Germany,2025-06-04,Silver,Yes
C001242,Julie,van de Greef,hbartels@example.net,(0417) 819008,Female,1980-07-02,Eeserveen,Belgium,2024-04-04,Platinum,No
C001243,Tobias,de Vos,annevan-wijland@example.net,+31(0)400-667550,Female,1962-12-25,Idaerd,France,2026-06-08,Bronze,No
C001244,Lynn,Everts,veerle73@example.org,008 4689190,Male,2007-12-16,Ryptsjerk,Belgium,2026-05-21,Gold,Yes
C001245,Noud,Ariens,raf94@example.com,+31(0)14 4173489,Female,1990-10-16,Sappemeer,Belgium,2026-03-27,Silver,No
C001246,Mustafa,Moenen,aklerks@example.com,031 2556327,Female,1964-01-11,Dalem,Germany,2026-02-26,Silver,Yes
C001247,Fiene,van der Smeede,mangelyasmin@example.org,+31(0)687-491347,Male,1990-05-16,De Meern,Netherlands,2023-11-28,Bronze,No
C001248,Norah,Schuurmans,van-enschotjolijn@example.com,+31(0)705 338004,Female,1966-03-19,Leons,Netherlands,2026-03-01,Bronze,Yes
C001249,Luca,Zeemans,marinus67@example.org,(0137) 758320,Female,1950-02-05,Randwijk,Germany,2026-02-19,Platinum,Yes
C001250,Pim,Olykan,cvignon@example.net,(0742) 429807,Male,1991-09-06,Best,France,2025-12-28,Platinum,Yes
C001251,Tess,van Salm,sdoorhof@example.com,024 8774058,Female,1981-06-27,Zandvoort,Belgium,2025-06-16,Silver,Yes
C001252,Juliette,Hemma van Allemanië,michaklomp-jan@example.com,0106 603827,Male,2000-12-09,Rhoon,France,2025-05-13,Gold,Yes
C001253,Finn,van Doorn,joellestoffel@example.com,+3195-5276555,Male,1961-05-15,Roswinkel,Netherlands,2023-10-14,Bronze,Yes
C001254,Joost,Heijman,van-wallaertjob@example.net,+31(0)59-9947543,Female,1985-01-27,De Rijp,Netherlands,2024-09-11,Gold,No
C001255,Elisabeth,Huijben,de-langeberend@example.org,(0536) 410781,Female,1983-05-28,Cadier en Keer,Netherlands,2024-10-01,Gold,No
C001256,Lieke,Recers,pvaessen@example.net,+31(0)046-709394,Male,1971-07-06,Hurdegaryp,Netherlands,2024-10-03,Bronze,Yes
C001257,Mehmet,VI,joost82@example.com,0518-148070,Female,1962-08-31,Sommelsdijk,Netherlands,2026-06-13,Silver,No
C001258,Pepijn,Spiker,okamp@example.org,0411-520002,Female,1962-08-31,Nieuw-Balinge,Netherlands,2024-03-27,Platinum,No
C001259,Faye,Hoppenbrouwer,boudewijnsvajen@example.org,+3147-4872249,Female,1965-10-29,Zuna,Germany,2024-02-25,Silver,No
C001260,Valerie,Fremie,noud19@example.org,+31(0)69 8358265,Female,1975-02-22,Rijsenhout,France,2025-05-19,Bronze,No
C001261,Phileine,Geerling,van-luxemburgjanna@example.com,+31(0)85-7467939,Male,1965-12-08,Rotterdam,Belgium,2025-11-13,Silver,Yes
C001262,Anna,van Boulogne,kai81@example.net,(095) 2992184,Female,2006-05-27,Meerstad,Germany,2023-12-12,Gold,No
C001263,Mehmet,van Emmelen,schoutenbibi@example.net,+31(0)38 1990628,Female,2002-02-09,Hengstdijk,Netherlands,2024-11-23,Gold,Yes
C001264,Laura,van der Ven,zde-gruson@example.net,037 1874441,Male,1963-10-14,Sint-Oedenrode,Netherlands,2025-07-27,Gold,No
C001265,Thom,van Berkum,vkuilenburg@example.org,+31(0)106 305953,Male,1964-04-24,Ten Boer,Netherlands,2023-08-16,Bronze,No
C001266,Olaf,van Beek,hamza84@example.net,(0571) 378049,Male,1971-10-12,Breukelen,France,2024-11-06,Silver,Yes
C001267,Naomi,Cant,bramde-gruijl@example.net,(053) 9088560,Male,1948-09-26,Haringhuizen,Germany,2024-02-20,Platinum,Yes
C001268,Dave,Werdes,anne40@example.net,+31(0)63 7531659,Female,1961-05-05,Gieten,Belgium,2024-12-21,Platinum,No
C001269,Joey,Dorsman,smosley@example.net,+31002 531423,Female,1995-09-06,Egmond aan den Hoef,Germany,2025-12-26,Platinum,Yes
C001270,Liza,van der Laarse,mohamed11@example.net,(005) 4553052,Female,2003-12-17,Glane,Belgium,2025-06-23,Gold,No
C001271,Sten,van Wickerode,van-baalenesmee@example.net,(058)-0049073,Male,1994-03-19,Buchten,France,2026-02-04,Bronze,Yes
C001272,Sophia,van Leuven,gspreeuw@example.com,(046)-8586825,Female,1945-09-20,Ryptsjerk,France,2025-06-17,Bronze,Yes
C001273,Yara,Maas,brandtmaja@example.net,(007) 7820319,Female,1997-02-20,Stramproy,Netherlands,2026-05-25,Silver,No
C001274,Joep,Rubben,thijmen29@example.com,(006) 3969130,Female,1973-06-12,Tjalhuizum,Germany,2026-06-08,Bronze,No
C001275,Kyan,van Heusden,bvan-ghoerle@example.org,0310-042137,Female,1974-06-07,Haler,France,2024-06-11,Gold,Yes
C001276,Bas,Hendriks,hendriksenora@example.org,+31(0)622 562551,Male,1981-05-24,Thorn,Germany,2024-03-29,Gold,No
C001277,Esther,Roose,danique35@example.net,+31(0)51-7270764,Female,1963-01-19,Den Horn,Belgium,2024-12-11,Platinum,No
C001278,Lucy,Vallenduuk,jesper39@example.com,+31(0)25-8289981,Male,1975-11-16,Rumpt,Germany,2024-11-26,Bronze,Yes
C001279,Lex,Kof,rismatobias@example.com,0816-483043,Female,1980-09-02,Goor,Germany,2024-10-27,Silver,Yes
C001280,Isis,Blom,gvos@example.net,054-0062274,Female,1972-10-03,Otterlo,Belgium,2025-07-31,Platinum,Yes
C001281,Lex,van der Velden,van-der-laanjulian@example.net,+31(0)421-078172,Female,2005-02-18,Oostkapelle,Netherlands,2026-03-26,Gold,No
C001282,Rosalie,Heerschop,woutshupe@example.org,(015) 8127447,Female,1991-06-01,Hengevelde,Germany,2024-02-20,Gold,No
C001283,Esmée,van Beieren,sofia35@example.com,+31(0)651 882251,Male,1963-10-19,Bovenkarspel,Belgium,2024-04-19,Silver,No
C001284,Rik,Schuylenborch,nwolfswinkel@example.org,(036) 1507865,Female,1977-05-24,Voorthuizen,Belgium,2023-09-06,Silver,No
C001285,Dex,van Noordeloos,van-laonalicia@example.net,(0524) 318465,Female,1961-06-28,Nieuwleusen,Belgium,2023-08-04,Silver,Yes
C001286,Maud,Galenzone,xeelman@example.net,(0158)-434495,Male,1966-08-29,Aalsmeerderbrug,Netherlands,2024-12-19,Bronze,No
C001287,Aylin,van Vlaanderen,owalsteijn@example.org,(0996) 033566,Male,1968-10-25,De Kwakel,France,2024-08-21,Gold,No
C001288,Bilal,Vastenhouw,svan-de-berg@example.net,+3121 2419968,Female,1998-02-17,De Steeg,France,2024-05-18,Silver,No
C001289,Sander,Willemsen,van-de-wielaylin@example.net,(029)-8459956,Male,1986-01-16,Driebruggen,Germany,2026-06-01,Platinum,Yes
C001290,Cornelis,Verboom,quinty06@example.com,062 4478934,Male,2002-04-25,Nieuwolda,France,2025-09-10,Gold,Yes
C001291,Tygo,Arnold,nienkevan-emmelen@example.net,(048)-9484786,Female,1975-11-23,Markenbinnen,France,2025-08-03,Gold,No
C001292,Angelina,van Dam,svan-de-eerenbeemt@example.com,0307 219868,Female,1995-06-29,Dieden,Germany,2025-12-28,Platinum,Yes
C001293,Ninthe,Gerritse,thijsgerritse@example.net,+31(0)81 2174046,Male,1983-03-08,Hoogwoud,Belgium,2025-01-18,Bronze,Yes
C001294,Thijs,Broeders,demi80@example.com,+3166-5499879,Female,1951-02-21,Smilde,France,2026-01-13,Platinum,No
C001295,Lot,Huijs,guusjewilcken@example.net,+3104 9967415,Male,1974-04-12,Hartwerd,Belgium,2023-12-19,Platinum,No
C001296,Adam,Walter,slagmolenkevin@example.org,0612 591951,Female,1989-06-01,Hulsel,Belgium,2026-02-19,Silver,Yes
C001297,Jennifer,Jochems,hagendoornthomas@example.org,(0282)-273900,Male,1963-02-12,Barchem,France,2025-04-19,Gold,Yes
C001298,Meike,van Gastel,renskeflink@example.com,0457-092272,Female,1979-01-31,Annen,Germany,2026-06-09,Platinum,No
C001299,Bjorn,de Grote,van-den-nuwenhijsenceylin@example.org,0115 022238,Male,1968-09-19,Winterswijk,France,2024-02-14,Platinum,Yes
C001300,Hannah,Maaswinkel,wout58@example.net,0501-162520,Female,2000-07-18,De Koog,France,2026-02-03,Bronze,Yes
C001301,Isis,van de Leemput,de-ruiterisabel@example.org,0215-407977,Male,1983-04-20,Zoelen,Belgium,2025-11-08,Platinum,Yes
C001302,Jaylinn,Zijlmans,ospanhaak@example.com,+31387 380270,Male,2001-03-13,Onnen,Belgium,2024-03-14,Gold,Yes
C001303,Merel,Luitgardis van Neustrië,anoukvan-den-bergh@example.com,(079)-2298137,Male,1992-09-19,Leiderdorp,Netherlands,2026-03-11,Bronze,No
C001304,Tygo,de Plantard,wmater@example.org,+3176 1187910,Male,1964-03-17,Creil,France,2024-03-04,Bronze,No
C001305,Joy,van Nus,josephine00@example.org,054 5006224,Female,1945-09-19,Emmer-Compascuum,Belgium,2025-02-14,Silver,No
C001306,Kick,Beekman,hboetet@example.com,+31(0)915-034388,Male,2001-11-25,Sibculo,France,2024-09-29,Bronze,Yes
C001307,Dave,Jerusalem,hmiddelkoop@example.org,(0572) 623192,Female,2004-07-09,Helmond,Germany,2026-05-26,Bronze,No
C001308,Bastiaan,Cornelisz,mike19@example.net,0081 482850,Male,1972-07-23,Kolderwolde,France,2025-07-07,Bronze,No
C001309,Bjorn,Elsemulder,van-de-kooijjaylinn@example.org,+3159-0474953,Male,1969-11-22,Avenhorn,Germany,2024-07-29,Gold,No
C001310,Thijmen,van Maasgouw,wvan-de-weterink@example.net,+31(0)796-982969,Male,1987-10-28,Termunterzijl,Netherlands,2023-08-29,Bronze,Yes
C001311,Iris,van den Berg,joephuurdeman@example.org,0882-212540,Female,1955-12-03,Hurdegaryp,France,2024-08-18,Platinum,Yes
C001312,Tijn,Schrant,lisaoostveen@example.com,+31(0)66-6721368,Male,2003-03-06,Ubbergen,Germany,2024-10-12,Silver,Yes
C001313,Jim,Luitgardis van Neustrië,vajen69@example.com,+31(0)359 024711,Male,1962-06-30,Lijnden,Netherlands,2025-01-14,Gold,No
C001314,Roan,van Laon,cfortuyn@example.org,(0366)-558751,Male,1974-01-20,Neerloon,Germany,2023-08-18,Platinum,No
C001315,Giovanni,van de Weterink,julievan-haspengouw@example.org,+31588-737121,Female,1998-09-13,Bavel AC,France,2025-10-20,Platinum,No
C001316,Joëlle,Versluijs,kleinhugo@example.net,(0436)-308616,Male,1949-10-23,Uitwijk,France,2023-10-14,Silver,Yes
C001317,Tobias,Bresse,van-den-nieuwenhuijsenguus@example.org,046-3998951,Male,1981-07-07,Den Ham,Belgium,2024-08-14,Gold,No
C001318,Johannes,Lansink,van-der-smeedeelias@example.com,+31833 566416,Female,1947-12-30,Minnertsga,France,2025-10-11,Platinum,Yes
C001319,Anouk,Peronne,joey51@example.org,+3184 1435012,Male,1954-07-05,Duizel,Belgium,2025-07-07,Silver,No
C001320,Philip,van Kempen,indy52@example.com,+3150 7402148,Female,1992-01-08,Leek,Belgium,2025-05-02,Bronze,No
C001321,Linde,Briere,ehulskes@example.org,0572 403536,Male,1975-01-17,Huisseling,Netherlands,2024-05-13,Silver,No
C001322,Nikki,Hanegraaff,veralutterveld@example.net,+31(0)57 0503003,Female,1951-11-27,Erichem,Belgium,2025-03-29,Platinum,No
C001323,Tijs,van der Kaay,carnottepuck@example.net,+31(0)646-031254,Male,1981-01-05,Maasvlakte Rotterdam,Belgium,2025-03-16,Platinum,No
C001324,Damian,Jaceps,gstange@example.net,024 0587447,Male,1991-06-15,Grijpskerk,Netherlands,2025-10-19,Platinum,No
C001325,Jenna,Wolters,fwest-francie-van@example.com,043-3248531,Male,1961-01-21,Wijk aan Zee,Germany,2023-11-02,Silver,Yes
C001326,Jolie,Coret-Coredo,janne93@example.org,+3181-8175183,Female,2008-04-22,Ossenisse,France,2026-03-12,Bronze,No
C001327,Bart,Oennen,kolenluke@example.org,(041) 0589163,Male,1975-01-16,Lithoijen,Netherlands,2023-11-13,Platinum,No
C001328,Abel,Rijcken,ekleybrink@example.org,+3195-8520331,Male,1958-09-15,Jonkersvaart,Netherlands,2025-06-11,Silver,No
C001329,Noud,van Mispelen,jenniferbelpere@example.net,+31641 508458,Female,1967-04-06,Beltrum,Germany,2024-09-01,Gold,Yes
C001330,Angelina,Muller,bde-backer@example.com,(085)-9431333,Male,1975-02-12,Badhoevedorp,Belgium,2024-02-24,Platinum,Yes
C001331,Amy,Wutke,karlijnvan-herstal@example.org,0897-458718,Female,1983-08-25,Luttenberg,Belgium,2024-06-05,Silver,No
C001332,Tara,Govarts,van-de-elzasstella@example.org,0939 178436,Female,2003-07-23,Scherpenisse,France,2025-03-23,Silver,Yes
C001333,Angelina,Rehorst,roommohammed@example.net,0740 281181,Male,1965-08-26,Hoornaar,Netherlands,2026-04-11,Gold,Yes
C001334,Wesley,Hoekstra,sannevan-verdun@example.net,(003) 5285337,Female,2000-12-15,Baard,France,2024-08-18,Gold,Yes
C001335,Arie,de Leeuw,elisevan-den-henst@example.net,+31598-463824,Male,2000-08-24,Jellum,France,2026-05-04,Silver,No
C001336,Jonathan,Timmermans,megan58@example.org,(0795)-573851,Female,1954-01-27,Wijster,France,2024-09-13,Gold,Yes
C001337,Elisa,de Bont,ejansse@example.com,+31(0)334-812069,Male,1964-05-22,Thorn,Netherlands,2026-01-08,Bronze,No
C001338,Lucas,Boer,oscararens@example.com,+3127 4134276,Male,2001-05-17,Baexem,France,2026-02-27,Bronze,Yes
C001339,Sebastiaan,Verbeek,bramweeldenburg@example.net,+31276 981505,Female,2007-04-23,Zuidlaren,Netherlands,2024-06-07,Silver,Yes
C001340,Yasmin,van der Heyden,yarade-bock@example.org,(0867)-168411,Female,1956-05-12,Opheusden,Belgium,2026-07-30,Platinum,No
C001341,Silke,Kof,yara29@example.org,+31(0)794-991232,Male,1959-12-27,Steendam,France,2024-04-28,Silver,No
C001342,Kai,van de Berg,kian88@example.org,+31(0)67 0409815,Male,1998-08-22,Oosterwijk,Belgium,2025-04-15,Silver,No
C001343,Fleur,van Dam,pimaelftrud-van-wessex@example.org,+31792 171484,Female,1990-05-19,Geleen,Netherlands,2026-04-20,Platinum,Yes
C001344,Simon,Dirven,van-der-lindenjasper@example.net,+31566 501689,Male,1950-02-07,Ten Boer,Belgium,2024-03-11,Bronze,Yes
C001345,Simon,van de Elzas,marijn57@example.net,033-9993449,Male,1980-03-09,Oranjewoud,Netherlands,2024-01-03,Platinum,No
C001346,Jens,Nedermeijer,dsmeets@example.org,0342 178075,Female,1995-10-18,Hagestein,Germany,2024-08-08,Bronze,No
C001347,Berat,Hulst,ella57@example.net,(0158) 292589,Female,1982-01-10,Houtigehage,Germany,2025-05-27,Bronze,Yes
C001348,Nora,van Klaarwater,sde-bruijn@example.org,+31675 544844,Male,1951-02-03,Skingen,Belgium,2024-12-07,Gold,No
C001349,Juliette,van Hoevel en van Zwindrecht,loes13@example.com,052 4063516,Male,2007-08-06,Stoutenburg Noord,France,2023-12-03,Bronze,Yes
C001350,Demi,van den Assem,van-geenendaan@example.net,+3108-6974579,Female,1990-09-24,Breukeleveen,Netherlands,2024-04-23,Silver,No
C001351,Philip,Bos,lamberslevi@example.net,084-7135310,Male,1954-12-05,Finsterwolde,France,2024-06-17,Silver,No
C001352,Gerrit,Thout,iris34@example.com,+31(0)83 9706763,Male,1949-09-24,Laren,Belgium,2026-02-12,Bronze,No
C001353,Quinty,Stoffelsz,schoutenjamie@example.com,0467-911316,Female,1979-04-11,Sterksel,Belgium,2024-12-31,Platinum,No
C001354,Beau,Keijser,vvan-velthoven@example.com,0403 201600,Male,1946-05-08,Oude-Tonge,France,2026-04-27,Gold,No
C001355,Hidde,van Wijland,egalenzone@example.org,(0201) 921689,Female,1962-01-30,Gasselte,Netherlands,2024-03-20,Platinum,Yes
C001356,Leah,Strijker,floortjevan-hemert@example.net,0014-709669,Female,1992-09-08,Bronneger,Netherlands,2026-06-03,Platinum,No
C001357,Kyan,Gellemeyer,chevressonevy@example.org,+31(0)068 719687,Female,2007-04-10,Schoonhoven,Netherlands,2025-02-04,Platinum,Yes
C001358,Sjoerd,Kof,llensen@example.org,+3100-4200711,Male,1975-12-04,Burgwerd,France,2025-03-26,Platinum,No
C001359,Noah,van der Linden,milanvan-schweinfurt@example.net,+31(0)735 647698,Female,1980-01-26,Nieuwerkerk,Netherlands,2025-10-01,Silver,Yes
C001360,Jente,van Dillen,ffriehus@example.com,(011)-8089347,Male,1986-01-05,Zwammerdam,France,2026-05-03,Bronze,No
C001361,Mick,Arnold,evan-egisheim@example.net,+3119 9438539,Female,1951-03-30,Hernen,Belgium,2026-06-08,Platinum,Yes
C001362,Bram,Nijman,agarret@example.com,0691-108456,Female,1976-03-25,Nieuwdorp,Belgium,2025-09-25,Silver,No
C001363,Jesse,Paillet,robinlambers@example.org,+31(0)106-167390,Male,1964-07-16,Loenersloot,Belgium,2025-10-02,Platinum,No
C001364,Olaf,Huijzing,sadriaensdr@example.org,(086)-0345334,Female,2003-03-07,Borssele,Belgium,2026-07-29,Bronze,No
C001365,Vajèn,van Ginneke,ukok@example.org,+31(0)46-1297463,Male,1999-12-20,Holwierde,Belgium,2026-07-29,Silver,Yes
C001366,Sophia,Ehlert,tslagmolen@example.com,(0011)-125325,Female,2003-12-01,Brakel,Germany,2024-01-04,Silver,No
C001367,Jayden,Coreth von und zu Coredo und Starkenberg,peronnelenn@example.org,026-4861752,Male,1967-06-21,Usquert,Belgium,2026-07-30,Bronze,No
C001368,Valerie,Goyaerts van Waderle,lieke78@example.com,+3179 7823495,Female,2004-03-29,Striep,France,2024-04-11,Platinum,Yes
C001369,Kyan,Schagen,valentijn08@example.net,+31(0)750 647720,Male,1987-09-20,Oudebildtzijl,Germany,2024-07-11,Platinum,Yes
C001370,Ashley,Spruit,jayden27@example.org,068-7297935,Female,2002-01-07,Bunnik,Netherlands,2024-07-19,Bronze,No
C001371,Thijmen,Soos,hulshoutsphileine@example.org,0561-467253,Male,1997-09-23,Blaricum,Germany,2023-08-18,Platinum,Yes
C001372,Sterre,Vastenhouw,rzuijdveld@example.org,0924-041759,Male,2004-01-20,Dearsum,Belgium,2023-08-12,Bronze,Yes
C001373,Kaylee,Rousselet,wwestermann@example.org,+3157-8906196,Female,1988-11-30,Noardburgum,Belgium,2024-08-26,Gold,No
C001374,Pleun,van der Heiden,kortmanjinthe@example.org,(0329)-778596,Male,1962-08-19,Koekange,France,2025-05-20,Bronze,Yes
C001375,Elias,Kalman,van-wijlandmerijn@example.com,+31(0)903-020229,Male,1992-12-20,Papendrecht,Belgium,2024-12-02,Platinum,No
C001376,Jan,Mathurin,xschrant@example.com,+31(0)72 9925277,Female,1949-08-31,Zenderen,Netherlands,2025-03-15,Silver,Yes
C001377,Dean,Ligtvoet,briande-wit@example.com,094-9164190,Female,2004-10-20,Beuningen Gld,France,2024-12-14,Bronze,No
C001378,Lisanne,Cadefau,justingroenestein@example.com,+31932 086151,Male,1961-04-27,Bergambacht,Belgium,2026-01-11,Gold,Yes
C001379,Mats,Lieshout,vigovan-breukeleveen@example.net,+31(0)21 1846570,Female,1975-03-04,Andijk,Netherlands,2026-07-08,Platinum,Yes
C001380,Jesse,Huel,xspanhaak@example.net,+3154-6250161,Female,1986-10-21,Everdingen,Netherlands,2024-11-08,Platinum,No
C001381,Ruben,de Graaf,ivy72@example.com,+31(0)59 2218691,Female,1966-12-24,Den Ham,France,2025-04-06,Silver,No
C001382,Maria,van Ginneke,ltirie@example.net,044 5443488,Female,1999-03-11,Warfhuizen,Germany,2023-11-06,Gold,No
C001383,Thijn,Oemencs,schermsmerel@example.com,0300-670541,Male,1995-07-19,Boksum,Belgium,2025-08-19,Bronze,Yes
C001384,Alyssa,van de Wal,zakariabrands@example.org,030 6824416,Male,1995-03-30,Clinge,Belgium,2025-03-01,Gold,Yes
C001385,Ayden,van Amstel,mason83@example.org,+31(0)301 966700,Female,1973-01-22,Geesbrug,Netherlands,2024-03-30,Platinum,No
C001386,Mads,Coret,jaylinnvan-beieren@example.org,(067)-4091083,Female,1954-06-13,Mûnein,Netherlands,2023-11-28,Bronze,No
C001387,Tijmen,van Wassenaar,mustafavan-der-pouw@example.com,(081) 9363184,Female,1980-03-28,De Goorn,Netherlands,2024-01-29,Silver,Yes
C001388,Valerie,Aarden,ojansdr@example.net,+31(0)47 6819007,Male,1987-07-25,Olterterp,Belgium,2023-10-27,Platinum,No
C001389,Ashley,Dachgeldt,kwijland@example.org,(081)-4381951,Male,2005-03-14,Iens,Belgium,2024-08-01,Silver,Yes
C001390,Robin,Cadefau,bastiaan07@example.org,(0539)-296889,Female,1948-05-30,Haps,Germany,2024-06-03,Silver,No
C001391,Bradley,Hoeks,casperbouhuizen@example.org,(059)-5583288,Male,2000-02-18,Hempens,Belgium,2023-10-22,Bronze,No
C001392,Beau,van Mil,evan-drenthe@example.net,+3108 3729886,Female,2002-12-23,Oud Ade,Germany,2026-02-11,Silver,No
C001393,Maxim,Prins,bjorn83@example.org,+31489-541122,Female,1989-12-21,Gendringen,Germany,2024-11-11,Platinum,No
C001394,Yusuf,Wever,bneuteboom@example.com,+3183-2007937,Male,1971-12-30,Krewerd,Netherlands,2026-01-13,Silver,No
C001395,Vince,Huls,hannahvan-duyvenvoorde@example.org,(071)-2587992,Female,1974-02-11,Arcen,France,2025-03-03,Gold,No
C001396,Morris,Schatteleijn,lily45@example.com,050-5267680,Male,1949-12-03,Nieuw-Roden,Netherlands,2025-07-28,Gold,Yes
C001397,Zoey,Kolster,kpratt@example.com,(023) 3119370,Female,1966-12-25,Jisp,France,2024-03-19,Gold,Yes
C001398,Marinus,den Buytelaar,jesse55@example.com,+31(0)572-304375,Male,1945-08-29,Jistrum,Germany,2024-03-10,Silver,Yes
C001399,Siem,Velderman,linde46@example.com,+31(0)968-536863,Female,1958-11-01,Oosteind,Germany,2023-12-22,Silver,No
C001400,Damian,Moensendijk,valeriepeters@example.com,+3128 5504081,Male,1979-12-22,Ellertshaar,France,2026-07-04,Gold,No
C001401,Kyano,Kunen,hidde00@example.net,(041) 7998998,Male,1958-07-12,Jellum,Germany,2026-01-05,Silver,Yes
C001402,Yasmin,Lafleur,muhammedvan-boulogne@example.net,(0499) 502209,Female,1970-10-04,Bakhuizen,France,2026-07-27,Gold,Yes
C001403,Teun,Dekker,jaylinn06@example.org,(0527)-844965,Female,1992-06-21,Amsterdam,France,2024-03-21,Gold,Yes
C001404,Noud,Becht,melissa36@example.org,040 9145695,Male,1967-08-26,Oud Annerveen,Belgium,2023-08-05,Platinum,Yes
C001405,Lise,Vermeulen,xvan-arnsberg@example.org,+3146 7059092,Male,1982-06-23,Basse,Germany,2025-11-22,Gold,Yes
C001406,Gijs,Wigman,yhuls@example.net,+3136 5807672,Female,1945-08-25,Harmelen,France,2024-09-02,Bronze,Yes
C001407,Alyssa,Claesdr,wilsonnoah@example.com,(026)-1429288,Male,1982-01-11,De Falom,France,2023-09-23,Platinum,Yes
C001408,Luc,van de Velde,chrisvan-baalen@example.org,0308-417540,Male,1991-03-13,Ruigahuizen,Netherlands,2023-10-05,Silver,No
C001409,Amelia,Doyle,yassin45@example.com,044-5706056,Female,1995-05-10,Lutten,Netherlands,2025-09-16,Silver,Yes
C001410,Catharina,Lambregt,vinksylvie@example.org,+31(0)973-727031,Female,1957-09-26,Melissant,Netherlands,2024-03-24,Silver,No
C001411,Mike,van de Veen,davidscharroo@example.com,0793-835305,Female,1954-04-14,Vegelinsoord,Germany,2024-10-14,Silver,No
C001412,Lisa,Aeije,lukevan-boulogne@example.com,+3105 2520045,Female,1994-05-11,Westzaan,Germany,2025-07-25,Silver,No
C001413,Fenne,Luitgardis van Neustrië,simon98@example.org,+3146 2421293,Female,1979-03-14,Ellecom,Netherlands,2023-12-18,Bronze,No
C001414,Micha,Aertsz,dcammel@example.org,+3122 0901859,Male,1969-04-14,Minnertsga,Germany,2023-08-21,Bronze,No
C001415,Rosa,Berendse,ebrisee@example.com,+31(0)99 7780968,Female,1963-06-16,Doeveren,Netherlands,2024-10-08,Gold,Yes
C001416,Lena,Lansink,mohammed41@example.com,(0168) 692810,Male,1970-08-06,Vinkega,France,2023-10-11,Bronze,No
C001417,Tessa,Meyer,van-haeftenjayson@example.org,0958 125454,Male,1990-11-05,Bocholtz,Germany,2025-01-20,Platinum,No
C001418,Loïs,Matthews,boodenjasmijn@example.org,082 7442717,Male,1971-09-15,Vriezenveen,Belgium,2024-05-29,Platinum,No
C001419,Twan,Rijks,veldermanluc@example.net,+31(0)59-2532312,Female,1946-08-05,Lage Zwaluwe,France,2023-12-18,Gold,Yes
C001420,Ninthe,Eckhardt,xtins@example.org,+31(0)76-0356917,Male,1988-05-27,Elshout,France,2026-05-17,Silver,No
C001421,Hendrik,Nek,wvan-loon@example.com,+31867 423498,Male,1988-01-30,Weerselo,France,2023-11-08,Platinum,Yes
C001422,Mathijs,Ghoerle,merel08@example.org,+31994-968218,Female,1968-01-25,Darp,Netherlands,2023-08-23,Silver,No
C001423,Janne,van Bentheim,oscar92@example.net,+31(0)703-130846,Female,1979-11-02,Susteren,Netherlands,2025-09-21,Platinum,No
C001424,Owen,Merckx,femkruns@example.org,(0170) 342702,Male,1966-08-09,Kapellebrug,Germany,2024-02-28,Platinum,No
C001425,Tijmen,Breugelensis,wout92@example.net,+31(0)20 4466936,Male,1970-09-27,Valthe,Netherlands,2024-10-27,Silver,No
C001426,Bjorn,van Nimwegen,gde-bruijn@example.net,+31(0)29-1196227,Female,2001-01-29,Houtigehage,Belgium,2026-07-26,Bronze,Yes
C001427,Juliette,van den Henst,kbruynzeels@example.net,+3131 4320276,Female,1989-06-15,Moerkapelle,Netherlands,2026-05-01,Platinum,No
C001428,Merel,Spaan,blewanuskaylee@example.org,0805-407631,Female,1963-01-26,Hoogvliet Rotterdam,Germany,2024-05-04,Platinum,No
C001429,Elena,le Gulcher,merlegnodde@example.net,+31(0)705-187361,Female,1979-07-29,Huijbergen,Netherlands,2024-02-15,Platinum,No
C001430,Chloë,Postma,robin99@example.org,(062) 8221099,Male,1954-03-27,Oud Ootmarsum,Germany,2026-06-21,Gold,Yes
C001431,Ceylin,Martel,tijs09@example.org,(065)-9525662,Female,1970-08-04,Hummelo,France,2024-12-30,Bronze,No
C001432,Bjorn,Loep,aschmanjoshua@example.com,059-6710443,Male,1998-04-10,Zuurdijk,France,2026-06-01,Bronze,No
C001433,Amin,de Vrome,jerusalemxavi@example.com,+3191 4492568,Male,1980-02-24,Doniaga,Belgium,2024-03-06,Gold,Yes
C001434,Mike,Scharroo,chloebakker@example.com,+31843-903191,Female,1974-11-08,Lewedorp,Germany,2024-01-17,Silver,No
C001435,Giel,Pasman,peterseninthe@example.net,(0823) 952432,Male,1992-08-25,Donkerbroek,Germany,2026-07-31,Platinum,Yes
C001436,Lenn,de Grunt,jolievan-bruchem@example.org,+3110 9263224,Female,1969-05-14,West-Terschelling,Netherlands,2026-05-03,Bronze,No
C001437,Lisanne,van 't Houteveen,renske30@example.com,+31(0)33 6467197,Male,1963-11-30,Moergestel,Netherlands,2026-06-08,Gold,No
C001438,Helena,Ariens Ansems,tessa22@example.org,+3177 7069880,Female,2002-09-18,Hilvarenbeek,Belgium,2026-02-28,Platinum,No
C001439,Jelte,van der Plas,pvan-der-velde@example.com,047-8404593,Male,1965-12-14,Lexmond,Germany,2024-02-18,Bronze,No
C001440,Valentijn,van Rijnsbergen,nlage@example.net,+31(0)58 0442689,Male,1993-06-10,Wijngaarden,France,2025-09-27,Gold,Yes
C001441,Faye,Koster,basvan-kusen@example.com,+31(0)211-283872,Male,1986-08-20,Slootdorp,Germany,2025-05-10,Gold,Yes
C001442,Evy,Scardino,van-metzzara@example.net,+3134-5292175,Male,1974-01-08,Matsloot,Netherlands,2026-07-16,Bronze,No
C001443,Fleur,Sterkman,wbacker@example.org,(0942)-294041,Female,1954-04-17,De Zilk,Netherlands,2024-12-04,Silver,Yes
C001444,Olivia,Bastiaense,floortjevan-kasteelen@example.org,(0430)-668928,Male,1990-10-29,Grevenbicht,France,2024-09-27,Gold,Yes
C001445,Aylin,Soos,alansink@example.net,+3154-2984557,Female,1971-02-26,Benschop,France,2025-09-02,Platinum,No
C001446,Giel,Steenbakkers,van-den-brinkmatthias@example.org,0829 699504,Male,1948-01-18,Giesbeek,France,2025-10-21,Bronze,No
C001447,Berat,Schuylenborch,gvan-dokkum@example.org,0978-160939,Male,1954-01-09,Diepenheim,France,2023-12-25,Gold,Yes
C001448,Bibi,den Teuling,evy02@example.net,090 1844713,Female,1949-05-26,Westerland,Belgium,2024-06-22,Platinum,Yes
C001449,Siem,Vervoort,michellede-vries@example.net,(080) 3300326,Male,1951-08-20,Farmsum,Germany,2024-06-27,Gold,Yes
C001450,Jonathan,Dachgeldt,oemencssuze@example.org,(088) 1286566,Female,1956-09-13,Roodeschool,Netherlands,2024-12-06,Gold,Yes
C001451,Sofie,Schelvis,spruytadriana@example.com,+3134 1094641,Female,1983-05-27,Zetten,Netherlands,2026-03-29,Platinum,Yes
C001452,Niek,van de Velde,prijks@example.com,(0156) 687535,Male,1976-01-05,Wijdewormer,France,2024-01-23,Bronze,No
C001453,Vigo,Sarneel,tess81@example.com,0629 312123,Male,1969-08-01,Oudorp,France,2024-06-29,Platinum,No
C001454,Finn,Soos,sophiaverboom@example.org,0605-969674,Female,1993-09-06,Borgercompagnie,Netherlands,2025-01-31,Silver,No
C001455,Bente,van der Horst,indy53@example.com,+31719 226652,Female,1949-07-13,Terwolde,Netherlands,2024-06-24,Platinum,No
C001456,Alyssa,Huurdeman,michaeleckhardt@example.com,+31090-122134,Female,1998-04-03,Indijk,France,2024-02-12,Platinum,Yes
C001457,Zoë,Scholten,tadriaense@example.com,+31645 710013,Female,1958-06-27,Hensbroek,Netherlands,2023-11-25,Bronze,Yes
C001458,Mohammed,van de Berg,noortjehuisman@example.com,+31(0)840 695862,Female,1992-11-16,Nieuwebrug,Netherlands,2024-04-04,Platinum,No
C001459,Casper,Hazenveld,tvan-der-kint@example.net,(005) 0683057,Male,1947-10-16,Brielle,Germany,2024-08-15,Gold,No
C001460,Valerie,van Haspengouw Hesbaye,stef11@example.net,+31(0)22-6643415,Female,1952-07-26,Baarlo,Belgium,2025-05-17,Gold,No
C001461,Mara,van de Ven,evie75@example.net,+31(0)81 7618795,Male,1948-11-27,Schin op Geul,France,2024-03-16,Bronze,No
C001462,Lizz,van Tours,bartwipstrik@example.org,+31(0)49 7533882,Female,1962-10-29,Alphen,Belgium,2023-09-02,Gold,No
C001463,Noah,Speijer,sjoerd56@example.org,(057) 0304100,Male,2006-05-06,Nijeveen,Germany,2025-11-09,Silver,No
C001464,Cas,Briere,angelinalage@example.org,+31727-428407,Male,1969-06-01,Benningbroek,France,2025-01-31,Gold,Yes
C001465,Floortje,Hanegraaff,van-toursjason@example.org,+31(0)686-175369,Male,1993-09-02,Wijk aan Zee,Netherlands,2024-03-02,Gold,No
C001466,Stella,Broeckx,lmolenaar@example.net,050 7408558,Male,1948-04-07,Daarle,Germany,2024-05-02,Gold,No
C001467,Bibi,van Susa,uvan-venrooy@example.org,0255-813625,Male,1991-12-03,Nibbixwoud,France,2025-11-03,Platinum,No
C001468,Adriana,Fortuyn,aimeevan-opper-lotharingen@example.net,0741 572986,Female,1984-08-21,Oosternieland,Belgium,2023-08-29,Silver,Yes
C001469,Elin,Hoekstra,wvertooren@example.com,046-9099225,Male,1986-04-16,Lutjewinkel,Belgium,2023-12-15,Bronze,No
C001470,Adriana,Martel,bradley04@example.org,(0414) 949124,Female,1972-08-07,Snakkerburen,Germany,2023-08-25,Silver,Yes
C001471,Jaylinn,Ariens,olivia07@example.org,+31290 052659,Female,1981-12-07,Stegeren,Belgium,2026-06-05,Platinum,Yes
C001472,Lana,Coenen,aminmerkx@example.org,(0782) 684137,Male,1951-12-23,Nieuw-Buinen,Germany,2024-09-23,Bronze,Yes
C001473,Ibrahim,Schrant,van-den-veldennaud@example.net,+31(0)330-264013,Female,1971-02-21,Rasquert,Belgium,2025-03-06,Gold,Yes
C001474,Lizz,Spiker,spruyttyler@example.net,063-9282798,Female,1948-04-20,Bergen (NH),Germany,2024-01-07,Gold,No
C001475,Mila,van der Wal,van-beeck-beeckmanszeynep@example.net,+31725-110807,Female,1962-04-02,Renesse,Netherlands,2025-07-10,Platinum,No
C001476,Lieke,van Grondelle,liv16@example.com,+31992 511462,Female,1971-08-11,Oirsbeek,Germany,2023-08-28,Silver,No
C001477,Naomi,Backer,lhak@example.org,098-5873751,Male,1962-06-13,Erichem,Belgium,2025-01-23,Silver,No
C001478,Noud,Teunissen,van-bovenhidde@example.org,(098) 6751359,Male,1961-03-31,Klazienaveen,France,2025-02-02,Bronze,Yes
C001479,Raf,Verhagen,xlevesque@example.net,+31(0)527-689145,Male,1967-01-13,Sneek,France,2024-05-02,Gold,Yes
C001480,Luna,Verbeeck,maarten91@example.org,083-1814450,Male,1966-10-14,Sebaldeburen,Netherlands,2023-10-29,Platinum,No
C001481,Johanna,van Munster,abel19@example.com,0473 292021,Female,2001-01-21,Onderdendam,France,2026-07-22,Platinum,No
C001482,Thomas,van Grinsven,nkamper@example.com,(0744)-790804,Female,1983-05-08,Leur,France,2024-12-20,Bronze,Yes
C001483,Jip,Nihoe,aden-teuling@example.com,(090) 1162427,Female,1986-03-01,Baflo,Netherlands,2025-06-07,Gold,Yes
C001484,Sep,van den Nuwenhuijzen,wijlandlevi@example.net,+31531 006007,Female,2002-12-01,Hattemerbroek,France,2024-02-14,Silver,No
C001485,Benjamin,Welf,kvan-waas@example.net,051 5388428,Male,1987-02-27,Drempt,Germany,2024-04-27,Bronze,Yes
C001486,Maud,van den Nieuwenhuijsen,hhofman@example.com,+31057 658162,Female,1985-12-24,Rijnsburg,Netherlands,2025-03-29,Platinum,Yes
C001487,Niek,Rijcken,sebastiaan29@example.org,(0337) 817655,Male,1989-07-22,Neerloon,Belgium,2026-05-05,Bronze,No
C001488,Mila,van Drenthe,kaylee46@example.org,+31(0)134 729697,Female,1984-08-30,Braamt,Germany,2024-09-18,Bronze,Yes
C001489,Anne,van Breukelveen,amira39@example.org,+31(0)00 5237933,Male,1991-12-08,Grolloo,Germany,2023-11-30,Platinum,Yes
C001490,Carlijn,van den Brink,justin46@example.net,0273-454718,Female,2007-04-22,Mirns,France,2023-09-27,Platinum,No
C001491,Keano,Cammel,recerdani@example.com,+31(0)12-1782402,Female,2004-09-21,Deurningen,Netherlands,2023-08-09,Gold,No
C001492,Ninthe,VI,geertsenkyano@example.net,(0899) 517530,Male,2005-07-07,Oudenbosch,Netherlands,2025-10-03,Silver,Yes
C001493,Sem,van Dillen,svenslagmolen@example.com,(0334) 142230,Female,1961-03-26,Hoornsterzwaag,France,2025-08-31,Silver,No
C001494,Ayoub,Duivenvoorden,knijman@example.com,008 1010084,Male,1981-04-22,Idsegahuizum,Belgium,2024-07-22,Gold,Yes
C001495,Suus,Blom,omathieu@example.com,+3131 4777283,Female,1950-01-19,Rekken,Belgium,2023-10-07,Gold,Yes
C001496,Sara,van der Horst,schagenkevin@example.net,+3133-0522270,Male,1970-12-27,Hoogezand,France,2023-12-20,Gold,Yes
C001497,Muhammed,Frankhuizen,senna77@example.org,+31838-679211,Male,1977-02-24,Westwoud,Netherlands,2025-02-18,Silver,No
C001498,Amélie,Hexspoor,luc58@example.net,(0640) 066578,Male,1989-09-09,Oosterleek,Netherlands,2023-12-03,Gold,No
C001499,Lindsey,Muller,zdennenberg@example.net,065-2015749,Male,2001-02-06,De Goorn,Germany,2025-04-16,Silver,Yes
C001500,Sara,Sire,norahjacobi@example.net,005-4903363,Male,2000-08-01,Schinnen,Netherlands,2025-08-07,Gold,Yes
C001501,Kevin,van de Veen,amina89@example.com,0066 948553,Female,1956-12-18,Schildwolde,Belgium,2024-12-08,Bronze,Yes
C001502,Fay,Otto,thijn94@example.org,(024)-3254198,Male,1948-03-08,Achtmaal,Belgium,2024-06-01,Platinum,Yes
C001503,Cato,Hoes,rvan-leeuwen@example.com,+31(0)97 0887288,Male,2001-09-22,Brielle,Belgium,2025-03-13,Silver,Yes
C001504,Sam,Kolen,dijkmanevie@example.net,+31(0)82-0511234,Male,1994-06-17,Molkwerum,Netherlands,2025-08-10,Gold,No
C001505,Saar,de Koning,ide-bruijn@example.org,+31(0)607 475230,Male,1965-05-05,Staphorst,Belgium,2025-01-27,Silver,No
C001506,Sami,van Kuijc,tvan-wijk@example.org,(0264)-078918,Male,1958-02-19,Opperdoes,Belgium,2024-03-24,Platinum,No
C001507,Janne,Kosten,maartje61@example.net,+31(0)196-965769,Male,1997-12-10,Vessem,Belgium,2024-05-05,Gold,No
C001508,Fedde,van der Linden,chermans@example.net,+31(0)403-017201,Female,1946-08-07,De Pol,Netherlands,2025-02-02,Platinum,Yes
C001509,Chloë,Verheij,laurenverboom@example.net,0126-809754,Male,1953-05-29,Lemele,France,2025-08-11,Gold,Yes
C001510,Saar,Berends,gvan-waas@example.org,(023)-1624936,Female,1986-08-19,Nieuw-Roden,France,2023-09-27,Gold,No
C001511,Bradley,Kosten,kay09@example.net,(0728)-138853,Male,1970-02-12,Valburg,France,2026-07-13,Platinum,No
C001512,Dina,van Oirschot,timmermancasper@example.net,+31(0)405 771931,Female,1989-08-02,Winterswijk Ratum,Netherlands,2025-09-22,Bronze,No
C001513,Esmée,van de Leemput,bryan03@example.net,+3132-3908026,Female,1991-06-26,Broek op Langedijk,Belgium,2024-04-23,Gold,Yes
C001514,Finn,Cant,noor23@example.net,(0007) 633078,Male,1956-12-05,Meliskerke,France,2025-09-07,Gold,No
C001515,Jordy,van Oirschot,de-bruijnbo@example.com,085 7859359,Male,1954-05-26,Beek en Donk,Germany,2025-01-25,Gold,Yes
C001516,Joëlle,Everde,qjansen@example.org,081-2891838,Female,1946-05-01,Esch,Germany,2024-10-25,Bronze,Yes
C001517,Colin,van der Velden,sroom@example.net,(097) 9591796,Female,1989-03-12,Meeuwen,Belgium,2024-12-07,Gold,No
C001518,Beau,Wendt,bart02@example.com,0940-754884,Male,1947-02-15,Baarland,Germany,2025-06-05,Platinum,No
C001519,Cornelia,van Kasteelen,hendricksisabella@example.net,+31(0)474-164723,Female,1980-07-28,Huis ter Heide,Germany,2025-11-02,Silver,No
C001520,Dina,de Jong,ouwelize@example.org,(079) 8605514,Male,1979-08-09,Nunhem,Belgium,2025-08-25,Gold,No
C001521,Nina,Pastoors,floris05@example.net,(002) 5540910,Male,1962-03-08,Sint Geertruid,France,2024-02-28,Bronze,No
C001522,Daniël,Oversteeg,adriaansenivy@example.net,+31433-317619,Female,1995-06-21,Vessem,Belgium,2024-01-28,Silver,No
C001523,Yassin,Ramaker,quinty80@example.org,012-1008404,Female,1998-04-08,Beneden-Leeuwen,France,2025-03-11,Gold,No
C001524,Stella,de Groot,bibihelmerhorst@example.net,(031)-5589894,Male,1960-03-16,Arnemuiden,Netherlands,2025-09-19,Silver,No
C001525,Tirza,Luitgardis van Neustrië,kayleigh57@example.org,052-3297484,Female,1989-06-18,Kuitaart,France,2023-11-12,Platinum,No
C001526,Naud,Dirksen,juliarademaker@example.net,0906-224686,Female,1977-04-04,Krimpen aan de Lek,France,2025-02-20,Bronze,No
C001527,Helena,Elbertse,dde-gratie@example.org,(0981) 947030,Female,1967-12-18,Woudbloem,France,2025-04-13,Silver,No
C001528,Arthur,Hoelen,matthiasde-graaf@example.com,(0371) 176827,Female,1949-10-08,Schoonoord,France,2025-05-07,Silver,Yes
C001529,Tess,van Kasteelen,quinten81@example.org,+31505-609706,Female,1970-05-08,Rasquert,France,2023-12-14,Platinum,No
C001530,Esther,van der Mast,fadryaens@example.org,+31(0)16-9739722,Female,1999-02-09,Ossendrecht,Netherlands,2023-12-28,Gold,Yes
C001531,Quinty,Friehus,xvan-de-klashorst@example.com,(031)-9485699,Female,1980-05-17,Buitenkaag,Belgium,2026-02-05,Silver,No
C001532,Stella,de Vos,ibrouwer@example.org,0273-931891,Male,2003-06-10,Westeremden,Belgium,2024-09-18,Platinum,Yes
C001533,Stijn,Jansen,van-munsteradriana@example.net,(0203) 159944,Female,2007-11-10,Berg en Dal,France,2025-12-22,Gold,No
C001534,Arthur,Bakker,roos61@example.org,+31358-405366,Male,1979-01-30,Gaast,France,2025-10-26,Gold,Yes
C001535,Lotte,van Loon,senna82@example.net,+31847-777628,Female,1994-04-16,Silvolde,Belgium,2025-01-05,Gold,No
C001536,Mehmet,van Duivenvoorde,isabelvan-loon@example.net,+31(0)109-502995,Male,1997-10-30,Doeveren,Germany,2025-04-02,Bronze,No
C001537,Luuk,Levesque,le-flochsamuel@example.com,017 8889698,Female,1964-09-12,Nuis,France,2024-07-17,Platinum,No
C001538,Tijs,Billung,milabecht@example.org,(0303)-884426,Female,1986-12-10,Eelde,Belgium,2024-05-04,Platinum,Yes
C001539,Mehmet,de Smit,gvan-stralen@example.net,(054) 1614069,Male,1980-04-01,Hoog-Keppel,Germany,2024-12-06,Platinum,Yes
C001540,Sami,Hulskes,lottejansdr@example.net,+31(0)61-9726932,Female,1993-07-22,Warfhuizen,Belgium,2025-11-21,Gold,Yes
C001541,Fatima,Martens,mosleylot@example.net,+3143 0251598,Female,1946-01-07,Spijk,Germany,2024-06-20,Silver,No
C001542,Rafael,de Keijzer,noortjevan-dokkum@example.com,068-9791000,Female,1954-02-15,Maasbommel,Belgium,2026-07-21,Silver,Yes
C001543,Thijmen,Potters,dekkeresila@example.net,+31(0)009-335584,Male,1956-01-17,Marwijksoord,Germany,2025-01-23,Platinum,No
C001544,Alicia,Houdijk,uappelman@example.com,+31709 523820,Male,1993-06-16,Wieringerwerf,France,2025-05-02,Platinum,Yes
C001545,Niels,Bruggeman,van-doorenilse@example.org,0635-110418,Male,1975-10-23,Alphen aan den Rijn,Belgium,2024-05-15,Silver,No
C001546,Siem,Huel,mansveldlena@example.com,+31(0)532-876718,Male,1965-10-06,Harmelen,Belgium,2023-10-05,Gold,No
C001547,Nina,Poncelet,ndraaisma@example.net,+31(0)37-9622929,Male,1973-12-04,Bitgummole,Belgium,2024-11-01,Silver,Yes
C001548,Tirza,Totwiller,aya46@example.com,(003) 1682950,Female,1959-09-04,Hoogezand,Netherlands,2024-07-24,Gold,No
C001549,Kim,Welf,mustafasterkman@example.com,031 5947795,Male,1990-12-02,Garsthuizen,France,2025-03-28,Gold,No
C001550,Bastiaan,Geldens,nynkemallien@example.org,(0566)-838035,Female,2002-06-17,Herveld,France,2025-07-11,Silver,Yes
C001551,Isabelle,Muller,mustafablees@example.org,+31(0)24-6392046,Female,1991-10-05,Reeuwijk,France,2024-09-04,Gold,No
C001552,Fiene,van der Heiden,rooslorreijn@example.com,+3196-1268965,Female,1957-12-04,'s-Heerenhoek,France,2024-08-04,Silver,No
C001553,Tygo,de Smit,tuithofrobin@example.com,+3134 8036648,Female,1967-11-21,Koudekerke,Germany,2025-11-15,Silver,Yes
C001554,Ise,Goderts,ayden29@example.net,+3177 6822465,Male,1971-01-05,Aalten,Netherlands,2024-06-26,Platinum,Yes
C001555,Lucas,Evers,gvan-den-nieuwenhuijsen@example.com,+31(0)94-1713962,Female,1990-12-25,Groessen,France,2026-07-31,Silver,Yes
C001556,Vincent,Smit,spruitadriana@example.com,069-1272540,Female,1986-07-05,Bruchem,Netherlands,2023-12-03,Gold,No
C001557,Oscar,Loep,lvial@example.net,+31819-797591,Female,1974-09-03,Westerwijtwerd,Netherlands,2024-04-10,Silver,No
C001558,Benthe,Weylant,maaikevan-der-zijl@example.org,0136 695597,Male,1956-04-05,St.-Jacobiparochie,France,2023-12-28,Bronze,No
C001559,Joris,van Noordeloos,ogodfrey-van-alemannie@example.net,032-0569667,Male,2007-11-15,Zetten,France,2024-01-28,Platinum,Yes
C001560,Pepijn,de Bruin,juleslankle@example.org,(003)-8536322,Female,1992-03-10,Bavel,Germany,2026-01-09,Gold,No
C001561,Thomas,Mijsberg,danique16@example.org,099-0051020,Male,1955-07-16,Hurwenen,Germany,2026-04-24,Gold,No
C001562,Ninthe,Dekker,sam40@example.com,(0583) 682412,Female,1975-04-22,Sint-Maartensdijk,Netherlands,2023-12-27,Gold,No
C001563,Eline,Oda,emirsas@example.org,0637 154346,Male,2005-04-18,Klazienaveen-Noord,France,2024-08-16,Silver,Yes
C001564,Lot,Nijman,van-nusnorah@example.org,0147-729366,Male,1969-06-21,Winterswijk Corle,Germany,2025-05-22,Gold,No
C001565,Timo,Massa,pienjonkman@example.net,0055 346716,Female,1998-09-08,Twijzel,Belgium,2026-02-01,Bronze,No
C001566,Laurens,van Suinvorde,de-boernynke@example.org,(018)-6013215,Male,1948-12-15,Drimmelen,Belgium,2026-06-09,Silver,No
C001567,Nikki,van 't Wel,symonsmirte@example.net,+3188-7358625,Male,1976-01-27,Tull en 't Waal,Netherlands,2024-08-19,Gold,Yes
C001568,Annabel,Scheffers,dylanode-groot@example.net,(061)-8430407,Male,1998-05-04,Ottoland,France,2026-04-06,Silver,No
C001569,Samuel,Ghoerle,daniwolfsdr@example.org,+31976 752457,Male,1954-07-21,Geesteren,Belgium,2025-12-08,Bronze,Yes
C001570,Roos,Scheer,riddermaxim@example.com,(020)-4545736,Female,1950-06-14,Horssen,Germany,2023-10-24,Gold,No
C001571,Jaylinn,Postma,marinusscholten@example.org,+31(0)915-201028,Male,1968-07-14,Moddergat,Germany,2026-06-16,Gold,Yes
C001572,Mika,van Luinenburg,youssef94@example.net,+31(0)920-224334,Female,2004-05-01,Megen,Netherlands,2025-02-16,Silver,Yes
C001573,Elin,le Gulcher,jensmeyer@example.net,005 1597429,Male,1949-06-11,Lopik,Netherlands,2025-12-30,Gold,No
C001574,Nisa,van der Pluijm,gperrono@example.org,(0768) 153166,Female,1947-03-03,Skingen,Netherlands,2026-03-04,Bronze,Yes
C001575,Joshua,Feenstra,ischroeff@example.org,(049) 5907994,Female,1986-04-26,Heibloem,France,2024-09-22,Platinum,No
C001576,Fatima,Vos,danielhulskes@example.net,(0446)-508808,Female,1992-08-27,De Heen,Netherlands,2024-09-26,Gold,Yes
C001577,Noor,Galijn,vvan-den-oever@example.org,+3189 7430382,Male,1991-11-18,St.-Jacobiparochie,France,2026-05-06,Gold,Yes
C001578,Silke,Otto,naomibertho@example.org,+31(0)989-762155,Female,1993-09-06,Sauwerd,France,2024-07-06,Platinum,No
C001579,Sterre,van Ginneke,rbrisee@example.net,(004)-0787364,Male,1980-07-24,Rolde,France,2025-01-04,Platinum,Yes
C001580,Senna,Verhoeven,carlijn18@example.net,+3141 2680531,Male,1983-07-06,Kapel Avezaath,Netherlands,2023-10-26,Platinum,Yes
C001581,Adriana,Dries,jden-teuling@example.net,087 3392038,Female,1979-02-08,Homoet,France,2025-02-12,Gold,No
C001582,Ibrahim,van Maasgouw,lvan-breukelveen@example.com,+3178 6985208,Male,1970-03-21,Gaastmeer,France,2023-08-29,Silver,Yes
C001583,Florian,van den Pol,wutkebeau@example.com,(0353)-209900,Female,2007-06-15,Jirnsum,Germany,2025-09-30,Gold,Yes
C001584,Anna,Kirpenstein,yfkede-plantard@example.com,0388-292944,Female,1968-03-14,Lobith,Belgium,2026-02-24,Platinum,No
C001585,Ryan,van Dommelen,laurapasman@example.net,(0791) 801326,Male,1980-08-07,Baarle-Nassau,Netherlands,2025-06-09,Platinum,No
C001586,Jake,de Backer,jinthe70@example.org,+3101-4505164,Female,1956-07-12,Bontebok,Germany,2025-10-25,Platinum,Yes
C001587,Melissa,Middelkoop,nkoster@example.net,+3197 2410062,Male,1965-04-05,Gemert,France,2024-08-10,Silver,Yes
C001588,Thijn,Pratt,van-der-plascolin@example.org,012-8419227,Male,1983-03-26,Erp,France,2023-09-29,Gold,Yes
C001589,Zoë,Kok,ddubois@example.com,(0577)-025086,Female,2007-07-18,'t Loo Oldebroek,Netherlands,2026-03-23,Silver,No
C001590,Amelia,Schakelaar,philip58@example.org,(051)-5216875,Female,1952-04-29,Asten,Netherlands,2025-07-25,Silver,No
C001591,Mila,van Gent,felixspiker@example.net,012 0111733,Male,1946-12-04,Wapse,Germany,2024-12-07,Gold,No
C001592,Mart,Lensen,hexspoorjoshua@example.org,+31664-018401,Female,2005-04-01,Maarheeze,Germany,2023-11-13,Bronze,Yes
C001593,Saar,van der Velde,dina05@example.org,+31887 398871,Male,1994-04-29,Nieuwersluis,Belgium,2026-01-23,Silver,No
C001594,Jet,van Engeland,rosa55@example.com,0621-053676,Female,1954-02-02,Assen,Netherlands,2026-06-14,Gold,Yes
C001595,Julie,van Hamaland,elisezijlmans@example.com,(002) 8388425,Female,2005-10-09,Gouderak,Germany,2026-03-22,Bronze,No
C001596,Wouter,de Gruijter,bjorn38@example.net,+31(0)48-2723492,Male,1952-01-30,Lettele,France,2025-09-22,Platinum,Yes
C001597,Hidde,de Pauw,jordy07@example.net,051 9600539,Male,1994-11-11,Hensbroek,Belgium,2025-01-02,Silver,Yes
C001598,Bibi,Claesdr,kianvan-wallaert@example.org,+31(0)89 6938547,Male,2007-09-09,Itens,France,2025-10-27,Platinum,No
C001599,Sam,Marceron,ivan-der-smeede@example.net,+31(0)622-895748,Female,1984-06-23,Retranchement,Netherlands,2023-12-29,Gold,No
C001600,Inaya,Perrono,de-roosevelien@example.org,(0486)-524287,Female,1961-02-23,Stuifzand,France,2024-03-04,Bronze,Yes
C001601,Marit,Verheij,pslagmolen@example.com,(076)-4005722,Female,1997-09-27,Loosdrecht,France,2024-04-22,Platinum,Yes
C001602,Sterre,van Berkum,bo80@example.com,(041) 5191329,Male,2002-11-01,Soest,Netherlands,2026-06-16,Platinum,Yes
C001603,Kyan,Thomas,sennade-gruijl@example.net,0168 821826,Female,1951-04-03,Epen,Belgium,2025-11-27,Gold,Yes
C001604,Sander,Mansveld,uboddaugh@example.org,+31(0)120 188805,Male,1981-05-14,Rien,Germany,2023-08-04,Platinum,Yes
C001605,Mees,Jonkman,danielvan-de-weterink@example.com,+31(0)623 948656,Female,1980-08-30,Vleuten,Belgium,2025-11-30,Platinum,No
C001606,Quinn,Meis,julie84@example.com,+31(0)71-1069950,Male,1951-06-01,Gasteren,Netherlands,2023-09-25,Platinum,Yes
C001607,Feline,Haneberg,avan-emmelen@example.com,(071) 1959607,Male,1973-03-01,Earnewâld,France,2026-03-15,Gold,Yes
C001608,Evie,Arent,johannavan-t-erve@example.org,+31(0)62-3630810,Male,1990-03-10,Zaltbommel,Netherlands,2024-01-27,Bronze,Yes
C001609,Sam,van Velthoven,nadinescherms@example.net,+31(0)93 9992757,Male,1976-04-26,Zwanenburg,Netherlands,2025-08-18,Platinum,No
C001610,Noah,van Kuijc,nvan-gemert@example.net,(049)-2524596,Male,1960-03-06,Meerstad,Belgium,2025-09-19,Bronze,Yes
C001611,Mike,le Guellec,stef75@example.com,+31(0)67 5104428,Male,1982-06-02,Vinkenbuurt,Netherlands,2026-01-06,Platinum,Yes
C001612,Julius,Doesburg,aaron77@example.net,+3129 0885820,Male,1953-04-17,Leunen,Netherlands,2024-05-01,Bronze,Yes
C001613,Tijs,Weylant,uhoekstra@example.org,+3155-6366941,Female,1982-11-02,Sint-Oedenrode,Germany,2024-09-17,Gold,No
C001614,Jill,Lether,lynnmolegraaf@example.org,+31(0)25-0866559,Female,1970-07-26,Maastricht-Airport,Netherlands,2024-12-24,Silver,Yes
C001615,Colin,van der Leek,dirkshupe@example.org,(054)-5363053,Male,2001-08-20,Waskemeer,Germany,2024-10-15,Silver,Yes
C001616,Elin,Marchand,rvan-ham@example.net,+31(0)814-900993,Male,2007-10-28,Sint Geertruid,Germany,2025-07-02,Gold,Yes
C001617,Jens,Nijman,jacquotjake@example.com,+31067-038753,Female,1982-10-04,Hieslum,Belgium,2024-02-12,Silver,No
C001618,Joep,de Vos,vtakkelenburg@example.com,(0182) 173624,Female,1949-10-24,Bingelrade,Germany,2025-02-21,Platinum,Yes
C001619,Daniël,le Luc,mvan-liendert@example.com,+3110 1975127,Male,2002-09-14,Epe,France,2024-01-06,Bronze,Yes
C001620,Josephine,Persijn,ujonker@example.net,0577-099103,Male,1964-05-25,Leuth,France,2026-02-28,Platinum,No
C001621,Julian,Eijkelboom,yasmine88@example.org,+31(0)749 306913,Male,2008-06-23,Eagum,Belgium,2024-10-24,Platinum,No
C001622,Sebastiaan,Wouters van Eijndhoven,charlottevan-bunschoten@example.org,+31(0)067-752559,Female,1993-01-18,Koedijk,Belgium,2025-11-13,Platinum,No
C001623,Laurens,Bouthoorn,jim60@example.com,+3189-2361700,Male,1972-06-11,Wellerlooi,Germany,2025-05-24,Silver,Yes
C001624,Rick,Spies,tillmannobente@example.net,+31(0)812-604815,Male,1962-03-21,Drimmelen,Belgium,2024-10-22,Bronze,No
C001625,Tijs,Ridder,van-ginkeladam@example.com,0996 179641,Male,1992-07-20,Mookhoek,Germany,2025-08-16,Bronze,Yes
C001626,Niek,Berends,isabelle89@example.com,+31(0)843-345370,Female,1949-11-10,Driehuis NH,France,2025-04-16,Silver,Yes
C001627,Isabel,van Oirschot,sepridder@example.org,0002 943034,Male,1964-01-21,Ospel,Germany,2025-11-20,Bronze,No
C001628,Veerle,van Bovene,lotcornelissen@example.com,+3158-3052956,Male,1947-09-12,Mildam,Germany,2026-03-24,Gold,No
C001629,Duuk,van den Assem,phileinevan-de-weterink@example.com,+31(0)508-975025,Female,1977-12-25,Vrouwenparochie,Netherlands,2026-05-06,Gold,Yes
C001630,Faye,Vervoort,ztimmermans@example.org,073 2100230,Female,1960-05-10,Skingen,France,2023-12-14,Platinum,No
C001631,Jason,van Nederlotharingen,tkronenberg@example.org,+31(0)913 976628,Female,2005-10-28,Westerlee,France,2025-12-25,Platinum,Yes
C001632,Roos,van Northeim,vhaack@example.net,015-8885383,Female,1989-06-02,Raalte,Belgium,2025-04-15,Silver,Yes
C001633,Carlijn,Nieuwstraten,horrocksbenthe@example.net,0696-076866,Female,1975-09-01,Waalwijk,Netherlands,2024-08-10,Gold,Yes
C001634,Nova,Martens,jcorstiaens@example.org,081 2973464,Male,1958-01-17,Guttecoven,France,2024-03-11,Gold,Yes
C001635,Emily,Jdotte,van-der-plasanna@example.net,048 5975781,Female,1957-03-04,Ravenstein,France,2025-08-02,Bronze,No
C001636,Maartje,Reijers,jacquotmirthe@example.com,(010)-0526485,Female,1967-12-08,Zalk,Belgium,2024-07-07,Gold,No
C001637,Nova,de Marduras,vissermaryam@example.net,+31611 497991,Male,2008-02-02,Uithoorn,Germany,2025-08-03,Gold,No
C001638,Sanne,Hendriks,huijsjulia@example.org,0330 352589,Male,1967-08-22,Riethoven,Germany,2025-11-24,Silver,No
C001639,Senna,Jeggij,miadie-bont@example.org,+3191 7442589,Male,1953-08-27,Grave,Netherlands,2024-07-30,Bronze,Yes
C001640,Johanna,Mol,jetbrese@example.net,032-8614460,Female,1962-08-03,Krimpen aan den IJssel,Belgium,2024-09-20,Gold,Yes
C001641,Sienna,Verwoert,vera64@example.com,(098) 8987827,Male,1989-05-04,Tijnje,Netherlands,2025-09-16,Platinum,No
C001642,Keano,Pastoors,naomi38@example.com,(0793)-777715,Female,1980-07-26,Aalsum,France,2024-11-20,Platinum,Yes
C001643,Jip,Slingerland,gkoster@example.org,(009) 7057684,Male,1955-07-27,Deurze,Germany,2023-10-15,Bronze,Yes
C001644,Elisa,Cammel,pvan-santen@example.net,+31(0)74 6733246,Male,1989-06-01,Breukeleveen,Netherlands,2024-04-29,Silver,Yes
C001645,Elisa,Bekbergen,fvan-luyssel@example.net,+3105-4191336,Male,1991-07-11,De Cocksdorp,Netherlands,2023-08-28,Platinum,Yes
C001646,Philip,Zijlemans,dvan-daal@example.org,+31(0)78 3068929,Male,1948-02-04,Drunen,France,2026-06-06,Platinum,Yes
C001647,Bente,van Zwaben,evan-den-heuvel@example.net,0907-775198,Female,1991-11-30,Nieuw Heeten,France,2026-06-22,Bronze,No
C001648,Hannah,van den Nuwenhuijzen,owen17@example.net,+31(0)198 551522,Male,1961-06-23,Musselkanaal,Netherlands,2026-01-19,Silver,Yes
C001649,Quinten,van Oudewater,aminrisma@example.org,088-6127268,Male,1980-06-28,Woudrichem,Germany,2025-05-18,Silver,No
C001650,Ivy,Greij,van-praaghelif@example.com,+3187 4528713,Male,2001-01-02,Bitgum,Germany,2024-07-15,Silver,No
C001651,Fiene,Leene,jack06@example.com,+31(0)563-368856,Male,1959-10-03,Leunen,France,2024-10-05,Bronze,No
C001652,Johanna,Everts,akeltenie@example.com,086 2368628,Male,1982-08-11,Midwolde,Netherlands,2026-04-13,Bronze,Yes
C001653,Mathijs,Woudenberg,ashley49@example.org,+31294-114732,Male,1957-02-05,Nieuwehorne,Germany,2023-08-15,Silver,No
C001654,Sofia,de Nijs,jvan-straaten@example.net,+3187 0127993,Female,1964-12-11,Laag Zuthem,Germany,2026-07-21,Silver,Yes
C001655,Muhammed,van Kuijc,florian75@example.org,+31(0)749 421083,Female,1969-06-03,Baneheide,Belgium,2026-01-07,Platinum,Yes
C001656,Lex,van Northeim,ede-kale@example.net,+3177 2338854,Female,1978-02-22,Luyksgestel,Belgium,2024-12-25,Silver,No
C001657,Bradley,Boudewijns,westerburgfeline@example.net,006 9103065,Male,1949-02-27,Andel,Netherlands,2025-11-12,Silver,Yes
C001658,Felix,van de Greef,jacksalet@example.net,+3193 2862388,Male,2006-07-04,Liessel,Netherlands,2025-04-10,Bronze,Yes
C001659,Benjamin,Mol,gbroek@example.com,0270-420253,Female,1956-10-26,Loosbroek,Germany,2025-07-29,Bronze,Yes
C001660,Aya,Koret,jill20@example.com,0433-685323,Female,1965-02-08,Tolkamer,Belgium,2026-07-13,Platinum,No
C001661,Morris,Recers,ipeterse@example.org,(0666) 746444,Female,2002-06-08,Den Andel,Germany,2024-09-13,Bronze,Yes
C001662,Senna,Pasman,ocorstiaens@example.net,(0813)-126466,Female,1951-01-02,Tubbergen,Netherlands,2023-11-27,Gold,Yes
C001663,Kaylee,Keijser,die-bontamina@example.com,+31613-854408,Female,1949-05-26,Liempde,Belgium,2026-03-20,Silver,Yes
C001664,Bram,Jekel,bgenefaas@example.com,+31(0)370 774925,Male,1988-04-08,Bears,Germany,2025-08-10,Platinum,Yes
C001665,Nora,Cornelisz,wildschutkyara@example.org,+31(0)209 504101,Female,1962-02-11,Rinsumageast,France,2026-03-05,Silver,No
C001666,Sil,van 't Erve,van-zwabenfloor@example.org,(030) 3280659,Male,1953-04-22,Willemstad,Belgium,2025-01-11,Bronze,No
C001667,Ise,van Velzen,qvan-gelder@example.org,(0857)-433062,Male,1987-04-18,Kolhorn,Germany,2024-04-28,Silver,Yes
C001668,Sjoerd,Westerbeek,quintenverhoeven@example.net,(019)-6459046,Female,1969-08-06,Delfzijl,France,2024-10-06,Bronze,Yes
C001669,Michael,Brizee,van-der-maeselin@example.org,(0984) 742318,Female,1984-11-11,Nieuwerkerk,Netherlands,2023-11-20,Platinum,No
C001670,Anne,Reimes,tessavan-allemanie@example.com,0776 250882,Male,1967-04-15,Tynaarlo,Netherlands,2023-08-23,Platinum,Yes
C001671,Nova,le Briel,imkevan-de-velde@example.net,+31(0)631 362739,Male,1988-10-27,Sintjohannesga,Netherlands,2026-07-16,Gold,No
C001672,Daan,Bouwhuisen,sil24@example.com,+31(0)21-2117142,Female,2004-05-23,Oterleek,Belgium,2026-02-07,Silver,No
C001673,Dean,Rubben,amylansink@example.net,0811-105677,Female,1991-02-05,Oosterhout,Belgium,2025-10-04,Gold,Yes
C001674,Amber,Huijben,nolleejip@example.org,031 3094180,Male,1947-05-30,Bleiswijk,France,2026-07-06,Bronze,Yes
C001675,Helena,de Lange,maria52@example.com,0932 488904,Female,2003-10-01,Drempt,Netherlands,2024-01-15,Bronze,No
C001676,Fabiënne,Haneberg,jadevan-westfalen@example.org,097-8749449,Female,2007-12-11,Hulsel,France,2024-02-09,Platinum,Yes
C001677,Fien,le Briel,amira71@example.org,+31(0)314-724385,Female,1950-04-02,Maasdam,France,2025-09-13,Bronze,Yes
C001678,Mohammed,Blom,pvan-wijk@example.net,+31(0)45-1546541,Female,1951-11-09,Aalsmeerderbrug,Netherlands,2024-10-27,Platinum,No
C001679,Noa,Jaceps,stellade-bock@example.org,033 6583975,Male,1994-09-23,Egchel,Netherlands,2025-05-21,Bronze,Yes
C001680,Duuk,Ramaker,gheere@example.net,0339-551156,Male,1996-12-31,Heukelom,Netherlands,2024-07-15,Platinum,Yes
C001681,Muhammed,Dachgelt,lbouwhuisen@example.org,+31507-178609,Female,2006-04-27,Zweins,Germany,2026-03-23,Silver,Yes
C001682,Aylin,de Graaf,davejeggij@example.net,0713-304446,Female,1950-07-08,Raamsdonk,Netherlands,2024-09-22,Bronze,Yes
C001683,Puk,Bastiaanse,bramwagenvoort@example.net,078-5415474,Female,1993-03-06,Brucht,France,2026-04-11,Platinum,No
C001684,Elisabeth,de Bont,lottespruyt@example.com,+31(0)371-598848,Male,1988-12-08,Loon,Belgium,2025-12-17,Platinum,Yes
C001685,Nout,Wouters van Eijndhoven,rijnlivia@example.org,(0350) 091548,Female,1967-12-20,Herbaijum,Germany,2026-04-10,Silver,Yes
C001686,Naud,le Floch,tter-waarbeek@example.com,(095) 5041593,Male,2006-11-21,Hooglanderveen,Germany,2025-06-29,Platinum,Yes
C001687,Naomi,van Leeuwen,dvan-ginkel@example.org,0892 900087,Male,1990-09-09,Beverwijk,France,2025-08-26,Bronze,Yes
C001688,Levi,Peronne,mbolkesteijn@example.org,+3112-6191580,Female,1975-08-18,Stroe,Germany,2025-01-14,Gold,No
C001689,Sofie,Hermans,de-bruijnanouk@example.com,+31(0)899 202398,Female,1979-02-14,Dalem,Netherlands,2025-12-15,Silver,No
C001690,Willem,Slingerland,le-grandlara@example.org,066-3786537,Female,1952-06-26,Langweer,Netherlands,2026-07-07,Platinum,Yes
C001691,Sjoerd,van 't Wel,wesley68@example.net,086 1871029,Male,1982-02-11,Radio Kootwijk,France,2025-01-08,Gold,Yes
C001692,Julia,van Laon,faasengels@example.org,+31395 356227,Female,1957-04-21,Zaandam,Germany,2026-02-24,Bronze,No
C001693,Bo,Zijlemans,jansems@example.org,(066)-9935989,Female,1949-01-22,Lutjebroek,Germany,2025-10-21,Silver,No
C001694,Ibrahim,Brandt,maja66@example.com,+31(0)352 309922,Female,1972-11-24,Tripscompagnie,Germany,2026-03-25,Platinum,Yes
C001695,Joey,Roukes,iwillemsen@example.net,(057)-8872164,Female,1990-01-10,Wenum Wiesel,Belgium,2025-06-09,Gold,Yes
C001696,Jayda,van den Berg,tristanmahieu@example.org,(0707) 136971,Female,2004-11-20,Marknesse,France,2025-02-21,Bronze,Yes
C001697,Zoey,der Kijnder,thijnvervoort@example.org,+31(0)26 3621323,Male,1951-10-08,Nieuwaal,Germany,2025-03-03,Gold,Yes
C001698,Rik,Jacobs,teunissenrick@example.net,+31(0)775-263311,Male,1972-06-29,Stampersgat,Netherlands,2026-01-26,Gold,Yes
C001699,Damian,Wendt,jhulst@example.net,0294-333955,Male,1978-08-03,Ulft,Netherlands,2025-10-20,Platinum,Yes
C001700,Dion,Horrocks,xwensen@example.net,0710-563878,Male,1953-04-22,Nieuwe Wetering,Netherlands,2025-07-25,Bronze,Yes
C001701,Saar,Dachgelt,brouwerlevi@example.org,+31(0)840 574052,Female,2007-01-05,Tilburg,Belgium,2025-05-05,Silver,No
C001702,Nora,van Wessex,vroodesteijn@example.net,0351-311727,Female,1964-01-03,Langbroek,Netherlands,2026-02-26,Platinum,Yes
C001703,Kyano,Reimes,iligtvoet@example.org,+31651 932836,Male,1979-12-30,Noorbeek,Netherlands,2026-05-09,Bronze,No
C001704,Laurens,Verboom,nisakrabbe@example.com,(0550) 169476,Male,1959-10-05,Zuidoostbeemster,France,2026-07-02,Gold,No
C001705,Pleun,Keltenie,jeltefrankhuizen@example.com,(0947)-280112,Male,1966-02-24,Dinteloord,Belgium,2026-02-21,Gold,No
C001706,Sil,Kleijse,swolffel@example.net,+31611 585158,Female,1959-01-31,Sterksel,Germany,2025-07-30,Bronze,No
C001707,Yusuf,Hoelen,janssendaan@example.com,+31(0)52-9632050,Male,1949-12-31,Genemuiden,Netherlands,2025-04-05,Gold,Yes
C001708,Maud,Timmermans,feline16@example.net,044-2900266,Male,1992-12-28,Bergschenhoek,Germany,2024-10-15,Bronze,Yes
C001709,Eliza,Oda,overdijkevi@example.net,018 3035245,Female,1954-04-19,Riel,Germany,2024-07-09,Gold,Yes
C001710,Owen,van Wassenaar,ede-werd@example.com,043 4535118,Female,1951-04-15,Easterein,France,2024-01-01,Gold,No
C001711,Yfke,Risma,laura92@example.net,091-3977104,Female,1973-08-23,Ryptsjerk,Germany,2025-01-28,Platinum,Yes
C001712,Julia,Brandon,igreij@example.net,016 6438184,Male,1977-09-04,Zuidschermer,Belgium,2026-02-24,Platinum,No
C001713,Zoë,Mansvelt,msteenbeek@example.com,(0965) 685415,Male,1973-07-04,Urmond,Netherlands,2024-04-13,Platinum,Yes
C001714,Jens,Stoffelsz,bgellemeyer@example.com,+3134 2788981,Male,1962-05-08,Gendt,Belgium,2025-01-16,Bronze,Yes
C001715,Isa,Bijlsma,dirk21@example.com,0820-669388,Female,1953-09-17,Biddinghuizen,France,2025-06-10,Bronze,No
C001716,Floor,Galijn,davidde-plantard@example.com,+31(0)21-0001605,Male,2007-01-23,Westernieland,Netherlands,2025-06-07,Platinum,Yes
C001717,Emma,van Boulogne,nienkevan-t-wel@example.net,(032) 4397630,Male,1960-06-27,Zwanenburg,France,2025-09-03,Platinum,No
C001718,Sanne,Stichter,tammerijnquinten@example.com,(037) 2108933,Male,1981-04-27,Meerssen,Belgium,2025-09-16,Silver,Yes
C001719,Boaz,Bud,roosvan-dijk@example.com,+3114 5330929,Male,1955-10-16,Westhoek,Netherlands,2024-01-14,Silver,Yes
C001720,Imke,Engels,amberdekker@example.com,(089)-5210859,Female,1993-10-13,Uden,Belgium,2024-09-12,Platinum,Yes
C001721,Micha,Janssen,youssefvan-oosten@example.com,+31347 611009,Female,1951-10-14,Kuitaart,Netherlands,2025-12-16,Bronze,Yes
C001722,Jorn,Sarneel,jaydadircken@example.net,+31(0)55 9663647,Female,2000-12-11,Schoonebeek,Germany,2023-08-10,Gold,Yes
C001723,Joey,Weerdenburg,jennade-jong@example.net,+31(0)062 095013,Male,1986-11-25,Haskerdijken,Belgium,2024-05-19,Bronze,Yes
C001724,Mehmet,Volcke,sriem@example.com,+31(0)39-0901954,Female,1994-12-05,Horn,Belgium,2025-09-25,Silver,No
C001725,Frederique,Lensen,darens@example.net,+3170 7653994,Female,1958-06-09,Albergen,Germany,2025-03-29,Platinum,No
C001726,Elizabeth,Scharroo,avignon@example.org,079 3293727,Female,1977-06-15,Grootegast,France,2024-04-13,Silver,Yes
C001727,Amelia,Jansen,pimvan-oirschot@example.com,040-8680511,Female,2005-02-01,Veeningen,France,2026-07-30,Silver,No
C001728,Noa,van der Maes,van-der-lindensuze@example.org,+31(0)60 9959834,Male,1988-03-08,De Heen,Netherlands,2025-08-27,Platinum,Yes
C001729,Sam,Stange,amirvan-t-erve@example.org,+31(0)88-7691268,Male,1955-02-10,Paesens,Belgium,2024-12-30,Bronze,Yes
C001730,Emily,Uphaus,isabel48@example.com,003 2661767,Female,1979-09-26,Vessem,Netherlands,2026-05-08,Bronze,Yes
C001731,Youssef,Bouhuizen,benschrant@example.org,+31(0)426 066180,Male,2004-10-31,Visvliet,Belgium,2026-06-12,Bronze,No
C001732,Senna,ter Waarbeek,van-het-heerenveenjules@example.net,+31(0)109-965314,Male,1993-09-01,Sibrandahûs,Netherlands,2024-06-28,Platinum,No
C001733,Naud,Schelvis,vera31@example.net,(048)-0573697,Male,1996-06-14,Buurmalsen,Belgium,2026-02-05,Gold,No
C001734,Zeynep,Merckx,meganroessink@example.com,045 1794373,Male,1955-01-11,Mierlo,Belgium,2024-01-17,Gold,Yes
C001735,Marinus,Bellemans,mathijsverschut@example.com,(0598) 875200,Female,1972-01-07,Hoorn,Netherlands,2024-11-22,Platinum,No
C001736,Emir,van Roijen,wigmanolivia@example.com,+3163-9458102,Female,1985-07-29,Langeweg,Netherlands,2026-04-06,Silver,No
C001737,Valentijn,Fredriks,dinade-groot@example.org,+3178 0488611,Male,1957-06-10,Nederasselt,Belgium,2025-02-20,Gold,No
C001738,Niels,de Vries,bolkesteijnnathan@example.org,+31101 702216,Male,1986-06-06,Lengel,Netherlands,2024-05-01,Silver,Yes
C001739,Noëlle,van der Laan,kbeekman@example.org,(073) 3705005,Male,1986-12-07,Monster,Germany,2023-08-08,Gold,No
C001740,Zoey,Garret,vvan-allemanie@example.org,(0634) 431819,Female,2001-07-20,Hattemerbroek,France,2024-03-27,Silver,No
C001741,Stella,Michiels,uvan-engeland@example.com,+31(0)17-9034278,Female,1995-03-15,Opende,France,2024-05-11,Platinum,Yes
C001742,Milo,Hendrikse,van-saksenmaartje@example.com,0519 367633,Male,1984-09-06,Axel,Netherlands,2024-12-13,Gold,Yes
C001743,Annemijn,van der Ven,livnek@example.com,+31(0)552-628047,Female,1960-01-09,Winkel,Netherlands,2023-12-01,Gold,No
C001744,Linde,Kort,ivan-den-corput@example.com,+31000 218123,Female,1995-07-24,Leerdam,France,2024-06-10,Platinum,Yes
C001745,David,Berends,van-bovenejohannes@example.org,+31(0)872 629801,Male,1953-02-28,Steenenkamer,Germany,2025-04-22,Platinum,No
C001746,Giovanni,Verboom,qde-smit@example.org,(0711)-552703,Male,2005-11-01,Hasselt,Germany,2024-11-07,Platinum,No
C001747,Lieke,Kriens,van-tuijlduuk@example.org,(015)-2504399,Male,1979-09-11,Ingber,Belgium,2023-08-02,Silver,Yes
C001748,Stan,de Roos,hemma-van-allemanieaylin@example.com,+31(0)80-1718277,Female,1963-06-07,Wenum Wiesel,France,2024-10-14,Gold,Yes
C001749,Merel,Huijben,felix06@example.net,+31(0)024-171429,Male,2002-07-09,Wilsum,Germany,2024-12-10,Bronze,No
C001750,Hamza,van Mispelen,elbertsedewi@example.net,+3133-4857450,Male,1966-12-31,Valburg,France,2025-02-23,Silver,No
C001751,Jenna,Bresé,mirtelether@example.com,(0574)-104162,Female,1980-10-13,Kudelstaart,Belgium,2023-08-30,Gold,Yes
C001752,Kyan,de Jager,gellemeyersep@example.net,(0712)-045602,Female,1962-07-10,Nijelamer,France,2025-05-04,Bronze,No
C001753,Stella,Adryaens,lena38@example.net,+31(0)071 764966,Female,1949-06-26,Maastricht,France,2026-01-25,Platinum,Yes
C001754,Benjamin,Peters,tristan24@example.org,009 2924316,Male,1986-02-14,Belt-Schutsloot,France,2024-07-22,Bronze,Yes
C001755,Mare,Hellevoort,jorrisentijs@example.net,0088-025418,Male,1989-12-03,Zwanenburg,France,2023-10-31,Bronze,Yes
C001756,Nikki,Lorreijn,sepp59@example.org,0012-172588,Female,2005-03-16,Beutenaken,Netherlands,2024-02-18,Bronze,Yes
C001757,Jurre,Bronder,yasmine69@example.org,+31(0)397-078212,Female,1967-01-19,Hantumhuizen,Belgium,2026-07-01,Gold,No
C001758,Carlijn,Corstiaens,ufriehus@example.com,(024)-5220616,Male,1972-08-20,Sloten,Belgium,2025-04-29,Silver,No
C001759,Kyara,van Opper-Lotharingen,hulstfinn@example.org,+3138-1342057,Male,1989-07-20,Katwoude,France,2025-09-09,Platinum,No
C001760,Lana,de Koning,cornelia77@example.com,009 7703969,Female,1960-10-30,Westerbork,Germany,2023-12-02,Platinum,No
C001761,Sienna,Steenbakkers,van-leuvenpieter@example.net,+31(0)23-8876987,Male,2003-02-15,Rhenen,Belgium,2026-04-18,Bronze,No
C001762,Siem,Goyaerts van Waderle,lara07@example.org,+3135 8549973,Male,2004-09-08,'t Goy,Netherlands,2023-09-13,Platinum,No
C001763,Sam,Vaessen,merelvan-de-greef@example.org,+31(0)58 1548367,Female,2004-07-27,Schokland,Netherlands,2023-09-18,Bronze,No
C001764,Hendrik,Bruijne van der Veen,levivan-hulten@example.org,025 7288126,Female,1963-12-30,Veghel,Netherlands,2024-08-13,Platinum,No
C001765,Maartje,Kuilenburg,luke75@example.com,035 8308126,Female,1969-07-06,Tiel,Belgium,2025-10-01,Gold,Yes
C001766,Alyssa,de Plantard,van-der-lindenjelle@example.net,(0854)-306077,Female,1972-03-06,Kapelle,France,2025-06-19,Platinum,Yes
C001767,Loïs,van der Horst,avan-dam@example.org,(039)-0993705,Male,1981-09-27,Ell,Belgium,2024-11-25,Silver,No
C001768,Collin,Mulder,tvan-hemert@example.com,0075-050389,Female,1957-07-21,Stoutenburg Noord,Belgium,2024-01-02,Bronze,No
C001769,Emily,Fredriks,eaeije@example.com,(0565) 238643,Male,1997-12-08,Middenmeer,Netherlands,2024-12-31,Silver,No
C001770,Ilse,Pieters van der Maes,zjorlink@example.org,+31(0)534 724585,Male,2003-04-08,Velp,France,2025-05-24,Silver,Yes
C001771,Selena,Verboom,isa61@example.net,039-7398583,Male,1953-10-17,Landgraaf,Belgium,2026-05-28,Bronze,No
C001772,Stef,Aschman,ian41@example.org,+31(0)067-719117,Male,1999-08-22,Berghem,Belgium,2026-03-05,Bronze,Yes
C001773,Jort,Broeshart,noutfrancois@example.com,(0909) 343618,Male,1961-12-22,Dalerpeel,Germany,2025-05-22,Platinum,Yes
C001774,Kay,Vermeulen,olivialommert@example.net,0211-819879,Female,1952-10-05,Ottoland,Germany,2024-03-25,Silver,No
C001775,Wesley,Cornelisse,aminde-koning@example.org,+3186-2493834,Female,1976-12-11,Asten,Germany,2026-04-20,Gold,No
C001776,Evy,Beijring,louise30@example.com,+31446-111129,Male,1981-12-03,Ferwoude,France,2024-01-01,Gold,No
C001777,Sterre,Miner,pleunbosch@example.net,(026)-8605449,Male,1971-04-15,De Meern,Germany,2024-01-20,Platinum,Yes
C001778,Loïs,van Maaren,isabelle61@example.net,+31(0)010 541183,Male,1970-05-11,Kerk Avezaath,France,2025-04-06,Bronze,Yes
C001779,Max,van Maasgouw,joostflink@example.net,(074)-3144272,Male,1952-11-14,Winsum,Belgium,2023-12-18,Silver,Yes
C001780,Luke,Bekbergen,lglasses@example.net,+31(0)182 247730,Male,1987-11-30,Doniaga,Belgium,2024-07-07,Gold,Yes
C001781,Tara,Goudriaan,annabel95@example.net,+3109-9788247,Female,1981-06-24,Gemonde,Netherlands,2025-05-24,Bronze,No
C001782,Suus,van den Wittenboer,van-hemertaya@example.net,+3191 1811319,Female,1952-01-18,Striep,Belgium,2023-08-16,Silver,Yes
C001783,Ian,Hellevoort,alexander43@example.com,(026)-0320104,Female,1972-05-26,Elst,Netherlands,2024-04-14,Silver,Yes
C001784,Job,van Bergen,rvan-evelingen@example.org,+3128-2712536,Female,1967-10-26,Milsbeek,Germany,2024-02-26,Platinum,No
C001785,Sophie,Adelaar,hamza56@example.net,+31(0)060 514969,Female,1981-03-27,Meteren,France,2025-01-04,Silver,No
C001786,Eline,Lafleur,nathan32@example.net,(0764)-194261,Male,1973-11-25,Spierdijk,Netherlands,2026-02-21,Gold,Yes
C001787,Florian,Kirpenstein,van-der-berghelena@example.net,+31074 230721,Male,1991-11-29,Anna Paulowna,Netherlands,2024-05-23,Gold,No
C001788,Fedde,van Poppel,van-der-steensarah@example.net,+31(0)968-656052,Female,1991-09-30,Ooij,Germany,2025-09-22,Silver,Yes
C001789,Levi,Holthuis,ukamper@example.net,(0358) 687010,Male,1950-03-16,Spijkenisse,Netherlands,2025-03-04,Silver,No
C001790,Twan,van Wallaert,vvan-praagh@example.com,+31(0)09-9906599,Female,1999-05-02,Den Oever,Netherlands,2025-05-15,Bronze,Yes
C001791,Teun,Luboch,ivy35@example.net,+31(0)46 6079288,Female,1951-05-18,Stroobos,Belgium,2024-04-09,Silver,Yes
C001792,Stefan,Scherms,mensbenjamin@example.net,+31(0)49-5005766,Male,1981-08-12,Purmer,Netherlands,2025-10-17,Silver,No
C001793,Mika,Room,wheere@example.net,+31(0)25-6005899,Female,1960-03-09,Sonnega,Netherlands,2024-07-05,Gold,Yes
C001794,Elisabeth,van Ham,elizabethvan-den-nieuwenhuijsen@example.com,+31095-855386,Female,1988-12-10,Scharsterbrug,Belgium,2024-11-03,Silver,Yes
C001795,Oscar,Winnrich,bvan-jumiege@example.com,+31485-082539,Female,2003-10-20,Andelst,France,2025-03-22,Silver,Yes
C001796,Marijn,Claassen,dylanbrievingh@example.com,+31(0)362-771932,Female,1957-03-28,Amerongen,Belgium,2024-04-27,Platinum,Yes
C001797,Sterre,Huurdeman,rouwenhorstties@example.org,040-1291555,Male,2007-12-20,Nieuw-Vennep,France,2025-11-24,Gold,Yes
C001798,Evie,Mulders,hsmits@example.net,0220 242496,Male,1952-08-18,Avenhorn,France,2024-05-18,Platinum,No
C001799,Thomas,Hermans,lucasmaaswinkel@example.net,(063)-0832846,Female,1990-10-07,Erm,Germany,2025-12-09,Gold,Yes
C001800,Loes,Roukes,van-welmara@example.com,054 2712953,Male,1959-11-13,Koarnjum,France,2025-11-28,Gold,Yes
C001801,Zeynep,Robbrechts Bruijne,gde-plantard@example.com,(056)-0157183,Male,1997-11-11,Nijega,Netherlands,2024-12-29,Platinum,No
C001802,Myrthe,van Riet,xavi64@example.net,(014)-5579297,Female,1970-12-03,Rotstergaast,Belgium,2023-11-15,Platinum,No
C001803,Lara,Lommert,llatier@example.org,+31(0)664-132416,Male,1986-04-17,Rien,Germany,2026-05-30,Silver,Yes
C001804,Lieke,Borman,max65@example.com,(0449) 442431,Male,1955-02-25,Uitgeest,Netherlands,2026-04-05,Platinum,Yes
C001805,Tijn,van der Sloot,van-der-lindenjoep@example.com,+31(0)565-493318,Female,1983-05-17,Oosterblokker,Netherlands,2025-05-08,Platinum,No
C001806,Josephine,van Este,jinthevan-luyssel@example.net,+31(0)374 650490,Male,1957-01-03,Soest,France,2024-08-26,Bronze,No
C001807,Melle,Waardeloo,eckhardtmehmet@example.org,(043)-0537393,Male,1946-10-15,Nieuwe-Tonge,Netherlands,2024-03-28,Silver,Yes
C001808,Ian,Galenzone,colin14@example.org,+31(0)96 5018398,Male,1998-11-05,Katwoude,Germany,2025-11-16,Silver,No
C001809,Nova,van Roijen,jasper03@example.com,+31(0)26-4568107,Female,1983-09-05,Petten,Germany,2025-02-02,Bronze,No
C001810,Ilse,Cant,louwsimran@example.org,+3153 9822329,Male,1952-07-13,Aalsmeer,Belgium,2024-03-05,Silver,Yes
C001811,Sterre,Rousselet,anouk14@example.net,+3173-6363494,Male,1983-01-10,Reek,France,2025-06-18,Silver,Yes
C001812,Nisa,Chotzen,mettewesterburg@example.com,071 4570228,Female,1954-11-27,Kamerik,Belgium,2023-08-19,Silver,No
C001813,Evie,Weijters,rademakerdemi@example.org,0793 373535,Male,1978-05-29,Uithuizen,Netherlands,2026-04-10,Gold,No
C001814,Janna,Walter,joy88@example.org,014 1091555,Female,1988-10-20,Maasdijk,Netherlands,2023-10-20,Platinum,No
C001815,Quinn,Jansen,clamore@example.com,(054) 7853931,Female,1975-07-02,Dreischor,France,2025-06-10,Platinum,Yes
C001816,Jelle,van Noort,dylanaertsz@example.org,+31115 283345,Female,1951-04-13,Garderen,Germany,2023-08-12,Gold,Yes
C001817,Jolie,Sanders,maxim18@example.net,+31093-401827,Male,2005-08-26,De Kwakel,France,2026-06-06,Silver,Yes
C001818,Maud,de Jonge,briseeiris@example.net,(067) 0869172,Male,1959-08-01,Nijensleek,Belgium,2023-10-30,Platinum,No
C001819,Colin,Bud,puckhoppenbrouwer@example.org,+31601 118097,Male,1964-03-19,Burgerveen,Belgium,2023-09-09,Bronze,No
C001820,Yasmine,Luboch,uvan-de-berg@example.com,+31(0)25-8083339,Female,2004-02-08,Winkel,France,2026-03-05,Bronze,No
C001821,Dex,Slingerland,de-graafgiel@example.com,+31(0)673 602984,Female,1957-07-31,Briltil,Netherlands,2024-08-14,Platinum,No
C001822,Felix,van Dam,willemsjob@example.com,+31(0)693-534839,Female,1994-09-24,Hurdegaryp,Germany,2024-07-14,Platinum,No
C001823,Tim,Timmerman,gvan-de-darnau@example.net,+3181-4772179,Female,1976-10-02,Uddel,Belgium,2023-10-30,Silver,No
C001824,Lizz,Groen,rackhamelisa@example.net,+31(0)19-2100068,Male,1961-02-18,Barchem,Belgium,2025-08-18,Platinum,Yes
C001825,Rayan,Molen,van-arkeljoshua@example.net,0638 340867,Female,1969-03-23,Hoevelaken,Germany,2023-08-27,Bronze,No
C001826,Timo,Neuteboom,liv04@example.org,+31(0)177-372906,Male,2006-12-05,Mheer,Germany,2023-11-14,Platinum,No
C001827,Cato,Bos,rvan-straaten@example.org,+3173-8821757,Female,1956-05-14,Haarlemmerliede,Netherlands,2024-03-27,Silver,Yes
C001828,Wessel,Grondel,kyra49@example.com,(061) 8825895,Male,1949-09-18,Krabbendijke,France,2024-04-07,Gold,Yes
C001829,Chloë,Versluijs,jakekeltenie@example.org,(091)-7856257,Male,1956-05-20,Leiden,Belgium,2024-03-08,Platinum,No
C001830,Niek,Kleybrink,hidde85@example.com,(0534) 183874,Male,1964-09-19,Baarn,Germany,2024-02-14,Bronze,No
C001831,Kyra,van Ginneke,kismanmathijs@example.net,+31(0)081-127727,Female,1960-08-16,Maasland,Netherlands,2026-02-24,Platinum,Yes
C001832,Ize,Schelvis,lizaverbeeck@example.org,(028)-6539114,Male,2003-07-13,Schinveld,Belgium,2025-10-14,Gold,Yes
C001833,Valentijn,Pison,lizz97@example.com,065 9696038,Male,1960-08-29,Westerbeek,France,2025-12-22,Silver,No
C001834,Valerie,de Backer,mzijlemans@example.com,(0918) 818112,Male,1969-12-21,Weidum,Germany,2025-05-11,Platinum,Yes
C001835,Mats,Wolffel,janwouters@example.net,062-5940457,Female,1975-08-01,Hernen,France,2025-01-10,Silver,Yes
C001836,Lize,Heerkens,alyssa79@example.net,(0641) 019827,Male,1967-09-12,Brouwershaven,Belgium,2025-09-18,Silver,No
C001837,Kyara,van den Broek,tijnkoeman@example.org,+3140 5478847,Male,1971-11-22,Klazienaveen,Germany,2026-06-22,Platinum,No
C001838,Julia,Boogaerts,evan-beek@example.org,+31(0)994 521478,Female,1977-04-11,Zwiggelte,Germany,2026-04-29,Bronze,Yes
C001839,Levi,Uit de Willigen,mmosley@example.net,025 3056436,Male,1949-10-31,Zevenbergen,Netherlands,2024-02-01,Bronze,No
C001840,Lex,Walter,kvan-mook@example.org,+31461-569384,Female,1968-01-06,Sint Maarten,France,2023-08-29,Gold,No
C001841,Joris,van Salmen,kim02@example.com,0531-326172,Female,1989-10-22,Wenum Wiesel,Belgium,2025-09-26,Bronze,No
C001842,Ian,van der Hoeven,kvan-der-stael@example.net,+31(0)85 9282116,Female,1984-06-14,Dalmsholte,Germany,2024-02-29,Bronze,No
C001843,Noa,der Kijnder,charlottehuijzing@example.com,+31(0)897 009634,Female,1950-04-05,Zurich,Germany,2025-06-22,Bronze,Yes
C001844,Jente,Remmers,loesboogaerts@example.net,(0606) 357179,Female,2007-05-28,Swolgen,Belgium,2025-03-18,Platinum,Yes
C001845,Siem,Steinmeiern,joy07@example.com,054-5177063,Male,1979-10-27,Babberich,Belgium,2026-01-15,Silver,Yes
C001846,Sanne,Fredriks,merlegreij@example.net,+3135 0543269,Male,1966-12-26,Drongelen,Belgium,2025-02-24,Gold,No
C001847,Roos,Kriens,okolster@example.org,(0911) 942060,Male,2003-03-08,Oirsbeek,Germany,2026-01-24,Gold,No
C001848,Jack,van Vlaanderen,ebouhuizen@example.org,+31(0)316 462318,Female,1967-06-14,Wezup,Germany,2025-03-08,Bronze,No
C001849,Pien,Martens,gkof@example.org,+31(0)759-604478,Male,1968-06-12,Gasselte,Belgium,2024-11-25,Gold,No
C001850,Jari,Kort,joriseverde@example.net,(033) 8075260,Male,1956-05-24,Brantgum,Netherlands,2025-07-01,Platinum,Yes
C001851,Niels,Ridder,rijnalex@example.org,+31(0)300-221005,Female,1956-12-15,Dalfsen,Germany,2023-12-31,Platinum,Yes
C001852,Niels,Otte,karlijnrouwenhorst@example.net,+31(0)742 753072,Male,1975-02-14,Hernen,Netherlands,2024-05-23,Bronze,Yes
C001853,Luc,van de Brink,thijmenvaessen@example.net,(095)-5679748,Female,1964-05-30,Aalsum,Belgium,2023-09-03,Silver,Yes
C001854,Fiene,Dirksen,jari50@example.net,(068)-5271523,Male,1982-01-15,Melderslo,Belgium,2026-04-27,Gold,No
C001855,Gijs,Huberts,mohamed94@example.org,(073) 7958986,Male,1951-11-06,Cruquius,Belgium,2026-03-09,Bronze,No
C001856,Jan,Oude Heer,mirtebeernink@example.org,+31151-168919,Male,1986-04-17,Malden,Belgium,2023-11-08,Gold,No
C001857,Thijn,Boers,silke68@example.net,063 7832276,Female,1988-08-31,Bitgum,France,2025-09-07,Gold,Yes
C001858,Lucy,van Rooij,esmeeeelman@example.com,0017 933171,Female,1978-01-24,Alteveer gem Hoogeveen,Germany,2023-12-10,Bronze,Yes
C001859,Gijs,van den Assem,ameliamaas@example.com,+31(0)86 2741452,Female,1949-07-23,Sirjansland,France,2024-10-01,Silver,No
C001860,Dani,Ellis,maud07@example.net,+31(0)930-207939,Male,1987-03-12,Oosterwijk,Netherlands,2023-10-08,Platinum,No
C001861,Robin,Simons,kostenfenna@example.org,0623-127847,Male,1959-10-09,Oosternijkerk,France,2024-04-21,Platinum,Yes
C001862,Maud,van den Berg,furdamette@example.org,(043) 1299858,Male,1974-10-11,Kornhorn,Netherlands,2024-01-26,Platinum,Yes
C001863,Tim,Ketel,lily74@example.net,0525 368974,Male,1988-10-14,'s-Heer Abtskerke,Belgium,2023-09-22,Silver,Yes
C001864,Sienna,van der Ploeg,nienke18@example.com,0987 008747,Female,1977-12-04,Oene,France,2023-11-18,Bronze,Yes
C001865,Mia,Doyle,sborman@example.com,0891-883635,Female,1981-08-11,Afferden L,Netherlands,2024-03-03,Silver,Yes
C001866,Tijn,van de Weterink,alex41@example.net,+31097-133017,Male,1967-04-23,Anderen,Belgium,2023-09-13,Bronze,Yes
C001867,Jesse,Wagenvoort,jadevoortman@example.org,+31(0)195-758292,Male,1953-02-01,Bovenkarspel,Netherlands,2024-03-19,Gold,Yes
C001868,Esmee,Kloppert,felinesymons@example.com,+31336-632271,Male,2006-11-22,Westerbeek,Germany,2023-08-12,Platinum,Yes
C001869,Amir,Koster,amir99@example.org,+31(0)88 5673835,Male,1996-11-03,Oosterstreek,Netherlands,2025-04-24,Bronze,No
C001870,Ecrin,van den Wittenboer,xavibleijenberg@example.com,+3151 2296692,Male,1958-09-07,Klarenbeek,Belgium,2023-12-10,Silver,Yes
C001871,Renske,Frankhuizen,amelia47@example.com,+31374 497141,Female,2001-06-24,Nijetrijne,Belgium,2024-09-15,Gold,Yes
C001872,Mare,Dirven,jentespier@example.net,+31(0)466-200010,Male,1974-03-07,Goedereede,Netherlands,2025-06-25,Bronze,Yes
C001873,Sanne,Lensen,hannah79@example.net,+3150 9475170,Male,1960-06-29,Steenderen,Netherlands,2023-11-05,Silver,No
C001874,Chris,den Buytelaar,jellebruggeman@example.org,+3108-8388142,Male,1997-10-09,Amstelhoek,Belgium,2023-10-08,Platinum,Yes
C001875,Emir,Adelaar,verboomjordy@example.net,0904-234222,Female,1986-04-13,Sevenum,Germany,2025-02-10,Platinum,Yes
C001876,Timo,Uit de Willigen,thomasvan-amstel@example.net,0626-625751,Male,1981-02-25,Grolloo,Belgium,2026-01-01,Silver,Yes
C001877,Jip,Oosterhek,timmermanmaud@example.com,+3158-1185939,Male,1947-07-10,Evertsoord,Belgium,2024-09-24,Platinum,No
C001878,Esmee,de Bruin,azra21@example.com,(0520)-259934,Male,1946-04-26,Riel,Netherlands,2025-05-01,Bronze,No
C001879,Johannes,Geerts,imrangellemeyer@example.net,+31(0)32-8793979,Male,1972-12-15,Heerhugowaard,France,2024-11-02,Platinum,No
C001880,Sander,Coolen,juliettetammerijn@example.com,007-9014097,Male,1968-08-24,Hellum,France,2024-05-28,Silver,Yes
C001881,Niek,van de Pavert,lhuijben@example.org,(0896) 976962,Male,2001-07-26,Eemnes,France,2023-11-06,Bronze,Yes
C001882,Fleur,Hollander,annavi@example.net,+31(0)01 8724632,Female,1995-06-12,Balk,France,2024-12-27,Gold,Yes
C001883,Ashley,ter Waarbeek,jade47@example.org,(070)-2020516,Female,1981-03-17,Nunhem,France,2025-07-15,Gold,No
C001884,Ivy,van Beeck,vvan-breugel@example.org,+31(0)043-492506,Male,1989-05-03,Varik,France,2026-03-03,Silver,Yes
C001885,Dion,van der Sande,erehorst@example.org,(0387) 101888,Male,1955-05-19,Hezingen,Germany,2024-07-16,Gold,No
C001886,Pippa,van Baalen,mfredriks@example.net,+3121-9119272,Female,1978-11-18,Zurich,France,2024-11-19,Platinum,Yes
C001887,Michael,Rijn,gle-briel@example.com,(099)-0253683,Male,1984-09-07,Ferwoude,Germany,2024-07-14,Platinum,Yes
C001888,Lisanne,van de Weterink,van-drenthegerrit@example.org,+31310 691216,Female,1962-03-26,Bleskensgraaf ca,Netherlands,2024-07-08,Gold,Yes
C001889,Aaron,Rijn,xjaceps@example.net,+31(0)275-675707,Female,1963-05-18,Vogelwaarde,Germany,2023-11-04,Platinum,Yes
C001890,Fenna,van der Wal,fslingerland@example.org,+3156 6109689,Male,1980-01-14,Terband,France,2026-06-03,Silver,Yes
C001891,Fenna,van der Smeede,van-de-veldenbjorn@example.com,+31622-161641,Female,1974-05-04,Langenboom,France,2026-03-13,Gold,No
C001892,Victor,Emmen,lina96@example.org,+3137 2910683,Male,1970-01-29,Helmond,Netherlands,2024-11-02,Platinum,Yes
C001893,Lola,Lommert,dvan-poppel@example.com,059-8921263,Male,1953-07-20,Oosterwolde,Netherlands,2024-02-20,Platinum,Yes
C001894,Tycho,Françoise,tycho22@example.com,+31630-172453,Male,1948-12-21,Breedenbroek,Netherlands,2024-11-08,Gold,No
C001895,Jinthe,Rijntjes,qschelvis@example.com,(0010)-045442,Female,1980-05-09,Oene,Netherlands,2025-05-29,Bronze,No
C001896,Megan,Schenkel,feddevan-westfalen@example.com,+31(0)487-634182,Male,1980-08-13,De Heurne,Germany,2025-10-05,Silver,No
C001897,Mustafa,Romijn,jvierdag@example.org,0620-051612,Female,2003-01-27,Zenderen,Belgium,2024-07-18,Silver,No
C001898,Jort,van Brenen,julian05@example.net,+31668 190930,Female,2003-01-18,Meerkerk,Belgium,2024-02-17,Gold,Yes
C001899,Mia,Karels,dorsmanstef@example.net,+31836-218189,Female,1966-02-17,Scheerwolde,France,2024-03-08,Gold,No
C001900,Julian,van Ommeren,jochemsdani@example.org,(040)-9280737,Male,1959-06-21,Garrelsweer,France,2024-10-24,Bronze,Yes
C001901,Stella,van den Brink,van-geestfien@example.org,+3150-0522844,Male,1978-08-25,Nieuwebrug,Belgium,2023-09-02,Platinum,No
C001902,Ashley,Brisee,sennsanders@example.com,+31483 708435,Female,1965-06-30,Heel,Netherlands,2024-05-11,Platinum,No
C001903,Lukas,Stamrood,wde-kale@example.net,+31(0)447-097527,Male,1958-11-01,Holsloot,Germany,2024-05-10,Gold,No
C001904,Thijs,Wever,noelleblonk@example.org,+31856-149382,Female,1986-05-14,Uitdam,Germany,2023-12-30,Silver,No
C001905,Maya,Steinmeiern,pheerkens@example.net,+31(0)475-806156,Male,1974-06-23,Ingelum,Belgium,2023-08-30,Platinum,Yes
C001906,Emily,Boeser,van-der-plascatharina@example.org,+31457 249922,Female,1991-08-01,Tzummarum,Belgium,2026-07-13,Gold,Yes
C001907,Eliza,de Jager,zgoedhart@example.com,(0769) 897509,Male,1971-10-24,Tonden,Belgium,2025-10-01,Gold,No
C001908,Zoë,van den Bosch,emilyvan-veen@example.org,+31(0)358 094399,Male,1968-01-09,Amerongen,Netherlands,2026-01-14,Gold,No
C001909,Lenn,den Buytelaar,meganvergeer@example.com,+31(0)59 2889787,Male,1997-09-29,Ubbena,Germany,2024-04-15,Platinum,No
C001910,Teun,Neuzerling,maximpersijn@example.org,+31(0)285 525189,Female,1976-04-23,Lopik,Belgium,2025-01-24,Gold,Yes
C001911,Ryan,van Northeim,joris43@example.org,(031)-3652015,Male,1977-11-12,Spanbroek,Netherlands,2023-12-16,Platinum,Yes
C001912,Yasmine,Huijzing,merkxmyrthe@example.org,+31(0)635-260771,Female,1975-03-31,Follega,Germany,2024-04-16,Gold,No
C001913,Jonas,Chrodtrud,juul78@example.net,0542-315510,Male,1996-06-21,Lottum,Netherlands,2025-10-06,Bronze,Yes
C001914,Iris,Vermeulen,pepijnschrik@example.com,+31(0)086-530513,Male,1967-08-01,Weesp,Germany,2026-02-27,Bronze,Yes
C001915,Lara,Moensendijk,rosalie79@example.com,+31(0)44 7193915,Male,1954-12-03,Sint Odiliënberg,France,2026-04-26,Gold,Yes
C001916,Amin,Brizee,pwilmont@example.net,+31905-104453,Male,1960-10-09,Zorgvlied,Belgium,2025-01-17,Silver,Yes
C001917,Elize,van Hamaland,liza15@example.com,+31(0)252 882017,Male,1979-11-17,Kring van Dorth,Netherlands,2024-03-28,Platinum,No
C001918,Merijn,Winters,the-elderrens@example.com,(048)-4337929,Male,1953-09-27,Vlierden,Germany,2024-11-20,Silver,No
C001919,Nick,Wilmont,jan87@example.org,(088) 1354040,Female,1987-09-13,Oldeholtwolde,Netherlands,2025-02-11,Platinum,Yes
C001920,Elise,van Arnsberg,simonsjinthe@example.org,058 7626174,Male,1977-06-14,Waspik,France,2024-10-03,Silver,Yes
C001921,Linn,van Oosten,luna26@example.net,0149-478232,Male,1953-08-04,Ees,Germany,2026-01-19,Silver,No
C001922,Melissa,van de Coterlet,daniquede-gruijl@example.org,+3192 5710899,Male,1953-02-17,Made,Belgium,2025-08-28,Bronze,Yes
C001923,Amber,Barents,joep03@example.com,+31(0)803 082150,Male,2005-03-12,Lamswaarde,France,2025-08-26,Platinum,Yes
C001924,Annabel,Le Marec,van-den-nuwenhijsenmila@example.org,+31(0)422-164705,Female,1995-01-16,Oostdijk,Belgium,2025-02-01,Platinum,No
C001925,Maja,van Wallaert,wbroeckx@example.net,+31(0)644 372959,Male,1990-12-11,Leidschendam,France,2023-12-25,Platinum,Yes
C001926,Lise,Michielsen,mallienjoelle@example.net,+31268 656732,Female,1967-06-22,Groot-Ammers,Netherlands,2026-01-03,Silver,Yes
C001927,Jay,Matthews,fvan-gils@example.org,(0691) 905201,Female,2005-06-29,Zwaagdijk-Oost,Belgium,2024-04-21,Platinum,No
C001928,Kevin,Jans,van-vermandoisninthe@example.org,+31(0)84-2312416,Female,2002-07-11,Slenaken,France,2024-06-15,Silver,No
C001929,Jayda,van der Ploeg,amy28@example.com,+3199 0357762,Male,1991-09-08,Jaarsveld,Belgium,2026-06-28,Silver,Yes
C001930,Loek,Veenendaal,guitmette@example.org,+31(0)86-9503611,Female,1973-06-26,Punthorst,Netherlands,2026-06-24,Bronze,No
C001931,Sem,Ponci,van-berniciatobias@example.org,+31(0)79 3270937,Male,1957-05-09,Een,Germany,2024-04-24,Silver,Yes
C001932,Adriana,van Verdun,frankhuizenlars@example.org,+31802 854765,Female,1965-08-03,Havelterberg,France,2023-10-25,Platinum,No
C001933,Emir,Brizee,wesselcosman@example.com,+31494-027668,Male,1995-01-30,'s-Heerenhoek,Belgium,2025-07-13,Bronze,Yes
C001934,Kyan,van der Laarse,sterrekamper@example.net,+31(0)524 582618,Male,1982-04-21,Nieuwaal,Netherlands,2025-12-30,Platinum,Yes
C001935,Jolie,Aertsz,kolenemily@example.org,(0949) 792002,Male,1975-12-16,Ochten,Germany,2023-08-28,Platinum,Yes
C001936,Helena,Höning,van-haeftenjennifer@example.com,+31(0)07-4073394,Female,1992-04-28,Onna,Belgium,2026-04-16,Silver,Yes
C001937,Stan,van Gorp,van-toursjasmijn@example.org,+3166 2819142,Female,1979-11-14,Lepelstraat,Germany,2023-11-12,Platinum,Yes
C001938,Olaf,Mulders,lde-bock@example.com,020 8657726,Female,1987-05-03,St.-Jacobiparochie,Belgium,2024-09-13,Gold,Yes
C001939,Hugo,Hellevoort,ajorlink@example.com,0801 635094,Male,1949-07-10,Harderwijk,Netherlands,2025-06-29,Platinum,Yes
C001940,Vince,Walter,lisade-bont@example.com,+3145 4560278,Female,1984-08-20,Den Horn,Belgium,2025-10-14,Bronze,No
C001941,Jayden,Neuzerling,jaylinnhellevoort@example.org,(015) 1637014,Male,2003-10-08,Bern,Germany,2026-07-03,Platinum,Yes
C001942,Aya,de Groot,lwillemsen@example.net,097 3181815,Female,1976-02-24,Surhuisterveen,Netherlands,2024-04-30,Platinum,Yes
C001943,Teun,van den Heuvel,nverbruggen@example.net,+31(0)262 438929,Female,1997-03-22,Domburg,Belgium,2023-08-31,Bronze,Yes
C001944,Ryan,Weylant,pietermolen@example.net,(045) 8115337,Male,1965-09-14,Haaften,Belgium,2025-07-08,Bronze,Yes
C001945,Ivy,van Rheineck,hboddaugh@example.org,+31(0)338 873024,Male,2006-11-25,Akersloot,Netherlands,2023-10-22,Silver,No
C001946,Juul,Loep,der-kijnderimke@example.net,(001)-8491354,Male,1981-10-06,Veessen,Netherlands,2026-01-26,Gold,Yes
C001947,Job,Joosten,wschakelaar@example.org,+31769-788301,Female,1950-06-07,Heteren,Netherlands,2023-12-07,Silver,Yes
C001948,Luna,van Engeland,kerkhofjoost@example.com,+3154 7386937,Female,1999-12-05,Waal,France,2024-04-01,Gold,No
C001949,Noortje,van de Velden,kyaravan-landen@example.com,008 7187308,Male,1980-01-27,Staphorst,Netherlands,2023-12-15,Platinum,No
C001950,Evie,Bosch,lucsimons@example.org,+31(0)24 9834466,Female,1979-10-13,Burgh-Haamstede,Netherlands,2026-02-09,Gold,No
C001951,Senna,Roessink,lunavan-der-pluijm@example.org,+31(0)224 465355,Female,1963-07-11,Est,Netherlands,2026-01-21,Platinum,Yes
C001952,Isa,Luboch,chotzenstella@example.org,+31(0)47 3745076,Male,1995-03-01,Goudswaard,France,2026-01-18,Platinum,Yes
C001953,Muhammed,van Drenthe,mariavan-dalem@example.com,+31(0)323 449722,Male,1981-03-12,Harkstede,Germany,2024-05-05,Bronze,Yes
C001954,Vincent,van Nus,ayadie-bont@example.org,+31(0)50-5808448,Male,1997-10-05,Linschoten,Netherlands,2025-01-11,Gold,No
C001955,Linn,van der Velden,postilse@example.org,+31(0)301-007712,Male,1965-02-18,Noordeinde,Germany,2026-03-25,Silver,Yes
C001956,Kayleigh,van Voorhout,qreijers@example.com,026 8192772,Female,1964-03-12,Loppersum,Netherlands,2024-01-22,Gold,No
C001957,Tirza,Dachgeldt,ceylin50@example.org,+31(0)67-1798933,Male,1995-03-03,Egmond aan den Hoef,France,2025-09-17,Platinum,No
C001958,Jesper,Simons,ivan-schevinghuizen@example.org,+31102-443729,Female,1959-03-16,Westmaas,France,2024-05-22,Silver,Yes
C001959,Isis,van der Veen,noudgellemeyer@example.com,010-0112266,Female,2000-05-18,de Hoef,Belgium,2025-12-12,Silver,Yes
C001960,Fiene,Erhout,segerszoenmilo@example.net,0978 013371,Male,1983-09-27,Ysselsteyn,Belgium,2023-08-19,Silver,Yes
C001961,Lara,Heyne,odanoor@example.net,+3183 8404104,Female,1954-12-25,Oud-Vossemeer,Belgium,2025-02-12,Platinum,No
C001962,Yusuf,van Formbach,annabel43@example.com,045-6905352,Female,1979-09-17,Vlieland,Belgium,2026-02-14,Platinum,No
C001963,Lina,Huberts,wjanssens@example.com,014-5698267,Female,1961-11-20,Westknollendam,Germany,2024-08-11,Bronze,Yes
C001964,Loek,Doorhof,dtimmerman@example.org,0717-311908,Female,1995-06-08,Rijswijk (NB),France,2025-09-21,Silver,No
C001965,Berat,Mathol,van-henegouwenselena@example.com,0497 848009,Male,2006-04-26,Burdaard,Netherlands,2025-04-14,Gold,No
C001966,Ayoub,van Cuijck,brentsam@example.com,+31(0)39 8503665,Female,2005-08-18,Zuidlaren,Belgium,2025-07-15,Platinum,Yes
C001967,Senna,van Vliet,nbud@example.net,+31(0)88-4825526,Female,1956-03-02,Langeweg,Germany,2026-06-12,Bronze,No
C001968,Linn,van der Smeede,milokamp@example.org,0753 192585,Female,2003-01-01,Idzega,France,2025-02-18,Silver,Yes
C001969,Noud,Berendse,indy71@example.com,+31032 985115,Male,1951-10-16,Zandpol,Germany,2024-04-04,Gold,No
C001970,Sylvie,Lelijveld,gepa-van-bourgondielex@example.org,+31967-306615,Male,1967-08-13,Hegelsom,Belgium,2024-04-25,Bronze,Yes
C001971,Jacob,Sas,maryam47@example.net,(042)-1557896,Male,1952-05-11,Echtenerbrug,Belgium,2025-03-16,Silver,Yes
C001972,Evy,Stichter,massachloe@example.com,018-3210486,Female,2005-01-10,Bierum,France,2026-06-08,Gold,No
C001973,Eva,Blom,bjornheere@example.net,014 4852129,Male,1978-12-07,Zeewolde,France,2023-10-15,Platinum,No
C001974,Jip,van Nes,giel64@example.com,030-5690977,Male,1991-11-14,Diessen,Germany,2023-08-04,Silver,Yes
C001975,Liza,Mahieu,berthodina@example.net,+3198 4938533,Female,1980-12-27,Achthuizen,France,2023-08-15,Bronze,Yes
C001976,Bjorn,Dijkstra,sbrievingh@example.net,087-4692954,Male,1967-07-11,Hommerts,Netherlands,2024-12-28,Bronze,Yes
C001977,Colin,Adryaens,owen83@example.net,+31(0)262-792853,Female,1985-09-18,Hedel,Netherlands,2024-07-18,Silver,No
C001978,Mehmet,Kuilenburg,aliponcelet@example.net,+3192-6548023,Male,1977-01-02,Bellingwolde,Germany,2024-09-15,Platinum,Yes
C001979,Adriana,van de Ven,jort65@example.com,0437 990612,Male,1952-12-25,Winterswijk Corle,Germany,2024-01-12,Bronze,No
C001980,Luke,de Gruijter,tessavan-goerle@example.org,071 0492863,Female,2002-01-12,Wezep,Netherlands,2023-12-07,Silver,Yes
C001981,Liam,Wunderink,sennawigman@example.org,(000) 1221355,Female,1978-07-30,Vilsteren,Germany,2025-07-18,Platinum,Yes
C001982,Mette,Lonen,de-kortesofia@example.org,+31(0)300-578675,Female,1961-08-28,Otterlo,Belgium,2024-01-07,Gold,No
C001983,Sylvie,Lamotte,isabellakruns@example.net,(0232)-119185,Female,1954-08-09,Schoonebeek,Netherlands,2023-08-02,Bronze,No
C001984,Jelle,Cornelisz,jvan-maaren@example.com,+31173 767722,Female,1962-06-29,Dussen,Germany,2026-06-23,Bronze,Yes
C001985,Jonathan,Schenkel,hvan-beieren@example.org,(0195)-063362,Male,1957-06-29,Koudekerke,Belgium,2024-03-30,Platinum,No
C001986,Stijn,Greij,ovan-luinenburg@example.org,0227 418403,Female,1967-12-28,Delfzijl,France,2024-10-07,Platinum,No
C001987,Tessa,Mol,hoelenjesse@example.com,+31979 989195,Male,1977-03-11,Fluitenberg,Belgium,2025-11-18,Bronze,Yes
C001988,Mike,Roessink,cas61@example.com,(077) 4505035,Male,1980-01-29,Lettelbert,Germany,2024-01-29,Gold,Yes
C001989,Amin,Rietveld,jlutterveld@example.net,+31(0)03-1208609,Female,1969-02-04,Zeist,Netherlands,2026-02-25,Gold,No
C001990,Jennifer,Pieters van der Maes,timmermansmerijn@example.net,+31(0)71 1158025,Female,1962-06-18,Houten,Germany,2024-12-17,Bronze,No
C001991,Senna,van Ghoerle,svan-hemert@example.com,(010) 2060850,Female,1991-04-29,Lucaswolde,Belgium,2025-09-05,Gold,Yes
C001992,Arthur,Zwart,roosenboomlauren@example.com,+31342-935286,Female,1966-04-18,Weesp,Belgium,2025-04-08,Bronze,Yes
C001993,Bente,Koeman,wdie-bont@example.net,+31569 351956,Female,1966-05-16,Breezanddijk,Germany,2025-05-22,Bronze,No
C001994,Merijn,van den Nieuwenhuijsen,juliusvan-spreuwel@example.org,+31042 531800,Female,1984-05-29,Kelpen-Oler,France,2024-06-27,Bronze,Yes
C001995,Michael,van Dam,lieke92@example.net,006 7807899,Male,1949-12-01,Eesergroen,Germany,2025-02-05,Bronze,No
C001996,Anne,Everde,rileywelf@example.net,+3184 3929200,Male,1959-08-28,Rottum,Germany,2025-09-07,Silver,Yes
C001997,Angelina,van den Assem,van-stralenluna@example.org,(0688)-130350,Female,1968-01-26,Nieuw-Beijerland,Germany,2026-04-10,Platinum,Yes
C001998,Jennifer,Kremer,van-vermandoishugo@example.org,+3169 1782995,Female,1998-10-27,Heerle,Belgium,2023-12-18,Bronze,No
C001999,Aimée,Nek,kuipersmark@example.org,0361 492198,Female,1976-05-26,Eemnes,France,2025-03-12,Bronze,Yes
C002000,Puck,Jansse,wunderinkfleur@example.com,094-3079143,Male,1976-01-14,Een-West,Netherlands,2025-08-05,Silver,Yes
C002001,Elias,Breugelensis,nstamrood@example.net,0587-074072,Male,1948-03-22,Assendelft,France,2026-02-11,Gold,No
C002002,Cornelia,Goderts,dewi96@example.org,+31553 967144,Female,1991-05-19,Waaxens,Netherlands,2024-11-23,Bronze,Yes
C002003,Giovanni,Ansems,giel93@example.net,+31(0)152-130310,Female,1999-10-01,Honselersdijk,France,2024-03-12,Gold,Yes
C002004,Lot,Kleijse,hvan-den-brand@example.com,0227-567237,Female,1967-11-03,Heveadorp,Belgium,2024-05-08,Bronze,No
C002005,Michelle,Rek,de-witjan@example.org,+31(0)40 3189987,Female,1987-09-19,Leeuwarden,Germany,2023-08-30,Bronze,Yes
C002006,Bente,de Vries,jerusalemmeike@example.com,+31(0)36 8934697,Male,1964-03-25,Wolphaartsdijk,Belgium,2025-03-21,Silver,No
C002007,Elias,van der Flaas,tde-grote@example.org,+31(0)80-4574773,Male,1997-04-04,Breskens,Netherlands,2025-02-18,Platinum,No
C002008,Rayan,Janssen,fleur74@example.com,0889 132715,Female,1986-11-02,Haule,France,2025-10-29,Platinum,Yes
C002009,Keano,Bos,faythe-elder@example.org,054 9425397,Male,1989-06-09,Oosteind,Netherlands,2023-12-15,Platinum,No
C002010,Anouk,Jekel,michaelkwaadland@example.net,+31(0)60 1431255,Male,1954-09-17,Rhoon,France,2023-08-28,Silver,No
C002011,Noëlle,Verboom,lenalelijveld@example.com,+31(0)443 054068,Female,1989-03-28,Egmond aan den Hoef,Germany,2024-12-15,Gold,Yes
C002012,Thom,van der Schuijt,anne85@example.org,+3185-6518328,Female,1953-04-23,Dongen,Belgium,2024-09-20,Gold,No
C002013,Lucy,van de Pol,vincejanse@example.org,+31(0)769-759974,Female,2001-08-28,Nieuwkuijk,Belgium,2025-05-02,Gold,Yes
C002014,Bilal,van den Hoek,levesquemick@example.net,0690 565849,Male,1972-09-22,Noordwijk,Netherlands,2025-02-19,Platinum,No
C002015,Ayden,Vos,bilal58@example.net,+31091-435701,Female,2002-10-23,Mildam,Belgium,2025-03-11,Platinum,Yes
C002016,Jente,van Bovene,mustafabroeders@example.net,027-6322610,Female,1949-10-31,Stavoren,France,2024-06-12,Silver,No
C002017,Victoria,van de Berg,vclaesner@example.com,(0569)-306773,Female,1997-03-15,Noordbroek,Belgium,2026-02-21,Platinum,Yes
C002018,Beau,VI,van-clootwijckrick@example.net,+3119-4329974,Male,1960-07-13,Deventer,France,2023-11-01,Silver,Yes
C002019,Inaya,Bertho,lievevan-den-brink@example.net,+31(0)717 921235,Female,1976-03-16,St.-Annaparochie,Germany,2023-10-15,Platinum,No
C002020,Berend,van Loon,jinthe63@example.org,+31403-697521,Male,1949-06-04,Beemte Broekland,Netherlands,2024-12-15,Bronze,No
C002021,Sanne,Doornhem,svan-der-avoirt@example.com,(0126) 012305,Female,1966-09-03,Hasselt,France,2024-12-23,Silver,No
C002022,Bilal,van den Corput,vbakker@example.com,0521 091355,Male,1963-12-16,Obdam,Belgium,2025-09-16,Gold,No
C002023,Liz,Adriaense,louwsbente@example.net,+31(0)32-6053144,Male,1983-08-30,Stroe,Netherlands,2024-06-21,Platinum,Yes
C002024,Hugo,van Straaten,punruoch-hunerik@example.com,(021) 4977574,Male,1948-06-11,Wedde,Belgium,2025-10-13,Bronze,Yes
C002025,Jip,Schokman,celbertse@example.com,039 9123268,Male,2007-09-18,Lierop,Belgium,2024-02-22,Bronze,Yes
C002026,Luca,Spreeuw,afortuyn@example.org,+3179 5242648,Male,1992-10-31,Stieltjeskanaal,France,2024-03-29,Gold,Yes
C002027,Yinthe,van Engeland,sverhagen@example.com,+31(0)526 959387,Male,1987-05-22,Darp,Netherlands,2026-04-06,Bronze,No
C002028,Sjoerd,Post,cgruijl@example.net,0258 820974,Female,2004-02-09,Katlijk,Germany,2025-12-08,Platinum,Yes
C002029,Aaliyah,Mudden,van-nimwegenfedde@example.net,055-9051597,Female,1980-07-12,Breukeleveen,Belgium,2024-08-27,Bronze,Yes
C002030,Roos,Dachgelder,ceylin50@example.net,(002)-7117339,Male,1985-07-17,Wilbertoord,Netherlands,2024-12-30,Platinum,Yes
C002031,Ben,van Beaumont,dexvan-de-veen@example.net,+31846 056293,Male,2008-01-21,Megchelen,Germany,2023-12-24,Bronze,Yes
C002032,Stella,van Haarlem,janne62@example.org,+31146 143441,Female,1974-04-08,Hollandsche Rading,Belgium,2024-09-27,Gold,No
C002033,Liv,Hellevoort,wrightnienke@example.org,+31(0)26-4674682,Female,1978-12-18,Rijkevoort,France,2024-05-07,Platinum,Yes
C002034,Dani,de Wit,sofiakas@example.org,+31(0)96-4791755,Female,1976-07-28,Ophemert,France,2026-02-14,Silver,No
C002035,Ceylin,de Heer,sroukes@example.com,080 3249047,Male,1998-12-17,Bergen L,Germany,2023-12-23,Silver,No
C002036,Quinn,Schakelaar,lindseybacker@example.com,(039)-4219962,Female,1991-03-31,Yerseke,France,2024-01-07,Silver,No
C002037,Julie,Visser,phazenveld@example.com,089-9030626,Female,2002-05-03,Burdaard,France,2024-07-16,Platinum,No
C002038,Lindsey,Lonen,de-rooesmee@example.com,(0330) 113689,Male,1971-07-04,Huisseling,Belgium,2024-07-13,Silver,Yes
C002039,Jari,Lambers,uphusisabelle@example.net,(0182) 640176,Female,1998-04-24,Naaldwijk,Belgium,2026-03-31,Silver,Yes
C002040,Josephine,de la Fleche,bradley81@example.com,+31857-010179,Female,1958-10-13,Grubbenvorst,France,2024-05-12,Silver,Yes
C002041,Thom,Post,jannahakker@example.net,+31(0)090 303297,Female,1964-12-02,Oranjewoud,France,2025-12-09,Bronze,Yes
C002042,Roos,van Doorn,jansdrfiene@example.com,(0809) 189037,Female,2005-07-05,Aalten,Netherlands,2025-11-20,Silver,Yes
C002043,Ruben,Steenbakkers,pvan-beek@example.com,083-8149287,Female,1979-07-03,Nijlande,Germany,2024-12-15,Bronze,Yes
C002044,Zoey,Schouten,qde-groot@example.org,+31960-143163,Male,1998-03-27,Stroe,Netherlands,2023-08-27,Gold,Yes
C002045,Luna,Lelijveld,hhanegraaff@example.com,0027-365156,Female,1958-04-14,Hunsel,Belgium,2023-12-11,Gold,No
C002046,Sofie,Pauwels,elliskeano@example.net,+31369 668432,Female,1948-09-20,Geleen,Belgium,2024-02-03,Platinum,No
C002047,Jonathan,van Ginneke,mats60@example.com,0831 117243,Female,1983-11-14,Wagenborgen,France,2024-05-17,Silver,Yes
C002048,Siem,Jansen,indy10@example.net,+31(0)567-263456,Female,1970-07-25,Berkenwoude,Belgium,2026-05-22,Platinum,Yes
C002049,Owen,Sprong,jsanders@example.net,+31(0)30-0928656,Male,1958-07-05,Nieuweroord,Netherlands,2025-09-25,Platinum,Yes
C002050,Lisa,van den Berg,selina69@example.org,(001) 6906953,Female,1958-07-11,Maurik,Belgium,2025-01-31,Platinum,No
C002051,Berat,Spies,kyan91@example.net,+31(0)68-9440676,Female,1947-12-07,Ven-Zelderheide,Belgium,2024-02-28,Platinum,Yes
C002052,Feline,Goyaerts van Waderle,nvan-de-kooij@example.net,+3115-7515839,Female,1958-03-07,Sauwerd,Belgium,2025-03-29,Bronze,No
C002053,Rick,Kisman,slaetsdochtervalentijn@example.org,099-4874191,Male,1985-02-14,Walsoorden,Belgium,2024-02-03,Gold,No
C002054,Amina,Vierdag,jvan-berkum@example.com,+31(0)059-776235,Male,2001-02-05,Heijen,France,2025-12-02,Gold,No
C002055,Lara,Nihoe,ztammerijn@example.org,073 1614175,Female,1979-01-20,Wons,Netherlands,2025-12-26,Silver,No
C002056,Lisa,Hemma van Allemanië,yshupe@example.com,(0844)-153180,Female,1964-11-05,Krabbendijke,France,2026-07-01,Platinum,No
C002057,Mathijs,le Matelot,vinkalex@example.com,001 8086939,Female,1962-01-13,Heinenoord,Belgium,2026-03-09,Bronze,No
C002058,Bart,Adryaens,npalman@example.net,(0210)-959484,Male,1963-04-10,Rogat,France,2024-06-10,Silver,No
C002059,Tara,van den Bosch,mariavan-schweinfurt@example.com,+3135-3660106,Male,1955-09-07,Molenschot,Belgium,2026-01-28,Bronze,No
C002060,Faas,de Haan,rubendijkstra@example.org,0099 062613,Female,1975-02-05,Eastermar,Belgium,2024-02-07,Platinum,No
C002061,Niels,de Vrome,bvierdag@example.net,+31(0)633 776508,Female,1952-09-18,Stavoren,Germany,2024-12-07,Platinum,Yes
C002062,Liv,Brandt,rens51@example.org,(0811) 979075,Male,1990-07-20,Schettens,Netherlands,2026-05-27,Gold,No
C002063,Damian,Lucas,larsosterhoudt@example.org,082 1847153,Female,1967-12-13,Nispen,Belgium,2025-03-24,Platinum,Yes
C002064,Senna,Meyer,owelf@example.net,0925 154908,Male,1948-05-21,Someren,Belgium,2025-04-05,Gold,Yes
C002065,Evy,Hagendoorn,stangexavi@example.org,+31(0)69-9037809,Female,1958-08-31,IJsselmuiden,France,2026-05-18,Platinum,Yes
C002066,Luka,Scheer,daanmeeusen@example.net,(036)-3895012,Female,2006-03-16,Haarsteeg,France,2025-08-27,Silver,Yes
C002067,Mia,Bökenkamp,maaswinkellana@example.org,+3132-4168650,Male,1948-01-08,Emmer-Compascuum,Netherlands,2025-10-10,Bronze,No
C002068,James,Knuf,lensenmaaike@example.org,+31036-819420,Female,1983-04-18,Oudenhoorn,Netherlands,2026-07-05,Bronze,Yes
C002069,Milo,Jorrisen,rosavan-dongen@example.com,(0974)-345420,Female,1947-04-09,Lieshout,Netherlands,2023-11-03,Gold,No
C002070,Jorn,Keijser,jde-bruin@example.net,(0036)-740742,Female,1994-08-30,Oijen,France,2025-10-03,Gold,Yes
C002071,Lara,Jochems,ydie-bont@example.org,(032) 4298772,Female,1950-09-11,Anerveen,France,2024-08-07,Platinum,Yes
C002072,Simon,Spreeuw,ceylinzuidweg@example.com,+31677-056874,Male,2000-09-29,Wijlre,Netherlands,2026-04-22,Silver,Yes
C002073,Lieve,de Vos,quinn30@example.net,062 7912189,Female,1997-12-15,Hulsel,France,2024-11-14,Platinum,Yes
C002074,Indy,van Maaren,xsmith@example.com,021 0801531,Male,2005-10-27,Haaren,Netherlands,2026-06-22,Gold,Yes
C002075,Anne,Le Grand,ableijenberg@example.org,092 2354801,Male,1977-10-12,IJsselham,Germany,2024-08-05,Gold,Yes
C002076,Melle,Smits,ilse15@example.com,(032) 9131350,Female,1988-03-30,Zuilichem,France,2025-10-09,Platinum,Yes
C002077,Megan,Korsman,maudaeije@example.net,+31509 182957,Female,1972-02-26,Nijlande,France,2025-06-16,Silver,Yes
C002078,Demi,Veltman,dsanders@example.com,073 4084410,Male,1970-08-04,Annen,France,2025-03-07,Bronze,Yes
C002079,Yassin,van den Broek,corneliszaaron@example.com,(097) 7937714,Female,1961-04-21,Hei- en Boeicop,Belgium,2026-04-19,Gold,No
C002080,Olivia,Verschut,sanne10@example.net,(045) 7497463,Female,1949-04-05,Keijenborg,France,2024-04-21,Silver,Yes
C002081,Luc,Visser,zguit@example.org,072-1429255,Male,1980-09-18,Bavel,Netherlands,2025-05-09,Platinum,Yes
C002082,Michelle,Roose,ssmits@example.org,+31(0)76 7383895,Female,1947-11-18,Groesbeek,Netherlands,2026-01-23,Platinum,Yes
C002083,Joost,van de Pavert,atexier@example.net,+31(0)985 363586,Male,1950-12-09,Giessen,Belgium,2024-10-15,Bronze,Yes
C002084,Aya,Brievingh,pvan-liendert@example.org,+3164-7919420,Female,1946-02-07,Dokkum,Belgium,2025-11-16,Bronze,Yes
C002085,Elise,Willems van Lier,lindsey65@example.com,(010)-9170335,Female,1952-11-03,Noordwijk,Germany,2023-11-16,Silver,Yes
C002086,Lise,van der Kint,arie41@example.com,+31820-246002,Female,1966-12-30,Nieuwersluis,Netherlands,2024-01-30,Silver,Yes
C002087,Isabel,Brisee,joostvan-saksen@example.org,+31(0)666-967811,Female,1996-06-11,Druten,Germany,2026-01-14,Silver,No
C002088,Wouter,van 't Erve,van-der-horstlouise@example.net,+31(0)58-7918007,Male,1980-07-16,Schiphol-Rijk,France,2024-02-02,Platinum,No
C002089,Hendrik,Ernst,noelle29@example.com,074 2395552,Male,1947-09-15,Baarlo,Germany,2025-03-08,Platinum,No
C002090,Mustafa,Bos,stan62@example.net,+31481-498942,Female,1991-01-12,Middelie,Belgium,2025-07-10,Bronze,Yes
C002091,Micha,van Berkum,alexander15@example.net,(042)-3283303,Male,2008-02-28,Harfsen,Belgium,2024-05-01,Bronze,Yes
C002092,Nathan,Zijlemans,nina81@example.net,+3155 8463926,Male,1946-09-13,Oostwold,Belgium,2025-03-21,Silver,No
C002093,Fenne,Jansen,melle28@example.org,0910-862246,Male,1980-06-28,Maasbommel,Netherlands,2026-03-08,Gold,Yes
C002094,Ella,Post,jnollee@example.org,(0504) 109222,Female,1964-01-02,Malden,Netherlands,2025-08-18,Gold,No
C002095,Demi,Genefaas,pippa98@example.com,017-8431807,Male,1979-07-05,Woudbloem,France,2024-12-18,Platinum,No
C002096,Sylvie,Willemsen,melle47@example.org,036 1189181,Male,1982-08-04,Wier,Germany,2025-07-19,Gold,Yes
C002097,Nick,Wolffel,jansenadam@example.net,(093)-1915754,Female,1969-07-09,Jannum,Germany,2024-09-03,Silver,Yes
C002098,Jet,van Daal,stijn01@example.net,+31(0)10 0293011,Female,1980-04-18,Drongelen,Belgium,2025-09-30,Silver,No
C002099,Victoria,Gerritsen,hehlmohammed@example.net,+31073 213300,Female,1985-06-01,Winneweer,Germany,2025-06-01,Bronze,No
C002100,Jip,Rouwhorst,hofmanjurre@example.org,+3121 8806308,Male,1998-04-27,Halle,Germany,2024-05-15,Silver,No
C002101,Valerie,Hoeks,thijsuphus@example.com,+31(0)210 877991,Male,1967-07-02,Meeuwen,Netherlands,2026-06-29,Platinum,Yes
C002102,Ben,Verhagen,jesseverhoeven@example.org,+31240 211030,Male,2001-09-12,Oude Pekela,Netherlands,2024-03-15,Bronze,No
C002103,Jens,Ligtvoet,jessevan-jumiege@example.com,+31(0)98-8188836,Female,1976-11-01,Swichum,Germany,2025-12-17,Gold,Yes
C002104,Eline,van Bergen,sil11@example.org,0072-874573,Female,2001-08-05,Bergharen,Germany,2024-06-20,Platinum,No
C002105,Yassin,Heere,annerisma@example.com,+3153 3603582,Female,1995-11-27,Varsselder,Belgium,2024-08-13,Bronze,No
C002106,Chris,Ketel,niels14@example.org,+31(0)12-3081692,Female,2003-02-05,Nuland,Netherlands,2024-07-30,Silver,Yes
C002107,Lynn,Heerschop,feddevan-orleans@example.org,079-2069068,Male,1988-01-29,Enschede,Belgium,2025-11-02,Gold,No
C002108,Eline,van de Darnau,mette38@example.net,077-2359962,Male,1991-11-09,Sebaldeburen,Netherlands,2024-11-16,Silver,Yes
C002109,Nadia,Boetet,gdijkman@example.net,+31(0)91-7167335,Male,1971-03-06,Reusel,France,2026-04-12,Silver,Yes
C002110,Jorn,Zijlmans,jonkerdion@example.net,0410-795706,Male,2001-01-18,De Heen,Belgium,2026-07-22,Platinum,Yes
C002111,Sven,Hakker,van-de-waternikki@example.org,(094) 6383341,Male,1978-05-05,Middenbeemster,France,2025-08-10,Silver,Yes
C002112,Isabella,Roodesteijn,jorn39@example.net,+31(0)199 526124,Male,1973-07-30,Nunhem,Belgium,2025-03-15,Gold,Yes
C002113,Amira,Bruynzeels,uschrant@example.com,+3181 3525172,Female,1962-04-15,Neerlangel,France,2023-12-29,Silver,No
C002114,Olivia,van Oudewater,van-der-staelmichael@example.net,073-5452684,Male,1957-10-02,Budel,France,2025-09-08,Silver,No
C002115,Eline,van Rijnsbergen,cstuivenberg@example.org,+3130 4995035,Female,1973-08-21,Garsthuizen,Netherlands,2023-12-26,Gold,Yes
C002116,Wessel,van Schevinghuizen,mvan-mare@example.net,(043)-6018475,Female,1990-06-26,Olburgen,France,2025-02-24,Gold,Yes
C002117,Mara,Massa,sara83@example.com,+31(0)214-120348,Male,1953-06-06,Biervliet,Germany,2024-09-25,Bronze,No
C002118,Tobias,de Vroege,hvan-der-heiden@example.com,+31(0)850 856814,Male,1946-06-13,Zandhuizen,France,2026-07-02,Silver,Yes
C002119,Suze,Wolzak,matthijs17@example.org,+3159-2276561,Male,1952-06-19,'s-Gravenzande,Belgium,2023-09-01,Bronze,No
C002120,Sem,Kwaadland,heerschopbjorn@example.com,0034-612659,Male,1990-04-04,Annerveenschekanaal,Netherlands,2025-06-04,Platinum,No
C002121,Esmée,Adelaar,selinalambregt@example.com,+31(0)343-499483,Male,1983-03-27,Voerendaal,Netherlands,2024-09-08,Platinum,Yes
C002122,Maartje,Blewanus,prinsmark@example.net,+31615-647949,Female,1996-11-27,Duivendrecht,Germany,2025-07-27,Platinum,Yes
C002123,Isabella,Willemsen,noudsterkman@example.com,+31(0)247 113029,Female,2001-05-16,Hurwenen,Belgium,2025-05-15,Gold,Yes
C002124,Zara,Eijkelboom,vierdaglinde@example.com,+3165-3273210,Male,1963-08-13,Aalsmeerderbrug,Netherlands,2024-04-27,Platinum,No
C002125,Johanna,Hanegraaff,lucas59@example.net,(005)-7517631,Female,1991-01-02,Noorden,France,2025-07-15,Gold,No
C002126,Amelia,Courtier,martkeijzer@example.org,005-7637300,Female,1946-01-22,Den Burg,Germany,2025-10-06,Silver,No
C002127,Loïs,de Bruin,johannesbosch@example.org,+31(0)908 811159,Female,1978-04-08,Dieverbrug,France,2025-05-10,Silver,No
C002128,Myrthe,van Hagen,ljanssen@example.org,(0999)-797279,Female,2005-05-19,Raamsdonksveer,Netherlands,2023-11-22,Bronze,No
C002129,Aron,Schagen,jacob27@example.net,0861-934653,Female,1983-01-10,Witteveen,France,2024-06-05,Gold,No
C002130,Milan,Bruijne van der Veen,eveliendie-bont@example.net,+31(0)893 549369,Female,1993-08-06,Nij Altoenae,Belgium,2024-04-19,Bronze,Yes
C002131,Isis,van der Horst,usmit@example.com,0968 724216,Female,1961-02-06,Yerseke,France,2026-04-28,Platinum,No
C002132,Laurens,Beourgeois,kim80@example.net,+3130 6676935,Female,1961-05-15,Moerdijk,Germany,2025-09-22,Silver,Yes
C002133,Quinty,Jurrijens,leondoorhof@example.com,(0147) 156660,Male,1994-09-08,Obdam,Belgium,2024-07-04,Gold,Yes
C002134,Teun,Olthof,schakelaarniels@example.net,+31(0)721-272061,Female,1990-08-12,Riel,Netherlands,2024-09-13,Platinum,Yes
C002135,Wouter,Boeser,milo82@example.net,0515-429625,Female,1999-10-05,Garderen,Netherlands,2025-02-17,Gold,Yes
C002136,Quinn,Bloemendaal,kallenaaliyah@example.com,(0175) 110529,Male,1989-04-24,Klein Zundert,Belgium,2024-06-27,Gold,Yes
C002137,Yasmine,Uphaus,rjansen@example.com,+31637 377050,Female,1997-04-12,Varsseveld,France,2023-12-23,Gold,No
C002138,Rick,Frerichs,majavan-wijk@example.org,0932 173099,Female,1981-12-09,Schipborg,Belgium,2025-01-26,Bronze,Yes
C002139,Nathan,de Grote,arthurhuls@example.com,+31(0)136 914904,Female,1979-04-15,Lemele,Germany,2024-04-30,Platinum,No
C002140,Ayoub,Wutke,wotto@example.net,008 3500197,Female,1955-10-28,Heerlen,Netherlands,2023-12-16,Platinum,Yes
C002141,Joris,Evers,esmeevan-der-pluijm@example.com,+31(0)412 777540,Male,1986-09-04,Bitgummole,France,2024-02-15,Silver,No
C002142,Nienke,Luboch,keijzertara@example.org,+31(0)179 695444,Male,1997-12-19,Leunen,Belgium,2025-09-07,Bronze,Yes
C002143,Cas,Blaak,ali93@example.org,+3107 0577999,Female,1983-08-14,Vaals,Belgium,2024-12-28,Gold,No
C002144,Sofia,de Wit,chloemichielsen@example.com,+3126 7352858,Female,1970-05-19,Vlieland,Belgium,2026-03-01,Bronze,Yes
C002145,Fabiënne,Pieters van der Maes,stellasoos@example.org,+31(0)63 7198909,Male,1959-07-25,Schijf,Netherlands,2026-02-20,Bronze,No
C002146,Maria,Zwart,gerrit16@example.net,0301-315745,Male,1967-09-14,Meedhuizen,Belgium,2023-08-24,Bronze,Yes
C002147,Maud,Diesbergen,bjorn27@example.com,+31(0)404 514927,Male,1964-05-20,Panningen,Netherlands,2024-08-31,Platinum,No
C002148,Julie,Hendricks,zpratt@example.net,(061) 2741190,Male,1967-09-20,Benneveld,Belgium,2026-02-05,Platinum,Yes
C002149,Johanna,Willems van Lier,heynevince@example.com,+31064 036863,Male,1947-08-13,Zetten,Belgium,2025-03-27,Gold,Yes
C002150,Lot,Dennenberg,van-der-veiverbram@example.net,(057) 5276479,Female,1954-03-14,Biervliet,Netherlands,2023-11-20,Silver,Yes
C002151,Esmee,Blonk,evelienjeggij@example.net,+31553-618644,Female,1989-04-15,Dalerveen,France,2023-10-30,Bronze,No
C002152,Lucas,van der Schuijt,eliza43@example.com,(080) 9789467,Male,2000-02-15,Papenvoort,Belgium,2024-05-17,Gold,No
C002153,Jesper,van Breukeleveen,demivan-dalem@example.org,0000 983471,Male,2003-11-28,'s-Heerenhoek,Germany,2026-06-22,Gold,Yes
C002154,Jente,van den Assem,zvan-wallaert@example.net,0427 803112,Female,1997-09-15,Zweins,Netherlands,2025-02-18,Silver,No
C002155,Thijn,Jans,fabiantexier@example.com,030 8959662,Female,1961-06-29,Meerstad,Belgium,2026-07-27,Platinum,Yes
C002156,Jinthe,Beernink,tijnbreugelensis@example.net,+3194-6391755,Male,1979-08-17,Abbega,France,2024-01-31,Gold,Yes
C002157,Angelina,Heerschop,dvan-de-weterink@example.org,+31302-644455,Male,1999-11-27,Heinkenszand,Netherlands,2025-07-04,Bronze,Yes
C002158,Jordy,van Breukeleveen,lucabourgondie-van@example.net,+31(0)264-222422,Female,1999-08-16,Oosthem,Belgium,2025-11-07,Bronze,Yes
C002159,Olaf,Uphuis,bradley87@example.net,+31(0)203-419246,Male,1975-09-10,Easterlittens,Netherlands,2026-01-19,Platinum,No
C002160,Ravi,Lage,lois71@example.com,0458-082411,Male,2001-02-21,Venhorst,Netherlands,2024-06-11,Platinum,Yes
C002161,Luc,van Kasteelen,ivy41@example.org,+31583 219605,Female,1946-06-15,Hulten,Germany,2024-02-09,Gold,Yes
C002162,Naud,van der Meulen,julesfremie@example.org,+31(0)370-843831,Male,1992-06-07,Achthuizen,Netherlands,2025-04-08,Silver,No
C002163,Elif,Melet,keanovan-der-berg@example.org,+31(0)03 8410134,Female,1993-08-16,Gaastmeer,Netherlands,2025-02-06,Platinum,No
C002164,Olivia,Huisman,jake18@example.org,+31494 794353,Male,1976-03-27,Ruinerwold,Belgium,2026-03-15,Bronze,No
C002165,Dex,Koster,xle-gallen@example.org,(0117) 007663,Male,1948-12-18,Midlum,Germany,2026-01-20,Bronze,No
C002166,Yfke,de Vroege,emma23@example.org,(097)-7140264,Male,1952-08-01,Ter Apel,Germany,2025-10-14,Gold,No
C002167,Esther,van de Veen,de-leeuwfrederique@example.net,019-2002799,Female,2002-03-05,Heusden,Netherlands,2023-11-16,Silver,Yes
C002168,Luc,Leguit,mark56@example.net,+31(0)77 3733768,Male,1963-06-04,Stellendam,Belgium,2024-11-24,Silver,Yes
C002169,Dani,Roessink,mehmetadelaar@example.net,+31690-285862,Male,1953-09-01,'s-Heerenhoek,Belgium,2025-08-18,Silver,No
C002170,Esmée,de Keijzer,hamza56@example.org,(047) 9779374,Female,1985-04-02,Hoensbroek,Belgium,2026-04-11,Silver,Yes
C002171,Joël,van Luyssel,ehaack@example.org,+31(0)379 607094,Female,1991-11-18,Middenbeemster,France,2024-01-18,Silver,No
C002172,Raf,van Vlaanderen,lweijland@example.com,(0192)-052449,Male,1992-08-06,Spaarndam gem. Haarlem,Netherlands,2025-06-12,Platinum,Yes
C002173,Romy,Ansems,mbos@example.org,(0144)-110826,Male,1946-01-22,Velp,Netherlands,2026-03-06,Bronze,Yes
C002174,Felix,van Munster,westerbeektess@example.org,+3107-4345522,Female,1951-10-03,Hidaard,Belgium,2025-03-25,Platinum,No
C002175,Yinthe,Wolters,martsteenbakkers@example.com,+31(0)776-465264,Female,1949-03-26,Zuidvelde,France,2025-05-16,Bronze,Yes
C002176,Luuk,van der Veen,sylvielathrope@example.com,+3111-9009460,Male,1968-02-25,Vorden,Netherlands,2026-04-24,Platinum,No
C002177,Rafael,Mallien,lise38@example.org,091-3448791,Male,2004-06-24,Eursinge,France,2025-10-16,Silver,No
C002178,Tim,Dirksen,van-maremuhammed@example.net,0909 728042,Female,2002-06-19,Wintelre,France,2026-02-08,Silver,No
C002179,Sterre,Loep,cstange@example.org,+31065 033291,Female,1984-04-01,Tilburg,Germany,2026-02-10,Silver,No
C002180,Jesper,Eijkelboom,abel99@example.com,(082) 9608916,Male,1976-12-09,Oldelamer,France,2024-10-24,Bronze,No
C002181,Valentijn,Maas,pknoers@example.com,099 3470103,Female,1992-07-06,Baflo,Germany,2025-02-08,Platinum,No
C002182,Twan,Jansse,dboudewijns@example.net,+31(0)17-3371189,Female,1971-04-18,Eemdijk,France,2026-07-16,Silver,Yes
C002183,Seth,Zeemans,rekcollin@example.net,0702 723035,Female,2007-12-19,Gastel,France,2024-06-24,Silver,Yes
C002184,Quinty,Post,ottojesper@example.net,+31846 466471,Male,1981-04-22,Oudheusden,Germany,2024-12-10,Bronze,Yes
C002185,Isabel,Werdes,lindeeelman@example.com,+31(0)514-145162,Male,2007-08-24,Ritthem,Germany,2026-07-08,Gold,Yes
C002186,Lieke,Goderts,ayoubvan-t-riet@example.net,(0971)-220909,Female,1949-03-25,Hekelingen,Belgium,2024-03-15,Platinum,Yes
C002187,Julian,van der Mast,schokmangijs@example.org,+31082-720076,Female,1967-03-19,Vught,Belgium,2024-01-20,Platinum,Yes
C002188,Renske,Sprong,kmoensendijk@example.net,0299 482714,Male,1996-12-30,Koudum,Netherlands,2025-08-02,Bronze,No
C002189,Lauren,de Jode Vastraedsd,wbuijs@example.com,(049) 8802359,Female,1988-08-29,Spijk,France,2025-02-19,Gold,Yes
C002190,Vajèn,van Nederlotharingen,stefan07@example.com,(096) 3078522,Male,1959-01-15,Volendam,Germany,2025-12-12,Gold,No
C002191,Melle,Broeshart,wutkehamza@example.com,(019)-7983415,Female,1992-02-20,Heesch,Belgium,2025-09-21,Silver,Yes
C002192,Liz,Ferran,dvan-den-assem@example.com,(053)-9984115,Female,1959-03-29,Surhuizum,Germany,2024-05-20,Platinum,Yes
C002193,Elise,Amalrada,terrymustafa@example.com,+31(0)47 5558791,Female,1949-06-09,Leuth,Netherlands,2024-12-09,Bronze,Yes
C002194,Jasmijn,Doyle,evan-hulten@example.org,+31(0)54 2730796,Male,1963-11-17,Ezinge,France,2024-12-15,Bronze,Yes
C002195,Alexander,Coreth von und zu Coredo und Starkenberg,damian10@example.org,(033)-8605888,Male,1956-12-29,Baambrugge,Belgium,2024-08-02,Platinum,Yes
C002196,Nynke,Pastoors,aschmanjesse@example.com,+31(0)75 2666906,Male,1987-07-19,Westwoud,Belgium,2026-03-02,Gold,No
C002197,Lizz,Neuzerling,clorreijn@example.org,+31(0)51-7841027,Male,1976-08-13,'s-Gravenhage,Netherlands,2023-11-06,Platinum,No
C002198,Fem,Eelman,noudmens@example.com,(0075)-723483,Male,1977-07-21,Biezenmortel,Belgium,2024-10-01,Bronze,No
C002199,Lot,Rek,piersonlaurens@example.com,(0586)-347742,Male,1971-07-04,Broekhuizenvorst,Germany,2024-04-30,Silver,Yes
C002200,Fabian,Nihoe,remmersaimee@example.com,(019)-5886914,Female,1955-08-22,Idaerd,Germany,2025-12-16,Silver,No
C002201,Sil,Jdotte,stefan33@example.org,(0815)-749770,Female,2005-07-11,Twello,Germany,2025-12-04,Gold,Yes
C002202,Pieter,Guit,lena92@example.org,(076)-4624350,Male,1976-05-01,Heerjansdam,Netherlands,2026-05-12,Bronze,No
C002203,Bastiaan,Knoers,ariens-ansemsmason@example.org,+3127-9148335,Male,1974-05-31,Est,Belgium,2024-07-14,Gold,Yes
C002204,Mirte,Steenbeek,meganbrugman@example.net,+3195-4374010,Female,1985-05-19,Ell,Germany,2026-05-27,Silver,No
C002205,Sam,Verbeeck,dewi74@example.org,+31(0)062 349564,Female,1978-09-26,Bronkhorst,France,2024-05-05,Bronze,No
C002206,Fien,Meeres,coretkiki@example.org,045-0381055,Male,1976-07-03,Snelrewaard,Netherlands,2025-01-07,Platinum,Yes
C002207,Ties,van Wijk,davidwinnrich@example.org,+31941 017075,Male,2007-08-19,Moddergat,Netherlands,2026-05-31,Silver,Yes
C002208,Mart,Verheuvel,jennifer73@example.net,0425-616835,Female,1961-01-02,de Woude,Belgium,2026-05-18,Platinum,Yes
C002209,Dave,van Velzen,dylano30@example.net,+31662-351063,Male,2003-02-27,Steggerda,Belgium,2025-03-30,Platinum,Yes
C002210,Zara,Verboom,mbosch@example.net,(040) 1313168,Male,1982-02-27,Heerde,Netherlands,2026-05-15,Platinum,Yes
C002211,Alexander,Steenbakkers,svan-geest@example.com,+31(0)20-2920905,Female,1997-04-06,Molenaarsgraaf,France,2024-07-07,Platinum,No
C002212,Esther,Weeldenburg,stangesienna@example.org,(060) 7650440,Female,1952-08-19,Kloetinge,Belgium,2024-08-20,Gold,Yes
C002213,Julian,Spiker,suijkervajen@example.net,(0112)-974297,Female,1979-07-22,Nuenen,Belgium,2025-06-15,Bronze,Yes
C002214,Jort,van Breukeleveen,kayleigh83@example.com,+31(0)028 075462,Male,1985-02-08,Panningen,Belgium,2024-06-09,Platinum,Yes
C002215,Joël,Post,ekuipers@example.org,+31(0)17-4401920,Female,1969-07-11,Reuver,Germany,2026-01-05,Gold,No
C002216,Daniël,van den Velden,kaylee11@example.com,(069) 8066122,Female,1964-07-30,Akmarijp,Netherlands,2024-12-23,Platinum,No
C002217,Samuel,van Brenen,claassenbo@example.net,+31(0)54-5464464,Female,2000-10-26,Hilaard,France,2025-09-28,Platinum,Yes
C002218,Sophie,Pons,kolsterimke@example.net,+31091 526592,Male,2007-07-18,Warten,France,2025-07-08,Gold,Yes
C002219,Simon,Rijcken,lamoremilou@example.com,(0715) 363828,Male,1992-05-15,Britswert,Germany,2026-04-14,Gold,Yes
C002220,Cato,Hoekstra,pbrouwer@example.com,+31(0)14-4826273,Female,1990-03-15,Nieuw-Balinge,Belgium,2025-09-12,Gold,No
C002221,Dewi,Neuzerling,bastiaensemegan@example.org,+3105 4223184,Female,1995-01-28,Veldhoven,France,2023-12-28,Bronze,Yes
C002222,Kyra,de Vroege,dex35@example.com,+3103-7274033,Male,1982-09-15,Foxhol,Belgium,2026-02-22,Silver,Yes
C002223,Michelle,van Laon,sophieperonne@example.org,+31(0)71 8339968,Male,1975-09-11,Hulst,France,2025-01-13,Bronze,No
C002224,Jade,Jorlink,quinnspies@example.org,058 7219182,Male,1986-04-12,Wolvega,Belgium,2026-01-23,Bronze,No
C002225,Raf,Govarts,eversluka@example.org,(050) 4267835,Female,1973-01-15,de Wijk,Belgium,2025-05-07,Gold,Yes
C002226,Amin,Speijer,brian86@example.org,095 7005204,Female,1972-10-30,Vierpolders,France,2025-02-23,Silver,Yes
C002227,Mohammed,Buijs,de-bruinjayson@example.com,0410-163982,Male,1969-04-25,Cuijk,Belgium,2026-01-13,Gold,No
C002228,Robin,Steenbakkers,lcharon@example.org,+3168-5850713,Female,1964-08-30,Lienden,Netherlands,2024-06-27,Platinum,No
C002229,Esmée,Coolen,vbeekman@example.org,(0973)-904582,Male,2008-01-23,Hijum,Belgium,2024-12-17,Platinum,No
C002230,Hugo,van der Kint,guusjeprinsen@example.com,0473-647487,Female,1981-12-11,Volkel,Belgium,2024-05-21,Bronze,Yes
C002231,Julius,Ligtvoet,sophiefeltzer@example.org,+31(0)15-6080713,Female,1967-12-09,Rijs,France,2024-08-05,Platinum,Yes
C002232,Rik,van de Klashorst,kortrens@example.net,(066) 1542506,Male,1967-09-09,De Knipe,Belgium,2023-12-19,Bronze,Yes
C002233,Nick,van Parijs,badriaense@example.net,(0398)-654613,Female,1967-05-08,Hei- en Boeicop,Netherlands,2024-10-24,Bronze,No
C002234,Keano,Serra,vboddaugh@example.org,+31(0)83 1156050,Female,1994-02-22,Mussel,France,2023-10-24,Silver,Yes
C002235,Lieke,van den Oever,joost98@example.com,+31(0)147-853036,Male,1955-12-18,Hilaard,Germany,2026-03-01,Platinum,No
C002236,Lara,van de Greef,nienke21@example.com,(0089) 013681,Female,1979-05-02,Wellerlooi,Belgium,2026-02-12,Silver,Yes
C002237,Kay,Kosten,tycho73@example.org,(0903)-179423,Male,1948-06-28,Haule,Belgium,2025-02-19,Silver,Yes
C002238,Nova,Kathagen,van-liendertsuus@example.org,+31(0)907-571296,Male,1994-10-30,Andijk,Netherlands,2025-07-10,Platinum,No
C002239,Naomi,Timmermans,mansveltvalerie@example.net,+31388 670144,Male,1953-11-15,Eagum,Belgium,2024-06-01,Gold,No
C002240,Bas,Texier,wdoorhof@example.org,(0285) 809728,Female,1971-05-21,Well L,France,2025-07-14,Silver,Yes
C002241,Kiki,Schulten,amina86@example.net,(042)-9807573,Male,1973-01-09,Harskamp,Netherlands,2025-03-15,Silver,No
C002242,Damian,van Leeuwen,van-der-veenfabian@example.org,(0865)-862201,Male,1990-09-28,Zundert,Netherlands,2024-01-12,Bronze,Yes
C002243,Fenna,Moensendijk,michaelkerkhof@example.com,(0957) 901722,Male,2002-11-10,Rozendaal,France,2026-07-13,Gold,Yes
C002244,Joshua,Hellevoort,van-den-heuveldaphne@example.net,004-2349863,Female,1982-01-17,Ambt Delden,France,2024-06-03,Platinum,Yes
C002245,Hannah,van der Klein,s-gravensandeadriana@example.org,+3164-8104539,Female,1946-11-06,Ternaard,Netherlands,2025-04-30,Gold,No
C002246,Sten,Blees,jeltemerkx@example.com,+31(0)306-014292,Male,1984-10-22,Oude Wetering,Belgium,2024-01-04,Platinum,No
C002247,Kevin,van den Assem,le-gallendave@example.net,016 7460504,Female,1995-01-15,Hooghalen,Germany,2026-04-14,Gold,Yes
C002248,Elena,Demmendaal,yasmin60@example.com,+3101-4569035,Male,1961-03-16,Volendam,France,2024-01-03,Bronze,Yes
C002249,Louise,van Henegouwen,fbakker@example.com,+31(0)643 439856,Female,1973-11-20,Oudorp,Germany,2025-07-21,Silver,No
C002250,Faas,Segerszoen,colin73@example.org,+31988 262107,Male,1975-06-27,Petten,Belgium,2026-06-21,Bronze,Yes
C002251,Azra,van Breukelveen,sterrevan-der-brink@example.com,(0740) 027266,Male,1961-09-24,Veenhuizen,Belgium,2023-12-24,Platinum,Yes
C002252,Tirza,van de Ven,tirzaschuurmans@example.com,(0013) 669890,Male,1978-06-07,Ooltgensplaat,Germany,2023-11-17,Silver,Yes
C002253,Mart,Aertsz,mohamedvan-kuijc-van-malsen@example.org,(0710)-543453,Male,1980-01-10,Amstenrade,France,2024-02-28,Gold,No
C002254,Kyan,Marchand,houdijkjanne@example.com,+31(0)036 370962,Female,2002-06-26,Moergestel,Netherlands,2024-07-09,Gold,Yes
C002255,Cato,Zeemans,aimeedraaisma@example.org,+31(0)28-6911240,Male,1976-10-04,Ooij,France,2025-07-18,Gold,No
C002256,Dani,Boddaugh,lafleurjamie@example.org,+3103 3618423,Female,1998-12-13,Eerbeek,Belgium,2024-12-09,Platinum,Yes
C002257,Puk,Zuidweg,bloklandsep@example.org,(0630) 125815,Female,1980-12-24,Zaandijk,Germany,2026-07-01,Gold,No
C002258,Sven,Adriaensdr,grotteveel@example.org,025 1284550,Male,1951-07-22,Stolwijk,France,2023-08-14,Silver,Yes
C002259,Levi,Uphuis,farens@example.net,054 7837617,Male,1947-07-14,Standdaarbuiten,Netherlands,2026-05-25,Platinum,Yes
C002260,Wout,Sestig,dijkmansuus@example.org,+31(0)962-477578,Female,2005-05-27,Wapse,Germany,2026-05-07,Gold,Yes
C002261,Zakaria,Jansen,cas92@example.net,+3156 6369752,Female,1987-05-07,Oosterend,France,2024-04-26,Platinum,No
C002262,Vigo,Huisman,julesbroekhoven@example.net,+31(0)70-5496730,Female,1977-08-14,Westkapelle,Netherlands,2024-10-18,Platinum,Yes
C002263,Amélie,van Ginneke,fboer@example.net,010 6457912,Male,1954-09-21,Zevenhoven,Netherlands,2025-05-09,Silver,Yes
C002264,Mads,Vos,angelinachevresson@example.com,+3159-0473534,Male,1951-03-29,Rotterdam,France,2024-01-18,Gold,No
C002265,Lana,Hanegraaff,ywipstrik@example.org,0877 014629,Female,1974-01-05,Muntendam,Germany,2026-05-06,Silver,Yes
C002266,Zoey,van der Veiver,stijn67@example.org,+31(0)09 0210796,Female,1983-01-26,Koedijk,Germany,2023-09-08,Bronze,Yes
C002267,Bilal,Brandt,lansinkkiki@example.com,072-2167088,Male,1986-08-19,Nietap,Belgium,2026-03-15,Gold,No
C002268,Carlijn,Lucas,hugootte@example.net,+3148 3303630,Female,1954-08-24,Hooge Mierde,France,2025-05-12,Platinum,No
C002269,Kian,Steinmeiern,zaracosman@example.com,+31(0)479 951131,Male,1991-06-12,Onderdendam,Netherlands,2024-07-24,Silver,Yes
C002270,Julia,van Hemert,rlansink@example.net,+3196-3019202,Male,2002-07-11,Boerakker,Belgium,2024-11-15,Platinum,No
C002271,Berend,van der Zijl,rde-pauw@example.org,+3143-9951672,Male,2003-04-06,Huissen,Germany,2025-08-13,Platinum,No
C002272,Mika,Rousselet,ybud@example.com,+3125-0771891,Male,1961-11-01,Koarnjum,Belgium,2026-05-05,Platinum,Yes
C002273,Myrthe,van Engeland,dylanohendrikse@example.org,+31(0)147-088506,Male,1984-08-05,Erica,Belgium,2024-03-26,Silver,No
C002274,Siem,Bleijenberg,kayleekronenberg@example.org,+31(0)63-3772964,Female,1992-01-11,Stellendam,Germany,2024-10-08,Platinum,Yes
C002275,Jorn,Nijman,berendlijn@example.net,+31(0)213-293812,Female,1946-01-18,Wittelte,Germany,2024-09-13,Silver,Yes
C002276,Phileine,Dekker,vhoppenbrouwer@example.com,0216 656641,Male,1953-09-21,Termunterzijl,Netherlands,2023-09-12,Bronze,No
C002277,Jason,Michielsen,xwijland@example.org,047 4371694,Female,1954-10-30,Gendt,Belgium,2024-06-14,Silver,Yes
C002278,Ruben,de Keijser,yvi@example.net,(0458) 506560,Male,1976-05-11,Stegeren,Belgium,2025-08-12,Bronze,Yes
C002279,Evie,Huijzing,dlijn@example.net,+31(0)287 671571,Female,2002-06-03,Bavel AC,France,2023-12-16,Silver,Yes
C002280,Rafael,van Grinsven,simonvial@example.com,(0841)-003184,Male,1974-01-05,Tolbert,Belgium,2023-10-26,Platinum,Yes
C002281,Eline,Adriaense,bvierdag@example.net,+31579 348274,Male,1977-08-27,Eppenhuizen,Netherlands,2026-07-02,Silver,No
C002282,Boaz,Geerts,lisahaack@example.org,(0816) 352100,Male,1975-08-23,Medemblik,Netherlands,2026-07-31,Gold,No
C002283,Inaya,de Jager,danielponcelet@example.net,072 1971632,Female,1982-08-16,Schoonoord,Netherlands,2023-12-28,Gold,No
C002284,Sander,Olykan,tbrievingh@example.org,+31884 706944,Female,1954-12-06,Opheusden,Germany,2026-01-04,Silver,No
C002285,Nadine,van de Pol,yromijn@example.net,+31(0)70 8542333,Male,1978-12-05,Haskerhorne,Belgium,2025-08-10,Silver,Yes
C002286,Hannah,Luster,vincent01@example.org,+31274-832409,Male,1953-02-27,Epe,France,2025-03-11,Silver,No
C002287,Elias,Aertsz,giovanni18@example.net,+3189-1782233,Male,1995-07-01,Veeningen,Germany,2026-02-07,Platinum,Yes
C002288,Catharina,Gnodde,oferran@example.com,+31(0)24 4435007,Male,1979-02-13,Den Dungen,Belgium,2023-08-21,Silver,No
C002289,Anouk,Fechant,xvan-de-ven@example.org,(013) 9634385,Female,1979-09-09,Vinkeveen,France,2024-02-23,Platinum,No
C002290,Jurre,Claesdr,lindtijmen@example.com,+31(0)70 6779653,Male,1960-03-06,'t Goy,Belgium,2023-11-29,Gold,Yes
C002291,Floortje,Puig,nvan-t-riet@example.com,(0168)-447202,Female,1983-12-28,Landsmeer,France,2026-06-27,Gold,No
C002292,Selena,Vial,dinavan-gils@example.net,+31386 648116,Female,1999-11-02,Wirdum Gn,Germany,2025-03-13,Bronze,No
C002293,Berend,de Graaf,svan-voorst@example.com,+31(0)01-5123779,Female,2005-04-05,Ottersum,Germany,2024-02-12,Silver,Yes
C002294,Jack,Jans,van-der-avoirtfloor@example.com,(0732)-201624,Male,1978-04-21,Aduard,Germany,2024-07-13,Gold,No
C002295,Naud,van Alenburg,ambervan-evelingen@example.net,065-3594695,Female,1977-05-09,Hoedekenskerke,Netherlands,2023-11-10,Platinum,Yes
C002296,Sanne,Amalrada,omosley@example.com,+31(0)156-399311,Female,1992-07-30,Thesinge,France,2026-02-26,Gold,Yes
C002297,Ecrin,van Geest,zeemansduuk@example.net,050-0511473,Female,1948-09-16,Bocholtz,Belgium,2025-07-24,Gold,Yes
C002298,Zara,der Kijnder,fboers@example.org,066 6327540,Female,1981-05-01,Druten,Netherlands,2023-11-22,Gold,Yes
C002299,Mads,Speijer,stella48@example.com,0932 391866,Male,1961-08-10,Noordwijkerhout,Belgium,2025-06-06,Gold,No
C002300,Seth,van Munster,morris54@example.com,(056) 4470167,Female,1964-10-06,Beltrum,France,2024-09-19,Gold,Yes
C002301,Elizabeth,Tielemans,norah68@example.org,+31(0)002 492997,Female,1952-08-13,Asperen,France,2026-06-30,Bronze,No
C002302,Zoey,Becht,timoouwerkerk@example.net,+31(0)619 429583,Male,2004-01-29,Heukelum,Netherlands,2025-09-26,Gold,Yes
C002303,Isabella,Steinmeiern,noutkoster@example.com,+31652-475474,Female,1959-09-21,Nijhuizum,Netherlands,2025-03-11,Gold,No
C002304,Amin,van Clootwijck,van-de-veenguus@example.net,(0164)-579978,Male,1982-09-17,Loon,Belgium,2025-04-10,Silver,Yes
C002305,Amira,Persijn,maaike02@example.com,+31(0)51-3641697,Male,1946-04-29,Langenboom,France,2026-01-24,Gold,No
C002306,Luna,van Geenen,katevan-den-heuvel@example.com,+31396-884603,Female,1992-11-23,Mariaparochie,Netherlands,2026-01-29,Platinum,No
C002307,James,Gerritse,bradley27@example.com,+31758 056440,Male,1988-07-07,Ten Boer,Belgium,2024-05-13,Gold,Yes
C002308,Fenne,Simonis,broeckxkoen@example.com,+31(0)13 5056439,Female,1965-02-16,Heeten,France,2024-10-14,Bronze,Yes
C002309,Liam,Roosenboom,avan-maasgouw@example.net,+31(0)55 0269701,Male,1957-08-31,Hulten,Germany,2025-10-25,Bronze,No
C002310,Jonathan,Terry,bloemendaaljelte@example.org,060-5204518,Female,1954-05-08,Tirns,Netherlands,2024-11-14,Silver,Yes
C002311,Noëlle,Rijks,tuithofnadia@example.org,+31(0)949 308165,Male,1988-10-09,Lageland,Belgium,2025-11-25,Bronze,Yes
C002312,Muhammed,Nieuwstraten,victorde-plantard@example.net,0975-874146,Female,1999-11-17,Papenhoven,France,2026-04-04,Gold,No
C002313,Yasmine,Schellekens,wouterselena@example.com,+3155-0422258,Male,1983-01-25,Sint Kruis,Germany,2023-11-22,Bronze,Yes
C002314,Lisa,van Luxemburg,ehekker@example.com,+31471 375144,Male,1985-06-27,Hoge Hexel,France,2025-01-21,Silver,No
C002315,Nathan,de Man,xhuls@example.net,+31664 378149,Male,1980-01-07,Geeuwenbrug,Netherlands,2024-04-04,Platinum,No
C002316,Adriana,Stoffelsz,van-de-waterjob@example.org,(0831)-157112,Male,2006-04-17,Nijkerkerveen,Belgium,2026-05-12,Bronze,Yes
C002317,Sam,van Noort,vermeulencornelis@example.net,+31(0)048 432018,Female,1997-09-23,Noordgouwe,Netherlands,2025-07-24,Bronze,Yes
C002318,Lex,Aeije,sander47@example.com,+31(0)775-915582,Female,2000-04-14,Kinderdijk,France,2025-11-30,Platinum,Yes
C002319,Fenna,Jonker,dachgeltjoel@example.org,+31(0)834-347947,Female,1978-12-13,Vrouwenparochie,Belgium,2023-09-10,Platinum,No
C002320,Jorn,Ketting,phaneberg@example.net,000 9805949,Male,2005-07-18,Scherpenisse,Germany,2024-10-29,Bronze,Yes
C002321,Dina,Verheij,lotvan-noort@example.com,+31(0)47-4529785,Female,1958-09-11,Eenrum,France,2025-09-02,Gold,No
C002322,Mark,Ligtvoet,omoet@example.com,040 1081662,Male,1965-12-09,Wierum,Belgium,2026-02-14,Gold,No
C002323,Cato,Geerling,gverhoeven@example.com,+31161-670420,Female,2002-01-28,Westerhoven,Netherlands,2026-04-28,Platinum,No
C002324,Bryan,Dijkstra,whelmerhorst@example.com,+31(0)54 2719758,Male,1981-12-25,Schettens,France,2024-11-23,Platinum,No
C002325,Raf,Momberg,de-haasbente@example.net,0345-483891,Male,1991-07-07,Vries,Netherlands,2025-04-17,Gold,No
C002326,Fenna,Otte,riley81@example.org,+31(0)77-8337456,Female,1980-05-13,Rotstergaast,France,2026-02-10,Gold,No
C002327,Joey,Fortuyn,van-emmelencasper@example.com,(0710)-954923,Male,1997-12-25,Noordgouwe,Belgium,2023-12-08,Gold,Yes
C002328,Fenna,Luster,van-nimwegenpepijn@example.net,0303 464434,Male,1964-08-03,Bocholtz,Germany,2024-12-13,Silver,Yes
C002329,Maurits,Bruijne van der Veen,van-den-broeklieve@example.net,+31(0)81 0033034,Female,1963-05-18,Stuifzand,France,2026-06-28,Silver,No
C002330,Senna,Hehl,yasminezwijsen@example.net,013-0449240,Female,1983-06-07,Teuge,France,2023-11-03,Gold,No
C002331,Ali,Lafleur,boogaertscornelis@example.org,+3179-7099151,Male,1952-01-18,Overschild,Belgium,2026-04-23,Platinum,Yes
C002332,Benthe,Blokland,iwillems@example.org,+3164 4607398,Female,1984-05-14,Exmorra,Netherlands,2023-08-05,Gold,Yes
C002333,Tijmen,Postma,mustafa75@example.net,(0825)-621455,Male,2006-01-27,Werkendam,Belgium,2023-10-16,Platinum,No
C002334,Liv,Amalrada,silvan-ooste@example.org,+3129 5231441,Female,2001-10-15,De Kiel,France,2025-10-06,Gold,No
C002335,Milo,Haring,guus05@example.net,+3113 6432126,Female,2007-09-05,Roggel,Germany,2026-03-29,Gold,Yes
C002336,Megan,Wever,yasminspies@example.com,+31595-694121,Male,1985-10-25,Westbeemster,Germany,2024-01-17,Platinum,No
C002337,Kyano,Waardeloo,artsmara@example.com,+31(0)782 596715,Male,1999-11-04,De Pol,Netherlands,2025-01-12,Silver,Yes
C002338,Jake,van Drenthe,imkereijers@example.com,(033)-9006517,Female,2007-11-05,Bornerbroek,Netherlands,2026-02-19,Silver,No
C002339,Liam,Westermann,nvan-de-coterlet@example.net,+31(0)12 0377532,Male,1975-10-19,Hank,Germany,2026-02-05,Silver,No
C002340,Kiki,Huberts,smitsbritt@example.com,+31(0)415-908307,Male,2000-07-30,Nunspeet,France,2024-01-06,Bronze,Yes
C002341,Michelle,van den Nuwenhijsen,wilsonzoey@example.net,+31743-114609,Male,2001-04-25,Baarland,Belgium,2025-12-24,Gold,No
C002342,Giovanni,Arts,hidde28@example.org,+3153-3062052,Female,2001-07-07,Donderen,Netherlands,2024-02-26,Silver,No
C002343,Senna,Boetet,tessa05@example.com,008 0330235,Female,1952-09-10,Leersum,Belgium,2025-12-08,Gold,No
C002344,Daan,le Guellec,xkleibrink@example.com,(022)-7827903,Female,1968-10-18,Valkenswaard,France,2023-11-09,Bronze,Yes
C002345,Sander,Flink,ivan-der-wal@example.com,+31207-350749,Female,1992-05-02,Augustinusga,Belgium,2025-10-25,Silver,Yes
C002346,Anne,Vaessen,pimde-heer@example.com,(051) 3140174,Female,1979-02-02,Middelharnis,France,2024-01-18,Silver,No
C002347,Pim,van Enschot,tijmenvan-es@example.org,0212 313146,Male,1973-03-19,Wijk en Aalburg,Belgium,2026-04-20,Gold,No
C002348,Matthijs,Mahieu,nielsschipper@example.com,0965 110050,Female,1986-04-22,Stedum,France,2025-09-25,Silver,Yes
C002349,Mara,Groote,zakariaheribert-van-laon@example.net,+31508-925296,Male,1966-05-11,Hollandsche Rading,Germany,2023-12-24,Platinum,Yes
C002350,Aya,Mathol,aaliyah30@example.com,0993 802321,Male,1985-08-30,Sauwerd,Belgium,2026-02-11,Platinum,No
C002351,Tirza,Schakelaar,van-spreeuwelayoub@example.net,+31571-116338,Male,1951-01-07,Arkel,Belgium,2024-02-22,Bronze,No
C002352,Lucy,Huijzing,brian35@example.net,+3195 2180921,Male,1982-10-25,Amstenrade,France,2026-07-12,Bronze,Yes
C002353,Lindsey,Simonis,esteyeliza@example.com,+31806 847918,Male,1988-01-05,'t Loo Oldebroek,Netherlands,2024-07-03,Bronze,Yes
C002354,Lucas,van Arkel,danique91@example.org,(078) 7824478,Male,1977-02-06,Drouwenermond,Netherlands,2025-11-29,Bronze,Yes
C002355,Tijn,Koster,yassingroenendaal@example.org,0819-641370,Female,1986-09-23,Oploo,France,2023-12-19,Gold,Yes
C002356,Karlijn,Lagerweij,broekhovenfleur@example.org,+31763 844068,Female,2007-06-20,Lambertschaag,France,2023-09-24,Bronze,Yes
C002357,Aaliyah,Miltenburg,henric-van-den-nuwenhuselisanne@example.net,+31791 460441,Female,1987-02-24,Weiteveen,Germany,2024-10-10,Silver,Yes
C002358,Kian,Berends,loeshondeveld@example.org,0869 661910,Male,1997-11-10,Rhee,Belgium,2023-08-13,Silver,Yes
C002359,Lenn,Cammel,maja62@example.net,095 0500993,Female,1947-02-15,Enkhuizen,Netherlands,2023-11-19,Gold,Yes
C002360,Jorn,Lamore,kirpensteintara@example.com,+31(0)492 568964,Female,1974-02-02,Siddeburen,France,2024-09-20,Bronze,Yes
C002361,Dirk,van Beaumont,evelien81@example.org,+31197 383920,Female,2006-08-15,Snakkerburen,France,2026-03-03,Silver,Yes
C002362,Aiden,de Wit,qpieters@example.net,+31(0)812 697711,Male,1979-05-07,Heeze,Netherlands,2024-11-05,Gold,No
C002363,Bjorn,Steenbakkers,mika90@example.com,(018) 6164010,Male,1997-03-20,Stoutenburg,Netherlands,2023-11-07,Silver,No
C002364,Sven,de Plantard,bmulder@example.org,+3192 2332185,Female,1950-08-06,Gelselaar,Belgium,2024-02-15,Platinum,No
C002365,Lynn,van 't Erve,takkelenburgangelina@example.com,+31(0)247 619185,Male,2004-11-20,Grathem,France,2025-02-07,Silver,No
C002366,Jayson,Ligtvoet,nathan28@example.org,+31(0)14-1819365,Female,1960-06-11,Oldebroek,Netherlands,2024-11-14,Platinum,Yes
C002367,Mirte,Bresé,jacobverbruggen@example.org,(016) 4975421,Female,1978-12-24,Giethoorn,Germany,2025-10-15,Silver,Yes
C002368,Indy,van Nus,broederskeano@example.net,+31(0)47-4400391,Male,2007-12-14,Vroomshoop,Belgium,2023-11-12,Platinum,No
C002369,Yusuf,Jacobi,skronenberg@example.org,+31758 542653,Male,1963-05-05,Bruinehaar,France,2025-12-18,Bronze,Yes
C002370,Maria,Adriaensdr,maryamvan-der-linden@example.net,+3126-5124589,Male,2005-02-25,Spijk,France,2023-09-04,Silver,No
C002371,Olaf,van Veen,pieters-van-der-maeslukas@example.org,+31220-858005,Male,1973-04-24,Feanwâlden,France,2025-11-23,Platinum,Yes
C002372,Romy,Zuidweg,joostensenna@example.org,+31(0)42-4809180,Male,1987-05-27,Oude Niedorp,Belgium,2024-07-28,Platinum,Yes
C002373,Bjorn,Gnodde,myrthe00@example.org,+31(0)33-5655467,Male,1998-10-02,Poppenwier,Netherlands,2024-11-22,Platinum,No
C002374,Senna,Pastoors,amelieneuzerling@example.net,(0196)-024775,Female,1979-07-24,Demen,Netherlands,2023-10-30,Silver,No
C002375,Jonathan,van Wijland,korstmanecrin@example.com,+31(0)008 845873,Female,2006-05-31,Culemborg,Germany,2024-04-16,Gold,No
C002376,Niek,Ridder,sjoerdhollander@example.net,+31(0)96 4662205,Male,1978-01-17,Kapelle,Netherlands,2025-04-14,Gold,Yes
C002377,Ella,Cant,eline07@example.net,+31(0)751-378609,Female,1950-06-01,Eesterga,Germany,2026-02-03,Bronze,No
C002378,Dylan,Moenen,bveenendaal@example.com,(0462)-839048,Female,1983-04-19,Meliskerke,Germany,2024-05-03,Gold,Yes
C002379,Puk,Vermeulen,mariade-keijzer@example.org,+3194 2762356,Male,1978-12-17,Hollum,Netherlands,2025-07-10,Silver,Yes
C002380,Vigo,Scholten,iris14@example.net,+3113-3239012,Female,1985-09-02,Schagen,France,2025-05-19,Silver,Yes
C002381,Floris,Wilson,marijnariens-ansems@example.net,+31(0)525-932974,Female,1958-09-15,Waskemeer,Germany,2025-02-19,Bronze,Yes
C002382,Renske,Kwaadland,pippaphillipsen@example.com,0186-066357,Male,1953-03-15,Geersdijk,France,2023-11-06,Gold,Yes
C002383,Faye,Vrancken,jayden75@example.org,0765 402520,Male,1966-06-14,Nieuwdorp,Germany,2025-04-14,Gold,Yes
C002384,Lex,Scholten,texiervince@example.net,073-5108200,Female,1969-10-24,Warfhuizen,France,2025-04-25,Platinum,Yes
C002385,Felix,Heymans,hfiere@example.org,(012)-1963530,Female,2005-09-26,Kloosterhaar,France,2024-05-02,Platinum,Yes
C002386,Ibrahim,die Pelser,ruttenaaron@example.net,011 5402945,Female,1961-01-10,Wekerom,Belgium,2025-05-07,Silver,No
C002387,Florian,Scholten,sven15@example.net,+31(0)12-6099632,Male,1977-04-03,Weiteveen,Belgium,2026-07-02,Silver,No
C002388,Giovanni,Marchal,dvan-brenen@example.org,+31(0)715-528904,Male,1971-10-15,Ulestraten,Belgium,2024-03-19,Platinum,No
C002389,Yasmine,Broeckx,uvegt@example.com,+3194-6628050,Female,1948-08-20,Nagele,Germany,2025-03-25,Silver,No
C002390,David,Lieshout,verschuerejill@example.com,+31(0)298-707415,Female,1979-12-05,Casteren,Netherlands,2023-10-20,Gold,Yes
C002391,Guusje,van 't Riet,pepijn06@example.net,+3133-0817780,Male,1969-03-22,Donkerbroek,France,2025-03-29,Gold,Yes
C002392,Kiki,Berendse,tvan-dalem@example.org,(0304)-548658,Female,1958-01-17,Grootschermer,Netherlands,2025-03-06,Platinum,Yes
C002393,Mees,ter Waarbeek,mikasanders@example.org,002 5366716,Female,1951-06-19,Werkhoven,Belgium,2024-03-28,Platinum,No
C002394,Jason,Neuteboom,rvan-boulogne@example.com,+31(0)33 6218288,Female,1956-06-21,Epse,Germany,2024-11-23,Gold,No
C002395,Adam,Bekbergen,ymeis@example.org,+31(0)30-3416782,Female,1967-12-10,Nieuw-Lekkerland,Belgium,2024-09-23,Silver,No
C002396,Fleur,Meeusen,van-der-meerluka@example.net,+31(0)230-951415,Female,1979-08-29,Tienhoven,Netherlands,2024-01-04,Platinum,Yes
C002397,Daniel,Woudenberg,lisevan-der-heiden@example.org,+31(0)013-147802,Male,1988-08-11,Alphen aan den Rijn,Germany,2026-07-01,Silver,No
C002398,Nisa,van den Berg,isisaertsz@example.org,(0234)-907906,Male,1948-01-18,Vinkel,Germany,2024-06-24,Platinum,Yes
C002399,Danique,Smith,esteyjulian@example.net,0215-552541,Male,1974-01-13,Zuurdijk,France,2025-05-09,Bronze,Yes
C002400,Rick,de Hoogh,joris53@example.net,+3193-2186454,Female,1970-05-12,Kortehemmen,France,2026-01-12,Platinum,No
C002401,Jelte,Veenstra,maryam65@example.net,0728-231569,Female,1977-02-01,Noordeinde Gld,France,2025-06-08,Silver,Yes
C002402,Gijs,van der Ven,corneliszdina@example.org,+31(0)70 8805881,Male,1956-03-26,Hempens,France,2023-08-17,Gold,Yes
C002403,Rowan,Vergeer,eadryaens@example.net,0341 100553,Male,1965-04-28,Ouderkerk aan den IJssel,Germany,2024-10-30,Platinum,No
C002404,Elias,Tirie,mirte46@example.org,+31(0)974 410496,Male,1978-12-15,Zurich,France,2023-09-20,Bronze,Yes
C002405,Hailey,Briere,schroefftygo@example.com,+3101 6046209,Female,1995-06-25,Koufurderrige,Belgium,2024-02-11,Bronze,Yes
C002406,Puck,Koning,matthijsde-jager@example.net,(0895)-691458,Male,1976-08-31,Biervliet,France,2025-07-11,Bronze,No
C002407,Kyara,Jones,bolkesteijndewi@example.com,045 0251084,Female,1950-02-21,Aalsum,Germany,2023-10-25,Bronze,No
C002408,Dina,van de Biesenbos,aiden15@example.net,+3107-8637428,Male,1989-08-28,Ooij,Germany,2025-08-11,Gold,No
C002409,Elizabeth,Gepa van Bourgondië,leah05@example.net,+3185 1179900,Male,1977-10-07,Engwierum,France,2023-12-20,Bronze,Yes
C002410,Dewi,Tins,jbelpere@example.org,+31998-997335,Male,1986-05-05,Sellingen,Netherlands,2026-03-31,Silver,Yes
C002411,Imke,Oosterhout,brittvan-nederlotharingen@example.org,(035) 8458176,Female,1998-11-27,Sappemeer,France,2024-02-20,Bronze,No
C002412,Daniël,der Kijnder,ezwart@example.com,+31521 132366,Female,1949-10-06,Hellevoetsluis,France,2025-09-24,Bronze,Yes
C002413,Dina,Rubben,de-bruynjanne@example.org,+3127-1193435,Male,1949-09-13,Millingen aan de Rijn,Germany,2023-12-02,Platinum,No
C002414,Nathan,Kwaadland,kaylee82@example.com,+3123-9723486,Female,2005-01-23,Eagum,France,2025-07-22,Bronze,No
C002415,Nova,Bave,janssemax@example.org,(025) 1966777,Male,2001-09-27,Zoutkamp,Belgium,2024-11-02,Platinum,Yes
C002416,Robin,van der Brink,steinmeiernmaxim@example.com,064 1334005,Male,1965-08-28,Katwijk NB,Netherlands,2024-07-05,Gold,Yes
C002417,Seth,van der Meulen,wdriessen@example.net,+31964-041505,Female,1987-01-16,Baneheide,Belgium,2024-07-26,Silver,No
C002418,Ceylin,die Witte,ycoret@example.org,(099) 7584988,Male,1985-09-10,Hensbroek,Germany,2025-05-09,Bronze,No
C002419,Nora,van Suinvorde,fayesire@example.org,+31581 880179,Male,1953-09-22,Benneveld,Belgium,2025-06-21,Bronze,No
C002420,Sten,Henric van den Nuwenhuse,benjamin42@example.net,+31(0)09-3600528,Female,1979-08-08,Gouda,Germany,2025-07-05,Silver,No
C002421,Naomi,Verschuere,haackisabella@example.org,031-9333591,Male,1970-04-01,Ane,France,2023-08-17,Gold,Yes
C002422,Olivier,Galenzone,zaalts@example.com,+31(0)120-628981,Female,2001-03-06,Mariahout,France,2025-08-27,Gold,Yes
C002423,Maya,den Haag,lambregtesmee@example.com,0556-800040,Male,1957-02-04,Hoedekenskerke,Netherlands,2026-04-28,Bronze,Yes
C002424,Amina,van Boulogne,cadefaubenthe@example.org,+31003-527447,Male,1977-09-15,Bergeijk,Germany,2023-11-12,Silver,No
C002425,Imran,Adriaansen,fde-jager@example.org,+31610 915212,Female,2002-07-04,Heerlen,Germany,2026-07-18,Gold,No
C002426,Jens,van Laar,milavertooren@example.org,049-9488038,Male,1995-07-11,Haastrecht,France,2024-07-27,Gold,Yes
C002427,Elena,Mater,krabbebas@example.com,+31(0)31 2853826,Female,1984-02-07,Nieuw Annerveen,France,2026-03-11,Silver,Yes
C002428,Wesley,van Vlaanderen,davevan-beeck-beeckmans@example.net,+31638-354150,Male,1957-03-26,Wittelte,Netherlands,2024-07-12,Gold,Yes
C002429,Fabian,'s Gravensande,spaansimon@example.com,+31(0)27-3499340,Male,1980-12-13,Burgwerd,Netherlands,2025-07-05,Bronze,Yes
C002430,Kevin,de Vries,duukjansen@example.org,+31692-020091,Male,1953-03-23,Driezum,France,2024-10-22,Silver,Yes
C002431,Mette,de Leeuw,maeije@example.com,+31181-725595,Female,1959-09-25,Hooge Mierde,Netherlands,2025-07-12,Gold,No
C002432,Lauren,Dircken,joshuahoudijk@example.org,059 3138324,Male,1978-03-14,Baarland,Belgium,2024-01-30,Platinum,Yes
C002433,Bram,Verharen,ibruijne-van-der-veen@example.com,(043)-4227470,Male,1958-05-17,Tilburg,Germany,2025-04-08,Platinum,No
C002434,Daniël,Klein,nblonk@example.org,+31(0)908 402879,Male,1995-12-05,Driel,France,2025-03-30,Platinum,No
C002435,Jolijn,Stinis,van-maarenmick@example.net,+31143 174759,Female,1981-12-23,Heythuysen,Germany,2024-05-10,Platinum,Yes
C002436,Thijs,Huisman,leon79@example.org,(0409) 579079,Female,2001-10-31,Dalfsen,Netherlands,2024-09-08,Platinum,Yes
C002437,Job,Die Bont,sbeijring@example.org,+31(0)41-8371231,Female,1963-12-12,Harkema,France,2024-03-14,Bronze,No
C002438,Megan,Bastiaense,joshua83@example.org,+31(0)75 0086528,Female,1982-07-25,Oosterwijk,Netherlands,2026-01-11,Silver,No
C002439,Puk,Hemma van Allemanië,lieke27@example.org,(002)-7686040,Female,1961-06-21,Elahuizen,Germany,2025-07-28,Platinum,No
C002440,Milou,van 't Houteveen,karlijn73@example.net,+3148-4935162,Male,1971-02-23,Hoogblokland,France,2024-03-25,Silver,Yes
C002441,Thijs,Woudenberg,majabarents@example.org,007-5782834,Male,1968-01-14,Midwolda,France,2025-12-18,Platinum,Yes
C002442,Lizz,van Allemanië,aydenadriaense@example.org,(081) 6936790,Female,1962-03-30,Sandfirden,France,2024-11-03,Platinum,No
C002443,Emir,Bruijne van der Veen,van-heusdeniris@example.org,051 6712147,Female,1974-04-17,Geulle,Germany,2025-06-15,Gold,No
C002444,Demi,Koster,wouter50@example.net,+31(0)69 1014433,Male,1989-03-15,Budel-Schoot,Belgium,2025-06-21,Gold,Yes
C002445,Tygo,Vergeer,lenaprinsen@example.net,+31390-250581,Male,2002-07-06,Ellecom,Germany,2024-08-22,Platinum,Yes
C002446,Puk,van Leeuwen,ovan-berkel@example.org,+31(0)32 6846463,Male,1955-06-28,Alteveer gem Hoogeveen,Netherlands,2026-03-12,Bronze,Yes
C002447,Mark,Pieters van der Maes,lemmenspieter@example.net,(008)-7115258,Male,1966-10-23,Nieuwaal,Netherlands,2024-03-20,Silver,No
C002448,Tobias,Rackham,fem38@example.net,(0267) 696556,Female,1970-02-24,Doniaga,Netherlands,2026-07-23,Bronze,No
C002449,Noortje,Huisman,melle63@example.com,+31(0)119-606126,Male,1955-08-03,Harkema,Belgium,2024-02-12,Silver,No
C002450,Youssef,Pierson,casper88@example.net,(0355)-189716,Male,1997-03-24,Rotsterhaule,Netherlands,2026-04-18,Silver,No
C002451,Sophie,Joosten,florianvan-munster@example.com,(0427) 973843,Female,1984-07-22,'s-Hertogenbosch,France,2026-03-28,Silver,No
C002452,Tess,van Nes,van-wickerodetirza@example.net,+3183 0123852,Male,1978-05-08,Beerzerveld,Belgium,2024-06-04,Platinum,No
C002453,Lois,Pieters,yblonk@example.org,0794 889550,Male,1962-02-14,Huis ter Heide,Belgium,2024-08-01,Silver,No
C002454,Britt,Zuijdveld,joostelsenaar@example.com,+3150 4452204,Male,1990-09-09,Waalwijk,Netherlands,2025-05-05,Bronze,Yes
C002455,Bas,van Susa,thijs35@example.com,+3100-1799250,Male,2007-12-31,Oude-Tonge,Netherlands,2025-05-14,Silver,Yes
C002456,Rosalie,Lelijveld,beourgeoisberat@example.org,+31953 601590,Male,1948-11-12,Burdaard,Germany,2024-07-26,Silver,Yes
C002457,Maryam,Cornelissen,maximvan-waas@example.org,+31(0)590-225466,Female,1998-06-18,America,Germany,2025-07-17,Bronze,Yes
C002458,Kate,de Bruijn,jadriaense@example.org,(0264) 790509,Female,1982-11-11,Andel,Belgium,2024-01-13,Platinum,No
C002459,Lois,Steenbeek,yassin43@example.org,+31579 082545,Male,1991-06-27,Maarheeze,Netherlands,2025-12-09,Silver,Yes
C002460,Merel,Wilmont,masonverboom@example.com,+3139 6799336,Female,1977-10-17,Goëngahuizen,Germany,2024-08-02,Platinum,Yes
C002461,Koen,Overdijk,lotte12@example.org,+31(0)49-5333569,Female,1990-08-02,'s-Graveland,Netherlands,2023-08-10,Silver,No
C002462,Aya,van Enschot,rvan-dokkum@example.net,+3161-9618099,Male,1995-12-06,Nieuw-Weerdinge,Germany,2025-12-16,Bronze,Yes
C002463,Mirte,van Brenen,hulstjort@example.com,+31747 965213,Male,1989-12-17,Kattendijke,Germany,2026-04-18,Platinum,No
C002464,Finn,van der Smeede,hanegraaffsophie@example.org,0504-851942,Female,1999-03-29,Niftrik,Germany,2025-07-02,Gold,No
C002465,Maartje,Stettyn,lunaserra@example.com,(0215)-139782,Female,1970-07-05,Beerzerveld,Belgium,2024-11-24,Platinum,No
C002466,Isabel,van Leeuwen,jorisdie-witte@example.com,+3192 8176471,Male,1987-10-14,Grathem,Belgium,2025-06-02,Silver,No
C002467,Amira,van Gils,mauritspeterse@example.com,+31318-502972,Female,1967-03-08,Eursinge,Germany,2025-12-19,Silver,Yes
C002468,Elias,Vos,sandervan-breukelveen@example.com,+31(0)329 135613,Male,1970-11-30,Bergen op Zoom,Belgium,2024-03-09,Gold,No
C002469,Sienna,le Briel,daan64@example.org,0640 486746,Female,2003-06-02,Finsterwolde,Germany,2026-05-22,Bronze,No
C002470,Max,Beekman,emma95@example.com,+31032-183323,Female,1959-08-03,Sexbierum,Netherlands,2026-07-25,Silver,Yes
C002471,Jelle,Schipper,erhoutfloortje@example.net,(083) 3666571,Female,1950-05-24,Ell,Germany,2025-11-11,Bronze,Yes
C002472,Lizz,van Salm,joeyvertoor@example.com,+31(0)110 546235,Male,2005-10-03,Drogeham,Netherlands,2023-10-09,Gold,Yes
C002473,Dina,Werdes,jbruggeman@example.org,(032)-1683929,Female,1969-08-06,Maasland,Germany,2025-05-03,Platinum,No
C002474,Renske,van der Velde,yde-kale@example.com,0649-081031,Female,1981-11-22,Giessen,Belgium,2024-10-02,Silver,No
C002475,Sepp,den Haag,noortjeberendse@example.org,+3121-9253660,Male,1976-03-08,'t Harde,Netherlands,2024-04-22,Silver,Yes
C002476,Jason,Recers,sarah47@example.org,(0577) 148784,Female,2004-08-23,Gemert,France,2024-06-23,Bronze,Yes
C002477,Anna,Mater,samde-smit@example.com,(0508) 944729,Male,1995-11-01,Hindeloopen,Belgium,2026-04-08,Silver,Yes
C002478,Elena,Ernst,bentehuls@example.org,075-9268771,Female,1972-07-05,Spier,Belgium,2025-05-04,Platinum,No
C002479,Joshua,Hoelen,noravan-arnsberg@example.com,+31(0)61 6930523,Female,1950-07-27,Horssen,France,2024-06-03,Gold,No
C002480,Ryan,Waltrade Walderade,rehorstdanique@example.net,+31(0)721 037338,Male,1979-03-11,Castenray,Germany,2024-09-20,Silver,No
C002481,Jens,van Bunschoten,zara87@example.net,+31(0)66-1518374,Female,1947-04-30,Haalderen,Netherlands,2024-08-02,Bronze,Yes
C002482,Anouk,den Haag,nadiauphus@example.com,+31429 171625,Male,1959-08-08,Gorredijk,Netherlands,2026-01-31,Platinum,No
C002483,Maaike,Brizee,de-keijserdean@example.net,+31(0)75 7916283,Female,1988-05-17,Vollenhove,Netherlands,2024-07-01,Gold,Yes
C002484,Hamza,Noordijk,vigo20@example.org,+31(0)12 2364057,Male,1983-09-11,Koewacht,Germany,2026-03-14,Bronze,No
C002485,Vajèn,Levesque,zakariauit-de-willigen@example.com,095 4203991,Female,2000-01-17,Vogelwaarde,Germany,2025-02-15,Silver,Yes
C002486,Amélie,Zwijsen,nisa48@example.org,+31(0)53-6699670,Female,1978-05-10,Firdgum,Germany,2024-01-27,Gold,Yes
C002487,Tirza,de la Fleche,johanna99@example.net,048 8960539,Male,1961-04-23,Haarle,Belgium,2025-03-27,Silver,Yes
C002488,Jens,Vertoor,jordyjansen@example.net,0018-355951,Female,2001-04-13,Dwingeloo,France,2024-11-03,Gold,Yes
C002489,Ibrahim,Engels,mustafavan-velthoven@example.net,+31(0)646 780106,Male,1991-05-18,Lopikerkapel,France,2025-09-30,Platinum,No
C002490,Aiden,Lagerweij,pvervoort@example.net,+31(0)549 332266,Male,1976-02-17,Stedum,Belgium,2025-04-29,Platinum,No
C002491,Ian,van der Velden,sophiamulders@example.net,0889 472079,Female,1994-05-01,Oudewater,Netherlands,2023-08-02,Bronze,Yes
C002492,Jelte,van Nes,van-der-loonaud@example.org,066-3204880,Female,1977-03-19,Naaldwijk,Netherlands,2024-05-20,Bronze,Yes
C002493,Liv,van Breukeleveen,aimee51@example.org,+31373 470417,Male,1997-02-15,Oranje,Germany,2024-09-18,Bronze,Yes
C002494,Sepp,van Herstal,bsimons@example.net,+31536-383064,Male,1985-02-13,Graft,Belgium,2025-01-11,Gold,Yes
C002495,Elena,de Haas,julesklein@example.net,095-6289480,Male,2007-05-25,Haler,France,2023-10-05,Gold,Yes
C002496,Cornelis,Koeman,maria04@example.com,(0569) 561363,Male,2006-11-30,Purmerend,Germany,2025-12-05,Gold,No
C002497,Melle,Pons,mustafa44@example.com,002 2797055,Male,1952-01-17,IJmuiden,France,2025-11-19,Gold,No
C002498,Mirthe,Strijker,de-manyara@example.net,(0973) 147571,Male,1963-04-20,Beuningen,Belgium,2024-04-14,Bronze,Yes
C002499,Lorenzo,Ketel,vertoorenvalentijn@example.org,(070) 6096631,Female,1990-04-19,Visvliet,Netherlands,2025-10-15,Silver,Yes
C002500,Job,Schellekens,van-den-berganne@example.net,023-9645504,Male,1949-04-07,Mierlo,Germany,2024-09-23,Platinum,No
C002501,Bastiaan,Jansse,esmee79@example.net,(054)-6882485,Male,1994-10-15,Oostzaan,Belgium,2023-11-26,Bronze,Yes
C002502,Vajèn,Langevoort,maaike43@example.org,036 2660959,Female,1997-05-25,Windraak,France,2024-04-05,Bronze,Yes
C002503,Giel,Coreth von und zu Coredo und Starkenberg,sebastiaan32@example.com,(096)-1364956,Male,1989-07-16,Sirjansland,France,2024-12-13,Platinum,Yes
C002504,Imran,Walsteijn,evi12@example.com,(020) 3905073,Male,1969-07-09,Herveld,Netherlands,2023-10-27,Silver,No
C002505,Lily,van Ommeren,joostligtvoet@example.org,+3176-9879772,Male,2002-02-10,Zuiderwoude,Belgium,2023-10-02,Silver,Yes
C002506,Daphne,van Bruchem,jespervan-den-corput@example.org,054-3681049,Female,1992-06-19,Driezum,Germany,2026-07-13,Platinum,Yes
C002507,Tycho,die Pelser,rayanbertho@example.net,(0667) 639938,Female,1997-12-06,Glane,Netherlands,2025-12-31,Platinum,No
C002508,Puck,Bruggeman,janadriaense@example.org,+31(0)67 3691263,Male,1954-12-13,Westbeemster,Germany,2026-01-17,Silver,No
C002509,Joey,Galenzone,boesermicha@example.net,(074) 3918884,Male,1995-02-15,Wommels,Belgium,2024-07-24,Silver,Yes
C002510,Thijmen,Schagen,bibi32@example.com,+31(0)297 615606,Male,1982-09-10,Kuitaart,France,2025-07-20,Bronze,No
C002511,Vajèn,Veltman,van-kempendex@example.org,+31(0)39 5937167,Male,1966-09-22,Budel-Dorplein,Netherlands,2025-01-10,Bronze,No
C002512,Luc,Shupe,liviafortuyn@example.org,+31(0)714-281406,Female,1963-09-20,Kalenberg,Germany,2025-01-17,Silver,No
C002513,Abel,Bresse,broederssenna@example.org,+31110-142061,Female,1953-04-26,Anevelde,Germany,2024-02-22,Bronze,No
C002514,Madelief,Weeldenburg,mvan-limburg@example.com,+31(0)84-7457405,Male,1947-08-21,Keent,Netherlands,2024-11-05,Silver,No
C002515,Elif,Erhout,yspruyt@example.net,+31(0)763-559464,Female,1954-11-05,Vlaardingen,Belgium,2025-11-28,Bronze,No
C002516,Naud,Vial,maarten44@example.net,(0331) 101296,Female,1995-02-24,Elspeet,Belgium,2025-06-08,Gold,Yes
C002517,Joshua,van de Wiel,pvan-den-assem@example.com,015 8597369,Female,2002-02-10,Hegelsom,Belgium,2025-03-10,Platinum,No
C002518,Mason,Stoffel,le-grandstijn@example.net,(0266) 120145,Female,1958-07-02,Venlo,Germany,2024-04-11,Platinum,Yes
C002519,Anna,van Saksen,wfremie@example.net,(0290) 376793,Male,2002-02-12,Vethuizen,Netherlands,2026-06-21,Bronze,Yes
C002520,Luke,Vergeer,kyara60@example.com,+31(0)917 211351,Male,1968-10-24,Obdam,Germany,2024-02-03,Silver,Yes
C002521,Lotte,van der Linden,opasman@example.org,(013) 5616265,Male,1949-05-09,Hunsel,Belgium,2024-05-02,Bronze,Yes
C002522,Kick,Riem,yvan-de-greef@example.com,(0161)-598811,Female,1968-07-01,Raamsdonksveer,Germany,2024-12-12,Platinum,No
C002523,Lotte,Duivenvoorden,kleybrinkluc@example.org,(026) 2546728,Female,1980-07-07,Wijckel,Netherlands,2025-10-21,Platinum,Yes
C002524,Aaron,Wutke,juliawoutersz@example.org,+31(0)894-638266,Female,1985-01-24,Hoek van Holland,Netherlands,2025-03-13,Silver,No
C002525,Bo,Potters,ivan-clootwijck@example.net,048-8228491,Female,1961-06-22,Uitwellingerga,Netherlands,2025-07-25,Silver,Yes
C002526,Nova,'s Gravensande,merijn30@example.com,+31(0)11 1374292,Female,1954-04-24,Nieuwehorne,Belgium,2025-10-14,Gold,Yes
C002527,Sam,Lansink,dean67@example.org,+31(0)914 089873,Female,1968-08-26,Waspik,Belgium,2025-12-05,Bronze,No
C002528,Sanne,Vertoor,sepp86@example.org,(0925)-666653,Female,1998-07-02,Son en Breugel,Germany,2025-02-25,Silver,No
C002529,Pleun,Lommert,van-welkaylee@example.org,+31(0)79-2780276,Male,1979-11-21,Gelderswoude,Netherlands,2025-05-07,Bronze,No
C002530,Anne,van den Nuwenhuysen,kkort@example.com,+31(0)241 004623,Male,1993-02-15,Cadier en Keer,Belgium,2025-12-17,Bronze,No
C002531,Ibrahim,van Oosten,de-grusonemma@example.com,+31061-085868,Male,2000-10-30,Badhoevedorp,Belgium,2024-03-11,Gold,No
C002532,Niels,Kwaadland,egrondel@example.net,+31531-975442,Male,1990-07-05,Zuurdijk,Netherlands,2025-07-02,Bronze,Yes
C002533,Amina,Ariens,rvan-olst@example.net,(015) 5037807,Male,1984-08-12,Emmer-Compascuum,France,2024-10-08,Gold,Yes
C002534,Ayoub,van Ghoerle,lucalabado@example.org,+31(0)419-067810,Female,1966-09-09,Hommerts,France,2025-08-22,Gold,No
C002535,Lynn,van Veen,mick81@example.net,(0742) 521764,Female,2007-10-06,Lauwersoog,France,2023-09-10,Silver,Yes
C002536,Thijs,Berendse,lois60@example.org,+31(0)657 536673,Female,1991-10-03,Nieuwehorne,France,2025-03-21,Bronze,No
C002537,Tygo,Uphuis,femke22@example.net,035 3910673,Male,1975-10-31,Honselersdijk,France,2026-02-02,Bronze,No
C002538,Brian,Uittenbosch,godfrey-van-alemannieyara@example.org,+3119 6697952,Male,1960-06-05,Laag Zuthem,Belgium,2025-09-28,Silver,Yes
C002539,Dewi,Klein,cvan-den-nuwenhijsen@example.org,0645-992148,Male,2004-07-14,Waverveen,France,2024-11-03,Bronze,No
C002540,Senn,van der Mast,rbosman@example.org,+31(0)411 026823,Male,1992-12-08,'s-Heerenbroek,Germany,2026-03-11,Gold,Yes
C002541,Tess,Groenendaal,qvan-de-wal@example.org,002-8315383,Female,2000-12-06,Reahûs,Belgium,2025-07-11,Bronze,No
C002542,Jelle,van Kuijc van Malsen,ude-keijser@example.org,062 7567808,Female,1990-10-04,'t Waar,Belgium,2024-09-14,Bronze,No
C002543,Selena,Woutersz,van-mareimran@example.com,009 2476873,Female,1990-07-21,Gassel,Netherlands,2026-02-05,Platinum,No
C002544,Rowan,Uittenbosch,sofie64@example.net,+31210 438212,Female,1982-08-02,Landerum,France,2024-01-17,Platinum,Yes
C002545,Jort,Gervais,hugo94@example.net,(0890)-834062,Female,1958-03-03,Halle,Belgium,2026-06-19,Bronze,No
C002546,Adriana,Merkx,sprongcornelia@example.org,(0601)-380584,Male,1949-12-30,Warstiens,Germany,2024-03-27,Silver,Yes
C002547,Sofia,van Mil,ibeourgeois@example.com,+3176 6131513,Female,1973-07-01,Diepenveen,Germany,2026-03-04,Gold,Yes
C002548,Liz,Vermeulen,esmeevan-den-velde@example.net,+31(0)128 351491,Female,1947-02-24,Cuijk,Netherlands,2026-02-19,Platinum,Yes
C002549,Hannah,van der Lede,leonwaltrade-walderade@example.net,+31(0)68 9902815,Female,1991-02-28,Biervliet,Belgium,2025-07-23,Platinum,No
C002550,Stef,van Es,kayleigh53@example.net,+31(0)285-320113,Male,1981-05-08,Swolgen,Netherlands,2024-12-02,Gold,No
C002551,Elin,Klein,zara07@example.org,+31(0)82 5061558,Female,2003-05-12,Nieuw-Vennep,Belgium,2024-05-01,Gold,Yes
C002552,Daphne,de Hoog,vincentbrugman@example.org,+31(0)066 808001,Female,2004-12-01,Kapelle,Belgium,2025-11-24,Bronze,No
C002553,Liz,Weijland,yeijkelboom@example.com,(054)-6303406,Female,1947-04-04,Den Bommel,Netherlands,2026-05-18,Silver,No
C002554,Gerrit,de Bruijn,cosmanashley@example.com,064 5233746,Male,2004-04-11,Schoondijke,Germany,2025-12-14,Platinum,No
C002555,Sander,Stichter,van-dalemkian@example.org,(0437) 120748,Male,1994-05-30,Helenaveen,Netherlands,2024-03-27,Bronze,Yes
C002556,Valentijn,Segerszoen,sscardino@example.com,+31(0)67-6227065,Female,1983-09-29,Mensingeweer,Belgium,2026-01-21,Bronze,Yes
C002557,Wesley,Maaswinkel,hgoedhart@example.net,(060)-5815028,Male,2008-05-01,Terwolde,Germany,2026-06-10,Silver,No
C002558,Jim,Middelkoop,van-susajosephine@example.org,0933-997495,Female,1947-03-21,Eelderwolde,Netherlands,2024-01-17,Platinum,No
C002559,Lieve,Wendt,daniel76@example.org,0832-074564,Female,1978-09-03,Ambt Delden,Germany,2025-03-21,Bronze,No
C002560,Rosalie,van Enschot,vgoyaerts-van-waderle@example.net,(0915)-683731,Female,1983-07-19,Marijenkampen,France,2023-09-11,Platinum,Yes
C002561,Aiden,Dubois,nisashupe@example.net,(095)-7700359,Male,1991-03-25,Nieuwerkerk,France,2024-11-24,Gold,Yes
C002562,Faas,de Beer,linavan-salmen@example.org,0823 770256,Male,1958-03-17,Broek op Langedijk,Belgium,2026-04-26,Silver,Yes
C002563,Lisa,van Vlaanderen,bierstratennaomi@example.net,0491-270257,Male,1960-01-11,Laag-Soeren,Netherlands,2024-06-22,Silver,No
C002564,Lenn,van der Spaendonc,van-bragtraf@example.org,0121 654906,Female,1969-03-07,Einighausen,Belgium,2025-07-09,Gold,Yes
C002565,Yfke,Spruit,xvan-mil@example.net,+31(0)32 1675484,Male,2001-03-27,Sellingen,Germany,2026-01-20,Silver,Yes
C002566,Elize,Ernst,milanvan-hostaden@example.com,(053) 3980846,Female,1965-12-04,Diever,Germany,2023-10-10,Bronze,Yes
C002567,Stefan,Blaak,elips@example.org,(0730)-224170,Male,1978-09-23,Sint Nicolaasga,Belgium,2025-01-10,Bronze,Yes
C002568,Sara,van 't Wel,verboomties@example.net,+3196-4841106,Female,1982-05-25,Harmelen,Germany,2024-05-19,Gold,Yes
C002569,Roos,van Beieren,angelina90@example.org,024 7614977,Male,1988-04-14,Warfstermolen,Germany,2026-05-08,Platinum,Yes
C002570,Adam,Bruijne van der Veen,stangoyaerts-van-waderle@example.com,+31087-010319,Male,1953-09-10,Montfoort,Belgium,2025-02-22,Silver,Yes
C002571,Linn,Vos,vigo44@example.org,+31(0)40-7468753,Male,1974-05-30,Den Ham,Germany,2024-01-13,Gold,Yes
C002572,Sami,de Marduras,ide-gratie@example.net,(0487)-588565,Female,1967-12-15,Asch,France,2025-03-30,Bronze,No
C002573,Lola,Pieters van der Maes,ablom@example.net,(045) 7028385,Female,1948-07-16,Klimmen,Germany,2023-10-14,Gold,No
C002574,Victor,Woudenberg,tvan-maaren@example.net,(019) 8155426,Male,1984-08-09,Geffen,Germany,2025-01-17,Platinum,No
C002575,Fien,van Formbach,ble-gallen@example.org,+31(0)92-7945804,Male,1951-03-22,Dinteloord,Belgium,2024-02-16,Platinum,Yes
C002576,Lindsey,van Tuijl,oprins@example.net,(032) 0145507,Male,1972-05-15,Riel,France,2023-09-30,Platinum,Yes
C002577,Kyra,Weeldenburg,gepa-van-bourgondiejolie@example.net,(088)-6692057,Male,1982-02-25,Kootwijkerbroek,Belgium,2025-05-06,Silver,No
C002578,Ibrahim,Langevoort,deanverheij@example.net,(019) 5529372,Female,1970-07-07,Leerbroek,Netherlands,2024-02-09,Silver,Yes
C002579,Yara,Muijs,lilyvan-wijk@example.org,+31(0)02-5136342,Female,1992-04-09,Firdgum,Belgium,2025-01-02,Bronze,Yes
C002580,Lucas,van Arkel,elenavan-ghoerle@example.org,+31267-006122,Female,1976-01-01,Oudenbosch,Germany,2025-03-30,Bronze,No
C002581,Noor,Schelvis,nweijland@example.org,043 2524264,Male,1960-06-06,Koudekerk aan den Rijn,Germany,2025-03-06,Platinum,No
C002582,Maartje,Vignon,pwinters@example.com,(015) 5708760,Male,1951-01-08,Zuna,Netherlands,2024-04-07,Bronze,No
C002583,Sep,Le Marec,ottearon@example.net,+3123-6566242,Female,1986-04-11,Elburg,Netherlands,2025-11-04,Bronze,Yes
C002584,Tobias,Wendt,frankhuizenfinn@example.com,0796-388251,Female,1977-12-27,Dearsum,France,2023-09-07,Platinum,Yes
C002585,Rik,Sas,aminaleguit@example.net,(0420)-033951,Female,1957-07-02,Boer,France,2024-05-24,Bronze,Yes
C002586,Mila,Bosch,dachgeldtbeau@example.com,+31584-800384,Male,1979-10-07,Nieuwaal,Germany,2025-05-06,Bronze,No
C002587,Koen,Meis,joeyhoogers@example.net,043-1402327,Male,1982-01-29,Neerijnen,Germany,2025-02-05,Platinum,Yes
C002588,Pippa,Kruns,tvan-straaten@example.org,+3132 3824499,Female,1973-09-05,Zevenbergen,Netherlands,2025-12-14,Silver,No
C002589,Mette,van de Velden,ovan-bovenen@example.net,+3176 8085268,Female,2002-04-27,Zijdewind,France,2023-11-15,Gold,Yes
C002590,Yassin,Ansems,emir42@example.net,+31943 637177,Male,1960-01-04,Hobrede,Netherlands,2023-08-20,Silver,Yes
C002591,Yinthe,Lansink,marinus77@example.org,(0191) 495422,Female,2007-05-27,Briltil,Netherlands,2024-09-29,Platinum,No
C002592,Ayoub,van Laon,cadefauimran@example.org,0485-455865,Female,2008-01-13,Purmer,Germany,2023-10-05,Silver,No
C002593,Julius,van Ooste,mauritsvan-mil@example.org,(0993)-179586,Female,1962-05-05,Uitgeest,Belgium,2023-08-31,Bronze,Yes
C002594,Aylin,Schakelaar,hdemmendaal@example.org,(087) 9147807,Male,1985-08-11,Poortugaal,Belgium,2024-02-27,Silver,Yes
C002595,Maria,de Gruijl,qkisman@example.com,(017) 0153719,Male,1964-09-20,Kloosterburen,France,2023-09-09,Gold,Yes
C002596,Kaylee,van den Nuwenhuysen,bastiaansoos@example.net,0117 980532,Female,2002-10-23,Achthuizen,Netherlands,2023-08-26,Gold,Yes
C002597,Duuk,Corstiaens,tomvan-ooste@example.com,(097)-1851341,Male,1959-11-20,Lage Vuursche,France,2024-10-15,Gold,Yes
C002598,Lex,Gerritse,laurenspeijer@example.org,(035)-5583360,Male,1957-11-19,Hertme,Germany,2026-04-07,Bronze,No
C002599,Valerie,van den Eerenbeemt,eliasweyland@example.com,(036)-1570606,Female,1969-07-05,De Punt,Belgium,2023-10-16,Bronze,No
C002600,Julian,van Asten,kay85@example.net,+3168-1432965,Female,1945-12-22,Rouveen,France,2025-12-16,Bronze,No
C002601,Amina,Horrocks,spruytsofie@example.org,(015)-7450498,Female,1994-03-08,Kinderdijk,Belgium,2023-12-31,Silver,Yes
C002602,Aaron,Gemen,linn02@example.net,0680-610167,Male,1959-11-07,Hank,Netherlands,2025-08-07,Platinum,Yes
C002603,Yasmine,de Groot,kiki24@example.org,(096)-2720383,Female,2007-05-24,Maassluis,Netherlands,2026-07-11,Gold,Yes
C002604,Sofie,Strik,uverkade@example.net,+31(0)12-6495412,Female,1945-09-23,Nisse,Belgium,2023-11-21,Bronze,Yes
C002605,Ali,van Enschot,matthijs85@example.org,+31(0)93 1783945,Male,1966-03-01,Bruinehaar,France,2024-02-28,Bronze,No
C002606,Saar,Vertooren,thomas57@example.net,(0763)-373207,Male,1956-04-28,Luttelgeest,Belgium,2025-11-16,Bronze,Yes
C002607,Jelte,Arnold,broedersamelie@example.net,+31(0)605-898015,Male,1974-09-22,Niekerk,Germany,2026-07-15,Silver,No
C002608,Dave,Heijman,qvan-buuren@example.org,+31422-335114,Female,2000-05-12,Ryptsjerk,Germany,2024-10-09,Bronze,Yes
C002609,Elin,van den Corput,letherflorian@example.net,(0260) 533740,Female,2006-03-01,Lutjegast,Germany,2026-03-24,Bronze,No
C002610,Abel,van den Hoek,beau67@example.com,+31(0)801 927731,Male,1970-04-16,Schuinesloot,Germany,2025-02-20,Gold,Yes
C002611,Sten,van Metz,amy50@example.org,005 0521728,Male,1964-01-13,Rotterdam-Albrandswaard,Netherlands,2025-05-16,Gold,Yes
C002612,Hanna,Ansems,furdathijmen@example.org,+31(0)821 981799,Female,1971-07-21,Oostvoorne,Netherlands,2025-06-08,Silver,Yes
C002613,Lorenzo,Huurdeman,jakevan-berkel@example.net,+31(0)220-509232,Female,2003-05-31,Appingedam,Germany,2024-07-06,Silver,No
C002614,Lizzy,Stange,kick58@example.net,+31(0)801 046220,Female,2001-05-15,Nieuw-Schoonebeek,Belgium,2025-08-14,Gold,No
C002615,Ecrin,van Oudewater,hiddeopmans@example.org,(093)-5068723,Female,1963-04-16,Alteveer,Belgium,2023-12-15,Bronze,Yes
C002616,Zoey,van den Eijssel,merijnslagmolen@example.com,+3101 2316515,Male,1971-05-16,Oud Ade,Germany,2024-06-19,Bronze,Yes
C002617,Leon,van Cuijck,muldersrik@example.org,+31(0)628-243761,Female,1964-01-19,Moergestel,France,2024-01-27,Silver,Yes
C002618,Dave,van de Brink,michellevan-ochten@example.net,(0646)-287493,Female,1980-04-18,Hoogvliet Rotterdam,Belgium,2026-01-31,Silver,No
C002619,Daniel,van Vliet,saraeelman@example.com,+3192-1070866,Male,1949-10-19,Delfzijl,Germany,2025-08-12,Gold,Yes
C002620,Joep,Blonk,mustafa78@example.com,(0932) 209313,Male,1997-02-13,Boelenslaan,Germany,2024-06-04,Bronze,No
C002621,Alex,Scardino,micha58@example.net,0739 590990,Male,1997-02-15,Haaksbergen,France,2025-09-25,Platinum,No
C002622,Koen,Bruijne van der Veen,bvan-heusden@example.org,(0340) 276588,Female,2004-07-05,Lage Zwaluwe,Netherlands,2024-07-12,Silver,No
C002623,Kaylee,d' Heripon,felinemens@example.net,+3196-4987353,Male,1998-05-19,Losdorp,Netherlands,2026-07-31,Platinum,Yes
C002624,Maria,Zwart,elena91@example.net,(0207)-516499,Female,1949-05-12,Vogelwaarde,Belgium,2024-10-06,Bronze,Yes
C002625,Jules,Mater,smeetsinaya@example.com,003 6612059,Male,1970-06-21,Oldeholtwolde,Germany,2024-10-15,Bronze,No
C002626,Esila,van Praagh,oblees@example.org,078-0129695,Female,1959-12-06,Leerbroek,France,2024-05-11,Bronze,Yes
C002627,Jim,Le Marec,fbroeders@example.net,052 0280469,Male,2008-04-02,Valkenswaard,France,2025-12-17,Bronze,No
C002628,Lily,Koeman,avan-wickerode@example.org,+31(0)583-600737,Female,1988-08-04,Zuidvelde,Netherlands,2024-06-15,Platinum,No
C002629,Berat,Schrik,jannevan-den-berg@example.org,(054) 2759008,Female,1990-03-13,St.-Jacobiparochie,Germany,2025-09-01,Silver,Yes
C002630,Bilal,Luster,isabelle88@example.net,0610-696031,Male,1995-03-15,Egmond aan Zee,Netherlands,2026-06-17,Platinum,No
C002631,Eva,van der Kaay,imke31@example.com,0562-894849,Male,1976-11-06,Odiliapeel,Germany,2025-12-27,Gold,No
C002632,Alex,van de Brink,pgroen@example.com,(011) 0193122,Female,1983-05-25,Akersloot,Belgium,2026-06-15,Silver,No
C002633,Sam,Kuijpers,carlijnknoers@example.org,+3175-5150746,Male,1985-10-04,Driehuis NH,Germany,2025-08-07,Silver,No
C002634,Zeynep,van Duyvenvoorde,yfkerehorst@example.org,+31(0)175 780550,Male,1983-10-04,Kloetinge,France,2025-08-28,Silver,No
C002635,Dave,Schakelaar,elisabethde-bruyn@example.net,0314-843745,Female,1950-03-11,Reek,Germany,2024-12-09,Silver,No
C002636,Pim,Westerburg,ravivan-ooste@example.org,+3186-1138652,Male,1992-11-12,Herpt,Netherlands,2024-05-21,Gold,No
C002637,Amina,van Ham,dylan71@example.org,0021 844675,Female,1947-03-28,Onderdendam,Belgium,2025-10-24,Platinum,No
C002638,Vigo,Vertoor,aeijephileine@example.org,+31(0)343 696356,Female,1982-04-18,Snelrewaard,Germany,2023-10-23,Platinum,Yes
C002639,Jet,Kalman,kortguusje@example.net,063 4838679,Male,2001-06-02,Kelpen-Oler,Netherlands,2026-07-16,Platinum,Yes
C002640,Damian,Hagendoorn,hvan-der-heijden@example.org,(0003)-762079,Female,2007-10-14,Ried,Germany,2023-10-07,Platinum,Yes
C002641,Dina,Luboch,pvan-der-pouw@example.com,(0469) 907869,Male,1972-11-26,Kortgene,Netherlands,2024-12-01,Gold,No
C002642,Berat,de Bruyn,evievan-der-schuijt@example.net,+31831 512705,Female,1954-04-09,Tiel,Belgium,2024-02-01,Gold,Yes
C002643,Milou,Coreth von und zu Coredo und Starkenberg,elisakok@example.com,028 9786863,Female,1983-06-08,Schijf,France,2024-11-30,Platinum,Yes
C002644,Wout,van Boulogne,bechtzoe@example.net,079-5353344,Male,1950-06-24,Hantum,Netherlands,2024-12-01,Silver,Yes
C002645,Ayoub,Brumleve,lfrankhuizen@example.com,+31(0)94 6224328,Male,1970-05-13,Tiendeveen,Belgium,2025-01-14,Bronze,Yes
C002646,Puk,Lankle,mkoeman@example.net,(0543)-318177,Female,1995-11-24,Rutten,Netherlands,2026-03-16,Gold,No
C002647,Chloë,Köster,loekgenefaas@example.com,+31(0)59-7319265,Female,1987-04-19,Nijeholtwolde,Netherlands,2025-08-21,Platinum,Yes
C002648,Xavi,Kosten,kvan-allemanie@example.org,+31481-647695,Female,1951-09-20,Wieringerwaard,France,2024-08-20,Platinum,No
C002649,Dirk,Woudenberg,kikivan-henegouwen@example.net,(0491) 338570,Male,1963-06-28,Botlek Rotterdam,Netherlands,2025-09-20,Bronze,Yes
C002650,Evelien,van der Velden,zrietveld@example.com,0817 270520,Male,1980-11-15,Luxwoude,Belgium,2025-05-07,Silver,Yes
C002651,Dirk,van der Steen,bas66@example.com,051 1850005,Female,1993-09-18,Giessenburg,Belgium,2024-09-23,Platinum,No
C002652,Yfke,Kuit,sienna05@example.org,+31(0)782-233768,Female,1974-09-18,Wijnjewoude,France,2023-11-15,Platinum,No
C002653,Teun,van Opper-Lotharingen,jortvan-dongen@example.com,+31912 277541,Female,1971-05-01,Scheulder,Belgium,2024-03-06,Bronze,No
C002654,Isa,Mansvelt,lois95@example.net,068 2615699,Male,1945-10-24,Sellingen,Belgium,2024-02-14,Gold,No
C002655,Yara,de Jode Vastraedsd,jmichiels@example.org,(020)-6575056,Female,1962-02-19,Molkwerum,Netherlands,2026-07-25,Bronze,No
C002656,Suze,Simonis,qluboch@example.com,0645 575308,Male,1954-11-03,Haghorst,Germany,2024-07-05,Silver,No
C002657,Aylin,Schulten,stefan65@example.net,+3106-5655829,Female,1964-06-04,Herkenbosch,Netherlands,2025-08-23,Platinum,No
C002658,Hailey,Godfrey van Alemannië,kappelman@example.com,(0860) 141228,Male,1998-07-05,Westzaan,France,2026-04-16,Silver,No
C002659,Cornelis,Koeman,spreeuwmorris@example.com,+31(0)99-2770519,Male,1989-09-07,Zandhuizen,France,2024-10-06,Bronze,No
C002660,Rayan,Mathol,melissa37@example.net,(0326) 009575,Male,2006-01-08,Amsterdam-Duivendrecht,Belgium,2025-12-02,Silver,No
C002661,Vince,van Rijthoven,nadine42@example.com,090-9705046,Male,1951-12-26,Waspik,Germany,2025-03-19,Bronze,No
C002662,Danique,Verheuvel,jverschut@example.net,+3119 3597143,Female,1986-03-11,Anjum,Belgium,2025-03-06,Bronze,No
C002663,Aaliyah,van Laar,janssensthijs@example.org,+31115-919414,Male,1994-04-03,Sint Nicolaasga,France,2026-02-05,Bronze,No
C002664,Elize,Kuiper,drousselet@example.net,+31(0)67-0869485,Male,2002-12-29,De Cocksdorp,France,2024-09-20,Silver,Yes
C002665,Joy,van Beek,pieneverde@example.org,+3191 1508708,Female,1956-07-12,Eeserveen,Germany,2024-12-21,Silver,Yes
C002666,Jinthe,Kremer,sethvan-boulogne@example.net,0834-021899,Female,1990-07-23,Hegelsom,France,2025-12-26,Silver,Yes
C002667,Sanne,de Korte,kyaravan-wijk@example.net,+3154 6780683,Male,1967-06-13,Huisseling,Netherlands,2025-03-12,Silver,No
C002668,Maud,Groenestein,boschjordy@example.org,+31345-329849,Female,1988-05-21,Borger,France,2025-11-07,Gold,Yes
C002669,Johannes,Muller,joep10@example.org,+3171 1406684,Female,1998-01-15,Soest,Germany,2025-09-19,Bronze,Yes
C002670,Luca,Ansems,stijnfrancois@example.com,+31765-942512,Female,2003-03-14,Rasquert,Germany,2025-06-23,Platinum,No
C002671,Lola,de Bock,dvan-engelen@example.com,0211-319788,Female,1978-09-21,Eijsden,Netherlands,2025-02-18,Platinum,No
C002672,Dewi,Bolkesteijn,ecrin20@example.net,(0086) 511960,Female,1970-10-05,Hoogland,Netherlands,2025-05-09,Gold,Yes
C002673,Ashley,Heyne,duivenvoordenfloor@example.net,+31727 188350,Female,1951-08-06,Almere,Netherlands,2024-02-16,Platinum,Yes
C002674,Selina,Koeman,furdajuul@example.org,+3179-0110470,Female,1994-05-13,Milheeze,Belgium,2026-04-18,Gold,Yes
C002675,Keano,Eijkelboom,lvan-bentheim@example.org,0594 192826,Male,1963-05-14,Schagen,Belgium,2026-01-18,Gold,No
C002676,Arthur,van Schevinghuizen,van-dagsburgflorian@example.org,+31(0)536-576461,Male,2008-06-12,Garrelsweer,Germany,2025-08-28,Bronze,Yes
C002677,Thomas,Muijs,vvan-leuven@example.com,092-8726701,Female,1987-05-24,Sevenum,Netherlands,2025-02-02,Platinum,No
C002678,Juul,Koning,liekevan-de-eerenbeemt@example.org,+31(0)038-641426,Male,1966-12-25,Stitswerd,Germany,2026-06-09,Gold,No
C002679,Janne,van de Veen,oomsmathijs@example.net,+31784 066002,Male,1983-08-21,Grave,France,2023-09-27,Silver,No
C002680,Lars,Spruit,pkronenberg@example.com,+31763 079675,Male,1955-12-15,Blankenham,Germany,2023-11-04,Platinum,Yes
C002681,Milo,van Ham,van-der-kleinsuze@example.org,0199 432400,Male,1950-01-30,Gasteren,France,2025-11-28,Silver,Yes
C002682,Simon,van Mook,mirthesterkman@example.com,+31(0)852 839206,Female,1993-04-25,Koolwijk,Netherlands,2023-08-04,Platinum,Yes
C002683,Olaf,van de Coterlet,dirkdorsman@example.org,+31509-335219,Male,1985-04-06,Wytgaard,Belgium,2024-02-04,Silver,No
C002684,Kyano,Maas,gbosch@example.org,(067)-6782673,Female,1947-03-23,Berkenwoude,Germany,2025-09-12,Silver,Yes
C002685,Jay,Thout,lhaneberg@example.com,+31519 037589,Male,1990-03-05,Koudum,Netherlands,2026-02-23,Platinum,Yes
C002686,Niels,Bosch,bmudden@example.com,(040) 0280104,Female,1971-10-02,Slijkenburg,Belgium,2025-08-26,Silver,No
C002687,Suus,van de Biezenbos,mehmet79@example.org,+3184-4566661,Female,1962-10-08,Jouswier,Belgium,2025-04-10,Platinum,No
C002688,Laurens,Amalrada,mads51@example.com,(0937) 284849,Male,1957-05-16,Baaiduinen,Germany,2024-05-30,Bronze,No
C002689,Rick,Ouwerkerk,alyssavan-den-corput@example.org,0813-651375,Male,1997-09-24,Sassenheim,Belgium,2024-10-11,Gold,Yes
C002690,Jayda,van den Brink,aschotte@example.com,+31(0)131 141500,Female,1955-02-09,Aerdt,France,2025-01-04,Bronze,Yes
C002691,Elizabeth,van Drenthe,kneuteboom@example.com,+31(0)573 944203,Female,1957-08-21,Castenray,Germany,2025-10-20,Bronze,Yes
C002692,Catharina,Boddaugh,serralisa@example.org,(0976)-359996,Female,2002-08-29,Denekamp,Germany,2023-08-16,Gold,No
C002693,Vince,Sterkman,esmee55@example.org,0198 217705,Male,2003-08-08,Sleen,France,2024-08-24,Gold,No
C002694,Senna,de Marduras,azra55@example.org,(091) 0813950,Female,1995-10-12,Zweins,Belgium,2026-04-20,Platinum,No
C002695,Ilse,van der Spaendonc,tpotters@example.net,(0065) 307827,Female,1980-05-15,Maasbracht,Belgium,2023-09-10,Silver,Yes
C002696,Fatima,Waltrade Walderade,rijkshannah@example.org,+31363 067212,Female,2005-03-27,Gendringen,Belgium,2026-03-14,Platinum,No
C002697,Collin,van de Coterlet,kian57@example.com,(0955)-528657,Male,1947-02-18,Nuth,Netherlands,2024-07-12,Gold,No
C002698,Merel,Peterse,van-den-nieuwenhuijsensam@example.com,(0049)-061916,Female,1959-05-18,Hekendorp,Belgium,2025-10-03,Gold,Yes
C002699,Chloë,Jonkman,linschotenyusuf@example.org,037-2034594,Female,1994-02-07,Maasbommel,Netherlands,2024-01-18,Silver,Yes
C002700,Silke,de Mol,annemijnlansink@example.net,(0717) 780835,Male,1970-09-08,Snakkerburen,France,2025-11-20,Bronze,No
C002701,Victoria,Brands,tijmenbrands@example.org,069 8096295,Male,1955-08-19,Stedum,Belgium,2024-12-18,Silver,Yes
C002702,Dean,Vierdag,heijmanjanne@example.org,027 9696591,Female,1952-03-12,Opende,Germany,2026-04-12,Bronze,Yes
C002703,Lois,Lijn,vwensen@example.com,+3149 8043285,Male,1959-07-07,Rucphen,Belgium,2024-09-23,Silver,Yes
C002704,Aya,Maaswinkel,hperrono@example.org,(0277)-554826,Male,1999-03-02,Noord-Scharwoude,France,2026-02-08,Silver,Yes
C002705,Jan,Spier,uvan-waas@example.com,+3110-5245508,Female,2001-10-30,Duivendrecht,Netherlands,2026-02-03,Silver,Yes
C002706,Norah,van Brenen,muhammedfechant@example.org,0186 438917,Male,1954-06-28,Smalle Ee,France,2023-09-29,Bronze,Yes
C002707,Naomi,den Haag,finnvan-der-pouw@example.com,+31(0)73 3795095,Male,1998-07-27,Vortum-Mullem,Germany,2023-08-12,Bronze,Yes
C002708,Aron,van der Horst,renskejoosten@example.com,(008) 5594739,Female,2007-12-13,Kraggenburg,Germany,2023-08-05,Platinum,Yes
C002709,Jaylinn,van den Corput,hugonijman@example.com,0138-293279,Male,1969-09-07,Haringhuizen,Netherlands,2025-11-18,Silver,No
C002710,Saar,Cant,van-vermandoiseliza@example.net,0471 452204,Female,1954-03-22,Reuver,Netherlands,2024-02-23,Silver,No
C002711,Maja,van Breukeleveen,elifde-smit@example.net,0864-107109,Male,1956-11-15,Nieuwaal,France,2024-07-30,Bronze,Yes
C002712,Benthe,van der Heijden,jmansveld@example.com,018 3199144,Male,1997-04-08,Bitgum,Netherlands,2025-06-02,Silver,No
C002713,Micha,van Oudewater,naud70@example.org,+31(0)03-0065950,Male,1989-07-10,Tjalleberd,Belgium,2024-06-12,Bronze,Yes
C002714,Julia,Cammel,van-den-pollizzy@example.net,+31(0)457 961237,Female,1998-01-25,Haps,France,2024-05-02,Bronze,No
C002715,Muhammed,Blom,sylvie78@example.org,0690-699474,Male,1992-10-12,Aldtsjerk,Belgium,2025-09-28,Gold,No
C002716,Sep,Kremer,welftobias@example.com,(0110)-614312,Male,1971-08-18,Reusel,France,2023-08-25,Platinum,No
C002717,Mick,van der Flaas,gkolster@example.com,(0697)-346581,Female,1992-07-12,Neerkant,Belgium,2023-09-08,Bronze,No
C002718,Vera,Potters,vmijsberg@example.net,+31(0)75 7183894,Male,1964-07-07,Griendtsveen,Netherlands,2024-05-21,Gold,No
C002719,Beau,Heyne,samihoning@example.com,+3111-7153447,Male,1946-11-21,Malden,Belgium,2024-09-22,Silver,Yes
C002720,Saar,Perck,lievevan-den-nuwenhuijzen@example.net,+31(0)91-9538597,Female,1961-10-22,Hardinxveld-Giessendam,Netherlands,2024-02-02,Bronze,Yes
C002721,Amira,van den Velde,lcharon@example.net,(0878) 818386,Male,1977-09-20,Renkum,France,2025-03-19,Platinum,No
C002722,Maurits,Holthuis,fgerritse@example.org,+31(0)619-957170,Male,2008-02-19,Soerendonk,Germany,2024-07-10,Silver,No
C002723,Emir,van Dongen,lblom@example.com,010-9766536,Male,1998-04-08,Hoogvliet Rotterdam,France,2025-03-09,Gold,Yes
C002724,Loek,Blokland,jarischenkel@example.com,+31021 297896,Male,2004-04-17,Holtum,Netherlands,2023-12-01,Silver,Yes
C002725,Pim,le Briel,eijkelboomjolijn@example.org,+31(0)65 2000368,Female,1991-04-20,Coevorden,Germany,2025-06-02,Bronze,Yes
C002726,Laurens,Mater,jacobsjill@example.net,(076)-5287184,Male,1960-08-14,Graauw,France,2026-01-15,Gold,No
C002727,Sofia,van Maaren,jan29@example.net,0875 835112,Female,1970-11-20,Afferden,Belgium,2026-05-24,Gold,No
C002728,Mika,Schuurmans,klomp-janyoussef@example.com,(0557)-700168,Male,1959-06-01,Zelhem,Netherlands,2025-07-18,Silver,No
C002729,Thijs,van der Zijl,jvan-wickerode@example.com,+31(0)059-127850,Male,2005-06-13,Nispen,Netherlands,2025-07-26,Bronze,Yes
C002730,Maryam,Honing,van-der-pouwsenn@example.com,+31340-662211,Male,1975-03-01,Wijckel,France,2026-07-09,Silver,No
C002731,Elizabeth,de Grunt,zde-gruijter@example.com,0766 876618,Male,1990-05-21,Berltsum,Germany,2023-12-15,Silver,No
C002732,Maartje,van Berkum,de-korterosa@example.org,+31(0)15 8876863,Male,1978-11-20,Lochem,France,2024-07-04,Platinum,Yes
C002733,Frederique,Kisman,dijkstramax@example.net,+31(0)843 973675,Female,1955-09-05,Wijnbergen,Netherlands,2025-11-06,Bronze,No
C002734,Isabelle,van der Meer,opost@example.com,+31(0)16 4915944,Male,1955-03-30,Nieuwstadt,Netherlands,2025-07-02,Bronze,Yes
C002735,Bas,van Noordeloos,scholtenliz@example.org,(0393)-069527,Male,1997-10-11,Kring van Dorth,Netherlands,2024-12-07,Platinum,Yes
C002736,Emily,van Haspengouw Hesbaye,esila96@example.net,(0150) 804419,Female,2006-12-18,Zwagerbosch,Belgium,2024-04-02,Gold,No
C002737,Lise,Uphaus,sep99@example.org,031 4783867,Male,1968-02-08,Swifterbant,Germany,2023-08-13,Silver,Yes
C002738,Megan,de Man,kunenlize@example.org,(004) 3405224,Female,1972-02-14,IJhorst,Netherlands,2026-04-08,Gold,Yes
C002739,Nikki,Wolfsdr,dstettyn@example.net,+3185-0970612,Female,1946-01-19,Schoondijke,Belgium,2025-06-30,Platinum,Yes
C002740,Elisabeth,Verschut,mickvan-haspengouw@example.com,+3150 4648879,Female,1969-06-07,Wellerlooi,Netherlands,2024-02-27,Platinum,Yes
C002741,Michelle,Boddaugh,lennreimes@example.net,0981 450077,Male,1999-05-18,Berkenwoude,France,2025-11-01,Silver,No
C002742,Karlijn,Risma,ovan-brunswijk@example.org,093 4938677,Male,1996-10-17,Epe,Netherlands,2025-08-24,Platinum,Yes
C002743,Justin,Gerritsen,beaupieters-van-der-maes@example.com,+31(0)72-4986947,Female,1996-11-24,Best,France,2024-03-13,Platinum,Yes
C002744,Zoë,Moet,noravan-verdun@example.net,0456-073675,Male,2005-02-11,Dijken,Belgium,2024-07-09,Silver,Yes
C002745,Alex,Robbrechts Bruijne,uvrancken@example.org,+31(0)44 8194906,Male,1998-01-19,Leeuwarden,Netherlands,2023-12-31,Platinum,No
C002746,Seth,Mansvelt,jzaal@example.net,+31543-064616,Male,1959-01-13,Joure,France,2024-12-15,Silver,No
C002747,Mohamed,Manne,josephinescharroo@example.com,(068) 1392354,Female,2007-05-06,Nes,Germany,2026-06-04,Platinum,No
C002748,Twan,Stook,ties48@example.net,088-9050668,Male,2007-12-04,Den Dolder,Germany,2024-05-15,Bronze,Yes
C002749,Joris,Koster,zvan-bentheim@example.org,(010) 4773246,Female,1964-12-03,Mirns,Netherlands,2023-09-05,Gold,Yes
C002750,Chloé,van Boulogne,quintende-werd@example.net,+31(0)037 939267,Male,1994-09-21,Oudenhoorn,Belgium,2024-06-28,Platinum,Yes
C002751,Linde,Blewanus,melissaclaesner@example.net,019-6545365,Female,1958-09-14,Emst,Germany,2026-06-29,Silver,Yes
C002752,Ties,Otto,ian82@example.com,+31234 574801,Male,1994-02-12,Everdingen,Belgium,2025-02-18,Bronze,No
C002753,Vera,Reimes,veerle23@example.net,(0697)-951837,Male,1973-12-23,Valkenburg,Belgium,2024-07-24,Platinum,No
C002754,Angelina,Niermann,fennedachgelder@example.net,+31(0)712-787704,Female,1966-04-19,Hartwerd,Belgium,2024-08-07,Bronze,No
C002755,Ruben,Recer,marijn37@example.org,+31(0)248-473315,Female,1962-07-24,Tollebeek,Netherlands,2025-03-05,Bronze,Yes
C002756,Joshua,Rek,nynkehexspoor@example.org,+31(0)202-668861,Female,1951-07-26,Hellouw,Netherlands,2024-04-29,Gold,Yes
C002757,Dean,Roosenboom,hfiere@example.org,+3133 1395050,Female,1988-12-06,Stampersgat,Germany,2025-08-08,Silver,Yes
C002758,Anna,van Vliet,oscarvan-munster@example.org,(0318)-224122,Male,1976-04-03,De Wilgen,France,2026-01-23,Platinum,Yes
C002759,Noah,Roosenboom,budwessel@example.net,(027)-9515863,Male,1990-01-25,Gastel,France,2025-11-20,Bronze,Yes
C002760,Meike,van Ooyen,myrthe54@example.org,+31(0)888-976074,Male,1960-06-20,Snelrewaard,Netherlands,2025-12-30,Platinum,Yes
C002761,Twan,Linschoten,michellede-jode-vastraedsd@example.org,+3193 0950459,Female,2004-10-29,Beerta,Germany,2025-02-11,Gold,No
C002762,Maaike,Martel,julius95@example.com,+31077-363987,Female,1962-02-06,Kwadijk,Belgium,2023-09-29,Platinum,No
C002763,Femke,Aarts,twanwagenvoort@example.net,(025)-1002249,Male,2006-02-02,Froombosch,Germany,2025-07-05,Gold,No
C002764,Janne,Bökenkamp,dvan-der-plas@example.com,+31(0)08-8286311,Male,1975-06-15,Oudorp,Germany,2025-03-23,Platinum,No
C002765,Brent,Bresse,wthomas@example.net,0780-315325,Male,1975-04-07,Zeijen,Germany,2025-03-08,Gold,Yes
C002766,Emma,van Arnsberg,rdie-bont@example.org,(009)-4199032,Male,2000-09-22,Silvolde,Belgium,2026-07-15,Silver,Yes
C002767,Jay,Pratt,van-praaghpim@example.org,089-8169822,Female,1956-06-06,Lage Mierde,Netherlands,2024-06-20,Gold,Yes
C002768,Mehmet,de Korte,zelbertse@example.net,(017)-9474882,Male,1994-11-16,Sliedrecht,Netherlands,2025-10-28,Platinum,No
C002769,Evi,van Dillen,blewanuslisa@example.net,+31(0)376 857510,Male,1956-06-21,Santpoort-Noord,Germany,2024-07-14,Platinum,No
C002770,Lise,Driessen,van-de-darnaumason@example.net,+31(0)34-3798256,Female,1965-01-30,Drogeham,Belgium,2024-04-13,Platinum,Yes
C002771,Loïs,van Haspengouw Hesbaye,yfremie@example.com,+31717-495456,Male,1948-08-27,Nibbixwoud,France,2024-04-01,Bronze,Yes
C002772,Collin,Dennenberg,van-bovenenina@example.com,050 9405918,Male,1978-10-25,Ternaard,France,2025-04-24,Bronze,Yes
C002773,Ian,Lommert,fleur31@example.net,058-5919383,Female,1965-11-10,Erm,Belgium,2023-10-12,Platinum,Yes
C002774,Sam,Hoes,de-beerjennifer@example.org,074 8988713,Female,1955-12-09,Teerns,France,2024-04-11,Silver,No
C002775,Emily,Rouwenhorst,roanheere@example.net,(038) 6288620,Female,2006-04-13,Elburg,France,2024-03-15,Silver,Yes
C002776,Nick,Kolster,westerburgyassin@example.net,+31(0)69-4958600,Female,1966-02-12,Wapse,France,2025-08-02,Bronze,Yes
C002777,Amin,Noordijk,jenna71@example.com,(087) 5110961,Female,1968-08-06,Stiens,Belgium,2024-08-27,Gold,No
C002778,Fenne,Overeem,dave50@example.com,+3188 7563666,Female,1948-08-02,Kloosterburen,Germany,2025-04-05,Silver,Yes
C002779,Elisabeth,Scardino,bresemaria@example.net,0264-390957,Male,1984-03-03,Limbricht,Germany,2025-04-10,Silver,Yes
C002780,Yasmine,Pison,arentsamuel@example.net,(015) 4464650,Male,1951-12-02,Veeningen,Belgium,2024-05-13,Gold,No
C002781,Joëlle,Coolen,fay90@example.org,0611 616858,Female,1993-05-22,Ysselsteyn,France,2024-08-22,Platinum,Yes
C002782,Dylano,van der Hoeven,ibrahim79@example.com,0721-292454,Male,1966-05-15,Hoeven,Netherlands,2025-01-17,Bronze,No
C002783,Duuk,Barents,haengrevesepp@example.com,+31(0)15 9573511,Male,1947-04-04,Sint-Michielsgestel,Belgium,2024-10-21,Silver,Yes
C002784,Jelte,van Daal,awouters-van-eijndhoven@example.com,+31(0)964 271114,Female,1998-05-31,Bruchterveld,Belgium,2025-11-22,Silver,No
C002785,Sarah,Matthews,thijmenden-teuling@example.net,+31(0)124-746802,Male,1992-01-02,Nisse,Netherlands,2026-04-08,Bronze,No
C002786,Joep,van den Nuwenhuijzen,pkas@example.com,+31(0)285-030373,Female,1993-12-10,Veghel,Belgium,2025-03-27,Gold,No
C002787,Thom,Dorsman,van-de-noordmarkmarinus@example.com,(0019) 020868,Male,1998-12-19,Wirdum,Germany,2024-01-08,Platinum,Yes
C002788,Kian,Oude Heer,van-der-nootevelien@example.org,0705 320460,Male,1960-07-29,Cuijk,Netherlands,2026-03-01,Gold,No
C002789,Jordy,Leene,van-geffenmadelief@example.net,087-2513530,Female,1976-06-10,Rheezerveen,France,2024-02-29,Bronze,No
C002790,Thom,van Geffen,mcoreth-von-und-zu-coredo-und-starkenberg@example.org,+31(0)19 3075081,Female,1962-05-15,Slochteren,France,2025-09-03,Bronze,Yes
C002791,Liza,Kleijse,meganvan-der-kint@example.com,+31(0)89 9656258,Female,2001-07-12,Groeningen,Germany,2025-10-11,Platinum,Yes
C002792,Simon,Poncelet,fde-mol@example.net,+3185 7624421,Female,1974-08-27,Millingen aan de Rijn,France,2025-08-17,Silver,No
C002793,Robin,Wright,aronwillems@example.com,+31017 798678,Female,1978-05-26,Kornhorn,Germany,2025-04-13,Bronze,Yes
C002794,Tristan,Verbeeck,kunenwillem@example.com,034 5667593,Female,1972-09-04,Ovezande,Netherlands,2024-09-06,Silver,Yes
C002795,Jack,Ernst,selena85@example.org,0769-491023,Male,1961-12-13,Ten Post,France,2023-08-23,Silver,Yes
C002796,Stefan,Heerkens,saar72@example.net,0095 917970,Male,1978-03-20,Gorinchem,Netherlands,2023-11-01,Bronze,No
C002797,Mathijs,van Grondelle,yvan-embden@example.net,050 7536650,Female,1950-11-20,Zwolle,Netherlands,2024-09-14,Silver,Yes
C002798,Dani,Ferran,maritvan-den-henst@example.org,+3183-6413674,Female,1973-04-08,Voorthuizen,Belgium,2023-08-02,Gold,No
C002799,Luuk,Broeshart,pschroeff@example.org,+31753 013934,Male,1971-08-26,Tull en 't Waal,Netherlands,2026-02-19,Bronze,Yes
C002800,Brent,van Vlaanderen,vnollee@example.net,+31165 769594,Female,1976-09-19,Hei- en Boeicop,Belgium,2025-12-30,Silver,No
C002801,Feline,Heyne,uoversteeg@example.org,+31(0)17 7159000,Male,1994-10-20,Soest,Germany,2025-02-25,Platinum,Yes
C002802,Felix,Wilson,van-schweinfurtjens@example.org,+31(0)24-2654831,Male,1958-03-27,Velserbroek,France,2023-09-21,Platinum,Yes
C002803,Frederique,van Embden,evischroeff@example.org,+31980-800642,Female,1974-07-29,Lutjewinkel,Germany,2025-08-28,Platinum,Yes
C002804,Olivia,Bresé,geerlingmason@example.net,+31(0)468-483235,Male,1971-06-11,Fluitenberg,Germany,2023-09-04,Platinum,Yes
C002805,Jort,Slaetsdochter,nmeeres@example.com,+31(0)86-2951218,Male,1986-09-06,Zegge,France,2025-05-19,Bronze,Yes
C002806,Ivy,van Hamaland,ckoeman@example.net,(031) 2556177,Female,1995-12-11,Baak,Netherlands,2024-10-23,Gold,No
C002807,Stan,Moensendijk,omaas@example.org,0630-864248,Male,1994-10-25,Domburg,France,2025-12-02,Gold,Yes
C002808,Marijn,Kallen,mvan-den-assem@example.net,084-8567319,Female,1998-02-21,Kruiningen,Belgium,2026-06-18,Platinum,Yes
C002809,Jolijn,Blonk,inayadoorhof@example.com,+31(0)107-728423,Female,1976-07-20,Alphen,Germany,2025-07-26,Bronze,No
C002810,Mirte,Fiere,qleene@example.org,+31222-212497,Female,1983-03-25,Obdam,Belgium,2026-06-29,Gold,Yes
C002811,Stijn,Miner,jtexier@example.net,(0026)-627254,Male,1970-12-07,Eersel,Belgium,2024-06-26,Platinum,No
C002812,Marinus,van Mare,zverbeek@example.net,+3161 1068038,Female,1969-04-13,Radewijk,Germany,2026-07-14,Platinum,Yes
C002813,Laura,van Roijen,den-buytelaarsophie@example.org,(094) 9253314,Male,2002-10-28,Nij Beets,France,2026-06-17,Platinum,No
C002814,Aaliyah,van de Veen,vvan-orleans@example.net,076 8925603,Male,1987-01-16,Zandhuizen,Netherlands,2025-11-05,Bronze,Yes
C002815,Femke,van Embden,helena24@example.org,+31277-638941,Female,2000-12-22,Sassenheim,France,2025-08-18,Bronze,No
C002816,Fabiënne,Westerburg,le-guelleccollin@example.com,028 1968163,Male,1966-03-19,2e Exloërmond,France,2025-04-05,Bronze,No
C002817,Jinthe,Garret,hgerritsen@example.net,(0411) 460942,Female,1976-11-27,Herbaijum,Germany,2025-01-13,Gold,Yes
C002818,Norah,Elberts,elias66@example.org,+31(0)677 099937,Male,1958-05-09,Jelsum,Netherlands,2025-09-09,Silver,No
C002819,Lara,Lelijveld,weerdenburgjolie@example.org,+3185 8728182,Female,2007-05-31,Baaium,France,2024-03-28,Gold,No
C002820,Ibrahim,van de Klashorst,van-hamlynn@example.net,0192-532788,Female,1951-03-28,Zeewolde,Germany,2025-12-23,Silver,Yes
C002821,Nynke,van Schweinfurt,amiravan-luinenburg@example.org,+3186-2301705,Female,1965-01-25,Langezwaag,Belgium,2026-05-30,Silver,No
C002822,Olivia,Broekhoven,hvan-saksen@example.com,(0304) 474547,Female,1973-07-29,Ried,France,2023-10-21,Gold,No
C002823,Alyssa,Molenaar,zjaceps@example.net,+31(0)94-3203831,Female,1965-07-06,Papenvoort,France,2023-11-11,Gold,No
C002824,Veerle,Gerritsen,de-grusonanna@example.net,0437-112958,Male,1957-08-07,Houwerzijl,Germany,2024-07-24,Gold,Yes
C002825,Aylin,de Bruijn,mariaverwoert@example.net,+31(0)791 336872,Female,1952-10-13,Zevenbergen,Netherlands,2026-05-27,Silver,No
C002826,Maria,de Roo,kleibrinkroos@example.org,(020) 5720505,Female,1996-12-10,Hollandscheveld,France,2026-04-26,Gold,Yes
C002827,Aiden,Schulten,bovan-luinenburg@example.com,(0467)-312340,Male,1985-10-10,Weerselo,Netherlands,2024-06-10,Gold,Yes
C002828,Lex,Dennenberg,eelmannaud@example.net,0944-804767,Male,1996-10-18,Elim,Belgium,2026-01-08,Silver,No
C002829,Mees,Luitgardis van Neustrië,tycho59@example.com,+31(0)405-838947,Female,2005-10-26,Woensdrecht,Belgium,2026-01-16,Silver,Yes
C002830,Bo,Jansen,julianvan-voorst@example.org,078-8013984,Male,1975-10-25,Breezand,Germany,2023-08-22,Platinum,No
C002831,Alyssa,Haneberg,lveltman@example.com,+31337-849698,Female,1971-10-20,Klaaswaal,Germany,2024-11-12,Silver,No
C002832,Tycho,Carnotte,nielskleijse@example.net,0600 615239,Female,2002-12-17,Valburg,France,2023-12-03,Silver,No
C002833,Jill,Knoers,ndachgeldt@example.com,(0506)-631829,Male,2007-04-09,Hellevoetsluis,Netherlands,2026-03-29,Gold,Yes
C002834,Lisa,van Soest,marchandsterre@example.com,064-9502093,Male,1986-08-12,Vogelenzang,France,2024-05-28,Gold,Yes
C002835,Teun,Hoogers,cantfatima@example.net,076-4189313,Male,1967-05-14,Gassel,Germany,2025-04-22,Gold,No
C002836,Sebastiaan,Claesdr,abelschatteleijn@example.org,+3115 3664487,Female,1947-12-02,Etten-Leur,France,2025-03-10,Bronze,No
C002837,Dirk,Nihoe,koningsvictoria@example.net,+31886-145031,Male,1968-12-13,Friens,Germany,2025-11-15,Silver,No
C002838,Bastiaan,Massa,hellevoortcornelia@example.com,0391-589483,Male,2002-04-27,Ell,Belgium,2023-09-11,Platinum,Yes
C002839,Merle,Cornelissen,siempost@example.org,(0193)-425174,Male,1976-10-09,Zwartemeer,Netherlands,2026-06-11,Silver,No
C002840,Mara,van Kusen,joostenben@example.net,0378 061503,Male,1990-07-19,Uitwellingerga,Germany,2024-05-09,Platinum,Yes
C002841,Melle,van Dongen,kayleighmater@example.net,078 5390881,Male,1983-04-20,Hank,Netherlands,2024-01-23,Platinum,Yes
C002842,Noa,van Ooste,lucabroek@example.net,+31(0)429-197600,Male,2006-07-20,Burgerbrug,Netherlands,2024-07-27,Silver,No
C002843,Lucas,Pauwels,moenensophia@example.org,+3159-7100720,Male,1972-09-14,Goëngahuizen,France,2025-11-02,Silver,No
C002844,Luuk,van Vlaanderen,de-bruincato@example.com,+31294 754185,Male,1949-08-03,Kockengen,Netherlands,2024-11-02,Silver,No
C002845,Britt,de Marduras,rosalie57@example.org,0662 826876,Female,1947-01-06,Oldeberkoop,Belgium,2025-12-20,Gold,No
C002846,Floris,Schroeff,jonkmanraf@example.net,(0048)-426671,Male,1954-08-15,Castricum,France,2026-07-09,Silver,Yes
C002847,Owen,Sas,inaya00@example.net,(0356)-414905,Female,2003-03-17,Ouderkerk aan de Amstel,France,2023-12-13,Platinum,Yes
C002848,Lynn,Beourgeois,jbruijne-van-der-veen@example.com,0785 803597,Male,1966-12-11,Oudendijk,France,2024-07-22,Platinum,No
C002849,Fleur,Vierdag,ovan-den-nuwenhuijzen@example.com,(089) 0587484,Male,2004-01-19,Starnmeer,Belgium,2025-08-29,Bronze,No
C002850,Sophie,van den Brink,bastiaanvan-gorp@example.com,047-2531756,Male,1986-09-23,Braamt,Germany,2024-12-15,Bronze,Yes
C002851,Kyano,de Vries,nluboch@example.org,(0887)-102977,Male,2003-02-13,Nijeholtpade,Netherlands,2026-04-16,Gold,No
C002852,Mustafa,van Leeuwen,waltrade-walderadejesper@example.com,+3130 2260606,Male,1965-02-10,'s-Heerenberg,Belgium,2026-07-23,Silver,No
C002853,Lise,Huberts,yvan-ginkel@example.org,+31(0)516-447177,Male,1951-11-03,St. Willebrord,Germany,2026-01-11,Bronze,No
C002854,Veerle,van de Weterink,ilserek@example.org,+31(0)889-409501,Female,1987-06-07,Erichem,Germany,2024-11-08,Silver,No
C002855,Eliza,Mudden,nadineclaassen@example.org,0128 179922,Male,1976-05-06,Boijl,Netherlands,2024-10-20,Silver,Yes
C002856,Elize,den Haag,keano05@example.net,(097)-2954626,Male,1989-09-13,Beets,Germany,2024-01-09,Bronze,No
C002857,Lauren,Brisee,helena43@example.com,+3113-3879012,Male,1997-05-23,Doornspijk,France,2026-03-29,Bronze,Yes
C002858,Josephine,Schouten,job04@example.com,+31928 480102,Female,1951-06-16,Zegge,France,2023-09-30,Silver,Yes
C002859,Ella,Meijer,joepde-wit@example.com,(016)-4371084,Female,1946-03-29,De Mortel,Belgium,2023-08-06,Platinum,Yes
C002860,Dylano,de Roo,alicia93@example.org,082 1471007,Male,1953-02-24,Schuinesloot,Germany,2025-04-18,Silver,Yes
C002861,Brent,van den Eijssel,dekkersil@example.net,(004) 4795193,Male,1975-08-05,Onnen,Belgium,2024-07-09,Gold,Yes
C002862,Yasmin,d' Heripon,evie74@example.net,(079) 8702971,Male,1967-05-25,Tilburg,Germany,2026-07-07,Gold,Yes
C002863,Isabella,Spaan,jacksteenbeek@example.com,+31534 234532,Male,1974-10-29,Giessenburg,Germany,2025-06-28,Bronze,Yes
C002864,Thijn,Kramer,anna12@example.net,+31(0)771-684293,Female,1964-03-09,Ruinerwold,Netherlands,2026-01-22,Platinum,Yes
C002865,Nienke,Tins,jipkloppert@example.org,+3123 1565036,Male,1985-01-04,Poppenwier,Germany,2025-06-11,Silver,Yes
C002866,Zoey,Spier,de-boeryusuf@example.net,(0369)-005489,Male,1958-09-22,Loënga,Belgium,2026-04-13,Platinum,No
C002867,Bryan,Texier,mroosenboom@example.net,(056)-3225019,Female,2008-04-04,Zuidbroek,Belgium,2024-11-25,Silver,Yes
C002868,Benthe,van Gils,hvan-verdun@example.com,0909-819587,Male,1953-03-11,Eppenhuizen,France,2026-02-24,Platinum,No
C002869,Lot,de Gratie,gijswillems@example.com,(089) 0104504,Male,1988-08-24,Piershil,Germany,2024-06-11,Gold,No
C002870,Zeynep,Aarts,annemijn26@example.org,(0398) 038445,Male,1955-02-24,Eenrum,Germany,2024-04-01,Bronze,Yes
C002871,Giovanni,van der Meulen,gvan-beek@example.com,+31882-977907,Female,1958-12-12,Alteveer gem Hoogeveen,Germany,2024-05-12,Bronze,No
C002872,Liv,Kisman,jesse20@example.org,+31(0)03 7194186,Female,1976-04-26,Raamsdonk,Netherlands,2024-08-20,Silver,No
C002873,Zoë,Eerden,duboisfien@example.com,(0356)-371359,Male,1966-05-10,Hantumhuizen,Belgium,2026-01-19,Platinum,No
C002874,Imran,Bekbergen,lisanne84@example.org,(0568)-935696,Male,2001-05-24,Berkel-Enschot,Belgium,2026-04-10,Silver,Yes
C002875,Elena,Fremie,twan64@example.com,+31(0)909 548696,Male,1985-03-07,Spier,France,2024-08-11,Platinum,Yes
C002876,Mason,Wolters,van-rietmatthias@example.org,(083)-4626521,Female,1988-01-24,Wedde,Germany,2025-07-07,Gold,Yes
C002877,Cas,Karels,cvan-drenthe@example.com,096 3899349,Male,2004-12-07,Doorn,Belgium,2024-01-03,Silver,Yes
C002878,Lola,Rackham,rshupe@example.net,(052)-9873228,Male,1970-11-12,Veenklooster,Netherlands,2024-01-01,Silver,No
C002879,Victor,Pasman,jhoppenbrouwer@example.com,+31853 401704,Male,1947-01-31,Linde,France,2024-10-02,Bronze,No
C002880,Selina,de Koning,van-luinenburgsenna@example.net,(017) 2778727,Male,1999-08-10,Erichem,France,2024-08-02,Platinum,No
C002881,Thijs,Salet,whakker@example.org,0572 755403,Male,1949-09-20,Doldersum,Germany,2024-03-07,Gold,No
C002882,Mia,Brumleve,dvan-praagh@example.org,(0040)-334396,Female,1995-07-09,Woensdrecht,France,2024-11-29,Platinum,Yes
C002883,Senna,Ernst,felinerobbrechts-bruijne@example.com,+3163-0027466,Male,1972-10-23,Bloemendaal,Belgium,2026-03-10,Bronze,Yes
C002884,Dewi,van Allemanië,mvan-t-riet@example.org,0096-644114,Female,1965-04-22,Oegstgeest,France,2023-09-20,Platinum,No
C002885,Quinten,Smeets,mvervoort@example.org,(0531) 131024,Female,1960-06-12,Bronkhorst,Belgium,2024-07-22,Platinum,No
C002886,Linde,van Wickerode,casper59@example.org,+3129 8187155,Female,1957-04-11,Koedijk,France,2024-12-22,Platinum,Yes
C002887,Giovanni,Brands,joy20@example.net,(014) 4700731,Male,1949-11-16,Starnmeer,Netherlands,2024-05-23,Silver,No
C002888,Charlotte,van de Darnau,helena39@example.org,0568-908729,Male,2002-05-17,Ouwerkerk,Germany,2024-10-17,Platinum,Yes
C002889,Liam,Bastiaense,jespervan-dijk@example.org,+3198 0759588,Male,1986-02-27,Oudewater,Netherlands,2025-06-26,Bronze,Yes
C002890,Romy,Engels,stettynolivia@example.com,+31(0)11-5087960,Female,2007-11-08,Wenum Wiesel,France,2025-07-04,Silver,Yes
C002891,Samuel,Lijn,avan-t-houteveen@example.org,+31(0)41 1486835,Male,2000-04-17,Oosterhout,Germany,2025-12-14,Platinum,Yes
C002892,Jules,Paillet,mason57@example.net,+31(0)116-318072,Female,1969-07-04,Geleen,Netherlands,2024-04-03,Platinum,No
C002893,Jente,Mijsberg,de-grootsofie@example.com,+31(0)47-7808397,Male,1993-12-22,Warmond,Belgium,2025-04-17,Platinum,Yes
C002894,Joris,de Haan,vcoret-coredo@example.com,+3103 7099253,Female,1988-06-16,Dalem,Germany,2024-08-27,Bronze,No
C002895,Kian,Verbeek,thijmenslingerland@example.net,+31(0)312-788935,Male,1964-02-11,Obdam,Germany,2024-10-09,Platinum,Yes
C002896,Noor,van Bergen,xgerritse@example.com,(091) 4523994,Male,1979-08-11,Teeffelen,Belgium,2025-09-22,Bronze,Yes
C002897,Hugo,van Beek,uhermans@example.com,+3151-2698874,Female,1993-08-19,Oudheusden,Belgium,2024-05-05,Gold,No
C002898,Renske,Elbertse,sennaverhoeven@example.org,+3106-7091752,Female,2007-04-02,Burdaard,Belgium,2023-09-03,Gold,Yes
C002899,Jonathan,Sarneel,lukas97@example.net,+31(0)90-2832903,Female,2006-04-23,Zuid-Scharwoude,Germany,2024-08-17,Platinum,No
C002900,Carlijn,Tammerijn,odaeline@example.org,0306-248834,Male,2008-01-29,Holthone,Germany,2025-06-29,Bronze,Yes
C002901,Jolie,van den Brand,mia44@example.com,(0800)-097916,Female,1967-06-12,Moorveld,Germany,2024-02-15,Bronze,No
C002902,Annabel,Willems,krabbelara@example.net,(0944)-055497,Male,1985-02-19,Zaamslag,France,2025-12-04,Gold,Yes
C002903,Ayoub,Puig,broeshartmika@example.org,098-2870368,Female,1957-05-15,Reahûs,France,2023-08-07,Gold,No
C002904,Rosalie,van 't Wel,rayan95@example.org,+31(0)386-138487,Male,1994-09-11,Sinderen,Netherlands,2026-03-08,Bronze,Yes
C002905,Roos,Vignon,huelmegan@example.net,061-6834649,Male,1966-08-10,Koedijk,Belgium,2026-06-01,Platinum,No
C002906,Elias,Mol,gvan-arkel@example.net,+31(0)839-491888,Male,1967-11-05,Langbroek,Germany,2026-03-26,Bronze,No
C002907,Hanna,Carnotte,wvan-der-veiver@example.com,+31(0)41 8175131,Male,1947-06-13,Wijlre,Belgium,2023-12-27,Gold,Yes
C002908,Mohammed,van Dongen,tijnvan-der-plas@example.net,+3114 8179614,Female,2003-10-15,Kerkwijk,Germany,2025-05-22,Platinum,No
C002909,Jasper,Ansems,owen90@example.org,053-0066365,Female,1996-12-09,Katwijk,France,2025-11-01,Platinum,Yes
C002910,Imke,Steenbeek,dlinschoten@example.net,+31(0)39-4718090,Male,1969-01-23,Onnen,Belgium,2024-06-13,Silver,No
C002911,Lina,Freshour,gvan-der-stael@example.net,+3152-4295278,Male,1991-02-02,Haskerhorne,France,2025-08-19,Gold,Yes
C002912,Féline,van Roijen,meike20@example.net,(046)-7525835,Male,1992-01-18,Lattrop-Breklenkamp,Belgium,2024-03-28,Silver,No
C002913,Fenne,van Landen,vde-la-fleche@example.com,+31602-244539,Male,1989-02-12,Haskerdijken,Germany,2025-05-18,Bronze,Yes
C002914,Aron,Uittenbosch,vbijlsma@example.net,+31(0)74-0323734,Male,1982-06-21,Weesp,Netherlands,2024-04-30,Platinum,Yes
C002915,Emily,Janssens,joshua75@example.com,+31(0)147-881713,Male,1986-05-27,Burgerveen,Germany,2024-06-25,Bronze,Yes
C002916,Zeynep,van de Leemput,tillmannoluc@example.org,(0543)-616783,Male,1962-03-18,Anjum,Belgium,2024-06-14,Bronze,No
C002917,Sterre,Kuijpers,sde-gratie@example.org,(0151)-164790,Male,1992-03-24,Oudelande,Netherlands,2025-06-10,Gold,Yes
C002918,Lize,Heere,ayden28@example.net,+31(0)811 169392,Male,1971-11-18,Westzaan,Germany,2024-03-05,Gold,No
C002919,Yara,Boers,van-estemads@example.net,+3196 5234057,Female,1956-08-18,Garsthuizen,Belgium,2024-11-27,Bronze,No
C002920,Luna,d' Heripon,pippa95@example.com,+31(0)08 4500468,Female,1975-06-08,Doldersum,Germany,2025-07-24,Bronze,No
C002921,Micha,van Mispelen,fvan-geest@example.org,097-0425952,Female,2005-08-10,Giessenburg,Netherlands,2026-03-16,Platinum,No
C002922,Wessel,van Beek,tirielois@example.org,+3192-6325445,Female,1948-10-24,Doezum,Netherlands,2025-03-04,Bronze,No
C002923,Hamza,Billung,oennencas@example.net,+31(0)275 833721,Male,2003-05-14,Ane,Belgium,2024-12-06,Gold,Yes
C002924,Fenna,de Jong,lanabloemendaal@example.net,093-7541355,Male,1994-01-11,Goingarijp,France,2026-04-24,Gold,Yes
C002925,Maarten,van Berkel,sven88@example.org,+31(0)626-166836,Male,1987-09-28,Langeveen,France,2025-03-23,Gold,Yes
C002926,David,Ruijs,nvan-parijs@example.org,0531 553807,Female,1979-03-26,Veeningen,Netherlands,2025-12-19,Gold,Yes
C002927,Adam,Boogaerts,milan64@example.net,0242 216281,Female,1950-05-19,Tolbert,France,2026-07-04,Bronze,Yes
C002928,Lana,Verbeek,maryam09@example.net,+31813-021237,Female,1966-07-02,Haaften,Netherlands,2024-11-16,Silver,No
C002929,Ian,Ferran,laurenshoudijk@example.net,+31072 314996,Female,1982-07-03,Bergschenhoek,Germany,2025-05-08,Silver,Yes
C002930,Luna,de Marduras,esila25@example.org,+31(0)23-7918710,Female,1975-06-05,Ees,Belgium,2026-05-27,Silver,No
C002931,Selina,Kosten,mettevan-den-eerenbeemt@example.org,+31206 817662,Male,1961-08-06,IJsselstein,Netherlands,2025-12-01,Platinum,No
C002932,Anna,Weerdenburg,josephineestey@example.org,+3173 3555443,Male,2006-05-29,Eagum,Belgium,2025-07-25,Gold,Yes
C002933,Michelle,Frerichs,bjorn04@example.com,(0020)-680729,Female,2004-01-12,Smakt,Netherlands,2025-10-30,Silver,No
C002934,Maria,de Mol,lotzijlemans@example.com,0661-223617,Female,1971-02-05,Leusden,Netherlands,2026-03-24,Gold,Yes
C002935,Amina,Pratt,abelde-boer@example.org,+31(0)31 9246634,Male,2000-09-15,Oostrum,Netherlands,2023-12-19,Bronze,Yes
C002936,Lotte,Wouters,sophievan-der-klein@example.net,+31(0)946 005471,Male,1968-01-11,Nieuwkuijk,Germany,2026-07-18,Silver,Yes
C002937,Charlotte,van der Avoirt,geldenszeynep@example.com,+31975-872311,Female,1977-10-31,Terneuzen,France,2023-09-06,Gold,No
C002938,Riley,Claassen,wessel92@example.org,+3117-5288208,Male,1952-09-27,Appingedam,France,2025-08-06,Silver,Yes
C002939,Twan,Waltrade Walderade,shaack@example.com,033-0232884,Female,1950-11-30,Hei- en Boeicop,France,2026-04-12,Platinum,No
C002940,Alyssa,Huisman,roodesteijnluca@example.org,0046-064526,Female,1989-09-07,Best,Netherlands,2024-11-17,Gold,No
C002941,Joshua,Lemmens,robinkoret@example.org,(0117)-165736,Female,1953-04-04,Domburg,Germany,2026-05-25,Bronze,Yes
C002942,Berat,van Straaten,cvan-den-broek@example.org,+31946-678472,Female,1949-08-12,Wenum Wiesel,Belgium,2025-01-12,Platinum,Yes
C002943,Cas,van Arnsberg,vvan-oostendorp@example.org,(0913)-342340,Male,1974-11-16,Mijnsheerenland,France,2024-12-07,Silver,No
C002944,Micha,van Dalem,casperzijlmans@example.com,+3177 7258711,Female,1973-02-06,Borne,Germany,2024-10-16,Bronze,No
C002945,Dirk,van der Wal,striksebastiaan@example.org,+31(0)384 556747,Male,1992-02-15,Wolvega,Netherlands,2025-05-16,Bronze,No
C002946,Ecrin,Lelijveld,kpastoors@example.org,(0861) 786403,Female,1985-03-27,Spijkerboor,Netherlands,2024-01-12,Silver,No
C002947,Kick,Aertsz,vince34@example.com,0748-816332,Female,1947-09-15,Ilpendam,France,2025-05-10,Platinum,Yes
C002948,Stefan,Briere,thomasadriana@example.net,+3158 6386918,Female,1994-11-20,Lambertschaag,Netherlands,2023-11-02,Platinum,Yes
C002949,Aylin,Huberts,damianschokman@example.net,+3112-6587729,Male,1976-04-25,Berkel-Enschot,Netherlands,2024-03-20,Bronze,No
C002950,Floortje,Room,dean25@example.net,+31(0)77 1358369,Male,1972-11-13,Drempt,France,2024-03-31,Platinum,No
C002951,Noor,Bellemans,guus19@example.com,(001)-8840528,Male,1961-11-06,Milsbeek,Netherlands,2026-04-28,Bronze,No
C002952,Morris,van der Schuijt,bblonk@example.org,+31919-496199,Female,2002-11-21,Arcen,Netherlands,2024-09-07,Platinum,No
C002953,Luka,de Jong,elize38@example.org,0145-790385,Male,1976-06-01,Baak,Germany,2026-06-16,Gold,Yes
C002954,Fatima,Schiffer,maja21@example.com,022 7857770,Female,1947-03-26,Loënga,Belgium,2024-11-09,Silver,No
C002955,Finn,de Strigter,jspreeuw@example.org,028 5420105,Male,2000-05-03,Assen,Germany,2024-06-16,Silver,No
C002956,Suze,"West-Francië, van",versluijsamira@example.org,+31(0)23-2733649,Female,2001-01-25,Ingelum,France,2024-05-08,Silver,Yes
C002957,Wouter,Recers,rouwenhorstdina@example.org,062-3562723,Male,1966-01-25,Schalkwijk,France,2023-10-24,Bronze,No
C002958,Bram,Kalman,emilygeneart@example.com,+3171 2707434,Male,1993-03-22,Donderen,Netherlands,2026-01-25,Platinum,Yes
C002959,Dana,Scuylenborchs,zvan-duivenvoorde@example.org,(018)-1155303,Female,1986-12-26,Geesbrug,France,2025-07-24,Silver,Yes
C002960,Vigo,van den Velden,de-haasseth@example.net,(030) 6474861,Male,1967-08-19,Beutenaken,Belgium,2023-10-27,Platinum,No
C002961,Brent,de Bont,jannamens@example.com,085-1216453,Male,1946-07-11,Westerland,Germany,2024-10-02,Silver,Yes
C002962,Adriana,Schagen,kikischrik@example.org,057 4698992,Male,2003-06-12,de Lutte,Germany,2024-12-02,Gold,No
C002963,Arthur,van den Hoek,yzwijsen@example.net,033-4386771,Male,1948-11-21,Erm,Germany,2024-04-22,Silver,Yes
C002964,Twan,Jansen,ode-lange@example.org,+31(0)741 809007,Male,2007-07-26,Maren-Kessel,Belgium,2023-12-14,Bronze,No
C002965,Anna,Maaswinkel,uvan-loon@example.org,+3180-9888200,Male,1961-03-09,Spui,Belgium,2024-05-30,Gold,Yes
C002966,Zakaria,van Velthoven,noavan-laarhoven@example.org,+31704-730822,Female,1992-12-20,Cruquius,Germany,2025-01-20,Bronze,No
C002967,Mare,Spruit,laura23@example.net,+31278 428870,Male,1988-06-16,Made,Netherlands,2026-03-21,Gold,No
C002968,Kian,Middelkoop,quintyvolcke@example.com,+31(0)965 701279,Male,1979-06-11,Onderdendam,Netherlands,2024-11-01,Gold,No
C002969,Charlotte,van Gent,damianvan-bovene@example.net,(0953)-953573,Male,1964-07-03,Zandeweer,Belgium,2024-02-22,Bronze,No
C002970,Linn,Passchiers,mees47@example.com,(058) 1025625,Male,1973-12-12,Klazienaveen,Germany,2025-11-08,Platinum,Yes
C002971,Nynke,Galijn,fuit-de-willigen@example.org,021-2911725,Female,1996-07-17,Bloemendaal,Belgium,2026-03-08,Bronze,No
C002972,Elena,Steenbeek,boselisa@example.org,+31(0)831 050133,Female,1995-04-25,Vlieland,Netherlands,2025-08-01,Bronze,Yes
C002973,Noud,Wutke,jonas96@example.com,+31(0)034-447039,Male,2006-10-08,Renswoude,Netherlands,2026-07-06,Bronze,No
C002974,Thom,Huisman,lvan-formbach@example.com,037 4967692,Male,1950-08-19,Gelderswoude,France,2025-06-25,Bronze,No
C002975,Quinty,Robbrechts Bruijne,van-beeck-beeckmansdaniel@example.org,+3118-9298100,Female,1987-12-13,Roosteren,Germany,2025-08-14,Bronze,No
C002976,Kyano,Luboch,dean75@example.com,(0283)-626795,Female,1981-09-26,Berkenwoude,Germany,2024-02-12,Gold,Yes
C002977,Benjamin,Saxo,qpost@example.net,+31(0)66 6901684,Female,1948-10-11,Lucaswolde,Netherlands,2024-07-26,Bronze,No
C002978,Julius,de Reede,elsenaarfatima@example.com,(054) 4221478,Female,2000-05-16,Olburgen,Germany,2024-04-02,Silver,No
C002979,Bart,Woudenberg,boschmads@example.net,+3186-1899988,Male,1945-10-08,Reusel,France,2025-02-04,Silver,Yes
C002980,Tara,Gruijl,vijoelle@example.net,0920 113331,Female,1993-10-06,Brakel,France,2023-10-29,Gold,Yes
C002981,Dex,Karels,seth89@example.com,035 5974278,Female,2001-08-05,Melderslo,Netherlands,2026-03-14,Bronze,No
C002982,Bas,Risma,van-gelderlola@example.net,070-5966382,Female,1999-10-30,Reek,Netherlands,2023-08-28,Silver,No
C002983,Mirthe,Oosterhek,gfredriks@example.org,(088) 2067683,Male,2001-01-10,Lemelerveld,France,2024-01-11,Platinum,No
C002984,Mike,de Swart,speijerisabella@example.com,+31(0)319-956096,Female,1955-02-12,Jirnsum,Germany,2025-01-26,Bronze,Yes
C002985,Jamie,van den Corput,nlaffray@example.com,0123 040865,Female,1987-03-21,Schipborg,France,2024-06-10,Silver,Yes
C002986,Emma,van Beek,lieke05@example.org,+31(0)03 7892944,Female,2005-08-25,Langedijke,France,2025-03-01,Gold,Yes
C002987,Bas,Zuidweg,van-velthoventijs@example.net,(0364) 157955,Male,2002-12-06,Gemert,Netherlands,2024-05-03,Bronze,No
C002988,Xavi,Rijcken,sebastiaan97@example.org,(0319) 907535,Female,1985-06-02,Valburg,Netherlands,2024-05-28,Silver,No
C002989,Faas,Adriaansen,roos06@example.org,0211-799768,Female,1987-08-07,Grubbenvorst,Netherlands,2025-05-29,Silver,No
C002990,Dave,Mathurin,zoeykuijpers@example.com,(066) 1671860,Male,1983-03-24,Ransdaal,Netherlands,2026-03-13,Silver,Yes
C002991,Silke,van Kasteelen,uvan-schweinfurt@example.net,027 9774992,Female,1992-11-21,Geijsteren,France,2026-04-25,Gold,Yes
C002992,Arie,van Spreuwel,yveenendaal@example.net,+31(0)267 645172,Female,2006-07-13,Urk,France,2025-09-25,Silver,Yes
C002993,Bram,Uit de Willigen,evan-gils@example.com,(067) 2309177,Male,1960-02-28,Schinveld,Belgium,2025-06-18,Silver,Yes
C002994,Sarah,Hoedemakers,lieve64@example.net,+31394-701620,Female,1975-01-10,Sonnega,Netherlands,2026-02-03,Silver,Yes
C002995,Boris,van Dam,ter-waarbeekmerel@example.com,054-7498341,Female,1950-06-07,Siebengewald,Netherlands,2026-04-30,Gold,No
C002996,Dylan,Corstiaens,merkxaaliyah@example.org,+31(0)62 8579200,Male,1996-10-18,Nieuwerkerk aan den IJssel,France,2024-10-30,Silver,No
C002997,Dion,Verbeeck,roessinkvera@example.net,(0699)-336350,Female,1964-01-11,Wehl,Belgium,2026-07-15,Gold,No
C002998,Evelien,van Embden,myrthevan-der-maes@example.com,+31634 909955,Female,1983-06-26,Zuidlaarderveen,Belgium,2025-03-21,Platinum,Yes
C002999,Maud,Elsemulder,cvan-der-heyden@example.com,083 7933072,Male,1982-02-04,Buchten,Germany,2024-07-04,Platinum,Yes
C003000,Liv,Vastenhouw,nadiapost@example.org,+31466-573161,Male,1982-07-23,Ten Post,Germany,2025-08-05,Gold,No
C003001,Wessel,Thomas,fay93@example.org,+3174-4855314,Male,1979-06-02,Heemskerk,Netherlands,2025-04-07,Gold,No
C003002,Sara,Ferran,deanbakker@example.net,0044 828824,Male,1961-01-01,Colmschate,Belgium,2024-01-17,Silver,Yes
C003003,Mick,Schrant,frankhuizenevie@example.com,0283 022054,Female,1972-11-03,West-Graftdijk,Belgium,2023-12-17,Gold,No
C003004,Lieve,Sarneel,giovanni20@example.org,+3106-2960375,Female,1992-08-16,Anna Paulowna,Belgium,2025-06-24,Bronze,No
C003005,Victor,Scuylenborchs,fmartens@example.org,+31(0)484 860774,Male,1946-07-23,Leur,Germany,2026-06-10,Platinum,Yes
C003006,Zoey,van Rijnsbergen,gerrit69@example.net,+31(0)65 1068164,Male,1981-04-09,Achterveld,Netherlands,2024-07-07,Gold,No
C003007,Valerie,Smits,van-der-veenali@example.net,(0745)-832679,Male,1978-11-20,Twisk,France,2023-09-28,Bronze,No
C003008,Laurens,Wipstrik,rosalie23@example.org,(0861)-793051,Female,2004-10-30,Kraggenburg,Germany,2023-08-10,Silver,No
C003009,Saar,Mercks,fedde15@example.org,(023)-8696356,Male,1950-12-24,Heukelum,Germany,2023-11-18,Bronze,No
C003010,Felix,Scardino,kayleigh30@example.org,+31290-729305,Male,1996-07-04,Waarde,Netherlands,2024-08-02,Platinum,Yes
C003011,Dave,de Strigter,mlieshout@example.org,033-3670103,Male,2000-08-27,Kruisland,Netherlands,2026-01-24,Platinum,Yes
C003012,Laurens,van Olst,puck45@example.com,030 3492539,Male,2003-11-18,Hooglanderveen,Netherlands,2024-12-20,Gold,Yes
C003013,Bradley,van Embden,iariens-ansems@example.org,+3143 6951908,Male,1962-02-08,Tzum,France,2023-10-30,Silver,No
C003014,Melle,Chevresson,jacob49@example.org,+31(0)91 5371275,Male,1967-02-19,Arriën,Netherlands,2025-12-04,Bronze,No
C003015,Imran,Bernaards,chris33@example.org,+31(0)263-389091,Female,1997-04-08,Steenbergen,Netherlands,2024-10-27,Bronze,No
C003016,Mia,Adelaar,gfreshour@example.com,(060)-9324920,Female,1987-01-09,Haarle,Germany,2025-01-21,Gold,No
C003017,Dean,Fortuyn,sami21@example.com,+31768-628571,Male,1989-10-17,Exmorra,Netherlands,2024-02-01,Gold,Yes
C003018,Janna,Ouwerkerk,de-smitpieter@example.org,+31(0)56-5720476,Male,1991-08-12,Terkaple,Netherlands,2024-02-25,Platinum,No
C003019,Lena,Dekker,dschelvis@example.com,+3199-7791102,Male,1996-10-01,Woudbloem,France,2025-03-29,Bronze,No
C003020,Florian,Meis,lukas05@example.com,+3125 1495604,Female,1963-01-13,Veere,Belgium,2024-01-23,Gold,Yes
C003021,Job,Mulders,cvan-doorn@example.org,0145 643228,Female,1987-07-18,Nederasselt,Netherlands,2025-11-06,Platinum,Yes
C003022,Lara,van Bentheim,noa03@example.net,(0459) 567409,Female,1976-02-14,Wolvega,Belgium,2024-02-18,Bronze,No
C003023,Jari,Heyne,ivan48@example.org,002-4328603,Male,1950-08-02,Persingen,France,2024-12-26,Platinum,Yes
C003024,Samuel,Claassen,victor53@example.net,+31(0)180-051323,Male,1968-07-17,Burgum,Belgium,2026-05-01,Gold,No
C003025,Pippa,Osterhoudt,cvan-der-schuijt@example.org,(0680) 425504,Female,1961-06-20,Kloosterhaar,France,2024-05-27,Gold,No
C003026,Lauren,Vervoort,rkuijpers@example.net,+31126-339537,Female,2002-09-05,Everdingen,Belgium,2026-01-18,Gold,No
C003027,Dylan,de Beer,krabbeelin@example.com,(042)-8600387,Male,1989-12-29,Nunspeet,Belgium,2024-11-27,Platinum,Yes
C003028,Nout,van Heusden,qmaas@example.com,+31(0)56-0715297,Male,2001-07-31,Jirnsum,Germany,2023-12-27,Silver,Yes
C003029,Wouter,van Mispelen,kweijland@example.org,+3140 1342260,Male,2000-12-31,Westwoud,Netherlands,2025-10-28,Platinum,No
C003030,Sander,Hoelen,bmelet@example.org,+31716 563035,Male,1957-09-07,Wittelte,France,2025-11-29,Gold,No
C003031,Sander,Cornelisse,aminahermans@example.org,+31(0)49-1739753,Male,1952-04-15,Warten,Belgium,2025-04-22,Silver,Yes
C003032,Daniël,Roodesteijn,joepde-vroege@example.com,+31(0)77 9159995,Male,1993-04-22,Rozenburg,France,2025-06-23,Gold,No
C003033,Dana,Oda,janssenlouise@example.com,+3108-5038298,Female,2000-03-16,Mariahout,Belgium,2023-09-10,Silver,No
C003034,Anne,Waardeloo,oliviakoster@example.net,+31(0)79-9450131,Female,1977-10-08,Reijmerstok,Netherlands,2024-05-01,Silver,No
C003035,Sara,Lage,oestey@example.net,+31(0)69-7144264,Male,1978-07-11,Holwerd,Netherlands,2023-12-22,Silver,Yes
C003036,Fabiënne,Mudden,kay78@example.net,+3109 3985852,Female,1966-02-23,Voorburg,France,2024-11-28,Gold,Yes
C003037,Elif,Hemma van Allemanië,hhoelen@example.com,0845 885712,Female,1975-05-14,Goudswaard,Belgium,2024-06-06,Bronze,No
C003038,Elena,Gemen,daniarens@example.org,011 6654391,Male,1960-04-15,Anerveen,Belgium,2025-03-21,Gold,No
C003039,Ali,Beernink,djacobs@example.com,(0243) 563286,Male,1981-04-17,Jonkersvaart,Netherlands,2026-05-20,Silver,Yes
C003040,Floris,Cornelissen,dekkerjan@example.org,0557 631961,Male,1995-04-23,Startenhuizen,Belgium,2026-07-31,Gold,No
C003041,Tijn,de Swart,cato42@example.com,035 3763654,Female,1991-04-26,Woudrichem,Belgium,2025-12-08,Gold,No
C003042,Olaf,Tammerijn,rde-jager@example.org,0736 324255,Male,1978-07-13,Hoevelaken,Belgium,2024-05-02,Gold,No
C003043,Elena,Neuteboom,isisde-strigter@example.org,+31811-769050,Male,1972-09-12,Krommenie,Netherlands,2025-11-15,Gold,Yes
C003044,Yinthe,Ramaker,rosa37@example.com,070 3165196,Female,1949-11-06,Waddinxveen,Germany,2024-02-12,Gold,Yes
C003045,Luna,Schelvis,jensdie-bont@example.net,+31(0)53-9866217,Female,2003-08-06,Aduard,France,2024-10-11,Gold,No
C003046,Jonas,van Leuven,wde-boer@example.net,+31(0)555-099778,Male,2003-12-17,Oosthem,Germany,2023-11-21,Platinum,Yes
C003047,Maxim,Westerburg,fpotters@example.net,(027) 4845034,Female,1975-01-17,Lutjebroek,Germany,2025-05-16,Silver,Yes
C003048,Rosa,Heribert van Laon,tielemansmia@example.org,0388 991458,Female,1948-04-19,Bornwird,Germany,2025-03-04,Silver,No
C003049,Sara,de Groot,lisannevan-luinenburg@example.org,0577 629554,Male,2005-09-01,Apeldoorn,France,2023-09-22,Silver,No
C003050,Kate,van Dijk,yvan-dommelen@example.com,(009)-6233985,Male,1957-09-30,Maarsbergen,Belgium,2024-04-17,Silver,Yes
C003051,Yfke,Weyland,jaysonferran@example.org,+31(0)774 532686,Female,2001-03-17,Lichtenvoorde,Germany,2024-12-25,Gold,No
C003052,Joep,Kuiper,cspiker@example.net,(026)-4110633,Male,1998-12-29,Lobith,Germany,2025-01-06,Bronze,Yes
C003053,Maja,de Groot,evertsquinn@example.net,+31010-541657,Male,1980-08-31,Breukelen,Belgium,2024-02-14,Silver,No
C003054,Pleun,Loreal,breugelensisties@example.org,(0032)-887082,Male,1973-04-24,Goëngahuizen,France,2026-01-15,Gold,Yes
C003055,Bram,Scuylenborchs,julius21@example.com,+3146 9007489,Female,1977-06-11,Woudbloem,Belgium,2026-02-12,Bronze,Yes
C003056,Mehmet,Heerkens,ilinschoten@example.net,+31210 717427,Male,1972-09-02,Bocholtz,Belgium,2025-08-05,Gold,No
C003057,Floris,Ruijs,eliza22@example.net,+3154 8451734,Male,1977-06-17,Langeveen,Germany,2023-12-16,Bronze,Yes
C003058,Fenne,Verbeek,joris01@example.net,(020) 9074827,Male,1950-02-04,Schoondijke,France,2025-08-14,Platinum,Yes
C003059,Eva,Stettyn,van-baalenmaja@example.com,(005)-1579151,Female,1958-08-19,Zweins,France,2024-08-27,Silver,No
C003060,Julie,Lelijveld,pborman@example.net,+31(0)425 201359,Male,1978-05-11,Echt,Germany,2026-07-31,Gold,No
C003061,Mohammed,Stoffelsz,vjanssen@example.net,010-9064090,Male,1989-06-03,Santpoort-Noord,Netherlands,2023-09-16,Platinum,Yes
C003062,Gerrit,de Bruin,justinsterkman@example.net,+3175-5229903,Female,1979-01-11,Ridderkerk,Belgium,2025-02-04,Gold,Yes
C003063,Robin,van Grondelle,lestey@example.com,0853 065005,Male,1965-07-23,Gelselaar,Belgium,2024-03-13,Platinum,Yes
C003064,Esmée,Hemma van Allemanië,weylantnaomi@example.org,+31(0)13 0041682,Male,1999-01-07,Babberich,Germany,2025-04-03,Bronze,No
C003065,Faas,van Jumiège,mustafa62@example.net,+3197-7313885,Female,1962-12-02,Deest,Germany,2024-08-14,Silver,Yes
C003066,Kyano,Vertooren,coret-coredokayleigh@example.com,0547 100001,Female,1995-11-04,Leermens,Belgium,2025-12-01,Platinum,Yes
C003067,Merel,van den Wittenboer,ztillmanno@example.org,(0127)-525772,Female,1970-01-18,Beek,Belgium,2026-05-03,Gold,Yes
C003068,Janna,Hellevoort,milohuijzing@example.org,(0958) 625956,Female,1971-01-17,Wijdewormer,France,2025-05-30,Silver,Yes
C003069,Catharina,Claesdr,felix81@example.org,+31(0)252-010713,Male,2001-03-13,Ressen,Belgium,2026-05-04,Gold,Yes
C003070,Silke,Schuylenborch,dex42@example.org,+31(0)66 3600424,Female,1969-03-05,Bergen aan Zee,Belgium,2024-07-09,Platinum,No
C003071,Rick,van Hemert,casperpons@example.com,+31(0)312-766818,Female,2003-10-21,Suwâld,Belgium,2024-08-17,Silver,No
C003072,Sami,van Goerle,oscar13@example.net,+31(0)662 085423,Male,2002-11-18,Aarle-Rixtel,Belgium,2025-01-01,Platinum,No
C003073,Livia,Scheffers,van-salmenarie@example.net,(0875) 452658,Male,1997-01-23,Lelystad,Belgium,2024-09-09,Platinum,No
C003074,Justin,Le Grand,de-keijzerfrederique@example.org,+3116-7619805,Male,1998-10-29,Zurich,Netherlands,2024-06-04,Silver,Yes
C003075,Bastiaan,Strijker,cbrumleve@example.net,(0521) 509021,Female,1997-04-20,Doldersum,Germany,2024-09-10,Bronze,Yes
C003076,David,Knoers,kpaillet@example.com,(0051) 820680,Male,1947-08-15,Rekken,France,2024-03-07,Gold,Yes
C003077,Lieke,Gemen,nathanvan-engelen@example.org,(076)-3911528,Female,1971-09-07,Garderen,Netherlands,2025-07-19,Gold,Yes
C003078,Julius,Bronder,aronvan-noordeloos@example.net,+31(0)72 7009043,Male,2000-01-14,Minnertsga,Belgium,2025-09-25,Silver,No
C003079,Thom,Mahieu,mart65@example.org,0419-324125,Male,1946-03-17,Niekerk,France,2025-07-31,Silver,No
C003080,Puk,Garret,van-der-plasmyrthe@example.net,0914 645660,Male,1996-07-08,Hengstdijk,Netherlands,2026-06-21,Bronze,No
C003081,Micha,van der Lede,ypotters@example.org,+31(0)989-923994,Female,1978-02-10,Limbricht,Germany,2026-02-14,Silver,Yes
C003082,Hugo,Symons,nick23@example.net,+31(0)243-678872,Male,1987-08-10,Wachtum,France,2025-02-12,Platinum,No
C003083,Maaike,Lafleur,dlinschoten@example.net,+31(0)769-989669,Female,1979-07-28,Boazum,France,2025-08-26,Platinum,No
C003084,Floor,van Beeck,ameliabacker@example.net,+31(0)506-342240,Female,1946-08-12,Poortugaal,Netherlands,2023-11-10,Gold,Yes
C003085,Evi,Huisman,hguit@example.net,(063) 0295214,Female,1994-07-20,Rijnsaterwoude,France,2024-02-27,Silver,Yes
C003086,Ayoub,Thomas,duukvan-munster@example.org,053-2746288,Male,1985-08-01,Stedum,France,2024-12-11,Silver,No
C003087,Sami,Kuijpers,julia50@example.org,(069) 3181116,Female,1985-03-07,Twijzel,France,2025-02-19,Platinum,No
C003088,Tijn,Moenen,jorn48@example.com,+31(0)87-8360868,Male,1975-10-27,Harreveld,France,2023-10-17,Gold,Yes
C003089,Florian,van Laarhoven,fdubois@example.org,(0514)-026982,Male,1982-09-26,Drachten,Germany,2025-08-28,Gold,No
C003090,Yfke,van Cuijck,van-luinceylin@example.org,+31(0)96 9606206,Female,1986-05-22,Jannum,Belgium,2025-06-24,Gold,Yes
C003091,Jayda,van Rijnsbergen,bart32@example.com,+31(0)29 5537265,Female,1955-01-07,Vierpolders,Belgium,2025-06-01,Silver,No
C003092,Tijmen,Becht,van-gentbenthe@example.com,023-3664900,Female,1971-09-15,Den Burg,Germany,2025-06-20,Silver,Yes
C003093,Koen,van Saksen,miabeernink@example.com,+3101-6467333,Male,1954-07-06,Gemert,France,2025-11-01,Gold,No
C003094,Tijmen,Tamsma,alexander64@example.net,(044) 6434616,Male,1998-09-04,Halfweg,Germany,2026-05-15,Bronze,No
C003095,Niek,de Roos,west-francie-vanmelle@example.org,0239-398643,Female,2001-08-03,Uitwijk,France,2025-09-14,Silver,Yes
C003096,Rayan,van Maaren,coretjulius@example.org,020-1364058,Male,1971-10-08,Nieuw Scheemda,France,2024-07-04,Platinum,No
C003097,Senn,Huijs,hhoelen@example.net,+31(0)682 720332,Female,1989-04-09,Bavel AC,France,2023-12-16,Bronze,No
C003098,Michelle,Wolfswinkel,qkeijzer@example.com,0260 057617,Male,1982-10-20,De Westereen,Belgium,2026-05-14,Bronze,Yes
C003099,Wesley,Kremer,ncarnotte@example.com,+31422 473743,Male,1956-01-09,Drijber,France,2023-08-06,Bronze,Yes
C003100,Elizabeth,Houdijk,selinavan-amstel@example.com,+31(0)047 410180,Male,2008-04-30,Roswinkel,France,2025-11-29,Platinum,Yes
C003101,Fatima,Vermeulen,bryandriessen@example.org,088-1224350,Female,1948-03-28,Zurich,Germany,2025-07-21,Platinum,No
C003102,Anouk,Verschuere,dirk21@example.net,+31(0)65-0092993,Female,1949-10-21,Chaam,Belgium,2025-12-31,Silver,Yes
C003103,Dana,Wipstrik,uvrancken@example.org,(006)-3848119,Male,1989-05-20,Gemert,Germany,2026-01-26,Platinum,No
C003104,Rens,van Westfalen,marinusd-heripon@example.net,0376 353244,Female,1990-10-25,Nieuwolda,France,2024-12-30,Gold,Yes
C003105,Tom,Dennenberg,ecrinsteinmeiern@example.com,(0850)-500326,Female,1977-09-22,Terhole,France,2026-03-03,Silver,Yes
C003106,Mustafa,de Gruijl,bibibierstraten@example.com,+31(0)708-843461,Female,2000-04-05,Leur,Netherlands,2025-04-17,Platinum,Yes
C003107,Brent,Verbeeck,hvan-den-assem@example.org,+3156-6477194,Female,1981-08-28,Blankenham,Germany,2026-02-24,Gold,No
C003108,Hanna,Françoise,mirtheborman@example.net,070-5500605,Female,1964-05-27,Reitsum,Germany,2025-01-06,Bronze,Yes
C003109,Aaliyah,van Opper-Lotharingen,ties61@example.org,+31148-491889,Female,1966-05-23,Gorinchem,Germany,2023-10-06,Platinum,Yes
C003110,Philip,van de Leemput,lindseythout@example.com,(057) 2355392,Male,1978-04-16,Schoonloo,Belgium,2025-01-17,Gold,Yes
C003111,Jolie,Beekman,olivierfurda@example.net,+31(0)672 138136,Male,1969-10-16,Meerlo,Belgium,2025-09-19,Gold,No
C003112,Sarah,de Smit,bouhuizenmuhammed@example.com,0002-860963,Female,1956-11-06,Stroe,Belgium,2025-02-08,Gold,Yes
C003113,Riley,Marceron,van-den-bergjennifer@example.org,(019) 2022651,Female,1953-09-14,Hoenderloo,Belgium,2024-11-06,Bronze,Yes
C003114,Selina,van Nederlotharingen,khehl@example.org,098 9880276,Male,1985-03-22,Sneek,Germany,2024-11-14,Silver,Yes
C003115,Keano,Verschuere,fabian48@example.net,0518-414777,Female,2003-09-15,Ossenwaard,Netherlands,2023-11-29,Gold,No
C003116,Nout,Schotte,jacepsjinthe@example.net,0495 549096,Female,1955-12-01,Vierlingsbeek,Germany,2025-07-27,Bronze,Yes
C003117,Lenn,Bastiaanse,britt97@example.com,+31(0)271-862400,Female,1997-01-12,Deursen-Dennenburg,Belgium,2025-01-01,Bronze,Yes
C003118,Wesley,Booden,pvan-den-velde@example.org,085 8827684,Male,2000-04-05,Velden,France,2025-01-19,Bronze,No
C003119,Sofia,Geldens,pblom@example.org,+31(0)185 993369,Male,2008-01-13,Warffum,Germany,2023-09-07,Bronze,Yes
C003120,Dylano,van Venrooy,danioennen@example.net,(0287)-887511,Male,1989-06-18,Ossenwaard,Germany,2024-11-01,Gold,No
C003121,Phileine,Brizee,lukasouwel@example.org,0133-113979,Male,1991-01-08,Driewegen,France,2025-03-02,Bronze,Yes
C003122,Jonas,Prinsen,norah52@example.net,073 1064907,Female,1969-05-06,Akersloot,Netherlands,2023-11-11,Silver,Yes
C003123,Jente,Emmen,lize50@example.net,+3102-9596413,Female,1961-06-15,Renswoude,France,2025-04-26,Bronze,Yes
C003124,Sten,Suijker,vjoosten@example.com,+31939 611701,Female,1994-05-25,Wernhout,France,2026-03-09,Silver,Yes
C003125,Thijn,Stettyn,fay56@example.com,(0075)-308356,Female,2002-10-16,Alteveer,France,2026-06-01,Silver,Yes
C003126,Levi,Pierson,rens45@example.org,+31520 306894,Female,1964-09-07,Bocholtz,France,2026-04-15,Silver,Yes
C003127,Florian,Scherms,fgellemeyer@example.org,+31(0)81-8035042,Male,1982-10-27,Neerijnen,Germany,2024-07-04,Gold,Yes
C003128,Kyan,Huijben,sannehendrikse@example.org,0147-415676,Male,1995-03-06,Blokker,Netherlands,2024-04-28,Silver,Yes
C003129,Senn,van Vermandois,basvan-de-coterlet@example.org,0037 406395,Female,2001-08-13,Folsgare,France,2025-06-30,Silver,Yes
C003130,Sophie,Draaisma,epost@example.com,(086) 9173492,Male,1959-04-24,Fijnaart,Germany,2026-03-21,Bronze,Yes
C003131,Emily,Bouthoorn,van-dommelenfrederique@example.org,+31(0)404-977046,Female,1973-12-22,Andel,Netherlands,2024-02-12,Platinum,Yes
C003132,Aron,Ariens Ansems,igemen@example.com,(0698) 242154,Female,1965-05-24,Okkenbroek,Germany,2025-02-21,Bronze,No
C003133,Sjoerd,Weyland,puk62@example.com,(034)-9775949,Female,1971-03-24,Raalte,Netherlands,2023-11-10,Bronze,Yes
C003134,Lieke,Luboch,eschuylenborch@example.com,+31(0)292 289547,Female,1947-06-22,Farmsum,Belgium,2026-05-18,Gold,No
C003135,Nova,Wilson,linnrecers@example.net,(0440)-115878,Female,1959-09-29,Lith,Belgium,2024-08-20,Gold,Yes
C003136,Tobias,Dekker,zoe27@example.org,+31(0)885-904045,Male,1953-12-30,Balloërveld,Belgium,2023-12-20,Gold,No
C003137,Elisa,Tamsma,ruben06@example.com,+31889-733477,Female,1949-02-20,Sauwerd,Netherlands,2024-06-19,Silver,No
C003138,Tessa,Coret-Coredo,bryan29@example.org,0449 929923,Male,1962-09-07,Numansdorp,France,2025-03-24,Silver,No
C003139,Jurre,Meeres,dewi22@example.org,+31501 566135,Female,1949-05-07,Schoonebeek,Belgium,2026-06-30,Silver,Yes
C003140,Victor,van der Horst,mohamed24@example.com,+31(0)541 384645,Male,1947-11-23,Nijehaske,France,2023-09-20,Platinum,No
C003141,Lynn,van Dokkum,ckathagen@example.org,0871 666009,Male,1977-03-31,De Veenhoop,Belgium,2026-03-10,Platinum,No
C003142,Phileine,Steenbeek,iris33@example.com,+31(0)353-037864,Female,1956-12-27,Harbrinkhoek,Netherlands,2026-06-09,Platinum,Yes
C003143,Sam,Aeije,jaylinnvan-der-stael@example.net,+3110 1692887,Female,1969-01-02,De Wilp,Belgium,2024-09-10,Silver,No
C003144,Fabiënne,Kisman,yberends@example.org,0907 750149,Female,1983-10-14,Marken,Germany,2025-01-10,Silver,No
C003145,Vera,van Loon,esther94@example.com,+31(0)965 491441,Male,1994-11-26,Grevenbicht,Netherlands,2023-09-05,Gold,Yes
C003146,Liza,Verbruggen,fleur70@example.net,(0116) 961568,Male,1963-05-12,Nieuwkoop,Netherlands,2024-10-08,Bronze,Yes
C003147,Frederique,Brievingh,den-teulingjoy@example.com,(0761) 955017,Female,1968-09-25,Eexterzandvoort,France,2023-09-06,Silver,Yes
C003148,Sven,Versluijs,loekboer@example.com,092 5215882,Female,1958-05-10,Eygelshoven,France,2026-05-02,Platinum,No
C003149,Elisabeth,Bezemer,mathijslind@example.net,+31(0)077 899232,Female,1998-11-27,Enkhuizen,Germany,2025-04-22,Platinum,No
C003150,Amir,van den Brink,van-munsterelise@example.org,+31(0)919 044540,Male,1964-08-17,Zevenhoven,Netherlands,2023-10-21,Platinum,No
C003151,Lukas,van Parijs,khekker@example.com,0674 271602,Female,1973-08-01,Heemstede,Belgium,2024-03-30,Gold,Yes
C003152,Mohammed,Kolen,glassesnynke@example.com,0145-709690,Female,1958-10-30,Zoeterwoude,Germany,2025-06-30,Platinum,Yes
C003153,Quinty,van Verdun,mohamed66@example.org,0151-255162,Male,1984-11-11,de Lutte,France,2025-11-27,Bronze,No
C003154,Mika,van Wallaert,jorttillmanno@example.net,+31(0)803 440304,Male,1967-06-08,Aagtekerke,France,2023-09-18,Gold,No
C003155,Noud,van Limburg,loisamalrada@example.net,(0446) 614738,Male,1949-11-26,Miedum,Netherlands,2026-07-14,Silver,Yes
C003156,Noah,Sam,laffraymicha@example.org,(085)-1674416,Female,1995-10-26,Ledeacker,France,2024-12-26,Gold,No
C003157,Jort,Godfrey van Alemannië,rvan-es@example.com,(0516) 479795,Female,1998-01-17,Leuth,Germany,2023-08-30,Gold,Yes
C003158,Aron,Buijs,gruijllizz@example.org,+3184-9418577,Male,1959-09-20,Delft,Germany,2026-03-06,Silver,No
C003159,Joël,van Breukeleveen,de-graafeliza@example.net,0029 869586,Male,1975-03-19,Ferwoude,France,2025-11-17,Gold,Yes
C003160,Rayan,Lamore,alexander66@example.com,(0942)-624708,Male,1958-09-26,Kamperveen,Netherlands,2026-02-03,Platinum,Yes
C003161,Merel,Wagenvoort,luc71@example.net,(0109)-052584,Male,2001-10-08,Castelre,Germany,2023-10-30,Gold,No
C003162,Quinn,Ramaker,mike13@example.com,+31(0)21 6610484,Male,1992-07-03,Harich,Germany,2025-12-07,Silver,Yes
C003163,Alexander,Boeser,alinschoten@example.com,090-6216860,Female,1965-04-18,Wolsum,Germany,2025-09-19,Platinum,Yes
C003164,Joris,van den Hoek,kortnina@example.net,+31(0)410-988255,Male,1956-04-29,Overschild,Germany,2023-11-18,Gold,Yes
C003165,Ties,Oda,van-den-nuwenhuijzensiem@example.com,+3156 5287388,Female,1953-02-25,Toldijk,France,2026-03-11,Bronze,No
C003166,Dex,Schroeff,loeksprong@example.net,(075) 6189320,Female,1999-10-13,Sint Maartensbrug,France,2025-04-03,Platinum,Yes
C003167,Oscar,Spaan,fortuynlukas@example.net,090 0981639,Male,1953-05-24,Lobith,Belgium,2026-04-30,Gold,No
C003168,Lola,Bresse,van-velthovenlois@example.net,+31(0)64 1873079,Female,1946-01-03,Hulten,Belgium,2025-11-22,Gold,No
C003169,Brian,van der Wal,job42@example.com,+31(0)587-719561,Male,1951-10-23,Hiaure,Netherlands,2025-04-02,Silver,No
C003170,Jaylinn,Kleijse,chris52@example.net,+3100 4350915,Male,1945-12-04,Klein Zundert,Netherlands,2023-11-01,Bronze,No
C003171,Zeynep,Willems,joshua95@example.org,+31(0)285-075806,Male,1977-07-12,Zuidoostbeemster,Belgium,2024-07-31,Silver,Yes
C003172,Aylin,van de Eerenbeemt,dkamper@example.org,+3110-8417338,Female,1996-04-06,Briltil,Germany,2026-06-29,Bronze,No
C003173,Johanna,Miltenburg,daniquemulder@example.net,0402-515777,Female,1994-03-29,Feanwâlden,Germany,2024-05-25,Platinum,No
C003174,Amélie,Meeres,ojonker@example.org,+3120-1545605,Female,1952-10-15,Halle,Belgium,2023-12-08,Bronze,Yes
C003175,Suze,Loep,rsprong@example.org,(0362)-715235,Male,1998-03-25,Lekkum,Germany,2025-08-05,Silver,Yes
C003176,Lieve,Loep,sroodesteijn@example.com,+3117-6142580,Female,1993-01-18,Waterhuizen,Germany,2026-05-31,Silver,Yes
C003177,Mick,de Grunt,qverhoeven@example.com,+31526 699623,Male,1977-11-02,Erichem,Netherlands,2025-06-01,Platinum,No
C003178,Romy,David,mathieuimran@example.org,+3145 0647039,Male,1997-08-14,Eethen,Netherlands,2024-11-25,Bronze,No
C003179,Victoria,van de Kooij,luka24@example.com,(088)-5280749,Female,2008-03-14,Steenderen,France,2025-04-25,Platinum,No
C003180,Bas,Vergeer,palmanmirthe@example.org,+3199-3664738,Female,1952-11-21,Driebruggen,France,2024-08-09,Gold,Yes
C003181,Helena,van Kuijc van Malsen,van-der-mastmathijs@example.net,+31(0)564 846008,Female,1974-05-07,Nunhem,Germany,2024-01-07,Silver,Yes
C003182,Dewi,van Allemanië,jasper12@example.com,012-0461851,Male,1971-05-24,Zevenbergen,Netherlands,2025-06-15,Bronze,Yes
C003183,Valentijn,Verda,van-veenlieve@example.org,0648 906218,Female,1979-08-05,It Heidenskip,Belgium,2024-01-29,Silver,Yes
C003184,Noor,van Susa,van-veentessa@example.org,+31(0)898 832370,Female,1997-09-30,Tonden,Belgium,2023-08-30,Platinum,No
C003185,Nina,Neuzerling,tamsmafeline@example.net,+31634-620550,Female,1992-08-11,Hoogeloon,Germany,2025-12-08,Bronze,No
C003186,Esila,Willemsen,yusuf64@example.com,0791-166725,Female,1965-10-16,Hoensbroek,Belgium,2025-09-18,Silver,No
C003187,Elena,Mangel,jonkmansimon@example.com,(0647)-999236,Female,1992-04-28,Baambrugge,Belgium,2025-04-30,Gold,Yes
C003188,Catharina,Verhoeven,zvan-de-greef@example.com,071-0575040,Female,2007-11-10,Tinallinge,France,2024-04-28,Gold,No
C003189,Noor,Rijntjes,bormancharlotte@example.com,(087)-3234449,Male,1949-03-04,Zuidwolde,France,2024-06-16,Gold,No
C003190,Keano,Everts,hazenveldnoah@example.com,+31068 907333,Female,1954-03-30,Wittelte,Netherlands,2025-09-04,Platinum,No
C003191,Emily,Jorrisen,thoning@example.org,0151-954301,Male,1959-01-07,Oldenzaal,Germany,2023-09-03,Silver,No
C003192,Jente,Drysdale,koningsquinten@example.org,(0117)-642982,Female,1948-03-15,Scharwoude,Germany,2023-10-12,Gold,No
C003193,Oscar,de Groot,johannes60@example.net,(004) 7432759,Male,1984-03-13,Nieuw-Amsterdam,Netherlands,2025-12-29,Silver,No
C003194,Evy,Adelaar,van-der-strigtmohammed@example.com,085 3401486,Female,1972-04-30,Schalkhaar,Germany,2024-11-17,Bronze,No
C003195,Job,Hexspoor,yslagmolen@example.net,+31161-569748,Male,1986-10-15,Oldenzijl,Netherlands,2024-01-10,Gold,No
C003196,Amir,Henric van den Nuwenhuse,kyrahekker@example.net,+31(0)87-2158263,Female,1977-05-05,Stein,Netherlands,2026-07-16,Platinum,No
C003197,Sam,Mulders,jaylinnde-vroege@example.net,(059)-9063105,Female,1952-10-01,De Weere,Belgium,2025-05-11,Platinum,No
C003198,Charlotte,van Vermandois,bilal99@example.org,0059 254659,Male,2002-09-10,Ellertshaar,Netherlands,2026-05-16,Silver,No
C003199,Frederique,Joosten,dsanders@example.net,+31(0)171-842000,Female,1965-04-15,Scheerwolde,Germany,2024-11-13,Platinum,Yes
C003200,Sarah,van Ghoerle,avan-rijthoven@example.net,0231-782256,Male,1982-01-26,Vegelinsoord,Netherlands,2024-03-31,Gold,No
C003201,Annabel,van Kusen,vkathagen@example.com,073-7385992,Male,1968-04-18,Loppersum,Netherlands,2026-05-14,Platinum,Yes
C003202,Tijn,Claesdr,kuijpersisabel@example.com,+31(0)06-6499551,Male,1961-12-09,Middelharnis,Netherlands,2024-03-13,Gold,No
C003203,Jenna,van der Pol,saarvan-duvenvoirde@example.org,(0743) 801029,Male,1956-11-01,Bingelrade,Germany,2024-01-16,Bronze,Yes
C003204,Sil,Ellis,senn63@example.com,+3125 8917002,Female,1948-12-10,Geffen,Germany,2023-08-15,Silver,Yes
C003205,Mika,Ansems,leenejacob@example.com,0023 822356,Male,1954-03-01,Hei- en Boeicop,Belgium,2024-06-27,Silver,Yes
C003206,Bjorn,van de Wal,appelmantirza@example.org,030-4880317,Male,1995-01-09,Kampen,France,2023-08-22,Gold,No
C003207,Sarah,den Haag,kallenlois@example.net,+3127 6114382,Male,1974-09-27,Belfeld,Netherlands,2025-11-16,Bronze,Yes
C003208,Merle,van der Smeede,xavivan-der-ven@example.net,+3130 5028151,Female,1973-03-16,Harkstede,Belgium,2024-03-04,Silver,Yes
C003209,Mare,Noordijk,ymeijer@example.org,+3122-6447864,Female,1992-07-14,IJsselmuiden,Belgium,2025-12-01,Silver,No
C003210,Sanne,Robbrechts Bruijne,verwoerthendrik@example.org,022 2981018,Male,1956-02-16,Voorhout,Germany,2026-05-24,Silver,Yes
C003211,Dion,van Orleans,oosterhekmare@example.net,+3116-1447091,Male,1989-01-20,Tollebeek,France,2024-07-27,Platinum,Yes
C003212,Lot,van Gorp,philip14@example.org,0809 228078,Male,1951-06-07,Laag-Soeren,Germany,2024-03-15,Bronze,Yes
C003213,Tristan,Zeemans,masonremmers@example.net,(065) 4958359,Male,1953-11-07,Lage Mierde,France,2023-09-15,Silver,Yes
C003214,Yusuf,Verwoert,felinevan-de-berg@example.net,+31(0)30-5245191,Male,1994-10-18,Kapellebrug,Germany,2025-04-17,Platinum,Yes
C003215,Kyan,van Noordeloos,annemijnhofman@example.net,+31(0)64-7172384,Female,1987-08-01,Spaubeek,France,2023-12-17,Silver,Yes
C003216,Vince,van Westfalen,van-dongenpim@example.org,+3131 6478824,Male,1982-11-08,Koudekerk aan den Rijn,Belgium,2026-06-25,Platinum,No
C003217,Zara,Woutersz,dbroeshart@example.org,+3121-9923891,Female,1986-05-23,Egmond-Binnen,Netherlands,2026-06-16,Platinum,No
C003218,Sara,Huurdeman,lot31@example.net,(0522) 406962,Male,1983-09-19,Homoet,France,2023-10-26,Bronze,No
C003219,Dylano,van der Ven,tvan-brenen@example.net,+31(0)60-2063071,Female,1951-04-14,Handel,Netherlands,2026-06-20,Platinum,Yes
C003220,Lara,Lafleur,luc80@example.net,0359-166883,Female,1985-09-09,Callantsoog,Netherlands,2025-03-22,Platinum,Yes
C003221,Mason,Hagendoorn,texiernoortje@example.net,(017)-7478220,Female,1981-08-04,Kropswolde,Belgium,2024-07-15,Silver,Yes
C003222,Fiene,van der Veiver,ashleyvan-luxemburg@example.com,+31(0)81-6014767,Female,1992-11-11,Zuna,Netherlands,2026-07-15,Platinum,No
C003223,Pepijn,Koster,sanneveltman@example.net,(056)-5961282,Female,1978-01-31,Bruchem,Netherlands,2024-02-28,Bronze,No
C003224,Alicia,van Luyssel,lex60@example.org,011-9572688,Male,1985-02-25,Dongen,France,2024-08-02,Platinum,Yes
C003225,Julie,Köster,elenapasschiers@example.org,+31110-273624,Male,1985-03-06,Tegelen,France,2024-10-06,Bronze,No
C003226,Morris,Hofman,wthatcher@example.org,057 6283277,Male,1972-02-28,Westeremden,France,2026-07-04,Bronze,No
C003227,Amin,Bökenkamp,maaike56@example.org,0713-664276,Male,2006-01-20,Aalsmeerderbrug,Germany,2025-08-04,Gold,Yes
C003228,Fabian,Bierstraten,grecer@example.net,(098)-4524030,Male,1978-05-07,Schiermonnikoog,France,2024-08-16,Gold,No
C003229,Melissa,Wendt,marijnkort@example.com,098-8787123,Male,1979-05-11,Geervliet,France,2025-01-11,Bronze,Yes
C003230,Lieve,Dachgelder,gijs41@example.net,+3107 1671818,Male,1947-08-17,Maashees,Germany,2025-06-20,Platinum,No
C003231,Hamza,van Northeim,jan37@example.com,(048)-0366940,Female,1965-07-30,Hezingen,France,2023-09-27,Bronze,Yes
C003232,Lorenzo,de Vries,damianvan-den-heuvel@example.org,(0811)-772140,Male,1977-02-23,Nuth,France,2026-07-10,Platinum,Yes
C003233,Mads,Schiffer,fzwijsen@example.net,(053)-4006962,Female,1967-08-28,Houten,Belgium,2025-11-11,Gold,No
C003234,Phileine,van der Mast,van-metzboaz@example.org,(0780)-606142,Male,1979-04-10,Harkema,France,2026-05-12,Bronze,Yes
C003235,Julian,van den Velden,elinde-groot@example.org,032-1065209,Male,1997-06-04,Posterholt,Netherlands,2023-12-07,Gold,Yes
C003236,Stijn,Meijer,gijs88@example.com,(027) 4317114,Female,2005-10-01,Leerdam,Netherlands,2024-10-28,Bronze,Yes
C003237,Janna,Recer,liv44@example.org,003 0678107,Female,2007-08-28,Scheerwolde,Netherlands,2025-09-18,Silver,Yes
C003238,Lauren,van de Greef,zthatcher@example.org,0648 821810,Male,1963-10-12,Steyl,Germany,2024-10-13,Silver,Yes
C003239,Stan,Nollee,emir82@example.net,013 1813426,Female,1986-01-20,De Schiphorst,Belgium,2026-02-24,Gold,Yes
C003240,Tara,Veenstra,vpratt@example.net,(074)-9171024,Female,1945-10-06,Raalte,Netherlands,2024-06-13,Silver,Yes
C003241,Mick,Momberg,guitteun@example.com,(001)-3159712,Female,1959-11-26,Ulrum,Germany,2024-07-13,Platinum,Yes
C003242,James,Arnold,stella94@example.org,(0851)-698686,Female,1984-09-25,Loosbroek,France,2024-08-01,Platinum,Yes
C003243,Lara,Erhout,sara00@example.org,+31657 080165,Female,1986-09-14,Hoogerheide,France,2023-10-05,Bronze,No
C003244,Sebastiaan,van der Horst,van-spreuwelmees@example.com,0426 307866,Female,1969-09-25,Delfgauw,Germany,2025-03-14,Gold,No
C003245,Youssef,Spruyt,robinvan-gils@example.com,0489-799509,Male,2005-06-30,Witmarsum,Belgium,2024-03-08,Gold,No
C003246,Melissa,Ehlert,glommert@example.net,0588-744274,Male,1999-12-21,Netterden,Netherlands,2023-09-08,Platinum,Yes
C003247,Suze,Huisman,joel56@example.com,085-7544899,Male,1998-10-23,Zenderen,France,2024-08-31,Bronze,No
C003248,Lauren,Huisman,zvan-ham@example.net,+3162 7486290,Male,1951-11-16,Gasselternijveenschemond,France,2026-05-31,Silver,No
C003249,Tijmen,Brievingh,milan55@example.com,+31(0)807 425895,Female,1986-04-13,Papekop,Belgium,2023-09-16,Bronze,No
C003250,Marijn,Olykan,okolen@example.org,0831-840172,Female,1946-07-05,Groot-Ammers,Germany,2025-12-26,Gold,Yes
C003251,Finn,Joosten,ernstnikki@example.com,006 6518421,Female,1960-04-18,Werkhoven,Netherlands,2025-06-16,Silver,Yes
C003252,Dylano,Bertho,ubrisee@example.net,+31268-138852,Male,1989-11-26,Klazienaveen,Germany,2025-11-25,Platinum,No
C003253,Anouk,van den Berg,van-laonjamie@example.net,+31(0)14-5186838,Female,1947-01-16,Broek op Langedijk,Germany,2023-08-13,Gold,Yes
C003254,Amira,van den Broek,maravan-tuijl@example.net,(019)-7482376,Male,2001-03-02,Earnewâld,Germany,2024-07-14,Platinum,Yes
C003255,Maurits,Pierson,meeusenlena@example.com,+31(0)485-335664,Female,2007-06-25,Scharwoude,Netherlands,2026-04-28,Platinum,Yes
C003256,Jim,Shupe,greijmatthijs@example.net,+31(0)532-556715,Male,1968-12-01,Dussen,France,2024-05-27,Bronze,Yes
C003257,Dylano,de Kok,elinde-wit@example.net,(0445)-712113,Female,1987-10-16,Angerlo,Netherlands,2026-03-31,Platinum,Yes
C003258,Boris,van der Veen,fien75@example.net,+31(0)96 4784927,Male,1971-02-01,Houten,Netherlands,2025-06-17,Bronze,Yes
C003259,Rens,Huisman,suus05@example.com,+31(0)208-188536,Female,1988-08-30,Akmarijp,Germany,2026-02-04,Silver,No
C003260,Cornelis,Janssen,kate68@example.org,0660 733943,Male,1979-09-27,Exloërveen,Germany,2023-11-02,Platinum,No
C003261,Esmee,Doorhof,sperck@example.org,+31(0)567-754435,Female,1969-01-17,Heythuysen,Germany,2025-02-03,Silver,No
C003262,Stijn,de Reede,eliasvan-de-berg@example.org,+31(0)522-371906,Male,1975-03-23,Sint Maarten,Germany,2026-05-14,Gold,Yes
C003263,Lotte,Claesner,mathijsvan-de-weterink@example.com,+31(0)73-1135475,Female,1989-08-15,Húns,Netherlands,2025-08-29,Platinum,No
C003264,Sophia,Volcke,schelvisesther@example.org,(0813) 054574,Male,1977-12-19,Bloemendaal,Belgium,2026-03-03,Silver,No
C003265,Esther,Geerling,ecrinthomas@example.com,084-5883928,Female,1980-01-14,Ansen,France,2025-06-10,Bronze,Yes
C003266,Daphne,van Northeim,simonsryan@example.com,084-1658139,Female,1988-01-14,Vierakker,Germany,2024-06-12,Bronze,No
C003267,Ecrin,Kort,micha51@example.com,+31709-134334,Female,1984-10-19,Opende,Germany,2023-08-16,Gold,Yes
C003268,Sam,Texier,timvan-de-velde@example.net,0992 426399,Male,1965-09-23,Opijnen,France,2024-01-16,Gold,No
C003269,Bram,van Noort,anouk64@example.net,074 6610271,Male,1963-11-28,Winterswijk Ratum,Germany,2023-10-03,Silver,No
C003270,Lily,Blees,xkamper@example.net,0894-259161,Male,1970-05-01,Moddergat,France,2023-08-30,Gold,No
C003271,Ayoub,van Laarhoven,van-der-kintjoshua@example.net,+31(0)96 2029650,Female,1999-01-04,Kommerzijl,Germany,2025-09-14,Platinum,Yes
C003272,Raf,Jacobs,jaarden@example.net,+3139-5062195,Female,1955-08-24,Hoevelaken,Netherlands,2026-04-01,Platinum,No
C003273,Stefan,van Clootwijck,vincebroeders@example.net,(037) 0720656,Male,1958-08-30,Hijken,Belgium,2024-06-09,Platinum,Yes
C003274,Levi,Roodesteijn,bjorn73@example.com,+31(0)48 1822882,Female,2001-10-29,Deil,France,2025-08-14,Silver,Yes
C003275,Jenna,Hoogers,sarneelevie@example.net,+31(0)35-7604088,Female,1976-09-07,Wapenveld,Germany,2024-10-01,Bronze,No
C003276,Daniel,Brievingh,vvan-doorn@example.org,(0382)-494339,Female,1956-09-19,Ingber,Netherlands,2023-09-25,Silver,No
C003277,Tygo,Arts,collinoude-heer@example.net,+31(0)379 262745,Male,1998-08-07,Hoogland,Netherlands,2025-06-13,Silver,No
C003278,Tara,van Dooren,norah94@example.org,(099)-0801481,Male,1949-01-30,Markenbinnen,Netherlands,2025-01-15,Gold,No
C003279,Hanna,Janssen,tristanvan-der-steen@example.com,+31(0)21 6829854,Male,1948-11-17,Hooge Zwaluwe,Germany,2023-10-29,Bronze,Yes
C003280,Sophie,Slingerland,qevers@example.com,018-7596250,Male,1995-10-02,Lent,Netherlands,2023-11-27,Platinum,Yes
C003281,Ivy,van Bernicia,gerritsberend@example.net,+31286-755641,Male,1989-08-12,Landsmeer,Belgium,2023-11-05,Gold,Yes
C003282,Nadia,van Beek,de-grootcornelis@example.org,+31011 534999,Male,1992-11-17,Dodewaard,Germany,2026-04-26,Silver,No
C003283,Ise,Bruggeman,agenefaas@example.org,0626 802109,Male,1994-05-14,Oterleek,Netherlands,2024-06-07,Gold,No
C003284,Evelien,van Ommeren,ouwelbram@example.net,+31(0)049 287806,Female,1948-11-28,Terwispel,Netherlands,2024-01-07,Gold,No
C003285,Matthias,Lips,jaydaphillipsen@example.com,(033) 3067591,Male,1986-08-08,Lioessens,Belgium,2024-06-11,Bronze,Yes
C003286,Joris,Haselaar,nde-vries@example.org,+31270-486255,Male,1997-03-25,Strijbeek,Germany,2025-11-10,Gold,No
C003287,Chloé,van den Nuwenhuijzen,vinkstijn@example.org,+31(0)511-490067,Female,1985-03-05,Driewegen,Netherlands,2024-05-21,Gold,No
C003288,Luca,Luboch,lsmit@example.org,+31(0)47 5236929,Female,2008-02-22,Loosbroek,Germany,2024-11-20,Bronze,No
C003289,Sil,Wigman,sde-vroege@example.org,+31(0)214 199232,Male,1959-07-08,Voorburg,Germany,2025-12-12,Bronze,No
C003290,Joost,van der Smeede,lvan-es@example.org,+31953 194259,Female,1988-11-09,Sint Maartensbrug,Netherlands,2026-03-25,Gold,Yes
C003291,Elisabeth,van Buuren,rijntjesyara@example.org,+31(0)97-4748074,Female,1971-11-21,Nunspeet,France,2025-06-21,Platinum,Yes
C003292,Lieke,Sire,yasmine69@example.net,+31(0)37-2376254,Male,1963-07-17,Blokzijl,Netherlands,2025-06-22,Gold,Yes
C003293,Joep,Mathieu,jules72@example.com,+31830-476527,Male,1981-12-09,Schraard,France,2023-12-17,Gold,No
C003294,Amy,Tammerijn,marijn51@example.net,+31595 463946,Female,1989-04-18,Zwijndrecht,Netherlands,2024-05-04,Gold,Yes
C003295,Quinn,Lambers,amina66@example.org,+31836 485849,Male,1969-12-07,Nij Beets,Germany,2023-12-11,Gold,Yes
C003296,Tara,Smit,tessa18@example.com,(095) 2280031,Female,1970-01-29,Ypecolsga,France,2026-01-06,Silver,No
C003297,Youssef,Fortuyn,ggalijn@example.net,(043) 6224188,Male,2003-08-31,Zandberg,Germany,2025-11-25,Gold,Yes
C003298,Tycho,Verbruggen,jacepslenn@example.net,066 1203979,Female,1972-06-23,Koolwijk,Netherlands,2025-05-17,Platinum,Yes
C003299,Olaf,Lether,ybijlsma@example.net,0922 064112,Female,1973-08-20,Lucaswolde,Belgium,2025-04-13,Bronze,No
C003300,Vajèn,Bosman,fayede-roo@example.org,(072)-0351342,Female,1995-08-26,Biddinghuizen,Netherlands,2024-12-20,Silver,Yes
C003301,Hidde,van Dokkum,izevan-dooren@example.org,0214 821149,Male,2007-11-22,Ubbena,Belgium,2026-05-05,Platinum,No
C003302,Kiki,Chrodtrud,bryanpratt@example.org,0839-763183,Male,1982-04-10,Lievelde,France,2024-08-24,Gold,Yes
C003303,Seth,van Limburg,ncammel@example.org,+31408 067169,Female,1968-02-15,Wilnis,Belgium,2024-05-04,Bronze,Yes
C003304,Femke,Terry,hekkerivy@example.net,(004) 5985556,Male,1964-11-23,Driehuis NH,Netherlands,2024-11-10,Platinum,Yes
C003305,Stella,Weylant,lmoenen@example.net,+31287 662707,Female,2008-07-08,Wateren,Belgium,2023-08-27,Gold,No
C003306,Amin,van Noort,collinkorstman@example.net,+3173-2424015,Female,1999-08-16,Reek,France,2024-07-06,Bronze,No
C003307,Jayda,van den Bosch,nickdoesburg@example.org,(083) 5514909,Female,1972-04-06,Oldebroek,France,2024-11-16,Platinum,Yes
C003308,Karlijn,van Nes,jvan-laarhoven@example.org,+31(0)676 752277,Male,1975-07-31,Hattem,France,2025-08-02,Silver,Yes
C003309,Floortje,Cornelisse,abooden@example.net,075 0615341,Male,1970-12-26,Lekkerkerk,Belgium,2025-12-18,Bronze,Yes
C003310,Féline,Le Marec,chloeveenendaal@example.com,(015) 8438387,Female,1998-09-05,Doorwerth,Netherlands,2025-11-26,Bronze,No
C003311,Daan,Wright,feline26@example.org,(094) 5616191,Female,1969-08-31,Ransdaal,Netherlands,2024-07-25,Gold,Yes
C003312,Tess,Tielemans,xtotwiller@example.net,+31789 293348,Female,2004-11-29,Veendam,Netherlands,2025-10-19,Gold,No
C003313,Sem,Ehlert,walpaidis@example.net,0769 474674,Female,1950-11-22,Huizinge,France,2024-03-07,Gold,No
C003314,Lauren,van Brenen,de-nijsfloris@example.org,+31(0)85-1840533,Male,1997-11-16,Vegelinsoord,France,2025-10-28,Silver,No
C003315,Jules,Everts,van-der-laarsejayson@example.org,+31(0)643-352381,Male,1947-09-14,Soesterberg,Germany,2025-04-09,Platinum,Yes
C003316,Femke,Lambregt,hoostveen@example.org,+31848 525886,Female,1972-09-24,Meerssen,Netherlands,2025-01-26,Bronze,No
C003317,Lindsey,Lind,danavan-bruchem@example.com,+31(0)54 3553302,Male,1948-02-10,Nijkerkerveen,Germany,2024-07-06,Platinum,No
C003318,Lot,Recer,mohamedlieshout@example.com,(0838)-124351,Female,1958-09-21,Guttecoven,France,2026-03-25,Bronze,No
C003319,Victor,Rietveld,loes69@example.net,(006)-6663542,Male,1972-01-12,Zevenhoven,Germany,2025-10-28,Gold,No
C003320,Bryan,Shupe,owen29@example.com,(069) 6044939,Female,1979-02-02,Westendorp,France,2023-10-28,Gold,No
C003321,Roan,Doesburg,van-oostemuhammed@example.org,+31(0)34-3472869,Male,1959-08-20,Groesbeek,France,2023-08-13,Platinum,Yes
C003322,Ian,van Parijs,bresejulia@example.org,(043)-4029552,Male,1982-04-06,Hooge Zwaluwe,Belgium,2024-09-18,Bronze,Yes
C003323,Amir,Scheffers,danique98@example.net,(0935) 295126,Male,1948-08-25,Gemonde,Germany,2025-12-03,Platinum,No
C003324,Berat,Aertsz,imranschakelaar@example.org,(081)-4988352,Female,1961-10-17,Hazerswoude-Rijndijk,Germany,2026-04-21,Gold,No
C003325,Elizabeth,Moensendijk,jvan-der-velden@example.org,0877-663348,Male,1948-05-25,'s Gravenmoer,France,2025-12-07,Gold,No
C003326,Noortje,Nihoe,jaydaspies@example.com,071 4248251,Male,1963-08-23,Beltrum,Belgium,2024-03-05,Silver,No
C003327,Marinus,Zuidweg,whuel@example.net,+3135 7432797,Female,1966-02-03,Oisterwijk,France,2024-12-06,Bronze,Yes
C003328,Hidde,Woudenberg,wessel26@example.com,(0365) 786551,Male,1978-05-24,De Westereen,Belgium,2024-02-28,Gold,Yes
C003329,Lise,Muijs,oomsjayda@example.org,+31540-504650,Female,2004-12-29,Hemmen,France,2026-06-18,Gold,Yes
C003330,Aaron,Room,fslagmolen@example.com,+3138-7906904,Male,1984-11-06,Heinenoord,Germany,2026-05-07,Silver,No
C003331,Noah,de Vrome,jinthe34@example.org,(043)-4016626,Female,1970-06-10,Kapel-Avezaath,Germany,2026-01-23,Bronze,No
C003332,Mika,de la Fleche,lieshoutgijs@example.org,073 6136762,Male,1968-05-27,Vessem,France,2024-07-13,Bronze,Yes
C003333,Rik,de Kok,madelief27@example.net,0904-876857,Male,1977-11-19,Raamsdonk,Belgium,2024-08-27,Bronze,No
C003334,Eliza,van de Velden,willem40@example.net,006-7512671,Male,1955-03-03,Tripscompagnie,Belgium,2026-05-08,Silver,Yes
C003335,Jim,Winnrich,britt53@example.com,+31400 456564,Male,1950-10-20,Muiden,Belgium,2025-03-17,Silver,Yes
C003336,Chloë,van Riet,wvan-duivenvoorde@example.com,064 0085842,Male,1955-02-16,Blokzijl,Belgium,2026-07-28,Platinum,Yes
C003337,Zara,de Gruil,pienvan-voorst@example.net,064-2998671,Female,1987-01-20,Oosterwijtwerd,France,2024-05-12,Bronze,Yes
C003338,Laura,de Groot,kvan-t-wel@example.org,+31(0)978 312877,Male,1969-09-10,Wijnbergen,Germany,2023-10-09,Silver,No
C003339,Bart,Hellevoort,ecrin57@example.org,028-9679385,Female,1970-06-14,Oudenhoorn,France,2024-10-03,Bronze,Yes
C003340,Cas,Wolzak,nadia99@example.org,+31(0)066-450115,Male,1992-09-27,Overloon,Germany,2026-06-11,Platinum,Yes
C003341,Maria,Hehl,umuller@example.com,+31411-848959,Male,1994-02-09,Bitgum,France,2025-02-19,Platinum,No
C003342,Brian,van 't Erve,esmeevergeer@example.org,(003)-6243164,Female,1965-03-01,Hoenderloo,Belgium,2023-12-24,Bronze,No
C003343,Quinty,Dekker,qfremie@example.com,+3189-5720905,Female,2000-09-19,Lutjebroek,Germany,2026-03-11,Bronze,Yes
C003344,Fien,Beijring,evelienschrik@example.org,+31188 612041,Female,1963-01-14,Pijnacker,Netherlands,2026-06-16,Silver,Yes
C003345,Robin,Weylant,sepp35@example.net,+31(0)399-396232,Female,1998-09-05,Rijswijk,France,2024-07-05,Bronze,Yes
C003346,Mats,Mathurin,rhuisman@example.com,(0847)-774771,Male,1982-09-12,Wenum Wiesel,Belgium,2026-06-21,Platinum,No
C003347,Johannes,Brugman,dotte@example.com,+31(0)466 106608,Female,1955-06-21,Jirnsum,Germany,2025-07-07,Silver,Yes
C003348,Amina,van Grondelle,kden-haag@example.net,0693 054200,Male,1997-02-01,Susteren,Belgium,2024-07-29,Platinum,Yes
C003349,Fenne,van Ooste,mick11@example.com,+3145-8197161,Female,1979-02-15,Meerssen,Belgium,2025-08-25,Platinum,No
C003350,Hanna,Dachgeldt,ponsjuul@example.org,+31581 982153,Female,1985-07-05,Schardam,Netherlands,2023-11-09,Silver,No
C003351,Norah,Vervoort,lgerritse@example.org,+31757 171223,Female,1995-10-25,Apeldoorn,Belgium,2025-12-02,Platinum,No
C003352,Ali,Nieuwstraten,hollanderryan@example.com,0722-348181,Female,1948-03-01,Kootwijkerbroek,Netherlands,2023-08-26,Platinum,No
C003353,Selena,van Wijland,daphnehaengreve@example.net,0218-593059,Male,1946-08-22,Zeijen,Belgium,2024-02-14,Silver,No
C003354,Stef,de Koning,pvoortman@example.com,+3108 4578008,Male,2007-09-28,Helden,Germany,2025-10-31,Bronze,No
C003355,Tobias,van der Klijn,johannastook@example.net,+31(0)171-540914,Female,1990-10-01,Velsen-Noord,Netherlands,2026-03-18,Platinum,Yes
C003356,Zoë,Simonis,bcant@example.net,+31(0)80 2808068,Male,1951-10-20,Beerta,Netherlands,2023-12-31,Platinum,No
C003357,Ella,Brisee,thijn16@example.org,(047) 9507202,Male,1987-08-01,Hommerts,Germany,2024-02-16,Silver,No
C003358,Rafael,Lamotte,lotte99@example.org,098-3485328,Female,1950-02-21,Diphoorn,Belgium,2025-02-20,Gold,Yes
C003359,Tijn,van der Zijl,vvan-schweinfurt@example.com,(019) 3102673,Female,1989-10-07,Barsingerhorn,Netherlands,2024-03-10,Silver,No
C003360,Bram,Bloemendaal,fedde57@example.org,(075) 3275555,Male,1985-06-12,Voorburg,Netherlands,2024-02-08,Gold,No
C003361,Abel,Garret,sterre60@example.org,086-9276951,Female,1961-12-31,Klein Zundert,Belgium,2023-12-17,Gold,Yes
C003362,Jim,Oda,ycarnotte@example.com,(025) 2004425,Male,2005-07-27,Nieuw- en Sint Joosland,France,2024-01-20,Platinum,No
C003363,Wessel,van Bruchem,esmeewijland@example.com,0192 066520,Male,1945-12-15,Exloërveen,Belgium,2026-03-19,Gold,Yes
C003364,Joey,van Mook,van-salmengerrit@example.com,+31(0)154-893563,Male,1986-05-19,Tienray,Netherlands,2024-08-12,Gold,No
C003365,Ayden,Ulrich,maxim96@example.com,+31178 098571,Female,1968-10-31,Nieuwer Ter Aa,Germany,2025-11-03,Gold,Yes
C003366,Robin,van den Assem,schenkloek@example.com,090 7503543,Female,1986-11-04,Boelenslaan,Belgium,2025-10-13,Silver,No
C003367,Yusuf,Korstman,levesquemark@example.net,(0730) 871663,Female,2007-05-18,Ees,Germany,2025-02-14,Gold,No
C003368,Amy,van Kasteelen,floris74@example.com,(065)-7164665,Female,1961-01-25,Broek in Waterland,Germany,2023-12-12,Silver,No
C003369,Azra,Verboom,lennhoogers@example.com,(092)-3351815,Male,1992-04-14,Elim,Netherlands,2025-05-11,Platinum,No
C003370,Seth,Goyaerts van Waderle,chrisrek@example.com,(083)-9748591,Male,1974-09-20,Landhorst,Germany,2023-10-07,Bronze,Yes
C003371,Daphne,Bartels,wrightlise@example.com,+3112 4980391,Female,1998-05-20,Castenray,Belgium,2025-04-19,Gold,No
C003372,Esmee,Koning,sarahellis@example.org,+3117 0971562,Male,1985-07-01,Rossum,Netherlands,2025-02-13,Bronze,Yes
C003373,Jolijn,Keltenie,kayleigh32@example.com,015-1129576,Female,1977-01-08,Numansdorp,Belgium,2024-05-29,Gold,No
C003374,Robin,de Roos,niek68@example.com,013 1476890,Male,1985-04-21,Beek,Germany,2025-09-15,Gold,Yes
C003375,Zoey,van Baalen,lvan-den-assem@example.org,0182 944947,Male,1952-07-07,Rossum,France,2025-02-16,Bronze,No
C003376,Dirk,Wolters,qverhoeven@example.net,(082)-3021346,Male,1992-04-13,Beutenaken,Belgium,2024-07-08,Gold,Yes
C003377,Koen,Terry,max07@example.org,0670 454678,Male,1984-03-16,Biest-Houtakker,France,2025-04-23,Silver,No
C003378,Roos,Aarden,verhoevenaron@example.org,(010) 3767569,Male,1962-08-05,Oud Ootmarsum,Netherlands,2023-09-29,Platinum,Yes
C003379,Jules,Coret,oliviacoreth-von-und-zu-coredo-und-starkenberg@example.com,+31(0)865-153670,Male,1989-05-23,Meliskerke,France,2025-02-25,Gold,No
C003380,Ize,van den Berg,koenrackham@example.net,+31442-693455,Female,1962-03-22,Benthuizen,Netherlands,2026-02-20,Silver,Yes
C003381,Mathijs,Le Marec,martvan-der-lede@example.org,+3120-8418524,Female,1986-11-02,Gaastmeer,Belgium,2024-02-14,Platinum,No
C003382,Laurens,Serra,bezemerkian@example.com,063-9016334,Female,2003-04-15,Heijenrath,Netherlands,2026-02-25,Gold,No
C003383,Phileine,Janse,samadelaar@example.org,+31(0)284 085250,Male,1947-09-24,Bosch en Duin,Germany,2025-12-09,Bronze,No
C003384,Zara,Rutten,vincentbeekman@example.com,+31(0)258-942418,Male,1998-07-31,Rijswijk,Germany,2023-10-08,Platinum,No
C003385,Sara,van Bergen,loes80@example.net,070-2324607,Male,1976-04-24,Gapinge,Netherlands,2023-10-12,Gold,Yes
C003386,Rens,Govarts,rehorstdex@example.org,(066) 9980594,Male,1994-03-30,Cruquius,Germany,2025-06-11,Platinum,No
C003387,Ize,le Guellec,tirza18@example.net,+31(0)36 3692430,Female,1949-08-01,Niawier,France,2025-08-22,Silver,Yes
C003388,Jayson,Weeldenburg,mick01@example.org,(004)-1202388,Male,1955-02-26,Hoogmade,Netherlands,2025-07-02,Bronze,No
C003389,Dave,Nedermeijer,erhoutjake@example.com,+31(0)248-106508,Male,1987-02-13,Kapellebrug,Germany,2024-09-26,Gold,No
C003390,Senn,Tamsma,yinthe53@example.com,+31098-266355,Female,1991-01-08,Noord-Scharwoude,Netherlands,2023-10-29,Silver,Yes
C003391,Tijmen,van Straaten,van-hoevel-en-van-zwindrechtsilke@example.org,+3105 4813686,Male,1970-12-06,Bears,Germany,2023-11-28,Platinum,No
C003392,Amélie,Overeem,de-roosmerijn@example.com,+31(0)612 910435,Female,1959-03-25,Kockengen,Belgium,2024-06-28,Gold,No
C003393,Benthe,van Mispelen,michabroek@example.net,+31825-578070,Female,1985-07-09,Vorden,Germany,2026-01-19,Silver,No
C003394,Marit,van Hulten,sam65@example.org,(029) 0853659,Female,1966-10-23,Weerselo,France,2025-09-22,Silver,No
C003395,Maxim,Grondel,eerdenisa@example.org,+3148-9008329,Male,2008-01-14,Nijbroek,Netherlands,2026-03-06,Bronze,Yes
C003396,Alicia,Zuijdveld,rvan-wickerode@example.com,+31(0)814-540833,Female,1981-12-13,Vlaardingen,France,2025-04-12,Gold,Yes
C003397,Sophie,Brouwer,jelle50@example.org,+31(0)32-1995284,Female,1973-11-07,Oosteind,Belgium,2026-05-18,Silver,No
C003398,Leon,Boudewijns,nisabave@example.org,+31(0)597-333411,Male,1975-01-24,Persingen,Belgium,2024-12-13,Gold,No
C003399,Rik,Jaceps,arensloes@example.com,0811-847211,Female,1972-05-05,Veulen,Netherlands,2026-04-10,Platinum,Yes
C003400,Fatima,Scuylenborchs,bosmanimran@example.com,(022) 1748045,Female,1992-03-07,Hellendoorn,France,2023-08-20,Gold,No
C003401,Ivan,van Engelen,dpostma@example.com,(088)-8575385,Male,1964-07-23,Kerk Avezaath,Belgium,2023-12-30,Silver,No
C003402,Ravi,Backer,van-milisabel@example.net,+3115 2250789,Female,1969-06-24,Tubbergen,France,2024-08-15,Gold,Yes
C003403,Linde,van den Berg,mads84@example.net,008 2001713,Female,1945-08-23,Bunschoten-Spakenburg,Belgium,2025-08-25,Silver,Yes
C003404,Niek,Janssen,maja42@example.org,(0884) 322524,Female,1963-10-19,Staphorst,Germany,2024-06-21,Silver,Yes
C003405,Micha,Kof,evertsannabel@example.com,(041) 9703321,Male,1948-05-15,Zijdewind,Belgium,2023-09-29,Bronze,No
C003406,Hugo,Geerling,juulduivenvoorden@example.org,(0935)-487535,Male,1963-07-23,Rijen,Germany,2023-09-13,Bronze,No
C003407,Lizzy,Maaswinkel,cverharen@example.com,0754-813127,Male,1976-01-31,Oosterzee,Netherlands,2024-10-15,Platinum,Yes
C003408,Riley,Joosten,cdie-bont@example.net,097 4644899,Male,1956-06-05,Klundert,France,2026-04-11,Silver,Yes
C003409,Elif,Pons,pimvan-der-velde@example.com,(014)-4277985,Female,1986-09-24,Kaag,Belgium,2023-10-12,Platinum,No
C003410,Mirthe,Mater,benjaminhoelen@example.net,+31(0)54-4018101,Female,1949-04-24,Terwolde,France,2025-09-11,Gold,No
C003411,Ilse,van Ochten,lieshoutmason@example.org,+31115-871272,Male,1983-08-31,Ouddorp,Germany,2025-05-04,Bronze,No
C003412,Simon,Groen,van-velzensenna@example.org,+31(0)80 3624813,Male,1976-07-06,Baaium,Belgium,2026-03-20,Silver,Yes
C003413,Teun,van den Velden,samuel03@example.com,+31(0)290 428113,Male,1986-03-03,Den Andel,Netherlands,2023-12-12,Bronze,Yes
C003414,Berend,van der Linden,lara47@example.com,(015) 0018618,Female,1965-12-15,Asten,Germany,2023-08-09,Platinum,Yes
C003415,Suze,Wever,de-jongematthijs@example.net,0096 757979,Female,1996-12-30,Linden,Belgium,2024-08-01,Platinum,Yes
C003416,Ivy,Bloemendaal,zoe67@example.net,+3169 5090543,Female,1964-08-13,Vleuten,Germany,2026-04-07,Bronze,No
C003417,Thijs,Poncelet,juliette88@example.org,0520-721998,Male,1947-05-10,Asten,Netherlands,2024-11-28,Gold,No
C003418,Joey,Verhoeven,ehlertlana@example.net,0161-613596,Male,1988-01-22,Beers NB,Belgium,2025-12-30,Platinum,No
C003419,Mats,de Groot,johannesdijkstra@example.com,+31907 826432,Male,1988-03-11,Baaiduinen,France,2025-08-24,Silver,Yes
C003420,Elize,Lorreijn,claesdryusuf@example.org,027-1019661,Male,1995-08-23,Dronten,Germany,2023-12-24,Bronze,No
C003421,Niek,Hermans,nisasmit@example.org,+31314-079123,Male,1988-04-14,Scherpenzeel,Germany,2025-05-17,Platinum,Yes
C003422,Luuk,van Bovene,brijks@example.net,+31(0)734-785396,Female,1971-07-31,Babyloniënbroek,Netherlands,2026-06-08,Gold,No
C003423,Mare,Kamp,kleijsejoost@example.com,+31(0)186 851150,Female,1991-06-16,Oostwold,Netherlands,2024-01-26,Silver,No
C003424,Guus,Kerkhof,wjoosten@example.com,+31(0)00 2597255,Male,1965-06-16,Goor,Netherlands,2026-03-07,Platinum,No
C003425,Siem,Veenstra,jayvan-t-erve@example.com,+31(0)26-8709420,Male,1990-03-07,Ommen,Belgium,2023-12-31,Bronze,Yes
C003426,Ise,Mulder,simonsbjorn@example.org,099 2856455,Female,1958-09-07,Meerlo,France,2024-02-14,Bronze,Yes
C003427,Ayoub,Hoes,marinus79@example.org,+3164-0233107,Female,1973-11-23,Kornwerderzand,France,2025-12-22,Gold,No
C003428,Joy,Vallenduuk,angelina63@example.com,(019) 5357735,Female,1978-01-05,Onstwedde,Netherlands,2024-09-06,Gold,No
C003429,Kyano,Boudewijns,moetesila@example.net,+31331 950892,Female,1962-08-20,Hengelo (Gld),Netherlands,2026-06-10,Silver,No
C003430,Laurens,van der Avoirt,kvan-den-eerenbeemt@example.org,+31(0)389-744233,Male,1955-10-28,Rha,Belgium,2026-01-01,Gold,No
C003431,Ruben,Loreal,gvan-breugel@example.com,(077)-3016097,Male,1954-06-27,Wânswert,Germany,2026-07-27,Platinum,Yes
C003432,Sam,Diesbergen,jleene@example.org,+3137 2681959,Male,1948-03-24,Koudekerke,Germany,2024-11-09,Bronze,No
C003433,Zeynep,Maas,xkof@example.org,+3168-7145338,Male,1961-12-28,de Hoef,Germany,2023-09-30,Gold,No
C003434,Joshua,Bartels,kai93@example.org,(046) 7495384,Female,2007-10-27,Ferwert,France,2024-06-09,Gold,No
C003435,Stijn,Roosenboom,smitsfleur@example.com,(0078) 965816,Female,1951-06-20,Nieuw Beerta,Belgium,2024-05-25,Platinum,Yes
C003436,Dean,de Pauw,rsitters@example.com,+31(0)158-432199,Male,2000-04-23,Bunschoten-Spakenburg,France,2025-07-19,Silver,No
C003437,Marijn,van Dalem,jannavan-der-brink@example.net,(070) 0540761,Male,1948-01-30,Balkbrug,Belgium,2025-09-19,Bronze,Yes
C003438,Maaike,van den Berg,stef17@example.org,(0461) 166063,Female,1961-12-22,Winschoten,Germany,2025-11-12,Gold,No
C003439,Olaf,Aarts,esilaehlert@example.com,(0276)-987260,Male,1964-11-11,Wapserveen,Belgium,2025-03-14,Silver,No
C003440,Leah,van Mook,benthe35@example.org,0604-739381,Female,1973-03-20,Riethoven,France,2025-08-31,Platinum,No
C003441,Olaf,Remmers,jaylinnvan-mook@example.net,+3129-8155445,Female,1945-10-11,Woltersum,Germany,2024-12-08,Silver,No
C003442,Ninthe,Doornhem,bhoes@example.com,0646 764203,Male,2004-06-08,Hoek,Netherlands,2025-02-18,Silver,No
C003443,Koen,Zwart,lambersnorah@example.net,+31(0)479-373619,Female,1957-05-05,Losdorp,Germany,2023-12-20,Silver,Yes
C003444,Tycho,van der Hoeven,feline88@example.org,(0363)-081411,Male,1959-10-09,Epse,Germany,2025-06-16,Platinum,Yes
C003445,Jenna,Huisman,ohofman@example.net,0972-085394,Female,1960-12-20,Boornbergum,France,2025-03-03,Bronze,No
C003446,Mathijs,van Beeck Beeckmans,blorreijn@example.net,+31823-214134,Female,1987-01-07,Engwierum,Germany,2024-03-27,Gold,No
C003447,Guus,de Hoog,jules21@example.org,+3179 2969196,Female,1977-05-01,Hattem,Belgium,2023-08-07,Silver,No
C003448,Milan,Melet,dylanvan-westfalen@example.org,(0293) 824855,Male,1976-08-17,Sellingen,Netherlands,2026-05-16,Gold,No
C003449,Laurens,van Oosten,bvan-brunswijk@example.net,+31639 841612,Male,1982-08-21,Benneveld,Belgium,2024-03-25,Platinum,No
C003450,Janna,Fiere,abroeshart@example.com,087 9412935,Female,2005-11-23,Starnmeer,Germany,2026-03-28,Gold,No
C003451,Jesper,van den Nieuwenhuijsen,jinthepons@example.org,095 4660701,Female,1975-06-06,Driewegen,Belgium,2025-01-02,Platinum,No
C003452,Zoey,van Metz,cornelisde-haan@example.com,+31(0)103-154073,Male,1988-07-08,Udenhout,France,2024-12-04,Gold,No
C003453,Inaya,van Hoevel en van Zwindrecht,sennakruns@example.org,+31093 361190,Female,1989-03-28,Geesbrug,Germany,2026-07-22,Platinum,Yes
C003454,Olivia,Kisman,versluijsrowan@example.com,041 8864455,Male,1982-04-30,Helvoirt,Germany,2025-06-17,Platinum,No
C003455,Zara,Oostveen,willemsbrian@example.com,(0475)-100506,Female,1989-09-28,Harkema,France,2024-08-27,Gold,Yes
C003456,Jolie,Wolzak,evie10@example.org,(0573) 253528,Female,2004-12-30,Siegerswoude,Netherlands,2024-10-08,Platinum,No
C003457,Jesper,Peeters,lana16@example.net,+31339-190556,Male,1980-12-29,Wilsum,Belgium,2025-07-06,Silver,Yes
C003458,Faye,Lemmens,elisa37@example.org,+31(0)83 6151117,Female,1982-04-28,Enter,France,2023-12-25,Platinum,No
C003459,Jip,Goyaerts van Waderle,jwillemsen@example.com,006-3898710,Female,1959-10-20,Lottum,Netherlands,2023-08-23,Silver,No
C003460,Aron,Texier,mart07@example.org,(012)-3318914,Male,1982-03-18,Beerta,Germany,2026-04-15,Silver,No
C003461,Kai,van Wel,bdie-witte@example.net,097 1693573,Female,1966-01-07,Wedde,Germany,2025-01-07,Bronze,Yes
C003462,Carlijn,van der Heijden,selinakuit@example.com,+31(0)94-6851659,Male,1947-08-04,Manderveen,Germany,2025-11-21,Platinum,No
C003463,Norah,van Brunswijk,isa98@example.net,(038) 3065639,Female,1947-07-07,Hommerts,Germany,2025-05-11,Platinum,No
C003464,Jip,Dekker,mason12@example.net,0302 591268,Female,1981-10-05,Woudenberg,France,2025-01-05,Silver,Yes
C003465,Florian,Greij,oblokland@example.com,+31(0)03 4266531,Female,2002-08-06,Losdorp,Netherlands,2025-11-05,Silver,No
C003466,Pleun,Nek,jay77@example.org,+31922 018021,Male,1964-10-28,Sonnega,Germany,2025-05-14,Bronze,No
C003467,Julius,Marceron,noutelsemulder@example.com,099 0025899,Female,1963-04-02,Emst,Belgium,2026-02-26,Gold,Yes
C003468,Olivia,de Roo,vvan-ochten@example.org,0748 210890,Female,1946-01-17,Eerbeek,Belgium,2024-03-10,Gold,No
C003469,Ise,d' Heripon,ilse12@example.org,+31(0)23 9362781,Male,1954-05-08,Zwartsluis,Germany,2025-03-03,Platinum,Yes
C003470,Lisa,van 't Houteveen,ydie-bont@example.com,0720-657467,Male,1998-12-30,Bergambacht,Belgium,2025-02-12,Bronze,No
C003471,Marinus,Giselmeyer,yvan-de-water@example.net,087 1044349,Female,1946-09-04,Arcen,Netherlands,2023-08-25,Silver,Yes
C003472,Lieve,Verheij,aiden71@example.org,+3140 9328360,Male,1948-12-22,Barger-Compascuum,Germany,2025-07-12,Gold,Yes
C003473,Ceylin,Adriaensdr,van-gelderjoy@example.net,+31(0)955-980249,Female,1966-10-19,Mheer,France,2025-06-09,Gold,No
C003474,Maaike,Hermans,hidde28@example.com,+31(0)306-365529,Female,1969-05-22,De Veenhoop,Netherlands,2026-06-12,Silver,No
C003475,Ryan,Zuidweg,femke79@example.net,(0950)-505801,Female,1984-12-05,Dinxperlo,Belgium,2023-08-07,Bronze,No
C003476,Noortje,van Oirschot,van-de-bergbenthe@example.com,+31(0)677-902560,Female,1950-08-07,Foudgum,France,2025-08-22,Silver,Yes
C003477,Guus,Fortuyn,wdie-bont@example.net,(0039) 279436,Male,1947-12-17,Loenen,France,2025-01-25,Bronze,Yes
C003478,Sofia,Zijlmans,luca14@example.org,+31461 289317,Female,1986-12-28,Mijdrecht,Germany,2025-08-20,Silver,Yes
C003479,Merel,Oosterhout,merijn87@example.com,0027 978219,Female,1982-01-27,Bronneger,Belgium,2025-03-16,Platinum,No
C003480,Thom,Dijkstra,hermansyasmine@example.net,+31618-463361,Male,1959-06-07,Vuren,France,2026-03-04,Platinum,Yes
C003481,Floor,Goyaerts van Waderle,tvan-laarhoven@example.net,+31640 672331,Female,1984-02-02,Geervliet,Belgium,2026-02-21,Silver,No
C003482,Riley,de Lange,luca55@example.net,+3185-0512376,Female,2007-11-11,Kampen,France,2026-01-19,Gold,Yes
C003483,Guus,de Gruijl,nweeldenburg@example.net,027-0010906,Female,2000-12-29,Wolvega,Germany,2023-09-14,Silver,No
C003484,Luca,Tuithof,janssenyfke@example.com,(0378) 149817,Female,1979-10-18,Wintelre,France,2026-04-05,Bronze,Yes
C003485,Simon,Furda,damian85@example.com,+31(0)589-110751,Female,2001-09-09,Nijeberkoop,Belgium,2024-06-06,Platinum,Yes
C003486,Dex,van Zwaben,van-der-polamina@example.com,(0535)-217888,Female,1995-07-17,Tolkamer,Belgium,2025-07-14,Bronze,No
C003487,Simon,Pierson,kayleehulshouts@example.org,(025)-1533621,Female,1975-07-04,Exloo,Germany,2025-04-02,Platinum,Yes
C003488,Imran,van Duyvenvoorde,uit-de-willigennynke@example.com,(057) 1891161,Female,2005-04-09,Heumen,Netherlands,2024-12-08,Gold,No
C003489,Roan,Wolzak,pnihoe@example.org,+3132 2584523,Male,1984-07-22,Krommenie,Belgium,2024-04-20,Gold,No
C003490,Tara,Eijkelboom,willemkonings@example.org,+31569-929632,Female,1991-02-06,Stellendam,Belgium,2024-04-21,Gold,Yes
C003491,Ayoub,van Leuven,milan49@example.net,+31(0)96-2761935,Female,1972-06-19,Demen,Belgium,2024-07-21,Silver,Yes
C003492,Daniel,van Riet,guus44@example.net,0149-046981,Female,1966-01-06,Siddeburen,Germany,2024-06-02,Platinum,No
C003493,Dave,van den Hoek,pprins@example.org,0091 690242,Male,1990-12-24,Biddinghuizen,Belgium,2025-02-21,Bronze,No
C003494,Merle,Jaceps,zvan-embden@example.com,(039)-2616995,Female,2000-04-11,Kronenberg,Netherlands,2025-06-12,Gold,No
C003495,Kyano,de Heer,damiandachgelder@example.org,+31927 897223,Male,1983-03-15,Banholt,Belgium,2026-07-05,Silver,No
C003496,Iris,Wooning,zvan-der-sande@example.net,(0569) 231161,Female,1952-11-02,Aarle-Rixtel,Belgium,2023-10-21,Bronze,No
C003497,Rowan,Beekman,van-der-maathlise@example.net,050 8497321,Male,1967-01-20,Buitenkaag,Belgium,2025-04-07,Gold,No
C003498,Britt,Groote,boazbrandt@example.com,+31252 332378,Female,1995-10-19,Almen,France,2024-10-07,Gold,No
C003499,Isabel,Holthuis,verkadejuul@example.com,(091) 9710278,Female,1982-06-23,Reeuwijk,Belgium,2026-02-27,Bronze,Yes
C003500,Lindsey,van den Heuvel,naud07@example.org,+31(0)84-1034409,Female,1990-04-23,Hoogenweg,Belgium,2024-11-23,Silver,Yes
C003501,Ceylin,van Bernicia,van-vlaanderenjim@example.net,(056) 4176033,Male,1955-04-01,Zuurdijk,Netherlands,2025-04-02,Bronze,Yes
C003502,Felix,Lind,luukjansen@example.org,+31(0)464 864005,Male,1980-01-23,Barsingerhorn,Netherlands,2024-01-01,Bronze,Yes
C003503,Brian,Boer,van-der-zijlecrin@example.net,+31(0)631 621413,Female,1954-07-28,Mariaparochie,Netherlands,2025-09-10,Platinum,Yes
C003504,Jason,Bakker,rekties@example.org,(0602) 664007,Female,1965-08-26,Spijkerboor,France,2026-04-04,Silver,No
C003505,Naomi,Backer,neuteboomnadia@example.net,+31772 391153,Female,1966-02-12,Venray,Netherlands,2026-03-22,Bronze,No
C003506,Lorenzo,Erhout,friehussem@example.org,+31322 012920,Male,1984-02-04,Roggel,Germany,2026-06-01,Gold,No
C003507,Boaz,Vastenhouw,floorvan-enschot@example.com,012-8583586,Male,1952-08-28,Nuis,Netherlands,2025-08-04,Platinum,Yes
C003508,Nynke,Peeters,myrthede-haan@example.com,0897-210163,Female,1976-09-26,Oosterleek,Germany,2023-09-20,Gold,Yes
C003509,Gijs,van der Velde,cvan-der-meer@example.org,006-3203483,Female,1949-11-11,Borgercompagnie,France,2025-12-05,Gold,No
C003510,Joep,Rietveld,van-der-brinkamira@example.com,0439 859812,Male,1958-08-14,Teteringen,Belgium,2026-05-22,Bronze,Yes
C003511,Jasper,Tammerijn,koenverwoert@example.org,+31705 080400,Male,1998-01-12,Ooltgensplaat,Belgium,2025-08-07,Silver,Yes
C003512,Cato,van Wijland,stettynisa@example.net,+3128-9073627,Male,1975-12-18,Koudum,Netherlands,2024-12-09,Silver,No
C003513,Wesley,Spaan,lvan-rijnsbergen@example.net,+31(0)226 063306,Female,2006-10-12,Wieringerwerf,Germany,2023-10-07,Platinum,Yes
C003514,Evy,van der Kint,jake25@example.com,0680 366990,Female,1999-10-01,Nieuw-Schoonebeek,France,2023-10-05,Gold,No
C003515,Jolijn,van Lucel,dekkersenna@example.org,+31(0)52 0252013,Male,1990-08-02,Luddeweer,Belgium,2024-12-08,Silver,Yes
C003516,Jade,Furda,yvan-hagen@example.com,(017) 9996406,Female,1966-05-04,Beesd,Netherlands,2026-05-04,Silver,Yes
C003517,Jip,Smits,hendrikde-bruijn@example.com,+31082 758428,Male,1995-02-15,Winterswijk Meddo,Netherlands,2024-11-25,Platinum,No
C003518,Liz,Klomp Jan,aeijeyara@example.com,0599 488239,Male,1974-04-16,Vaassen,Belgium,2023-10-31,Platinum,Yes
C003519,Ravi,de Vroege,evaveltman@example.net,+31317-348128,Female,1996-11-03,Schildwolde,Belgium,2024-11-30,Bronze,Yes
C003520,Joey,van de Water,hendrik52@example.org,049-3844691,Female,1949-12-28,Spierdijk,Germany,2024-07-24,Gold,Yes
C003521,Quinten,Thout,ischilt@example.com,+31(0)91-7895630,Male,2000-05-03,Amstelveen,Belgium,2023-10-24,Bronze,Yes
C003522,Maud,Dekker,adamhuisman@example.org,0297-464933,Male,1974-05-31,Peperga,Belgium,2023-09-09,Gold,Yes
C003523,Lauren,Tielemans,van-arkeljoshua@example.org,0950-971155,Female,1980-03-07,Heerhugowaard,Belgium,2023-09-25,Gold,No
C003524,Olivia,Verbeek,quinten43@example.net,+31(0)61 7429837,Female,2003-12-22,Kootwijkerbroek,Belgium,2024-06-05,Platinum,Yes
C003525,Aimée,die Witte,frederique98@example.com,+31(0)88 2988495,Female,1981-01-07,Deil,Belgium,2025-09-15,Bronze,Yes
C003526,Beau,van Spreeuwel,lauravan-der-schuijt@example.org,+31(0)655-140591,Female,1986-05-29,Fleringen,Belgium,2025-12-24,Platinum,No
C003527,Jack,Reimes,van-den-nieuwenhuijsenjulian@example.com,(0963) 591235,Female,1981-06-25,Pijnacker,Germany,2025-12-28,Platinum,Yes
C003528,Ruben,Houdijk,elisa50@example.org,+31(0)42-5589476,Female,1951-01-22,Sint Odiliënberg,Germany,2025-04-17,Gold,No
C003529,Alexander,Wunderink,julian50@example.org,(049)-3484535,Female,1957-09-28,Norg,Netherlands,2024-07-09,Gold,Yes
C003530,Jente,Meijer,esilahak@example.com,0154 137838,Female,1974-04-26,Heeten,Netherlands,2023-08-03,Silver,Yes
C003531,Nynke,Goedhart,uit-de-willigenbryan@example.com,+3183-3499622,Male,1964-11-19,Tuitjenhorn,Belgium,2025-04-22,Gold,No
C003532,Kevin,Janse,faye82@example.org,034 3739666,Male,1980-04-17,Bentveld,France,2024-06-27,Bronze,Yes
C003533,Maja,Lether,luka78@example.org,+31498 547671,Male,2006-02-14,Feinsum,Germany,2024-04-19,Gold,Yes
C003534,Jenna,van de Eerenbeemt,njans@example.com,+31(0)106 771553,Male,2007-04-01,Vlaardingen,Germany,2024-04-10,Gold,Yes
C003535,Romy,Boeser,noortje80@example.com,+31(0)55 5666805,Male,1999-04-17,Wervershoof,Netherlands,2025-11-12,Gold,No
C003536,Gerrit,Spanhaak,keanomatthews@example.org,061 2088548,Female,1995-09-07,Broekland,France,2024-10-12,Gold,Yes
C003537,Johanna,Bruggeman,niek57@example.net,+3171-5390417,Female,1949-07-16,Balloërveld,Belgium,2025-07-17,Gold,Yes
C003538,Nathan,van Wessex,stuivenbergsami@example.org,(0874)-897152,Male,1951-12-24,Follega,Germany,2025-03-17,Bronze,No
C003539,Angelina,Meijer,kyara48@example.org,(041) 2713136,Male,1982-06-09,'s-Heer Hendrikskinderen,France,2023-08-04,Silver,Yes
C003540,Joey,Pieters van der Maes,claesnerzeynep@example.org,+31(0)807-069583,Male,2006-11-09,Zoelmond,Belgium,2025-12-31,Platinum,No
C003541,Jorn,Kas,cato60@example.org,(028) 0567535,Male,1964-03-27,Kloosterzande,France,2024-12-15,Bronze,Yes
C003542,Esila,Vertoor,maaike07@example.com,+3164-8893014,Male,1959-09-15,Rhenoy,Germany,2026-05-31,Platinum,No
C003543,Janne,Coenen,suushaneberg@example.org,(0921)-155430,Male,1947-03-15,Lewedorp,France,2025-02-23,Silver,Yes
C003544,Felix,Huijben,van-den-veldesenna@example.org,0710 976368,Female,1974-08-30,Elst Ut,Netherlands,2025-09-22,Bronze,No
C003545,Yfke,Jonkman,pkallen@example.net,(006) 0193748,Male,1949-08-27,Koog aan de Zaan,Germany,2025-08-20,Silver,Yes
C003546,Kim,Bijlsma,hiddehaengreve@example.org,+3144 7118866,Female,1965-12-12,Nederweert-Eind,Belgium,2025-05-14,Gold,Yes
C003547,Floortje,van Dam,fem13@example.net,0775-586354,Male,2007-11-04,Nijemirdum,France,2024-12-28,Gold,No
C003548,Thom,Zijlemans,mahieulindsey@example.com,+31(0)932-253324,Male,1992-10-21,IJzendijke,Belgium,2025-08-21,Gold,Yes
C003549,Jennifer,Bruynzeels,mdachgelt@example.com,+31(0)25-9080988,Male,1979-07-24,Emst,Belgium,2024-06-14,Gold,No
C003550,Veerle,van den Nieuwenhuijsen,coenenisabella@example.org,041 4015903,Male,1994-09-04,Jaarsveld,Netherlands,2023-09-15,Gold,Yes
C003551,Kyano,Jacobs,peetersniels@example.com,0827 513994,Male,1952-07-02,Broekhuizen,Netherlands,2026-02-22,Bronze,No
C003552,Veerle,Romijn,rowan45@example.org,+3161-4815699,Female,1974-09-17,Kerkdriel,France,2026-03-18,Silver,No
C003553,Roan,Boogaerts,van-kusenselena@example.org,+31(0)442 734297,Male,1957-09-22,Ophemert,Netherlands,2023-11-05,Silver,Yes
C003554,Michelle,Heijmen,jaschman@example.com,+31(0)710-459156,Female,1985-04-30,Piershil,Germany,2023-10-03,Silver,No
C003555,Inaya,le Luc,pbave@example.com,+3141 0965491,Female,2005-11-02,Zuilichem,Germany,2023-08-14,Silver,Yes
C003556,Jelle,Scharroo,tboetet@example.com,+31(0)985 914886,Male,1991-07-02,Groede,Belgium,2024-01-06,Bronze,No
C003557,Dean,van Bentheim,sschiffer@example.com,+31774 201331,Male,1976-06-17,Beetsterzwaag,Belgium,2026-06-12,Silver,Yes
C003558,Ecrin,Rotteveel,wde-gratie@example.org,+31(0)544 632408,Female,1995-03-05,Wormerveer,France,2026-05-01,Gold,No
C003559,Elena,van Engeland,oleguit@example.net,(099)-6833188,Female,2002-02-11,Huizinge,Belgium,2026-04-15,Bronze,Yes
C003560,Kayleigh,Holthuis,jill62@example.com,(0425)-001651,Male,1969-10-16,Hekendorp,Netherlands,2025-06-19,Bronze,No
C003561,Lotte,van der Ploeg,sepverbeek@example.com,0728-809104,Female,1972-09-10,Kerkdriel,Germany,2025-06-23,Platinum,Yes
C003562,Aiden,Weylant,phileine90@example.net,0025-399979,Female,2002-05-23,Bierum,Germany,2024-12-09,Silver,Yes
C003563,Alicia,de Jonge,cmatthews@example.org,(0234)-560956,Male,2001-07-17,Schoonrewoerd,France,2025-05-12,Gold,No
C003564,Micha,Bastiaanse,jarimaas@example.net,0252-296031,Male,1968-10-05,Hijken,Belgium,2025-11-26,Gold,Yes
C003565,Stijn,Maaswinkel,tessa02@example.net,052 2430405,Female,1958-03-19,Kerk-Avezaath,Belgium,2025-04-02,Silver,No
C003566,Kai,Verbruggen,rafgalenzone@example.net,096-9920061,Male,1983-02-08,Benneveld,Netherlands,2025-06-27,Bronze,Yes
C003567,Puk,Wolzak,van-loonzoey@example.org,(039)-4702801,Male,1989-05-17,Hijum,Belgium,2025-04-30,Platinum,Yes
C003568,Veerle,Overeem,meisjonas@example.net,+31676 435065,Male,1959-05-14,Weerselo,Netherlands,2024-08-13,Platinum,No
C003569,Kay,van Haeften,kyra69@example.net,+3115 5871367,Female,1946-06-14,Wapserveen,Germany,2024-03-12,Gold,Yes
C003570,Twan,van Laarhoven,simonoda@example.net,+3121 3068671,Female,1998-08-05,St.-Annaparochie,Netherlands,2023-10-13,Bronze,No
C003571,Jonathan,Guit,van-geenentobias@example.com,084-9090886,Male,1949-06-09,Doetinchem,France,2026-04-21,Gold,No
C003572,Lucy,Postma,lorenzovan-dokkum@example.net,+31168-250323,Male,1961-05-04,Enschede,Netherlands,2025-07-31,Silver,Yes
C003573,Mohammed,van Haspengouw Hesbaye,jenna29@example.org,+31738-866643,Female,1989-09-13,Nijverdal,France,2026-07-12,Bronze,Yes
C003574,Bart,Pasman,rademakermustafa@example.org,0502-332575,Female,1952-07-05,Garderen,Germany,2024-11-17,Silver,No
C003575,Bo,Wolters,suussaxo@example.net,074 7425131,Female,1970-08-27,Olterterp,France,2023-11-18,Bronze,No
C003576,Leah,van de Water,lauren49@example.com,0457-761144,Male,1972-06-25,Berkhout,Netherlands,2025-07-23,Platinum,Yes
C003577,Elias,van Kuijc van Malsen,pgemen@example.com,030 6906980,Male,1983-10-03,Baarle-Nassau,Netherlands,2025-05-30,Bronze,Yes
C003578,Thom,die Bont,prinsenkyara@example.org,+31(0)61-4533177,Female,1988-09-22,Merselo,Netherlands,2026-01-23,Gold,No
C003579,Collin,Jonker,sep98@example.org,+31(0)629-436422,Male,1988-02-20,Ederveen,Germany,2024-08-10,Gold,No
C003580,Tijs,Gerritse,van-berkelmaud@example.org,+31(0)783 137052,Female,1989-05-25,Sappemeer,Netherlands,2026-04-01,Gold,Yes
C003581,Elisa,Thout,rijksdylan@example.net,+31(0)43 8292513,Male,1999-09-13,Lieren,France,2026-04-03,Platinum,No
C003582,Lot,Brizee,vruijs@example.org,(035)-3493569,Male,1951-08-07,Wijk aan Zee,France,2024-06-11,Bronze,No
C003583,Féline,van Doorn,maryam33@example.net,+3155-6539824,Male,1975-04-13,Eagum,Netherlands,2025-06-18,Silver,No
C003584,Aimée,Jerusalem,loepromy@example.net,+3148-4947051,Male,1955-08-26,Edam,Germany,2025-03-11,Gold,Yes
C003585,Yasmine,Matthews,xwalter@example.com,+31(0)656 605700,Male,1951-11-07,Radewijk,Netherlands,2025-09-18,Platinum,No
C003586,Liv,Hekker,neuteboomlisa@example.org,090 4984483,Female,1983-04-12,Gameren,Belgium,2025-02-05,Platinum,No
C003587,Levi,van Geenen,van-de-waltirza@example.com,+31(0)963-880721,Female,1961-09-15,Gastel,France,2024-07-03,Platinum,Yes
C003588,Evy,Elberts,brentschellekens@example.org,(078) 3573840,Female,1954-11-26,Oost-Graftdijk,Germany,2024-03-17,Silver,No
C003589,Simon,Koeman,annavan-der-heijden@example.com,(0771) 475869,Male,2000-04-13,Born,France,2025-05-31,Bronze,No
C003590,Mohamed,Brouwer,brenthoning@example.com,(0626) 556830,Male,1993-06-18,Vlieland,France,2026-02-12,Bronze,Yes
C003591,Fedde,van Breugel,van-de-watermarijn@example.com,(0526) 161757,Female,2003-10-21,Gaanderen,France,2025-07-08,Silver,No
C003592,Fiene,Cornelissen,bpison@example.com,+3108 2116765,Female,1993-06-21,Lage Mierde,Germany,2024-04-07,Silver,Yes
C003593,Jasper,Jerusalem,adam90@example.net,+31888 027274,Male,1990-11-17,Diever,France,2024-02-13,Platinum,Yes
C003594,Tara,Stinis,juliettede-wit@example.net,0956 784919,Male,1997-03-10,Oudebildtzijl,Germany,2023-09-12,Silver,Yes
C003595,Chloë,Lamotte,luna03@example.com,0123 114276,Female,2006-07-21,Zuidoostbeemster,Germany,2023-10-29,Bronze,Yes
C003596,Carlijn,de Gruil,jeggijella@example.com,0429-486421,Female,1954-05-12,Vrouwenparochie,Germany,2026-02-25,Silver,No
C003597,Sander,Tuithof,hmomberg@example.net,0864 952161,Male,1996-11-05,Elspeet,Netherlands,2026-01-15,Silver,Yes
C003598,Alyssa,Furda,kyano34@example.com,+31(0)12 9352653,Male,1950-08-21,Vries,Belgium,2023-11-06,Silver,No
C003599,Evelien,Smits,sjoerd36@example.com,+31909 247956,Female,1951-02-02,Rumpt,Belgium,2026-01-25,Platinum,Yes
C003600,Kian,Maaswinkel,cboudewijns@example.net,+3137 9350375,Male,1993-09-04,Wetering,France,2024-10-22,Gold,No
C003601,Nikki,Middelkoop,annemijnbolkesteijn@example.net,+31(0)48-3818994,Female,1957-04-25,Puth,Belgium,2026-03-03,Bronze,No
C003602,Jonas,Goedhart,loekde-vroege@example.com,(0895)-748755,Male,1974-05-28,Yerseke,Belgium,2024-12-05,Gold,No
C003603,Inaya,Bierstraten,noaspreeuw@example.net,070 3879692,Male,1958-08-23,Zuidoostbeemster,Belgium,2025-11-11,Bronze,No
C003604,Maartje,Reimes,dvan-de-ven@example.com,+31729-821533,Male,1965-10-09,Roelofarendsveen,Netherlands,2024-09-02,Platinum,No
C003605,Kim,Paillet,marinusde-jager@example.net,0945-042452,Male,1961-07-27,Warstiens,Netherlands,2024-12-07,Gold,Yes
C003606,Hanna,van Dongen,lorenzo92@example.com,096-1550181,Male,1999-01-23,Nijbroek,France,2023-08-05,Bronze,No
C003607,Kay,van Kempen,guus17@example.com,(004)-3487226,Female,1960-10-25,Driebergen-Rijsenburg,France,2025-10-14,Gold,Yes
C003608,Lara,van Wijk,evyketel@example.net,(003)-6254112,Female,2005-03-23,Diphoorn,Belgium,2025-10-15,Platinum,No
C003609,Luca,Zeemans,jochemsmarit@example.net,(0917) 658343,Male,2005-09-26,Waarland,Belgium,2024-08-03,Gold,No
C003610,Meike,de Grote,kayleigh24@example.com,022 9361262,Male,1993-07-15,Geervliet,Germany,2024-05-13,Platinum,No
C003611,Ise,le Gulcher,mulderlars@example.net,070-4535236,Male,1962-01-31,Horn,Germany,2025-09-08,Gold,Yes
C003612,Ninthe,Steenbakkers,xavi33@example.org,+31511 671725,Female,1983-06-04,Koekange,Netherlands,2025-05-30,Gold,Yes
C003613,Helena,Zeemans,chloe33@example.org,+3130 7208927,Female,1980-02-21,Ens,Belgium,2025-09-06,Silver,No
C003614,Mick,Rijntjes,rekise@example.net,+31040-197572,Male,1971-11-24,Midwolda,Belgium,2026-04-19,Bronze,No
C003615,Tirza,Velderman,isisvan-der-smeede@example.org,(0378) 309248,Female,1964-11-25,Eerbeek,Belgium,2024-12-31,Gold,Yes
C003616,Jade,Leene,qvan-saksen@example.com,+31(0)91-1074335,Female,1970-09-25,Maurik,Netherlands,2024-04-25,Bronze,Yes
C003617,Lois,van den Assem,teunvan-verdun@example.com,+31(0)609 809408,Female,1962-01-17,Sexbierum,France,2024-07-11,Silver,Yes
C003618,Ibrahim,Vermeulen,tobiaslagerweij@example.org,+3138 4653959,Male,2001-07-02,Witte Paarden,Germany,2024-01-04,Silver,No
C003619,Ayden,Jones,lizalevesque@example.com,+31(0)82 7445489,Female,1993-01-10,Baars,France,2025-08-04,Gold,Yes
C003620,Ize,van Riet,feline99@example.org,0956-736543,Male,1954-11-09,Vaals,France,2025-04-14,Bronze,No
C003621,Giovanni,Meis,romy40@example.org,(044) 1877804,Female,1998-09-20,Smallebrugge,France,2024-04-29,Platinum,Yes
C003622,Ties,Jeggij,amberd-heripon@example.com,+31(0)51-1124709,Female,1963-11-22,Kamerik,Germany,2024-11-17,Bronze,No
C003623,Luc,van Grondelle,lflink@example.com,+3145-3988762,Female,1987-02-21,Doenrade,Belgium,2026-01-09,Gold,Yes
C003624,Saar,Jochems,ponsjenna@example.com,+31(0)65 1526917,Male,1984-06-09,Heemstede,France,2026-03-11,Bronze,No
C003625,Ivan,Brandon,van-loonjoost@example.org,+31536 371386,Male,1950-10-22,Sint Joost,France,2024-05-31,Silver,Yes
C003626,Linn,Unruoch Hunerik,van-der-waljuul@example.net,+31(0)218 806806,Male,1991-04-01,Eerbeek,Netherlands,2024-08-26,Platinum,Yes
C003627,Amin,Willems van Lier,daphne80@example.org,(0076) 844353,Male,1967-09-14,Ee,France,2024-12-01,Gold,No
C003628,Gerrit,Bertho,xvan-der-velde@example.org,+31973 412881,Female,1947-03-19,Renkum,France,2026-07-26,Bronze,No
C003629,Michelle,Winnrich,nadine70@example.org,+31210-438841,Female,1993-08-15,Lottum,Netherlands,2025-03-27,Platinum,No
C003630,Niels,Hulst,persijnelena@example.net,+31(0)527-586681,Female,1963-11-08,Niehove,France,2024-08-17,Silver,Yes
C003631,Noah,Speijer,stichtercato@example.net,005 7824734,Female,1981-07-09,Wenum Wiesel,Germany,2023-09-23,Bronze,Yes
C003632,Jay,Doornhem,noudde-groot@example.org,(0699)-134777,Male,1981-01-23,Rijnsaterwoude,Germany,2024-04-29,Silver,Yes
C003633,Sanne,Rotteveel,van-drentheroos@example.net,+31(0)582 982481,Female,1993-01-18,Oldenzaal,France,2025-07-27,Platinum,Yes
C003634,Sanne,van Leeuwen,kimbrese@example.org,+31(0)002-098061,Male,1964-10-18,Moerstraten,Germany,2024-03-17,Silver,No
C003635,Aaron,Oda,norah63@example.com,+31(0)65 3411514,Male,1948-12-06,Hilvarenbeek,Germany,2023-10-22,Bronze,No
C003636,Damian,Weyland,kayleigh65@example.net,0316 268100,Female,1985-05-04,Onna,Netherlands,2026-03-18,Gold,Yes
C003637,Senn,Groote,mellede-graaf@example.net,(0678) 902507,Male,1962-11-20,Wilbertoord,Germany,2023-12-23,Silver,No
C003638,Maxim,Scholten,van-der-zijlisis@example.org,(0020)-521768,Male,1967-11-28,Veenklooster,Germany,2025-08-17,Gold,Yes
C003639,Valentijn,Heijmen,van-boulognemax@example.org,+31954 751070,Female,1950-03-13,1e Exloërmond,Netherlands,2023-11-06,Silver,No
C003640,Rosa,Kof,thijswerdes@example.com,+31(0)437-616495,Male,1976-07-27,Brandwijk,Netherlands,2023-12-01,Gold,Yes
C003641,Nova,Timmermans,avan-mil@example.net,+3132-8078073,Female,1947-08-05,Zaandijk,France,2023-11-06,Bronze,Yes
C003642,Aaliyah,Weijland,daniel70@example.com,(054)-7586963,Male,1946-08-10,Suwâld,Germany,2024-05-09,Silver,No
C003643,Marijn,van Mare,spreeuwmerel@example.com,+31(0)596-006404,Male,1987-07-25,Suwâld,France,2023-11-28,Gold,No
C003644,Lynn,Haring,fvan-der-steen@example.org,+31269 209795,Female,2002-02-04,Franeker,Germany,2025-03-19,Gold,Yes
C003645,Justin,van Parijs,de-roopim@example.net,0786 467419,Female,1982-10-28,Panningen,Germany,2024-12-20,Silver,No
C003646,Joy,Westerbeek,jsmith@example.com,+31(0)71 4699919,Male,1993-08-06,Hoornaar,Belgium,2026-01-05,Bronze,Yes
C003647,Vince,Wensen,qschakelaar@example.com,+3166 6439724,Female,2001-04-21,Niebert,Germany,2024-11-11,Silver,No
C003648,Isis,Kuipers,tvolcke@example.org,0317 344147,Male,2008-03-27,Ryptsjerk,Netherlands,2024-07-19,Silver,No
C003649,Lena,van Oostendorp,kyra48@example.net,027 6259029,Male,2000-05-07,Baambrugge,France,2024-01-19,Silver,No
C003650,Tyler,de Plantard,ian90@example.com,(000)-9983999,Male,1968-07-31,Steendam,Netherlands,2023-09-18,Silver,Yes
C003651,Chloë,Oversteeg,lucypeters@example.com,+31(0)27 8163322,Male,1973-02-07,Glane,Netherlands,2026-02-07,Silver,Yes
C003652,Fem,Uphus,jaylinn29@example.org,+31(0)101 524188,Male,1960-10-30,Swifterbant,France,2026-04-24,Platinum,Yes
C003653,Xavi,van Orleans,qden-teuling@example.net,039 2187450,Male,1946-12-13,Westhem,Germany,2026-03-16,Gold,Yes
C003654,Joy,de Haas,tbellemans@example.org,+31364 400506,Female,1974-07-30,Dinteloord,Netherlands,2026-03-17,Bronze,No
C003655,Dana,Gnodde,renske09@example.net,(0149)-496137,Female,1995-07-17,Weidum,Germany,2025-12-23,Platinum,No
C003656,Dylan,Henric van den Nuwenhuse,amirkeijser@example.org,0493 140161,Male,1956-04-20,Wittem,Germany,2026-06-09,Silver,Yes
C003657,Cato,van der Spaendonck,qvan-der-wal@example.com,+31(0)38-5982137,Female,1968-04-15,Werkendam,Netherlands,2026-07-06,Gold,Yes
C003658,Willem,de Gratie,van-schevinghuizenannabel@example.com,(068)-3677305,Male,1978-09-12,Emst,France,2024-02-21,Bronze,Yes
C003659,Sam,Bos,oliviertakkelenburg@example.net,(036)-3109235,Female,1948-10-14,Daarle,Netherlands,2024-01-27,Gold,No
C003660,Laura,Rijcken,roosetyler@example.com,(069) 7786028,Female,2001-11-29,Rumpt,Germany,2025-06-13,Bronze,No
C003661,Adriana,le Gallen,jennifervan-dommelen@example.net,(0998)-469441,Female,1977-08-07,Tzum,Belgium,2026-07-10,Platinum,Yes
C003662,Ilse,Slingerland,qvan-kuijc@example.com,(0220) 330188,Male,1981-11-03,Eursinge,Belgium,2023-10-15,Silver,No
C003663,Mason,Boddaugh,indy41@example.org,+31436 725703,Male,1983-01-18,Oud Ootmarsum,Belgium,2023-10-16,Bronze,Yes
C003664,Lina,van de Biesenbos,rowanemmen@example.com,052 2680369,Male,1947-07-22,Liempde,Belgium,2025-07-05,Silver,Yes
C003665,Jorn,van den Berg,van-de-veenise@example.org,+31287 100467,Male,1952-02-16,Culemborg,France,2023-08-25,Bronze,Yes
C003666,Ivy,Karels,ide-beer@example.net,084-8934192,Male,1998-12-10,Bergeijk,France,2025-12-26,Gold,No
C003667,Anna,Dijkman,wvan-de-darnau@example.org,077-3196986,Female,1956-04-17,De Bilt,France,2024-01-15,Silver,Yes
C003668,Johannes,Rouwhorst,de-jongzoey@example.org,045-0636087,Male,1945-08-20,Zoelmond,France,2025-10-03,Gold,Yes
C003669,Dylan,Fortuyn,jaysonboer@example.com,(0759)-080769,Female,1995-04-13,Katwijk,Netherlands,2025-05-23,Gold,No
C003670,Elize,Smits,luke68@example.com,(0840)-295570,Female,1989-12-05,Rijkevoort-De Walsert,Belgium,2024-03-07,Gold,No
C003671,Dirk,van Westfalen,vmens@example.net,(0748)-544908,Female,1954-09-13,Urmond,France,2024-09-19,Bronze,Yes
C003672,Joris,Claassen,bradley59@example.com,0184-360053,Female,1991-09-10,Oldetrijne,Belgium,2025-09-15,Gold,Yes
C003673,Lena,van Liendert,wilsonriley@example.net,0555 265313,Male,1951-05-25,1e Exloërmond,Belgium,2025-05-01,Platinum,Yes
C003674,Jolijn,van der Lede,matthijs94@example.org,0986 494004,Male,2007-02-12,Papendrecht,Netherlands,2023-11-01,Silver,No
C003675,Tom,Linschoten,kian76@example.org,+31(0)243 634145,Male,1949-01-11,Appeltern,Netherlands,2025-07-29,Bronze,No
C003676,Silke,de Vroege,jacobbud@example.org,+3163-0090729,Female,1951-11-08,Vroomshoop,France,2024-12-11,Bronze,Yes
C003677,Ian,Verbeek,matthijs45@example.org,+31(0)263 275249,Male,1946-04-06,2e Exloërmond,France,2025-01-23,Platinum,No
C003678,Anouk,Becht,beourgeoissep@example.com,034 3646028,Female,1965-06-16,Hoogerheide,Belgium,2024-11-11,Platinum,Yes
C003679,Jolijn,Kuipers,adam14@example.com,(0953) 809522,Female,1948-11-11,Hekelingen,Netherlands,2023-09-18,Bronze,Yes
C003680,Kyara,Walsteijn,van-duyvenvoordemika@example.com,(037) 2646836,Male,1996-11-26,Klazienaveen-Noord,Netherlands,2024-04-25,Bronze,Yes
C003681,Anna,Everts,van-der-pluijmfem@example.com,(011) 4540971,Male,1975-12-31,Meppen,France,2023-12-08,Gold,No
C003682,Imran,Cornelisz,mirthede-groot@example.com,0724 803347,Female,1947-08-31,Graauw,France,2025-02-15,Bronze,No
C003683,Sam,van Wickerode,jannahexspoor@example.net,+31(0)39-7248067,Male,2005-12-25,Wittem,Belgium,2023-10-16,Bronze,No
C003684,Michael,Slagmolen,yasminegoyaerts-van-waderle@example.com,(025) 5201279,Female,1945-09-27,'s-Heerenhoek,France,2024-04-18,Gold,Yes
C003685,Marit,Spier,nvan-breugel@example.org,0765-080045,Female,1957-04-03,Westbeemster,Netherlands,2024-04-22,Platinum,Yes
C003686,Joost,Haring,hidde37@example.org,(015)-6149307,Female,1973-08-11,Blesdijke,Germany,2024-06-13,Gold,Yes
C003687,Olivier,van Laarhoven,silkevan-schevinghuizen@example.com,0851-949617,Female,1993-12-17,Gieterveen,Netherlands,2024-06-16,Bronze,No
C003688,Suus,Rouwhorst,dhaengreve@example.org,0771 544046,Male,1955-08-11,Eexterzandvoort,Netherlands,2023-11-17,Gold,No
C003689,Melissa,van de Elzas,oliviervan-tuijl@example.org,(0437) 753315,Male,1964-03-10,Sassenheim,Netherlands,2026-05-27,Gold,No
C003690,Rick,Lathrope,timkronenberg@example.net,(057) 6337363,Female,2005-04-25,Menaam,Germany,2025-03-23,Bronze,Yes
C003691,Joost,Beekman,milanvan-wickerode@example.net,083-0526552,Female,1994-03-26,Epse,Germany,2026-03-15,Silver,Yes
C003692,Kyan,Eerden,hwolffel@example.net,+31(0)165-561046,Male,2004-04-12,Hemrik,Netherlands,2024-04-26,Bronze,Yes
C003693,Louise,van Wallaert,esmeevan-laar@example.org,0656 997585,Female,1978-06-19,Haskerdijken,Netherlands,2024-01-20,Platinum,No
C003694,Victor,Huisman,van-ginkeljens@example.org,(044) 4804547,Male,1956-08-28,Homoet,Germany,2026-05-16,Gold,Yes
C003695,Lars,Eckhardt,lvan-luin@example.org,+3119 3558247,Female,1966-11-06,Eldersloo,France,2025-03-07,Gold,No
C003696,Aya,Scholten,lbroeshart@example.net,(021)-8169071,Female,1972-01-01,Boxtel,Germany,2024-02-03,Platinum,Yes
C003697,Kyan,Wunderink,dorsmanelena@example.com,+3197-4002775,Female,1987-01-08,Fochteloo,France,2025-10-31,Bronze,Yes
C003698,Anouk,Paillet,rowanvan-den-eijssel@example.com,+31(0)481-156413,Female,1965-04-16,Wijckel,Netherlands,2026-04-14,Platinum,No
C003699,Annabel,van Wassenaar,lotte38@example.com,(056) 1843419,Male,1980-08-06,Vessem,Netherlands,2024-11-03,Silver,Yes
C003700,Luc,Winnrich,van-berniciapim@example.com,0821-958258,Female,1960-12-20,Azewijn,Belgium,2024-07-27,Platinum,No
C003701,Lily,Wolfsdr,evi00@example.net,+3162 0123908,Male,2000-09-18,Macharen,Netherlands,2024-03-10,Silver,No
C003702,Nienke,van Rijnsbergen,sasluke@example.net,+31(0)68 3480224,Male,2002-05-07,Kraggenburg,Netherlands,2024-10-06,Gold,Yes
C003703,Maya,van Wel,vvan-beek@example.net,0538 548968,Male,1957-08-16,Toornwerd,Belgium,2023-08-22,Platinum,Yes
C003704,Ben,Marchal,sophie17@example.org,+31(0)469 223122,Female,1955-05-24,Gasselternijveen,Belgium,2023-09-26,Bronze,Yes
C003705,Daniël,Emmen,van-welisis@example.com,082-7040900,Female,1974-09-26,Kats,Germany,2025-03-03,Silver,Yes
C003706,Kim,van Wassenaar,mmeijer@example.net,+31113-835473,Male,1968-12-08,Greonterp,Germany,2024-01-20,Silver,No
C003707,Rosa,Lemmens,sennawilcken@example.net,019 6474283,Male,1956-07-19,Bingelrade,Belgium,2025-05-29,Silver,No
C003708,Fem,Overdijk,jules12@example.com,(077) 1498229,Female,1950-06-04,Overschild,Belgium,2023-10-14,Platinum,No
C003709,Fiene,The Elder,rnihoe@example.net,+31616-892428,Female,1968-01-15,Kaag,Germany,2025-06-23,Gold,No
C003710,Feline,van Ham,mirthe58@example.net,(0986) 124111,Female,1967-07-24,Kalenberg,Germany,2023-09-17,Bronze,Yes
C003711,Angelina,van Grondelle,alexander85@example.net,084 8582552,Female,1958-03-26,Beltrum,France,2026-01-20,Platinum,Yes
C003712,Charlotte,van der Strigt,zheymans@example.net,+31(0)44 6826594,Female,1958-10-14,Apeldoorn,Germany,2025-09-02,Silver,No
C003713,Linde,Wouters,van-ginnekekate@example.net,+31(0)16-3036919,Male,1953-11-27,Schoonoord,Belgium,2025-09-22,Platinum,Yes
C003714,Mia,Ketting,mart88@example.org,0659 325565,Female,1950-12-01,Akmarijp,Belgium,2024-08-06,Platinum,Yes
C003715,Noud,van der Linden,kyra63@example.net,(049)-1039235,Female,1950-09-07,Putte,Belgium,2025-03-27,Gold,No
C003716,Sjoerd,Labado,sjoerd62@example.net,(0833)-903934,Female,1967-10-11,Born,Belgium,2026-06-24,Platinum,No
C003717,Youssef,Meijer,selenadennenberg@example.org,+31(0)547-507322,Female,1968-06-18,Doniaga,Netherlands,2024-06-23,Gold,No
C003718,Rick,Wever,anneneuteboom@example.net,+3100 5875564,Male,1955-03-09,Hempens,Netherlands,2024-09-11,Platinum,Yes
C003719,Nadine,Hermans,jmarchand@example.org,(080) 9897444,Male,1951-11-14,Lutjebroek,Belgium,2025-02-17,Gold,Yes
C003720,Nadia,van Haspengouw,brian96@example.net,004-2464271,Female,1979-01-28,Sint Joost,Belgium,2023-09-22,Bronze,Yes
C003721,David,van Hoevel en van Zwindrecht,hroom@example.org,+31(0)53 4939822,Male,1983-06-24,Zuidland,Netherlands,2025-10-31,Gold,No
C003722,Senna,Ellis,meletalexander@example.net,+31473-553370,Female,1951-05-29,Putte,Germany,2025-05-01,Silver,No
C003723,Julie,Claesner,keano47@example.org,+3132-0606658,Male,1969-10-29,Vlaardingen,Germany,2023-11-30,Bronze,No
C003724,Ravi,de Lange,rkuijpers@example.net,+31(0)274 211196,Female,2004-07-10,Haren Gn,Netherlands,2024-08-06,Bronze,Yes
C003725,Laurens,Ramaker,van-het-heerenveenjonathan@example.org,098 7311604,Female,1967-09-23,Uitwijk,Germany,2025-11-28,Platinum,Yes
C003726,Pim,Weylant,den-teulingtwan@example.org,+31783 174071,Female,2001-11-20,Poederoijen,Belgium,2025-01-10,Platinum,Yes
C003727,Amélie,van der Pol,de-groteyfke@example.org,023 1616017,Male,1946-01-08,Oudehorne,Germany,2023-08-02,Silver,Yes
C003728,Fabiënne,Willemsen,van-metzmilou@example.org,+31(0)309 416028,Male,1977-03-14,Groeningen,France,2024-12-16,Bronze,Yes
C003729,Dylano,Mens,markmansvelt@example.org,+31(0)344 576765,Female,1963-02-26,Laag-Soeren,Netherlands,2026-07-18,Bronze,No
C003730,Jayda,Furda,van-den-nyeuwenhuysenlina@example.net,(089) 6925397,Male,1997-06-23,Bemelen,Belgium,2024-12-27,Silver,Yes
C003731,Ruben,Brands,jamieaschman@example.net,+31(0)204 599760,Male,1975-12-01,Oudorp,Belgium,2025-04-20,Bronze,No
C003732,Silke,Joosten,bart20@example.com,(0513)-554516,Female,1994-05-20,Surhuisterveen,Netherlands,2025-06-01,Platinum,Yes
C003733,Maurits,Kriens,qbastiaanse@example.net,063 3260684,Male,1995-01-22,Mildam,Germany,2023-12-04,Silver,No
C003734,Jort,Pieters,lara73@example.net,(021) 6462258,Female,2002-04-08,Scharmer,Germany,2026-02-18,Bronze,Yes
C003735,Jonathan,Verwoert,noudvan-dam@example.com,+31(0)583-708848,Female,1954-11-30,Benthuizen,Germany,2024-09-01,Platinum,Yes
C003736,Wesley,Schrik,sannede-jager@example.org,(056)-6650010,Female,1965-01-30,Bad Nieuweschans,Germany,2026-04-04,Gold,No
C003737,Tijs,Schuylenborch,vmeijer@example.net,+31(0)41-9747859,Male,1979-12-11,Bosschenhoofd,Germany,2024-10-19,Platinum,No
C003738,Kyano,Geerling,novade-mol@example.com,(0373)-879093,Male,1983-09-04,Waarder,Germany,2025-12-24,Gold,Yes
C003739,Ben,Heere,van-den-oeveranne@example.org,+31447 713370,Female,1956-04-03,Hellum,Germany,2025-03-09,Silver,Yes
C003740,Anouk,Hak,pieter72@example.net,+31(0)350-035250,Male,1999-09-09,Ysbrechtum,Belgium,2023-10-18,Platinum,Yes
C003741,Catharina,Van Bragt,bhoning@example.com,+31(0)29-2217876,Male,1961-03-30,Spankeren,Netherlands,2024-05-15,Gold,No
C003742,Justin,Sanders,loes35@example.org,0753-087070,Male,1962-04-07,Spijk,France,2024-12-19,Platinum,Yes
C003743,Puck,Mathol,olabado@example.com,(0156)-192597,Female,1998-01-13,Velserbroek,Germany,2025-12-13,Gold,No
C003744,Marit,Takkelenburg,glasseselisabeth@example.net,0891 044483,Male,1954-11-03,Boelenslaan,France,2025-12-18,Silver,Yes
C003745,Valerie,van Laon,aaliyahpons@example.net,0882 281454,Male,1992-07-17,Chaam,Belgium,2024-12-28,Silver,No
C003746,Kevin,Lemmens,van-wessexsten@example.com,(0422)-663766,Female,1964-09-07,Zevenbergen,Germany,2026-06-19,Silver,No
C003747,Isabelle,Pasman,suus90@example.com,+31(0)948 480810,Female,1987-10-27,Welsum,Germany,2026-05-02,Silver,No
C003748,Luke,Pratt,svan-wijland@example.net,(031)-2034535,Male,1968-06-13,Daarlerveen,Netherlands,2025-01-16,Gold,No
C003749,Boris,Verheij,megangreij@example.com,0983-697849,Male,1968-05-27,Wolphaartsdijk,Germany,2026-06-02,Platinum,No
C003750,Lise,van der Linden,lspies@example.org,+31237 233845,Female,1958-03-10,Nuis,Belgium,2026-07-28,Platinum,Yes
C003751,Morris,Haneberg,van-herstaljasmijn@example.com,+31392-305492,Female,1987-05-02,Boornbergum,Germany,2026-06-29,Silver,Yes
C003752,Boaz,Fiere,maudarent@example.net,+3193-9625780,Female,1984-12-07,Kwadendamme,France,2024-08-19,Platinum,Yes
C003753,Luke,Kuit,kick74@example.org,+31(0)52 5832932,Male,2005-02-04,Varsseveld,Belgium,2025-10-07,Platinum,Yes
C003754,Yinthe,Strik,de-heermads@example.org,+31918-247559,Female,2000-03-04,Steyl,Belgium,2024-05-20,Gold,Yes
C003755,Bas,Kriens,spruytrens@example.net,+31(0)60 9395996,Male,2003-06-27,Oude-Tonge,Belgium,2023-10-04,Gold,No
C003756,Elena,Kok,uhendrikse@example.net,027 9484943,Male,1979-01-04,Starnmeer,Netherlands,2026-05-06,Bronze,Yes
C003757,Aylin,Wolzak,yvan-rijnsbergen@example.org,0569 894080,Male,2002-03-25,Ulvenhout AC,Netherlands,2024-03-26,Gold,No
C003758,Alyssa,Linschoten,juulboudewijns@example.net,+31(0)61-2825865,Male,2005-03-15,Anerveen,Netherlands,2024-02-12,Platinum,Yes
C003759,Xavi,Verschut,hannavan-den-brand@example.com,+31(0)97 0917195,Male,1956-10-14,Wezup,Netherlands,2024-05-31,Gold,Yes
C003760,Lucas,Lonen,mfrerichs@example.net,049-1449602,Female,1975-01-25,Dieden,Belgium,2026-01-19,Gold,No
C003761,Jake,Genefaas,unruoch-hunerikrayan@example.org,0141 140242,Male,1956-02-04,Drunen,Germany,2026-04-16,Silver,No
C003762,Hailey,Blom,de-boerninthe@example.net,+31412-763072,Male,1966-07-19,Wilbertoord,France,2024-01-01,Silver,No
C003763,Joshua,van Nus,wmarchand@example.net,+3130 9016267,Male,1982-03-09,Vierhuizen,Netherlands,2025-10-31,Platinum,No
C003764,Quinty,van de Ven,josephine63@example.net,014-7262703,Female,1954-08-16,Walem,Belgium,2025-01-15,Bronze,Yes
C003765,Jet,Gemen,tijmen87@example.org,+3119 8365802,Male,1957-08-17,Tienray,Germany,2025-11-01,Gold,No
C003766,Jari,Hehl,juulwijland@example.net,+31(0)704-380175,Female,1958-07-08,Scharsterbrug,Netherlands,2025-10-10,Silver,Yes
C003767,Joost,van Luinenburg,vkrabbe@example.net,005-5243419,Female,1997-12-06,Volkel,Belgium,2024-04-29,Gold,No
C003768,Lotte,Schipper,charlotte85@example.com,+31000-894710,Female,2000-08-26,Kamerik,Germany,2025-04-15,Platinum,No
C003769,Joshua,van 't Riet,glassesayden@example.com,+31(0)948 270344,Female,1997-01-07,Baambrugge,Belgium,2024-08-01,Gold,No
C003770,Jesper,Texier,aliciamathurin@example.net,(029) 2494866,Male,1953-06-30,Engwierum,Netherlands,2024-05-31,Gold,Yes
C003771,Bo,van Gemert,timserra@example.com,048-6668484,Female,1973-01-12,Haaksbergen,Germany,2026-06-05,Platinum,Yes
C003772,Rick,Kleijse,wdirksen@example.org,+31(0)948 850715,Male,1987-06-18,Geervliet,Germany,2024-06-29,Bronze,Yes
C003773,Veerle,Bruijne van der Veen,matthijsvan-baalen@example.com,+31(0)485-540903,Female,2007-08-15,Zevenbergen,Germany,2026-01-24,Platinum,No
C003774,Jurre,van Mispelen,sophievink@example.org,(069)-5406022,Female,1965-09-13,Eerbeek,Belgium,2025-12-17,Silver,Yes
C003775,Kevin,Bosman,michelleserra@example.net,0669 474117,Male,1962-03-13,Oudehaske,Belgium,2026-03-04,Gold,Yes
C003776,Finn,Spanhaak,scholtenjim@example.org,024 8863789,Female,1961-09-06,Monster,Netherlands,2025-05-17,Bronze,Yes
C003777,Nathan,van Opper-Lotharingen,tguit@example.com,+31(0)387 783164,Male,1958-06-19,Makkinga,Belgium,2026-02-18,Bronze,No
C003778,Bibi,Feenstra,ivan-de-pavert@example.net,007 8661589,Female,2000-04-08,Randwijk,Belgium,2025-01-11,Bronze,No
C003779,Lucas,Vertoor,aelftrud-van-wessexnienke@example.com,+3156-3287811,Female,1971-09-14,Leek,Netherlands,2026-04-18,Bronze,No
C003780,Jayden,Mallien,ian38@example.net,(0058) 453924,Male,1972-10-26,Haule,Belgium,2023-12-04,Platinum,Yes
C003781,Annemijn,Schakelaar,lukas65@example.com,(018)-8271967,Male,1968-07-27,Wassenaar,Netherlands,2024-11-11,Gold,Yes
C003782,Faye,van Geenen,dewi36@example.net,(015) 5593857,Female,2005-06-29,Heeten,Belgium,2025-01-15,Silver,Yes
C003783,Jolie,Post,qvan-ooste@example.net,+31391-293973,Male,1950-03-10,Nieuwpoort,Belgium,2025-05-25,Gold,No
C003784,Tijmen,Draaisma,wesselgalenzone@example.org,+31610-995818,Female,1960-08-24,Stroobos,Belgium,2025-05-16,Platinum,No
C003785,Julian,Guit,tyler81@example.com,+31(0)39 8814447,Male,1961-11-19,Bergen aan Zee,France,2025-03-12,Bronze,Yes
C003786,Dana,Butselaar,quinn24@example.com,+31767-199845,Female,1969-04-08,Rijswijk,France,2023-12-22,Bronze,No
C003787,Chris,van 't Wel,mariacornelisse@example.net,+31(0)44-7488764,Male,1973-12-09,Vijlen,Germany,2024-05-28,Silver,No
C003788,Guus,Ehlert,eliflether@example.com,0404 726997,Male,1960-09-21,Mirns,Germany,2024-01-19,Silver,No
C003789,Jari,Butselaar,lukavan-enschot@example.org,0389 091465,Male,1977-10-27,Noorbeek,Netherlands,2024-04-11,Gold,Yes
C003790,Jayden,de Jode Vastraedsd,ivan-baalen@example.com,0643-232270,Female,1954-08-23,Nijemirdum,Netherlands,2026-02-19,Gold,No
C003791,Finn,van Boulogne,imerckx@example.com,+3151 1200650,Female,1961-02-24,Rhenen,Netherlands,2025-07-28,Silver,No
C003792,Ibrahim,van der Veen,yassinmeyer@example.net,012 6361073,Female,1985-07-16,Rutten,Germany,2025-08-02,Platinum,Yes
C003793,Romy,Dennenberg,justinroom@example.org,(040)-6703952,Male,1985-05-11,Boekel,France,2026-07-27,Platinum,No
C003794,Niek,Hendriks,jeltebouhuizen@example.com,(0852)-750097,Female,1988-02-29,Balloo,Belgium,2025-06-11,Silver,Yes
C003795,Sjoerd,Slagmolen,odachgeldt@example.net,+31(0)870 158366,Male,1964-08-23,Zandvoort,Netherlands,2023-09-15,Platinum,No
C003796,Louise,Lijn,aron39@example.net,+3113 1924409,Female,2006-09-30,Schellinkhout,Netherlands,2024-10-19,Platinum,No
C003797,Twan,Bresé,nadinevan-dongen@example.com,051-9528819,Female,1952-10-28,Surhuizum,Netherlands,2025-08-30,Bronze,Yes
C003798,Hidde,van Gastel,nienkekof@example.net,071 3235088,Female,2006-04-16,Grubbenvorst,France,2025-11-28,Silver,Yes
C003799,Ize,Groen,marit41@example.net,038-4318017,Female,1993-08-19,Surhuizum,France,2023-11-08,Silver,Yes
C003800,Chloë,van Liendert,fedde72@example.com,+31460-880771,Male,1968-08-11,Willemstad,Netherlands,2023-10-23,Silver,Yes
C003801,Mohammed,Lamotte,maximvan-den-corput@example.org,+31(0)14-3981760,Female,1964-09-08,Terwispel,Germany,2025-06-17,Silver,Yes
C003802,Tijn,de Strigter,kde-jode-vastraedsd@example.net,(0114) 489547,Male,1983-09-21,Puttershoek,France,2025-10-07,Bronze,No
C003803,Lieke,Frerichs,danique14@example.org,+31(0)568 726940,Female,2005-02-09,Loenersloot,Belgium,2026-07-21,Silver,Yes
C003804,Sara,van der Linden,jande-korte@example.net,0331-313866,Female,1976-12-07,Oosterwijtwerd,Germany,2026-05-27,Platinum,No
C003805,Guusje,Hoogers,liza26@example.org,(0556)-846606,Female,1953-04-24,Neerkant,France,2025-12-15,Platinum,Yes
C003806,Annemijn,Soos,mikejerusalem@example.org,037-2775981,Female,1949-01-08,Klooster Lidlum,Germany,2025-07-05,Platinum,Yes
C003807,Elena,van Engeland,siemgodfrey-van-alemannie@example.com,+31(0)57 2660644,Female,1995-07-20,Westzaan,Belgium,2026-07-31,Platinum,Yes
C003808,Aiden,van Arkel,isis84@example.com,(017)-4880683,Male,1955-01-22,Anevelde,France,2026-02-08,Platinum,No
C003809,Boaz,Louws,van-maasgouwjorn@example.org,0434 976667,Female,1952-06-24,Slochteren,France,2024-08-08,Bronze,No
C003810,Julian,Fredriks,de-kaleluca@example.net,+31826-664542,Female,2002-10-26,Wormer,Belgium,2026-02-04,Gold,No
C003811,Aron,Strik,tirieise@example.com,(075) 0439711,Female,1982-03-07,Sint-Michielsgestel,France,2026-06-17,Platinum,No
C003812,Maaike,Rubben,tdiesbergen@example.com,(0557)-263343,Male,2005-05-08,Aalden,Netherlands,2025-08-31,Silver,No
C003813,Mats,Booden,youssef35@example.com,+31(0)47-5854757,Female,2005-04-23,Tolbert,Netherlands,2024-03-25,Silver,Yes
C003814,Guus,van de Kooij,james39@example.net,+3119 4587930,Female,1987-05-14,Wyns,Belgium,2024-01-29,Platinum,Yes
C003815,Iris,de Plantard,matthijsgellemeyer@example.org,(075)-1648972,Male,1963-11-12,Tjalhuizum,Netherlands,2025-10-27,Gold,Yes
C003816,Norah,Joosten,livia85@example.net,(033)-9138408,Male,1964-02-04,Liempde,Belgium,2026-04-26,Bronze,No
C003817,Megan,van Opper-Lotharingen,terrysebastiaan@example.org,+3155-9720001,Male,1992-06-01,Baarn,Germany,2025-11-23,Platinum,No
C003818,Sanne,Hofman,kyanferran@example.net,+31(0)75 7124277,Male,1966-08-31,Eindhoven,France,2026-05-15,Bronze,No
C003819,Jonathan,Speijer,molyasmin@example.com,+31(0)573-882076,Male,1997-11-15,De Bilt,Germany,2025-02-12,Bronze,Yes
C003820,Adam,Lagerweij,aya35@example.net,(087) 4677809,Female,1978-08-23,Bitgummole,Belgium,2024-06-26,Platinum,Yes
C003821,Levi,van Arnsberg,madeliefvan-rijnsbergen@example.net,+31067 683130,Female,1996-07-06,Nieuw Beerta,Belgium,2026-01-06,Silver,Yes
C003822,Stefan,de Werd,wilsonyusuf@example.net,050 2821036,Male,1967-06-23,Loozen,France,2025-10-25,Silver,Yes
C003823,Liv,der Kijnder,cornelisadryaens@example.org,0551 908526,Male,1986-09-05,Doetinchem,Belgium,2025-08-26,Silver,Yes
C003824,Loïs,Huisman,jurre71@example.net,(047)-0539950,Female,1968-11-02,Marum,France,2026-07-20,Silver,Yes
C003825,Pien,van der Heijden,dylano20@example.com,(082) 9904480,Male,1951-02-16,Benningbroek,Germany,2026-02-27,Bronze,No
C003826,Floortje,Hendriks,noelle28@example.com,+31(0)202 915129,Female,1977-09-18,Meedhuizen,France,2025-11-29,Platinum,Yes
C003827,Guusje,Uphus,victor95@example.org,+31390-260039,Male,1970-07-28,Marijenkampen,France,2023-08-22,Platinum,No
C003828,Pien,van Olst,alyssasire@example.net,(070)-0708445,Male,1998-06-04,Wirdum Gn,Germany,2025-07-09,Silver,No
C003829,Sem,Vignon,lorreijnvincent@example.org,092-4515974,Male,1978-02-24,Wetsinge,France,2025-03-14,Platinum,No
C003830,Joëlle,van Maaren,sepp95@example.org,+31069-185464,Female,1970-01-28,Rasquert,Germany,2025-05-28,Gold,No
C003831,Dave,Meeusen,guitsenna@example.org,+31807 857803,Female,1974-01-11,Ten Post,Germany,2025-05-12,Gold,No
C003832,Adam,Bleijenberg,zara99@example.net,(0509)-744744,Male,1974-05-21,Smilde,Belgium,2025-06-02,Gold,Yes
C003833,Floris,de Jonge,marceronarie@example.com,008 6053091,Female,1984-11-18,Ulvenhout,Germany,2025-06-24,Silver,Yes
C003834,Elize,van Haspengouw Hesbaye,siennabellemans@example.org,+3112-9083102,Male,1999-02-02,Rijswijk (NB),France,2023-11-10,Silver,Yes
C003835,Ella,van Oudewater,mvan-vliet@example.net,+3167-6512042,Male,1992-02-20,Moddergat,Belgium,2026-07-09,Gold,Yes
C003836,David,Spier,schrikhannah@example.com,(0000) 088413,Male,2008-01-15,Enter,Germany,2025-04-13,Silver,No
C003837,Isabella,Blom,fbernaards@example.com,+31(0)232 727344,Male,1951-12-05,Veulen,Belgium,2024-03-10,Silver,Yes
C003838,Noud,Vink,victorvan-formbach@example.net,+3125-6270620,Female,1997-11-25,Onstwedde,France,2025-02-26,Silver,No
C003839,Eva,Schagen,kyarabastiaanse@example.net,+31758-339567,Female,1965-08-19,Rha,France,2023-12-31,Gold,Yes
C003840,Hendrik,van Evelingen,tijs41@example.com,+3107 8009033,Female,1979-09-25,Ried,Netherlands,2024-08-20,Bronze,Yes
C003841,Bram,Koster,brian88@example.org,021 2855105,Male,1993-05-17,Zeewolde,Belgium,2024-09-24,Gold,No
C003842,Annabel,Hak,kramernikki@example.org,+31(0)122-324369,Female,2003-05-18,Oud Ootmarsum,Netherlands,2024-09-18,Platinum,Yes
C003843,Maja,van den Corput,arieborman@example.com,+31(0)69 4787610,Male,1948-08-06,Vijlen,Germany,2025-03-21,Gold,No
C003844,Koen,Joosten,rayan69@example.com,0595-579451,Male,1973-07-13,Berltsum,Netherlands,2023-11-21,Gold,No
C003845,Amina,Kas,kuipersamin@example.com,0427 379772,Female,1989-09-03,Eck en Wiel,France,2026-06-09,Bronze,Yes
C003846,Dean,Gerrits,wilckenbo@example.org,+3189 0630724,Male,1973-06-22,Eethen,France,2024-07-08,Bronze,Yes
C003847,Thomas,Sitters,robinvan-der-laar@example.org,+31(0)819 607733,Female,1950-09-30,Oudeschoot,Germany,2024-11-14,Gold,No
C003848,Demi,van Leeuwen,phileine26@example.org,+31395-509998,Male,2005-02-17,de Woude,Belgium,2023-10-03,Silver,Yes
C003849,Danique,Winnrich,rayanwaardeloo@example.net,+31(0)57 9914542,Female,1983-06-17,Balkbrug,Belgium,2026-04-14,Silver,No
C003850,Adriana,Arts,aiden63@example.org,+31783 355154,Male,1994-12-26,Steyl,Belgium,2025-06-12,Platinum,Yes
C003851,Collin,Meeusen,sil42@example.org,+31(0)51 8112348,Male,1965-06-25,Appelscha,Belgium,2025-10-19,Silver,No
C003852,Bram,Smeets,stefanvan-daal@example.net,(0695)-689626,Female,1995-11-18,Rohel,France,2025-05-02,Silver,Yes
C003853,Hailey,van Northeim,dlevesque@example.org,0083-805168,Male,2003-03-30,Sweikhuizen,Germany,2026-01-31,Bronze,Yes
C003854,Hamza,Bastiaanse,sten56@example.com,+31(0)67 4384769,Male,1984-09-02,Wijk en Aalburg,France,2024-04-09,Bronze,No
C003855,Joël,Fechant,kwaadlandjayson@example.net,+31022 385338,Female,1964-12-11,Geldermalsen,Germany,2024-04-21,Bronze,Yes
C003856,Mees,Winnrich,jbrands@example.com,(0102)-560528,Male,1979-08-03,Kloosterhaar,Germany,2024-05-27,Silver,No
C003857,Beau,van der Kaay,raf51@example.com,+31(0)074 847993,Female,1959-02-06,Heeswijk-Dinther,Germany,2026-07-27,Silver,No
C003858,Bradley,van Oudewater,kyanovan-salm@example.net,+31(0)742 217153,Female,1980-08-23,Breezanddijk,Germany,2026-02-13,Platinum,Yes
C003859,Daphne,Jekel,mart40@example.org,(086)-8850815,Male,1958-02-03,Oud Ootmarsum,Netherlands,2025-12-22,Silver,Yes
C003860,Pleun,van Gorp,mees08@example.net,+3182 2750078,Female,1977-12-28,Landgraaf,Belgium,2025-04-29,Gold,No
C003861,Leon,Erhout,yasminediesbergen@example.com,(007) 7882872,Male,1960-02-05,Overberg,Belgium,2026-05-09,Platinum,Yes
C003862,Florian,Mahieu,amaas@example.net,+31490 477840,Female,1982-05-05,Krabbendijke,Germany,2026-07-05,Platinum,No
C003863,Wouter,van der Steen,jakedie-witte@example.net,068-4307348,Male,1975-08-03,de Hoef,Belgium,2024-11-14,Silver,No
C003864,Janna,Klerks,olykanjorn@example.com,(0929) 851022,Male,1979-09-24,Hoogenweg,Belgium,2023-10-22,Bronze,Yes
C003865,Thijs,Zeemans,de-boertirza@example.net,+31979-034938,Male,2002-06-26,Nuis,Belgium,2025-06-11,Silver,Yes
C003866,Linde,Bierstraten,jcoenen@example.com,0955 792744,Female,1963-02-09,De Kwakel,Germany,2026-04-25,Platinum,No
C003867,Faye,Cadefau,ponciravi@example.net,+3197-3678146,Male,1952-01-29,De Bilt,France,2025-03-14,Gold,No
C003868,Lize,van Waas,duivenvoordencollin@example.net,+31(0)456-335624,Male,2004-10-31,Oisterwijk,Belgium,2023-12-09,Gold,Yes
C003869,Nadia,de Ruiter,wooningashley@example.com,(0309)-606668,Female,2008-05-09,Schokland,Netherlands,2024-10-26,Gold,No
C003870,Jamie,Smit,nolleelieve@example.com,+3165-5248931,Male,1971-09-21,Ameide,France,2026-07-06,Bronze,No
C003871,Olivier,van Schevinghuizen,oemencskyano@example.com,(042) 9081625,Male,1952-09-03,Hengelo,Belgium,2024-06-10,Silver,No
C003872,Zoey,van Ginkel,van-den-hoekceylin@example.org,+3171 9047890,Male,1999-12-16,Bentelo,Netherlands,2025-09-17,Platinum,No
C003873,Lukas,Scuylenborchs,fpierson@example.net,058 0935467,Male,1958-03-17,Nieuwehorne,Germany,2024-01-07,Bronze,No
C003874,Daan,Salet,sep10@example.com,(004)-8179775,Female,1973-11-11,Uitwijk,Germany,2024-03-30,Platinum,Yes
C003875,Oscar,Butselaar,roan70@example.org,(074)-1382652,Male,1956-02-21,Zeijerveld,Belgium,2025-12-28,Silver,No
C003876,Joep,van Embden,kvan-dommelen@example.com,(067)-6907649,Female,1950-10-23,Westknollendam,Germany,2023-09-11,Bronze,No
C003877,Lana,Pasman,kweylant@example.com,0740-916537,Female,1981-10-28,Snelrewaard,France,2023-10-08,Silver,No
C003878,Sem,van Es,tvan-der-strigt@example.net,0540-260965,Female,1956-12-26,Grootschermer,Germany,2026-05-31,Platinum,Yes
C003879,Dana,Luster,van-den-assemeline@example.net,(007) 8060402,Male,1983-12-31,Kekerdom,Germany,2023-12-28,Platinum,No
C003880,Zeynep,Verbeeck,gvan-goerle@example.net,+31(0)16-2531335,Female,1963-06-07,Lioessens,Netherlands,2025-09-03,Bronze,No
C003881,Britt,de Roo,duuk43@example.net,+31(0)57-9098182,Female,1959-12-13,Zijdewind,Belgium,2026-07-15,Gold,Yes
C003882,Jenna,Roose,xtielemans@example.net,011 2957166,Male,1960-10-20,Drachtstercompagnie,Belgium,2025-03-28,Gold,Yes
C003883,Yara,Courtier,jvermeulen@example.com,+31(0)21-1661615,Female,1989-12-09,Borculo,Netherlands,2025-12-07,Platinum,No
C003884,Leon,van Santen,noorvan-der-klein@example.org,(0489) 631756,Female,1984-05-22,Marijenkampen,Belgium,2024-11-01,Platinum,No
C003885,Sten,Sire,rowanaalts@example.com,+31732-992873,Male,1953-04-21,Munnekezijl,Netherlands,2024-04-28,Silver,Yes
C003886,Feline,van Gent,de-kaleniels@example.net,+31416 358863,Male,1990-07-10,Gaast,France,2023-08-26,Silver,Yes
C003887,Marinus,Walsteijn,megan31@example.org,(0277) 308657,Male,1993-01-31,Geervliet,Belgium,2024-05-08,Gold,No
C003888,Nathan,Neuzerling,van-estetygo@example.org,+31(0)864 497782,Female,1949-07-22,Burum,Belgium,2025-09-17,Gold,No
C003889,Anna,Soos,schellekensbram@example.net,+3197 3555519,Male,1999-12-03,Cruquius,Netherlands,2025-05-24,Bronze,Yes
C003890,Tygo,Jansdr,wunderinktygo@example.net,(030)-1619717,Female,1957-04-17,Lengel,Belgium,2026-02-01,Bronze,Yes
C003891,Jonas,Vertoor,jonas13@example.net,+31(0)280 579115,Female,2003-06-25,Cothen,Belgium,2025-07-08,Gold,Yes
C003892,Annabel,van 't Wel,norahvan-ghoerle@example.com,(098) 3253499,Female,2000-08-23,Zuilichem,Netherlands,2026-06-29,Silver,Yes
C003893,Faas,Billung,obroeders@example.org,(067)-7240100,Male,2005-08-19,Pingjum,Netherlands,2023-10-20,Bronze,Yes
C003894,Evi,Martens,fleurzaal@example.org,+31467-067432,Male,1958-04-26,Blokker,Netherlands,2025-07-01,Silver,No
C003895,Colin,Rietveld,kiki47@example.net,(0725) 542495,Male,1954-01-10,Zoutkamp,France,2025-12-10,Bronze,Yes
C003896,Emir,d' Heripon,selena42@example.net,+31(0)378 085799,Male,1969-11-06,Baaium,Germany,2024-09-01,Platinum,No
C003897,Pleun,Riem,kvolcke@example.org,+31429-360549,Female,1965-12-31,Beers NB,France,2025-10-19,Silver,No
C003898,Yasmin,van Oirschot,alexanderdavid@example.org,0025-116037,Female,1982-04-01,Lomm,Belgium,2026-06-10,Gold,No
C003899,Lex,van Limburg,cemmen@example.com,+31(0)209-990735,Male,2000-09-27,Lieveren,Germany,2026-04-30,Bronze,Yes
C003900,Robin,Boer,van-maasgouwfatima@example.com,0440-042320,Female,1960-04-15,Smakt,France,2025-06-27,Platinum,Yes
C003901,Johanna,Luitgardis van Neustrië,tessrademaker@example.com,0368 033756,Male,1960-06-26,Zennewijnen,Germany,2023-10-12,Platinum,Yes
C003902,Chris,Aertsz,sborman@example.org,011 9122231,Male,2002-11-28,Twijzelerheide,Netherlands,2025-11-14,Platinum,Yes
C003903,Selina,Prinsen,van-dongenmichael@example.net,(0748) 049603,Male,1983-02-25,Ospel,France,2024-01-23,Bronze,No
C003904,Esila,van de Pol,kaylee06@example.com,(067)-9569399,Female,1979-07-16,Ammerzoden,France,2024-02-25,Silver,No
C003905,Chris,van Enschot,timkolster@example.org,+31(0)38-2099787,Male,1960-10-03,Delfgauw,France,2024-01-30,Platinum,No
C003906,Lieke,Veenendaal,ogalenzone@example.net,+31(0)673-460731,Female,1952-08-30,Lekkum,Germany,2024-07-24,Platinum,No
C003907,Kate,Karels,scardinoxavi@example.com,0385 202351,Male,1964-06-13,Lichtenvoorde,Belgium,2026-02-24,Silver,Yes
C003908,Noah,Ligtvoet,melissa70@example.com,(0061)-192180,Female,1976-05-05,Nieuw-Vossemeer,Belgium,2023-09-08,Bronze,No
C003909,Noor,Lommert,hendrik62@example.com,+31(0)86 0969841,Male,1986-04-29,Raamsdonk,Netherlands,2026-01-25,Bronze,Yes
C003910,Floris,van der Hoeven,bosberat@example.com,+3136 3153785,Male,1945-09-27,Noordbroek,Belgium,2024-09-27,Silver,No
C003911,Elin,van de Coterlet,van-oostemorris@example.com,(081)-9454860,Male,1983-07-23,Ophemert,Belgium,2025-01-29,Platinum,No
C003912,Joëlle,Slingerland,sofia68@example.net,+31(0)30 3235168,Male,1965-01-03,Ulicoten,France,2024-08-08,Silver,Yes
C003913,Alex,Stange,bo75@example.com,(0146)-660868,Male,1975-12-30,Wijk bij Duurstede,Germany,2025-11-24,Silver,Yes
C003914,Kyan,Stange,aylinwesterburg@example.org,+3196-1148068,Male,1958-04-27,Wetering,Germany,2024-04-19,Gold,No
C003915,Merijn,Tillmanno,molykan@example.com,008 1828212,Female,2001-12-04,Purmerland,Netherlands,2023-11-15,Bronze,No
C003916,Tobias,Greij,haselaartyler@example.com,+31(0)59-8359296,Male,1946-10-29,Echten,Germany,2026-07-29,Silver,Yes
C003917,Lize,van der Loo,heymanshidde@example.net,+31(0)688-506209,Female,1959-08-03,Blijham,Belgium,2025-02-20,Bronze,No
C003918,Féline,Wagenvoort,fremiequinty@example.org,(008)-1941152,Female,1988-07-03,Oudehaske,France,2025-03-17,Bronze,No
C003919,Justin,van Hoevel en van Zwindrecht,palmanthijmen@example.org,+31(0)27 7279443,Male,1996-02-20,Fluitenberg,Netherlands,2024-01-01,Platinum,No
C003920,Imran,van der Klijn,michanijman@example.net,062 2093646,Female,1980-12-11,Sibculo,Belgium,2025-07-12,Bronze,No
C003921,Lisanne,Roukes,ivan-veen@example.org,(0722)-562144,Male,1983-11-08,Meppen,Netherlands,2025-10-11,Platinum,No
C003922,Nathan,Stichter,dvan-tours@example.com,036-7756780,Male,1950-07-09,Ovezande,France,2026-07-24,Silver,Yes
C003923,Mark,van Ginkel,van-rijthovenvalerie@example.com,(0120) 556400,Male,1953-11-30,Zeeland,Belgium,2025-01-03,Platinum,Yes
C003924,Vigo,Veenstra,texiermelle@example.com,+31(0)17-5448808,Male,1968-06-21,Kudelstaart,Germany,2024-04-02,Platinum,No
C003925,Elize,van Ooyen,valentijnvan-den-wittenboer@example.org,(0378)-255189,Female,1991-07-16,Oudega,Belgium,2025-07-31,Bronze,Yes
C003926,Lars,Huisman,cblaak@example.com,+31681-597251,Female,1958-07-06,Kekerdom,Belgium,2024-12-16,Gold,Yes
C003927,Tim,Kleibrink,zgeertsen@example.net,+31(0)79 5093461,Male,1999-12-02,Asperen,Netherlands,2024-02-09,Gold,No
C003928,Rayan,de Leeuw,eliaslathrope@example.net,+3152-3295451,Female,2008-02-13,IJhorst,Germany,2026-01-14,Gold,No
C003929,Faye,Jacobs,ppratt@example.com,052-5700919,Female,1981-08-26,Vriezenveen,Germany,2026-04-18,Bronze,Yes
C003930,Dave,van Hemert,pien03@example.org,+31(0)83 2949882,Male,2007-04-11,Wetering,Netherlands,2024-06-04,Bronze,Yes
C003931,Melissa,van de Biesenbos,isabel36@example.net,+31(0)17 6759380,Female,1994-01-25,Huizen,Belgium,2026-04-08,Platinum,Yes
C003932,Fabiënne,Doyle,visserbrian@example.org,(080)-9336170,Female,1961-07-29,St.-Jacobiparochie,Netherlands,2025-08-13,Gold,No
C003933,Britt,Groote,rosawendt@example.com,(0650) 402444,Male,1948-04-11,Wezuperbrug,France,2026-05-11,Platinum,No
C003934,Julius,van Ooste,pvan-buuren@example.org,+31052 336386,Male,1959-07-10,Renswoude,France,2026-03-31,Bronze,Yes
C003935,Guusje,Rehorst,xboers@example.org,+31(0)49-6426328,Female,1984-11-20,Warmond,France,2023-08-31,Silver,No
C003936,Lize,de Mol,nsteenbeek@example.net,+3100 0556088,Male,2000-03-16,Abbenes,Netherlands,2024-08-31,Bronze,No
C003937,Youssef,van de Coterlet,mercksninthe@example.net,+31(0)94 8519573,Female,1974-02-21,Agelo,France,2026-07-14,Silver,Yes
C003938,Lex,Perrono,indymol@example.org,(0821)-611145,Male,1961-09-14,Bronneger,Germany,2026-07-27,Gold,Yes
C003939,Lena,van de Veen,jolijn65@example.com,+3109 1842307,Male,2006-06-17,Nunhem,France,2024-01-19,Bronze,Yes
C003940,Nikki,van den Nuwenhuysen,adamvan-de-biesenbos@example.com,(026)-5779335,Male,1957-09-27,Rijswijk,Germany,2025-08-11,Platinum,Yes
C003941,Arthur,Duivenvoorden,joris93@example.org,0640 907722,Male,1947-03-24,Eenum,Belgium,2026-01-22,Platinum,No
C003942,Ruben,de Roo,eveliengoedhart@example.org,+31880-408292,Male,1992-12-04,Noordbroek,Netherlands,2025-11-10,Platinum,No
C003943,Dina,Bouthoorn,ibrahimgoderts@example.net,+3100 1423832,Female,1969-06-08,Nieuwe Pekela,Germany,2024-12-24,Platinum,Yes
C003944,Mees,Janse,nout66@example.org,070 1911818,Female,1976-10-10,Wouwse Plantage,France,2024-08-09,Silver,Yes
C003945,Puk,Dijkstra,blaakmohammed@example.org,+3142-8597642,Female,1999-05-12,Zoelen,Belgium,2023-10-04,Gold,No
C003946,Lieke,Schenkel,noah64@example.net,(083) 1824691,Male,1947-10-11,Gieterveen,Netherlands,2024-04-03,Gold,Yes
C003947,Stijn,van der Maath,rackhambas@example.com,0389 530707,Female,1978-09-04,Stadskanaal,France,2024-02-16,Silver,Yes
C003948,Rafael,Lambregt,thatcheryasmin@example.net,013-7319453,Male,1957-04-04,Budel-Dorplein,Belgium,2026-01-20,Bronze,Yes
C003949,Isabella,Heijmen,damianbillung@example.org,+31(0)91-6123901,Female,1985-02-09,Vlierden,Germany,2023-09-07,Gold,No
C003950,Nikki,van Brunswijk,maaike61@example.com,+31366 474271,Female,1961-06-04,Vrouwenparochie,Netherlands,2026-02-03,Platinum,No
C003951,Jolie,Mathieu,lily29@example.net,0264-027913,Male,2001-11-01,Santpoort-Zuid,France,2025-05-27,Platinum,Yes
C003952,Bastiaan,de Bont,arensmare@example.com,(014)-9237234,Female,1949-12-13,Ohé en Laak,Netherlands,2024-07-18,Platinum,Yes
C003953,Felix,Gnodde,wrighteva@example.net,(064) 8677695,Male,1977-05-10,Kerk-Avezaath,Germany,2024-03-26,Gold,No
C003954,Joël,Jorlink,wloep@example.com,+31(0)39 9949510,Female,1959-02-04,Iens,Belgium,2023-09-05,Bronze,No
C003955,Naud,Verheuvel,de-keijzerjake@example.net,+31764-140054,Female,1965-02-24,Roosteren,Germany,2026-06-21,Platinum,Yes
C003956,Vince,Blom,jaymartel@example.com,+3100-2816849,Female,1961-08-01,Rhoon,Germany,2023-09-12,Silver,No
C003957,Hanna,de Haan,mullerryan@example.com,034-8009093,Male,1987-10-10,Delwijnen,Belgium,2023-10-28,Bronze,No
C003958,Janne,de Groot,ipieters@example.net,075-2439025,Male,2004-02-24,Zennewijnen,Belgium,2026-07-12,Gold,No
C003959,Kim,Palman,matthijserhout@example.org,+31766 217981,Female,1953-07-09,Giethmen,Netherlands,2026-07-06,Silver,Yes
C003960,Roan,Jansdr,mirthelinschoten@example.net,+3166-9982088,Female,1960-10-24,Wiuwert,Netherlands,2024-07-14,Silver,Yes
C003961,Marit,van Bernicia,woutersmax@example.com,+31(0)06 2803548,Male,1977-11-15,Esbeek,Belgium,2024-07-21,Bronze,Yes
C003962,Chloë,Prinsen,tvan-beek@example.org,+3152 4066594,Female,1983-03-11,Rottevalle,Belgium,2025-10-06,Platinum,Yes
C003963,Rosalie,Brandt,weerdenburgdana@example.net,+31669 650423,Male,1952-01-06,Koekange,Netherlands,2023-09-05,Platinum,No
C003964,Floor,van der Laarse,easchman@example.org,(0426)-310362,Male,1974-12-03,Nieuw-Balinge,Belgium,2024-12-28,Silver,No
C003965,Kaylee,van Wessex,emma49@example.net,0614-339789,Male,1961-08-19,St.-Jacobiparochie,Netherlands,2026-03-13,Platinum,No
C003966,Kate,Molegraaf,nhendrikse@example.org,(003) 5286282,Female,1959-07-21,Geeuwenbrug,France,2025-10-19,Bronze,No
C003967,Jim,Phillipsen,esmee72@example.net,(0391) 452752,Female,1981-07-19,Vianen NB,Netherlands,2025-02-14,Silver,Yes
C003968,Lena,Linschoten,rileyvan-loon@example.com,+3179 6060670,Female,1952-08-17,Assen,Germany,2026-06-11,Bronze,No
C003969,Nathan,van Leeuwen,everdeoscar@example.net,+31(0)21-8677798,Male,1956-11-14,Terherne,France,2026-05-15,Silver,Yes
C003970,Twan,van Alenburg,ize96@example.org,+31(0)42 2536992,Female,1980-05-27,Stad aan 't Haringvliet,France,2024-08-26,Gold,Yes
C003971,Colin,Lutterveld,tombierstraten@example.com,+3103 2551580,Male,2001-02-11,Oud-Vossemeer,Germany,2024-09-16,Silver,Yes
C003972,Stefan,Perrono,thomasrijks@example.net,030 0793581,Female,1956-12-15,Vlieland,Belgium,2024-11-26,Bronze,Yes
C003973,Ben,van Dokkum,weijterspieter@example.com,0489-864661,Female,1999-12-26,Geertruidenberg,Netherlands,2024-12-02,Bronze,No
C003974,Zoë,Molenaar,xboetet@example.org,+31(0)15-2430413,Female,2000-05-02,Drachten-Azeven,Belgium,2026-07-24,Bronze,No
C003975,Rens,van Baalen,cde-jager@example.com,+31(0)048 191509,Female,1966-02-27,Loerbeek,Germany,2025-02-12,Platinum,Yes
C003976,Berend,Haselaar,aflink@example.net,032 1110208,Female,1955-10-31,Slappeterp,Netherlands,2026-02-15,Silver,No
C003977,Cas,Kloppert,vgeertsen@example.org,+31012-581403,Male,2007-09-15,Langeveen,France,2026-06-17,Platinum,Yes
C003978,Mara,Waardeloo,tobias58@example.com,047-6985691,Male,1986-01-01,Sondel,Germany,2024-10-16,Platinum,Yes
C003979,Nova,Charon,kayvan-grinsven@example.com,(048)-2177327,Female,1983-05-17,Ferwoude,France,2023-11-14,Platinum,No
C003980,Bart,Belpere,charlottevan-de-pavert@example.org,+31611-762128,Female,1976-01-02,Espel,Netherlands,2024-08-20,Silver,Yes
C003981,Bastiaan,van Berkel,kvan-berkum@example.com,(008)-2114466,Male,1995-09-12,Dreumel,France,2026-06-20,Gold,Yes
C003982,Isabelle,Gerritsen,goyaerts-van-waderleivan@example.org,007 9025476,Female,1999-01-27,Tirns,France,2024-02-29,Platinum,Yes
C003983,Yasmin,Vos,oversluijs@example.net,0057-347642,Female,1955-05-27,Kûbaard,France,2024-07-23,Platinum,Yes
C003984,Nick,van Maasgouw,jpison@example.net,050 9382911,Male,2006-12-29,Kesteren,Belgium,2025-08-04,Platinum,No
C003985,Floris,Glasses,senn14@example.net,+31(0)88 0743968,Female,1948-05-01,Den Ilp,Belgium,2024-02-01,Silver,No
C003986,Noor,Belpere,tobiasschouten@example.org,(0040) 125427,Male,1976-11-23,Boornzwaag,Germany,2023-12-04,Platinum,No
C003987,Michael,Jdotte,jannehuijben@example.org,+31233-787734,Male,1997-05-09,Midwoud,Netherlands,2023-09-17,Bronze,No
C003988,Fien,Arnold,sscardino@example.com,(091)-9685337,Female,1997-01-26,Melissant,Belgium,2025-11-09,Platinum,No
C003989,Jorn,de Korte,willemde-vos@example.net,(037)-2149092,Female,1951-09-30,Oud Zuilen,Germany,2025-07-15,Silver,Yes
C003990,Sem,"West-Francië, van",mosleymia@example.com,+3155-4627022,Female,1965-11-24,Oosterleek,France,2026-04-29,Bronze,No
C003991,Jasper,Bellemans,elisavan-beeck-beeckmans@example.com,+3149-2483792,Female,1999-07-15,Húns,France,2024-03-18,Bronze,No
C003992,Tyler,van Rijthoven,tirza98@example.org,001-8492096,Male,1951-11-11,Bornwird,Germany,2024-11-14,Silver,Yes
C003993,Aron,Mulders,steenbeekelif@example.org,(054) 7216167,Female,1964-06-13,Wieringerwaard,Netherlands,2024-07-14,Silver,No
C003994,Luca,van der Meulen,thijn88@example.com,+31(0)534 025964,Female,1958-05-26,Zoetermeer,Belgium,2024-12-11,Bronze,Yes
C003995,Elena,van Tours,zijlmanschloe@example.net,0600-901964,Female,1968-10-01,Hazerswoude-Dorp,Netherlands,2023-09-10,Platinum,No
C003996,Noah,de Bock,jacepsxavi@example.net,(080)-7600843,Female,2000-02-24,Veghel,Germany,2025-01-13,Silver,No
C003997,Sep,van Beaumont,mvan-formbach@example.org,+31(0)445-122036,Female,1970-08-07,Papekop,Belgium,2025-02-17,Gold,Yes
C003998,Julius,van Hamaland,svan-der-lede@example.org,+3174-8105634,Male,1978-11-18,Kattendijke,Netherlands,2026-02-12,Gold,No
C003999,Loek,Rijcken,ivan-holland@example.net,+31449-509545,Female,1949-07-21,Midwolde,Belgium,2025-01-29,Silver,No
C004000,Esmee,de Roo,loiswolters@example.net,(0766)-863159,Male,1958-03-06,Broekhuizenvorst,Belgium,2025-07-04,Bronze,Yes
C004001,Elize,Ariens,de-boereline@example.org,+31587 559311,Female,1953-11-04,Nieuw Heeten,France,2024-06-21,Silver,Yes
C004002,Loes,van der Laarse,arielambregt@example.org,+31(0)65-0887717,Female,2000-12-22,Slenaken,Germany,2026-03-29,Platinum,Yes
C004003,Annabel,van Landen,ohehl@example.net,(031)-9736911,Male,1947-10-02,Waaxens,Belgium,2024-02-11,Bronze,Yes
C004004,Vince,Eerden,tygo45@example.com,(0912) 604318,Female,1958-11-26,Warstiens,Germany,2026-03-23,Gold,No
C004005,Laura,Wildschut,lynnvan-mispelen@example.org,(0156) 006406,Female,2001-05-09,Sint Pancras,Germany,2025-01-19,Silver,Yes
C004006,Jill,van den Brink,silgroote@example.org,(0313) 568511,Female,1984-07-26,Grijpskerk,Germany,2023-09-30,Bronze,Yes
C004007,Charlotte,Jansen,dewismit@example.net,(0142)-994719,Female,2001-01-05,Bantega,Germany,2024-12-30,Gold,No
C004008,Yassin,Kleybrink,bernaardskyan@example.com,(038)-4536565,Male,1946-07-10,Gasselte,Germany,2025-11-23,Platinum,Yes
C004009,Bente,van Es,berend09@example.com,(090)-3694298,Male,1995-07-12,Gasselternijveen,Netherlands,2023-10-15,Platinum,Yes
C004010,Mason,Werdes,unruoch-hunerikkian@example.org,033-6778654,Male,1963-06-21,Oudelande,France,2025-03-13,Platinum,No
C004011,Lynn,van de Velden,ferranelise@example.com,+31621 963662,Female,1978-03-29,Goedereede,Netherlands,2023-10-14,Bronze,Yes
C004012,Mirte,van Embden,olivierstook@example.com,(038)-4964300,Female,1964-04-17,Wijnbergen,Netherlands,2024-09-25,Platinum,Yes
C004013,Gerrit,van Geenen,tvan-kuijc-van-malsen@example.com,(0874)-182002,Male,2001-08-05,Molenaarsgraaf,Germany,2026-05-21,Silver,Yes
C004014,Maud,van Zwaben,adryaensmelissa@example.org,+31418 197450,Female,1984-08-08,Egmond-Binnen,Germany,2026-04-26,Bronze,No
C004015,Mason,van Westfalen,maria31@example.net,(0559)-654009,Male,1988-01-17,Axel,Netherlands,2025-12-29,Bronze,No
C004016,Livia,Rouwhorst,isismichiels@example.org,+3158-6719474,Male,1962-07-05,Jorwert,Belgium,2024-04-21,Bronze,No
C004017,Damian,Marchand,lorenzokof@example.net,+31591-952728,Male,1968-08-12,Hengelo (Gld),France,2025-03-12,Bronze,Yes
C004018,Jenna,Verhaar,mombergdex@example.net,(0009)-438359,Male,1960-08-02,Drempt,Germany,2023-11-22,Bronze,Yes
C004019,Kiki,de la Fleche,ebierstraten@example.com,+31(0)16-2495404,Female,1960-08-31,Houwerzijl,Germany,2025-07-02,Bronze,Yes
C004020,Jordy,van Bruchem,qvan-de-ven@example.org,(0763)-438954,Female,1967-06-17,Driehuizen,Netherlands,2026-04-06,Platinum,Yes
C004021,Lina,van Gastel,feline02@example.org,0924 549178,Male,1984-02-05,Blaricum,Belgium,2023-12-30,Silver,No
C004022,Jip,van der Klijn,ariens-ansemsfeline@example.org,+31(0)306 649401,Female,1986-06-25,Tjerkgaast,Netherlands,2024-04-11,Gold,Yes
C004023,Pien,Keijzer,kvertooren@example.org,+31(0)01 3051619,Male,1972-09-12,Nieuw-Roden,Germany,2025-05-29,Silver,Yes
C004024,Arie,Bastiaanse,danique27@example.com,(004)-9513468,Male,2002-10-21,De Wilp,France,2025-01-16,Gold,No
C004025,Julian,van Roijen,van-drenthemirthe@example.org,+31(0)855-729822,Female,2003-09-07,Legemeer,Germany,2024-04-29,Bronze,No
C004026,Merel,Klomp Jan,jameszeemans@example.net,+31(0)97-1427628,Female,1973-03-10,Spannum,Netherlands,2025-07-16,Platinum,No
C004027,Wout,Karels,bouthoornhannah@example.org,(0577) 333916,Female,1992-03-29,Obdam,Belgium,2024-10-02,Gold,No
C004028,Dex,Stinis,dde-swart@example.net,029 2373131,Female,1955-05-18,Veenhuizen,Belgium,2025-01-06,Bronze,No
C004029,Marit,van Luinenburg,van-brenenhanna@example.com,(072) 0488756,Female,1987-04-27,Graauw,Germany,2025-01-03,Platinum,No
C004030,Jennifer,Woutersz,julie42@example.org,0048-044331,Female,1992-12-14,Sint Jansklooster,France,2025-01-23,Bronze,Yes
C004031,Lucas,Krabbe,de-jongvictor@example.org,(0006)-291106,Female,1997-06-10,Broek in Waterland,Belgium,2025-02-26,Platinum,No
C004032,Jayda,Kok,bvan-veen@example.com,(014) 3565734,Female,1975-12-11,Smallebrugge,Germany,2025-01-10,Bronze,Yes
C004033,Nina,Verschuere,elizepons@example.com,064-8489506,Male,1986-08-08,Dijken,France,2025-04-08,Bronze,No
C004034,Hamza,van Dam,jorthoelen@example.org,+31(0)71-1277047,Male,1947-02-14,Aagtekerke,Netherlands,2023-09-28,Platinum,No
C004035,Elise,Brizee,qgroote@example.org,+31892-021100,Female,1959-10-02,Eenrum,Netherlands,2025-05-17,Gold,No
C004036,Loes,Jansen,ameliarutten@example.net,+31619 884183,Male,1999-02-06,Eefde,Germany,2026-02-03,Gold,No
C004037,Thijs,"West-Francië, van",neuzerlingjenna@example.org,+31749 231046,Male,2007-05-21,Kornwerderzand,Germany,2025-12-28,Gold,No
C004038,Zeynep,Ruijs,jurre12@example.net,0556-308675,Female,1984-10-27,Balkbrug,Netherlands,2026-02-08,Platinum,No
C004039,Esmée,Kok,van-grinsvenjelte@example.net,027 4673724,Male,1992-05-08,Rottevalle,France,2026-03-09,Bronze,No
C004040,Ceylin,den Teuling,twan63@example.com,027-9844008,Male,1995-09-27,De Kiel,France,2023-08-30,Gold,No
C004041,Ella,Luboch,loisvan-der-heijden@example.org,+31(0)53-5711458,Male,1957-07-29,Heesbeen,Belgium,2026-07-03,Bronze,No
C004042,Evelien,Weijters,ymolenaar@example.com,+31(0)938-124206,Male,2004-09-15,Soerendonk,France,2024-11-15,Bronze,Yes
C004043,Noa,Rouwenhorst,jolijn52@example.net,(090) 4892709,Male,1946-09-08,Ell,Belgium,2025-02-11,Gold,Yes
C004044,Mart,Veenstra,ewest-francie-van@example.net,0677 389075,Male,1996-12-08,Macharen,Belgium,2024-03-07,Bronze,No
C004045,Benthe,Peeters,koretarthur@example.net,+31311 609748,Female,1972-02-18,Eijsden,France,2024-12-28,Platinum,No
C004046,Fedde,Korstman,iguit@example.com,0491 369564,Male,1988-01-30,Oud-Alblas,Belgium,2024-02-14,Gold,No
C004047,Rik,Schokman,koningsmyrthe@example.net,+31(0)72 4426067,Female,1997-07-09,Benneveld,Germany,2025-11-15,Platinum,Yes
C004048,Eva,Martens,sophia66@example.org,+31055 756065,Female,1958-02-08,It Heidenskip,Germany,2024-10-19,Silver,Yes
C004049,Tessa,Lutterveld,uvoortman@example.com,+3175 6296737,Female,1955-04-05,Akersloot,Netherlands,2025-12-24,Bronze,Yes
C004050,Nora,Charon,van-der-laarjelle@example.net,(081) 2010601,Female,1953-06-25,Bruntinge,Germany,2024-01-11,Gold,No
C004051,Jurre,Tins,vvan-de-eerenbeemt@example.com,(099)-2684897,Female,1964-02-14,Bakkeveen,France,2024-09-22,Gold,Yes
C004052,Ninthe,Verhagen,de-gruijterlinde@example.com,+31(0)870-087144,Female,1985-02-05,Opmeer,Netherlands,2023-08-27,Gold,No
C004053,Eva,Huls,sander44@example.com,(0271)-229417,Female,1996-10-06,Nieuweschoot,Belgium,2025-07-19,Bronze,No
C004054,Evi,Korstman,saarverbeek@example.net,045-0515369,Female,1950-09-28,Briltil,Germany,2026-06-02,Bronze,No
C004055,Valentijn,Hulskes,cornelis60@example.com,0374-206513,Male,1962-10-27,Horssen,France,2026-02-11,Bronze,No
C004056,Olivia,van der Veen,meletsofie@example.net,(0197) 149221,Female,1994-02-27,Heide,Germany,2024-07-21,Gold,Yes
C004057,Adriana,Bernaards,jonathan52@example.org,+31(0)29-8063716,Male,1973-04-11,Ridderkerk,Netherlands,2026-06-22,Bronze,Yes
C004058,Tyler,van Gorp,zeemansella@example.org,0697 866435,Female,1983-07-17,Nunhem,Belgium,2025-11-14,Platinum,No
C004059,Johannes,Bartels,romyvan-den-berg@example.net,0601-456111,Male,1976-10-28,Zeerijp,Germany,2026-01-27,Bronze,Yes
C004060,Maud,van Maaren,rijnjoep@example.net,+3153 9078469,Female,1980-11-07,Schipborg,France,2024-02-24,Gold,Yes
C004061,Chloë,Verhaar,van-gemertsuus@example.org,0829 069597,Male,1996-08-19,Neerkant,Netherlands,2025-01-14,Gold,Yes
C004062,Amira,de Wit,simon30@example.org,+31(0)329 337710,Female,2008-01-26,Papenhoven,France,2024-06-07,Bronze,No
C004063,Frederique,van der Veen,kayverschuere@example.org,+31(0)49-2821009,Female,1957-10-20,'s-Gravenzande,Germany,2025-05-13,Gold,No
C004064,Linde,van Straaten,ikorsman@example.org,(014)-9597251,Female,2007-06-10,Chaam,Germany,2025-03-31,Gold,No
C004065,Amin,van den Pol,tiriejelle@example.org,067-3593996,Female,1977-01-19,Den Oever,Netherlands,2026-06-18,Bronze,No
C004066,Jenna,van der Horst,van-den-polsilke@example.net,+3198-2559176,Female,1979-10-09,Klooster Lidlum,Germany,2026-05-12,Gold,Yes
C004067,Tim,van Laarhoven,qvan-der-pluijm@example.net,+31(0)493 905970,Male,1966-04-21,Wirdum Gn,Germany,2024-05-25,Silver,No
C004068,Jack,Zijlemans,lorealvictoria@example.net,(069)-7209212,Male,2006-04-06,Holtum,Netherlands,2023-12-09,Silver,Yes
C004069,Job,Furda,boaz73@example.net,+3120-6226966,Female,1992-12-12,Greonterp,Netherlands,2024-09-14,Platinum,No
C004070,Daan,Galijn,lievevan-kuijc-van-malsen@example.org,+31408 884126,Male,1987-11-22,Egmond aan Zee,Germany,2026-01-01,Gold,Yes
C004071,Emily,Bouhuizen,rijckenlouise@example.org,(0385)-912500,Female,1959-03-26,Oudeschip,Netherlands,2024-08-30,Silver,Yes
C004072,Mark,Volcke,vigomuijs@example.net,+31(0)17-2765464,Female,1971-07-23,Hedel,Germany,2024-12-10,Platinum,Yes
C004073,Maria,van Haspengouw Hesbaye,justin01@example.net,0279 815308,Female,1954-06-05,Hulsberg,Belgium,2023-08-09,Gold,No
C004074,Benjamin,van der Berg,roosenboomlaura@example.net,0857 898853,Male,1978-04-14,Kaard,Netherlands,2026-01-19,Bronze,No
C004075,Linn,de Gratie,zevenboomfaye@example.org,0284 277624,Female,1997-02-06,Aalsum,Belgium,2024-01-31,Bronze,No
C004076,Daniël,van den Bosch,merijnvignon@example.net,+31741-351184,Male,1965-08-22,Soest,Germany,2024-02-17,Gold,Yes
C004077,Lize,Elsemulder,driessenjason@example.com,+31499 079141,Male,1963-01-08,Lichtenvoorde,France,2023-12-19,Gold,Yes
C004078,Zara,Steenbeek,bpersijn@example.com,+3167 6428279,Male,2000-01-05,Kreileroord,France,2024-01-28,Silver,Yes
C004079,Merle,Mulder,elisabeth17@example.com,077-7082552,Female,1986-08-05,Erlecom,Belgium,2026-05-18,Platinum,No
C004080,Mats,Nedermeijer,dvan-luxemburg@example.org,037-8297425,Female,1987-02-14,Gelderswoude,Netherlands,2026-07-29,Silver,No
C004081,Aron,van Wijk,hulshoutsfaas@example.org,+3160-6995840,Male,1985-04-19,Ophemert,France,2026-02-08,Silver,No
C004082,Michael,Erhout,cuittenbosch@example.org,0787 773639,Male,1951-10-27,Megen,Germany,2025-01-11,Platinum,Yes
C004083,Mart,Pasman,matthijskalman@example.org,0993 522927,Male,1985-08-15,Gees,France,2026-06-12,Bronze,Yes
C004084,Max,van den Assem,joey98@example.com,033-9642809,Female,1977-08-10,Albergen,Netherlands,2023-09-02,Silver,No
C004085,Amina,van Santen,wrijks@example.org,0955-540521,Male,1957-07-01,Hall,Germany,2026-07-06,Platinum,Yes
C004086,Amber,Korsman,aliscardino@example.com,(017)-1815906,Female,2000-09-18,Meerlo,Netherlands,2024-12-29,Silver,No
C004087,Arie,van Rijnsbergen,adamjdotte@example.org,+31344-808563,Male,1985-03-20,Ede,Netherlands,2025-02-13,Bronze,Yes
C004088,Quinn,Eelman,elisabeth25@example.org,+3184-7966288,Male,2004-03-16,Vogelwaarde,Belgium,2024-09-29,Bronze,No
C004089,Sylvie,Rouwhorst,narens@example.net,+31(0)813 101737,Male,1986-12-31,Wieringerwerf,Netherlands,2025-09-11,Bronze,No
C004090,Mohammed,Briere,fem09@example.net,+3126 4974305,Male,1971-05-30,Heukelom,Netherlands,2026-06-10,Silver,No
C004091,Alexander,Henric van den Nuwenhuse,zmanne@example.org,095-1107612,Female,1975-09-21,Loon op Zand,Germany,2024-07-21,Silver,Yes
C004092,Jelte,van de Pavert,brittvan-t-houteveen@example.org,+31369-486490,Female,1959-04-04,Sprang-Capelle,France,2025-08-08,Silver,No
C004093,Stefan,Kremer,noorde-groot@example.org,+31957-202454,Male,1958-02-09,IJsselmuiden,Germany,2025-03-16,Bronze,Yes
C004094,Amy,Kamp,ikeijzer@example.org,(0311)-903840,Male,1974-10-19,Ridderkerk,Belgium,2024-09-22,Gold,Yes
C004095,Ibrahim,Wutke,naomi54@example.org,(0489)-792926,Female,2006-02-11,Almelo,Netherlands,2025-01-18,Gold,No
C004096,Johannes,de Groot,janvan-den-nieuwenhuijsen@example.net,011-3043059,Male,1969-02-04,Soerendonk,Netherlands,2025-09-15,Bronze,Yes
C004097,Gijs,Ansems,bvan-dokkum@example.net,035-9855480,Female,2008-05-21,Gelderswoude,Belgium,2026-06-12,Silver,Yes
C004098,Silke,Gerritsen,sven78@example.com,+31(0)34-6513928,Female,1990-03-13,Heiligerlee,Belgium,2023-08-27,Silver,Yes
C004099,Liz,Passchiers,yusufvan-santen@example.org,068-2744801,Male,1946-04-27,Westhoek,Netherlands,2024-05-02,Platinum,Yes
C004100,Chloé,Scardino,joeyvan-den-berg@example.com,+3169-8639271,Female,1993-03-15,Oosterbeek,Germany,2023-12-08,Gold,Yes
C004101,Nadine,Haengreve,svan-de-pol@example.net,+31564 869978,Female,1951-07-02,Kornwerderzand,Netherlands,2024-09-19,Platinum,Yes
C004102,Karlijn,Lelijveld,novavan-ooyen@example.com,+31945-175564,Male,1972-06-27,Waarde,Netherlands,2023-11-30,Silver,Yes
C004103,Michelle,van Geffen,sterrede-heer@example.com,+3182 6280273,Female,1954-04-23,Vrouwenakker,France,2024-07-20,Platinum,No
C004104,Sten,van der Ploeg,romyadriaensdr@example.com,(086) 4323355,Male,1966-03-17,De Bult,Belgium,2025-09-15,Platinum,No
C004105,Aimée,Schipper,van-oudewaterwouter@example.net,(0059)-094457,Male,1991-08-16,Hansweert,Netherlands,2023-10-17,Silver,No
C004106,Jurre,van Hostaden,victoria07@example.com,073-8129359,Male,1999-01-02,De Falom,Netherlands,2026-06-10,Gold,Yes
C004107,Nynke,van den Henst,dave54@example.org,022-1661140,Female,1990-12-22,Klimmen,Netherlands,2025-06-30,Bronze,No
C004108,Yasmin,Slaetsdochter,jayden58@example.com,+31(0)581-792056,Male,1991-08-14,Ugchelen,Germany,2023-12-31,Platinum,Yes
C004109,Liza,Wilmont,van-buurensara@example.org,039-6467366,Female,1965-02-05,Kollumerpomp,Germany,2025-08-31,Bronze,No
C004110,Max,van Laon,faas07@example.com,069 6850791,Male,1966-06-25,Maasbracht,Germany,2026-01-09,Silver,Yes
C004111,Jinthe,van Salm,stimmermans@example.com,0455 885928,Male,1964-06-10,Dwingeloo,France,2026-04-30,Platinum,No
C004112,Mehmet,Lucas,juliamanne@example.com,+31(0)986-982892,Male,1977-06-02,Santpoort-Zuid,France,2024-07-11,Gold,Yes
C004113,Mehmet,van Schweinfurt,roanbeourgeois@example.org,0966-491228,Female,2002-08-11,Lochem,Germany,2026-03-13,Silver,No
C004114,Dion,Aarden,kofrafael@example.net,(042) 2609237,Female,1976-07-28,Tuitjenhorn,Germany,2025-01-01,Gold,No
C004115,Valerie,van Henegouwen,leonmuijs@example.com,(0028) 257271,Male,2000-03-23,Bronneger,Belgium,2024-03-30,Bronze,Yes
C004116,Quinten,Smit,martelsuze@example.org,+31123 076955,Female,1968-08-31,Westerbeek,Netherlands,2023-09-01,Bronze,Yes
C004117,Evi,Brizee,quinten99@example.com,(026)-0115338,Male,1975-04-22,Oud-Beijerland,Netherlands,2026-01-11,Platinum,No
C004118,Lily,Mulder,kayleegnodde@example.net,0702-208908,Male,1981-08-07,Stampersgat,Netherlands,2024-04-30,Bronze,No
C004119,Jenna,Huijzing,weylandsami@example.org,+31222-196562,Male,1956-04-28,Tiendeveen,Belgium,2026-04-17,Bronze,No
C004120,Daniel,van der Avoirt,ecrin76@example.org,+31(0)09-6334760,Male,1990-12-24,Reahûs,France,2024-07-26,Silver,No
C004121,Victoria,Kof,zjerusalem@example.net,(098) 2220112,Male,1957-12-23,Blankenham,Germany,2026-07-01,Silver,No
C004122,James,Nedermeijer,tielemanschris@example.com,(0088)-285813,Female,1993-01-11,De Wilp,Netherlands,2025-08-11,Silver,No
C004123,Micha,Jansse,uhaselaar@example.net,+31037 452008,Male,1953-08-18,Hekendorp,Belgium,2025-08-02,Platinum,No
C004124,Philip,de Vries,ubuijs@example.org,080 3180290,Female,1954-12-14,Nijeholtpade,France,2025-05-26,Silver,No
C004125,Nout,van der Avoirt,annabel56@example.com,+31(0)773 848925,Female,1954-08-26,Vierhuizen,Germany,2024-12-16,Bronze,Yes
C004126,Wesley,Kleibrink,kay28@example.com,+3180-1762164,Male,1968-09-13,Neerijnen,Belgium,2025-05-27,Gold,Yes
C004127,Dirk,Lucas,valerie70@example.net,076 2457228,Female,1980-11-03,Donkerbroek,Germany,2024-02-20,Gold,Yes
C004128,Isa,Lensen,aarondavid@example.org,(067)-9597860,Male,1962-08-23,Noordbeemster,Netherlands,2026-05-09,Bronze,Yes
C004129,Gijs,van de Brink,yfkede-jonge@example.com,+31(0)132-607966,Female,1985-10-16,De Goorn,Belgium,2025-02-18,Bronze,No
C004130,Micha,Alpaidis,hheribert-van-laon@example.com,(0453)-456945,Female,1958-10-29,Langeweg,Belgium,2023-10-19,Gold,Yes
C004131,Tara,Kort,nynkeeverts@example.org,(0639) 726460,Female,1961-08-22,Koudum,France,2025-01-29,Silver,No
C004132,Catharina,van Bernicia,veenendaalcato@example.com,+31(0)250 714424,Female,1958-12-11,Banholt,France,2025-06-07,Gold,Yes
C004133,Jesper,van der Laarse,jaysonbuijs@example.com,+31(0)01 4904345,Female,2007-01-01,Middelaar,Germany,2025-09-06,Platinum,Yes
C004134,Jorn,Hehl,david58@example.net,(0210)-849102,Male,1957-11-24,Zwijndrecht,France,2025-08-04,Bronze,No
C004135,Jorn,Haselaar,jannevan-breugel@example.org,+3151-0568825,Male,1965-12-30,Giethoorn,Belgium,2025-04-25,Silver,No
C004136,Lara,d' Heripon,thomholthuis@example.net,(049)-4839648,Female,2001-11-21,Haalderen,France,2025-07-14,Platinum,No
C004137,Amin,Welf,berendsekyan@example.org,0716 407341,Female,2005-06-18,Jirnsum,France,2024-09-17,Silver,No
C004138,Marinus,Kleijse,bram87@example.com,0652 022718,Male,2000-04-06,Knegsel,Germany,2024-09-13,Platinum,No
C004139,Sanne,Erhout,van-waaspleun@example.org,049-9559527,Male,1988-02-08,Spanga,Belgium,2026-03-23,Platinum,Yes
C004140,Ella,Hakker,ameliavan-de-leemput@example.net,+31(0)341-009918,Female,1972-05-13,Mheer,Netherlands,2025-02-04,Gold,No
C004141,Olaf,Ponci,van-bunschotenmelissa@example.com,+31(0)56-3911180,Female,1973-03-13,Kerk-Avezaath,France,2025-04-11,Platinum,No
C004142,Tobias,van der Noot,grondeljort@example.net,(007)-7884915,Male,2005-12-27,Drouwenermond,Netherlands,2025-02-14,Bronze,Yes
C004143,Dewi,van Rijnsbergen,nickde-gruil@example.com,+31361 264814,Male,1977-11-14,Hoogkarspel,Germany,2023-08-05,Silver,Yes
C004144,Bilal,Frankhuizen,van-ghoerlelinn@example.com,0174-415689,Male,1974-10-10,Nieuwolda,France,2025-02-18,Bronze,Yes
C004145,Lot,Ghoerle,noah31@example.com,(008) 4632665,Male,1949-10-20,Hekelingen,France,2025-01-12,Platinum,No
C004146,Dina,van den Oever,van-rietjan@example.com,044-3800098,Male,1973-08-20,Volkel,France,2025-12-06,Bronze,Yes
C004147,Quinten,Rouwenhorst,aimee86@example.org,+31086 873688,Female,1972-07-20,Zeegse,France,2026-02-10,Platinum,No
C004148,Isabella,Leguit,adam50@example.net,(034) 3207731,Male,1957-01-12,Noordwelle,Belgium,2023-08-04,Bronze,Yes
C004149,Kyra,Martens,van-der-lindencornelia@example.net,(0655) 974294,Female,1970-02-02,Mastenbroek,Netherlands,2024-01-02,Gold,Yes
C004150,Emily,Adriaense,van-tuijlcollin@example.com,0644 471233,Female,2005-09-22,Rouveen,France,2026-03-05,Silver,No
C004151,Lana,Heere,zoeydachgelder@example.com,+31402-709680,Male,1956-01-24,Hendrik-Ido-Ambacht,Netherlands,2023-11-28,Platinum,No
C004152,Sander,Rouwhorst,tvolcke@example.com,+3134 5866555,Female,2004-05-14,Beltrum,Belgium,2023-08-06,Platinum,Yes
C004153,Janne,Dachgeldt,lois03@example.net,+31(0)42-4679380,Male,1970-03-20,Schipborg,Netherlands,2024-05-25,Bronze,No
C004154,Wout,Zijlmans,livvan-der-heijden@example.com,+31796 120102,Male,1992-11-18,Wijlre,Belgium,2023-11-07,Gold,No
C004155,Ecrin,de Vroege,angelina42@example.net,+31939-792091,Male,1995-09-13,Blije,Netherlands,2023-11-10,Silver,Yes
C004156,Robin,Ellis,van-der-stael-de-jongemaja@example.com,079-4129780,Male,1948-08-29,Langelo,Germany,2025-04-10,Bronze,No
C004157,Victoria,Huisman,wouters-van-eijndhovennoortje@example.com,+31(0)63 4328316,Male,1956-07-26,Strijen,Germany,2024-03-17,Bronze,No
C004158,Aaron,Stuivenberg,joep72@example.org,(0961) 052905,Female,1968-06-01,Rijpwetering,France,2026-02-09,Gold,Yes
C004159,Noa,Oennen,puktammerijn@example.net,+31(0)21-4621973,Female,1983-05-15,Biggekerke,Germany,2026-07-05,Gold,Yes
C004160,Max,Vegt,eckhardttim@example.net,(024) 6445218,Female,1974-07-04,Nieuwendijk,Netherlands,2025-08-22,Bronze,Yes
C004161,Noëlle,van Boulogne,inoordijk@example.org,0258-784953,Male,2005-08-12,'t Zand,Netherlands,2023-12-17,Bronze,Yes
C004162,Fenne,Broek,kianslagmolen@example.com,(0631)-261887,Male,2004-09-29,Vleuten,Belgium,2025-07-31,Bronze,Yes
C004163,Dewi,Mathol,catovan-der-maes@example.org,0063 193629,Female,1998-06-02,Weesp,Germany,2026-04-19,Silver,Yes
C004164,Rens,van de Elzas,maurits45@example.org,+31(0)037 971105,Male,1949-12-02,Ulrum,Germany,2025-03-17,Silver,Yes
C004165,Merijn,van Orleans,moosterhek@example.org,+3199 9973960,Female,1952-09-02,Harskamp,Netherlands,2025-12-18,Gold,Yes
C004166,Dewi,Groen,melissabeernink@example.org,0620 936417,Female,1947-10-29,Een,Belgium,2024-09-24,Bronze,No
C004167,Olivia,Stichter,yaralonen@example.com,+31461 550914,Female,2007-07-17,Smallebrugge,Germany,2025-12-17,Gold,Yes
C004168,Riley,Booden,elinkirpenstein@example.net,+31(0)64 5885082,Male,1963-02-17,Sint-Annaland,Netherlands,2024-10-11,Silver,Yes
C004169,Merijn,Giselmeyer,ayoub64@example.com,(030) 1761743,Male,1981-07-29,Oostvoorne,Germany,2025-08-18,Gold,No
C004170,Brian,Chrodtrud,kwijland@example.net,+31(0)802-627595,Female,1962-03-09,Egmond-Binnen,Belgium,2025-08-26,Silver,No
C004171,Muhammed,van de Water,nadiavan-den-berg@example.com,+3130-4283044,Female,1962-07-28,Leunen,Netherlands,2026-07-10,Platinum,No
C004172,David,Laffray,kbrouwer@example.org,+31(0)801 090638,Male,1966-07-29,Stroobos,Netherlands,2025-01-31,Platinum,No
C004173,Stefan,Charon,zclaassen@example.org,(0597)-466838,Male,1958-08-25,Wagenberg,Belgium,2024-11-24,Platinum,Yes
C004174,Daphne,van Embden,jimkosten@example.org,+31(0)470 087678,Male,1956-03-02,Mastenbroek,France,2026-05-18,Bronze,No
C004175,Isabella,Westerburg,tinsjort@example.com,(060)-5904795,Female,2002-05-19,Oeffelt,France,2024-10-30,Gold,No
C004176,Zara,d' Heripon,van-dillenlize@example.net,018 9318371,Female,1968-07-05,Gasselternijveen,France,2024-10-24,Silver,No
C004177,Jorn,de Vries,suuspieters-van-der-maes@example.net,(0445) 394005,Female,1962-06-17,Kwadijk,Netherlands,2025-08-06,Gold,No
C004178,Beau,van Laar,nouduphaus@example.net,0301-721875,Male,1967-07-09,Orvelte,Germany,2023-12-15,Platinum,Yes
C004179,Melissa,Marchal,hkorsman@example.com,0534 312066,Female,1968-12-17,Benneveld,Belgium,2023-08-23,Platinum,Yes
C004180,Phileine,le Luc,siemde-nijs@example.org,(0696)-171657,Male,1987-08-30,Wervershoof,Germany,2026-04-19,Gold,No
C004181,Dewi,Dijkstra,vvink@example.net,+31(0)50-5358082,Male,1973-08-01,Leende,France,2026-04-24,Gold,No
C004182,Anna,van Drenthe,freshourcolin@example.com,071 7085830,Male,1953-06-08,Boekel,Netherlands,2024-02-03,Gold,Yes
C004183,Felix,van Venrooy,nadinevan-engelen@example.net,+31994-208947,Female,1982-12-10,Krimpen aan den IJssel,Germany,2025-09-11,Gold,Yes
C004184,Mark,Winters,mbrievingh@example.org,(0931)-234632,Male,1993-05-22,Marle,France,2023-08-04,Gold,No
C004185,Danique,Cant,verbruggenadam@example.net,+31338 474603,Female,1963-06-03,Elsendorp,Belgium,2025-10-05,Bronze,No
C004186,Bradley,van Allemanië,rvan-velzen@example.org,0597 369725,Female,1965-02-17,Beek en Donk,France,2026-02-12,Bronze,Yes
C004187,Elena,Amalrada,liam24@example.com,+31(0)388 824536,Female,1975-07-01,Zaandijk,Belgium,2024-08-07,Gold,No
C004188,Raf,Vervoort,ryantins@example.com,+31(0)931 133622,Female,1952-06-17,Dalen,Netherlands,2025-06-11,Gold,Yes
C004189,Robin,Lamotte,godertscornelia@example.org,+31(0)516-416561,Male,1954-08-27,Alblasserdam,Germany,2025-12-18,Gold,Yes
C004190,Amber,Hagendoorn,jonasvan-geenen@example.com,039-1431711,Female,1976-05-19,Pingjum,Netherlands,2025-07-03,Silver,Yes
C004191,Sam,Jansen,rijckenbrian@example.org,0677 885510,Male,1971-05-21,Blije,Belgium,2023-12-13,Bronze,No
C004192,Oscar,Françoise,dijkstraamina@example.net,+31030-712423,Female,1985-12-26,Blauwestad,France,2023-08-23,Gold,No
C004193,Michael,Die Bont,van-spreeuwelkyano@example.com,+3137-0078033,Female,1959-05-25,Oegstgeest,France,2023-11-21,Silver,No
C004194,Evie,Verbeek,van-beierenpippa@example.com,(0543) 922843,Male,1992-04-26,Oudwoude,Netherlands,2024-03-27,Platinum,No
C004195,Joost,Backer,pukde-beer@example.net,+31(0)969 875837,Male,2003-02-26,De Veenhoop,France,2025-03-17,Gold,Yes
C004196,Emily,Willemsen,fabian27@example.org,088-8617804,Female,1951-05-27,Wolvega,Netherlands,2026-06-07,Platinum,No
C004197,Fleur,van Landen,fiene88@example.net,+31(0)172-958444,Male,1978-03-13,De Punt,Belgium,2026-02-13,Silver,No
C004198,Jinthe,Mahieu,wouteradelaar@example.org,+31578 237288,Female,2005-07-09,de Woude,France,2025-12-20,Gold,Yes
C004199,Quinn,Hendricks,nloep@example.net,+31(0)285-228311,Female,1981-02-17,Hattemerbroek,Netherlands,2026-04-04,Platinum,No
C004200,Sep,Bos,lambersmadelief@example.com,+31(0)89-9158406,Male,2005-03-17,Kootwijkerbroek,Belgium,2024-04-07,Gold,No
C004201,Lot,Roose,lustersofie@example.org,(0800)-135066,Female,1951-02-23,Baambrugge,Netherlands,2025-11-04,Silver,No
C004202,Rosalie,van de Ven,florianeerden@example.org,+31028 336341,Male,1978-01-13,Vledderveen,France,2024-08-22,Bronze,Yes
C004203,Samuel,van Tuijl,annabelvan-dokkum@example.com,0740-494501,Male,1953-04-11,Kring van Dorth,Germany,2026-03-14,Bronze,Yes
C004204,Danique,van Ooste,sophiehuurdeman@example.com,0132 006797,Male,1956-06-09,Kattendijke,Netherlands,2023-10-15,Gold,No
C004205,Liza,Adriaansen,amberpeeters@example.com,(066) 7971881,Female,1960-11-10,Echten,France,2023-08-09,Gold,No
C004206,Mirthe,Kof,jens09@example.com,0113-478342,Male,1949-09-16,Tijnje,France,2025-03-13,Platinum,No
C004207,Ivy,van der Avoirt,adriana03@example.org,(018) 6213563,Male,1978-07-27,Hezingen,Belgium,2026-06-24,Silver,Yes
C004208,Tyler,Vegt,jillhuijben@example.net,+31(0)117 324079,Male,1962-12-25,Hallum,Netherlands,2023-12-09,Platinum,No
C004209,Amelia,van Voorst,floor39@example.net,+31(0)477 788624,Male,1952-09-03,Schipborg,Germany,2026-03-27,Bronze,No
C004210,Faye,Nihoe,chrodtrudzeynep@example.com,+3125 7642136,Male,1979-11-13,Boesingheliede,France,2025-11-30,Silver,Yes
C004211,Adriana,Stamrood,ekuilenburg@example.com,(043)-0141325,Male,1964-10-10,Elahuizen,Netherlands,2025-01-02,Gold,Yes
C004212,Mark,van Alenburg,moljorn@example.net,(0319)-308041,Male,1975-09-06,Radewijk,Germany,2025-02-19,Platinum,Yes
C004213,Silke,Mulder,vde-bont@example.org,(046) 2867071,Female,1973-05-30,Wierum,Belgium,2026-01-25,Bronze,No
C004214,Elena,van Breukelveen,aaron03@example.com,(096)-4216788,Female,1963-08-21,Beek,France,2025-08-21,Bronze,Yes
C004215,Lucy,Louws,minerstella@example.com,+31159 138959,Female,1994-04-21,Garyp,Germany,2026-07-24,Platinum,Yes
C004216,Jonathan,van den Nuwenhuysen,jenniferde-haas@example.org,+31864-249853,Male,1983-10-18,Halfweg,France,2023-08-11,Platinum,Yes
C004217,Ivy,van Wijland,mijsbergthijs@example.org,+31(0)156 497705,Male,1997-10-15,Vinkega,Belgium,2024-11-28,Bronze,No
C004218,Tara,de Groot,fbeernink@example.org,+31(0)151-080453,Female,1979-04-13,Oosterleek,Germany,2025-11-27,Silver,No
C004219,Jorn,Massa,lois81@example.net,0732 603510,Female,1948-09-28,Nieuw-Dordrecht,Netherlands,2025-12-23,Platinum,Yes
C004220,Alex,Perck,ospanhaak@example.org,+3177 1985895,Female,1995-04-04,'s-Gravenpolder,Belgium,2026-07-23,Gold,Yes
C004221,Senna,le Floch,jdachgelt@example.com,055-2347757,Female,1999-04-28,Veenhuizen,Germany,2024-10-26,Silver,Yes
C004222,Sophia,Broek,marinuswinnrich@example.org,0354-991293,Male,1957-09-01,Kudelstaart,France,2024-03-01,Bronze,Yes
C004223,Morris,Everts,aliciabooden@example.com,+31(0)443 137955,Female,1978-09-21,Bergen L,France,2024-02-27,Bronze,Yes
C004224,Joshua,Diesbergen,de-mansophia@example.net,(0071) 967122,Female,2006-10-29,Saaksum,Netherlands,2025-12-04,Gold,Yes
C004225,Dex,"Bourgondië, van",amirasterkman@example.com,0198-605235,Female,1970-11-22,Spijkerboor,Belgium,2026-02-08,Platinum,No
C004226,Linn,Ariens Ansems,aketting@example.org,0441 500761,Female,2002-10-12,Hoogeveen,Germany,2023-10-25,Gold,No
C004227,Luna,van Northeim,aaronde-vries@example.org,0648 932244,Male,2003-10-14,Neeritter,Germany,2024-03-22,Silver,Yes
C004228,Elizabeth,Kosten,vincevan-breukeleveen@example.net,+31(0)86-3323628,Male,1950-12-05,Rhee,Germany,2025-01-20,Silver,Yes
C004229,Hannah,Wright,nschulten@example.net,072-9675659,Female,2003-09-03,Wâlterswâld,Belgium,2023-08-01,Gold,No
C004230,Joël,Woudenberg,quinn08@example.net,028 7338539,Male,2004-07-23,Puth,France,2024-04-06,Silver,No
C004231,Daniël,van Berkel,abel86@example.org,(0326) 341522,Male,1952-08-05,Oudwoude,Belgium,2025-08-11,Platinum,Yes
C004232,Puk,Aeije,stefan08@example.com,(028) 6380448,Male,1968-05-03,Zandvoort,Belgium,2024-08-27,Platinum,Yes
C004233,Kate,Janse,valerie27@example.com,(0009) 135670,Female,2002-08-23,St.-Annaparochie,Germany,2026-03-11,Bronze,No
C004234,Rik,van Berkum,helena80@example.net,(020)-3756703,Male,2004-03-19,Burum,Germany,2023-11-10,Gold,Yes
C004235,Loes,Hendrikse,kosterjolijn@example.net,+31420-278685,Female,1961-10-07,Gellicum,Belgium,2026-07-04,Platinum,No
C004236,Linn,de Korte,ilse13@example.org,+3197-4613513,Female,1964-07-26,Zwinderen,Belgium,2023-09-11,Gold,No
C004237,Cornelis,de Swart,mustafabroeshart@example.net,+31737-911407,Male,1962-08-12,Lieren,France,2025-09-04,Bronze,No
C004238,Wesley,Verkade,jonaslamore@example.org,+31328-621999,Male,1953-10-18,Groot-Ammers,France,2025-07-13,Bronze,Yes
C004239,Ibrahim,Vial,floorvan-hemert@example.net,+31(0)91 0696011,Female,1953-01-26,Raerd,Germany,2025-11-16,Platinum,Yes
C004240,Pim,Verschut,qvan-den-brink@example.net,0306 780213,Female,1996-12-24,Goor,Belgium,2025-06-26,Bronze,No
C004241,Sam,Heribert van Laon,hugowestermann@example.net,(006)-9184023,Female,1999-10-01,Groot-Ammers,Belgium,2024-06-17,Bronze,Yes
C004242,Hanna,van Spreuwel,owenverboom@example.net,087-1769011,Female,1948-05-22,Dordrecht,Belgium,2024-09-28,Bronze,Yes
C004243,Ayden,Verhoeven,aidenkok@example.org,+3154-3671027,Male,1971-11-16,Hierden,Netherlands,2025-10-23,Silver,No
C004244,Simon,van Ginkel,van-duvenvoirdestefan@example.org,+31942-029600,Male,2002-02-09,Hobrede,Netherlands,2026-05-21,Bronze,Yes
C004245,Karlijn,Schouten,dekkerjelte@example.org,+31(0)69 2208587,Male,1955-02-26,Oudwoude,France,2024-03-07,Platinum,No
C004246,Mohammed,Scardino,lunavan-der-stael@example.org,+3116-9927047,Male,1996-08-15,Blankenham,Netherlands,2025-08-11,Silver,No
C004247,Milo,Jones,eline87@example.org,+31440-118168,Female,1969-09-01,Nieuwe Pekela,Netherlands,2025-08-12,Platinum,No
C004248,Sophia,Brouwer,rwalter@example.net,+3109-1243407,Male,1990-06-24,Rijsenhout,France,2024-11-22,Bronze,Yes
C004249,Selina,Vervoort,maud86@example.net,+3190 9810295,Female,1981-05-04,Zierikzee,Netherlands,2026-07-16,Bronze,Yes
C004250,Naomi,Dirksen,boris69@example.org,+31(0)63 3305246,Male,1953-06-07,Sumar,Belgium,2023-12-30,Silver,No
C004251,Noor,Wildschut,alicoret@example.com,031-0098604,Male,1990-06-25,Botlek Rotterdam,Netherlands,2023-10-19,Platinum,No
C004252,Jenna,Vergeer,huismanluka@example.com,+31164-918881,Female,1970-02-21,Broek in Waterland,Netherlands,2025-03-03,Gold,Yes
C004253,Sep,Knuf,zspaan@example.org,+3136-7525000,Male,1965-04-18,Benningbroek,France,2024-02-12,Silver,No
C004254,Kiki,de Werd,van-cuijcklenn@example.org,(049) 5961019,Male,1981-08-17,Bovenkarspel,Germany,2024-12-13,Bronze,No
C004255,Benthe,Schenkel,de-reedehailey@example.org,+31796-596776,Male,2003-01-01,Leur,Germany,2025-05-03,Silver,Yes
C004256,Philip,Passchiers,stefscholten@example.org,(0022)-856305,Female,1983-10-06,Kamerik,France,2025-06-03,Gold,Yes
C004257,Arthur,van Orleans,joelle10@example.com,+31591 380980,Male,1960-08-13,Dronten,Belgium,2024-05-30,Gold,No
C004258,Thijn,Cadefau,van-rietbram@example.org,+31(0)56 8917634,Male,1988-08-04,Moerstraten,Germany,2023-08-05,Platinum,No
C004259,Kate,Scholten,lennvan-der-veen@example.org,+31(0)11-4808152,Female,1962-11-23,Zwinderen,Belgium,2025-01-25,Gold,Yes
C004260,Jari,Huijzing,vosmohammed@example.com,+3199 0447746,Female,1997-10-28,Strijen,Germany,2024-06-13,Silver,No
C004261,Rowan,van Oostendorp,dex73@example.org,+31(0)548-645409,Male,1965-08-06,Heiligerlee,France,2024-12-25,Platinum,No
C004262,Koen,ter Waarbeek,lucasde-mol@example.com,(042) 4471586,Male,1979-06-01,Lobith,Belgium,2024-10-15,Silver,Yes
C004263,Vera,Lorreijn,van-der-laarsenna@example.net,+31(0)507-651464,Male,2002-03-29,Reahûs,Netherlands,2026-03-01,Gold,No
C004264,Kyan,Gepa van Bourgondië,van-der-veldenstijn@example.com,+3134 3946597,Male,1945-10-02,Oldenzijl,Netherlands,2026-05-25,Platinum,Yes
C004265,Joris,van der Brink,tristanboetet@example.org,(0497) 215573,Female,1965-09-27,Striep,Netherlands,2026-05-20,Silver,No
C004266,Emily,Riem,jackvan-voorhout@example.net,+31(0)436-770597,Female,2001-09-19,Puth,Netherlands,2025-06-06,Bronze,Yes
C004267,Lenn,Brumleve,beau38@example.com,(056) 2224380,Female,1983-11-13,Rhenoy,Belgium,2025-08-11,Silver,Yes
C004268,Ceylin,Symons,ben97@example.org,+31(0)156 172919,Female,1954-12-16,Haringhuizen,Netherlands,2025-07-15,Silver,Yes
C004269,Suze,Rijcken,van-ginnekejenna@example.org,0671 079831,Female,1958-01-30,Venhuizen,Netherlands,2025-08-18,Bronze,Yes
C004270,Maud,van Leeuwen,sterkmandylano@example.com,(0059)-624217,Female,1973-10-20,Erlecom,Germany,2025-05-03,Silver,No
C004271,Bram,Eerden,quinty06@example.net,0543-830543,Female,1952-02-07,Goëngahuizen,Belgium,2025-08-26,Platinum,No
C004272,Nora,Kleijse,schakelaarsten@example.net,+31366 910018,Female,1979-02-13,Wolvega,Belgium,2024-04-10,Gold,No
C004273,Nadia,Wunderink,jente04@example.com,+31(0)052-004112,Female,2004-10-26,Andelst,Netherlands,2023-10-05,Bronze,No
C004274,Senna,Walter,evapaillet@example.org,(046)-6597106,Female,1985-12-07,'t Goy,Germany,2026-07-22,Gold,Yes
C004275,Floris,Westerburg,rubenvervoort@example.org,+31(0)44 3651219,Male,1946-03-08,Nijeholtwolde,Netherlands,2023-12-26,Bronze,No
C004276,Pieter,Boddaugh,boazariens-ansems@example.net,+31(0)97 7170930,Male,1998-01-30,Winssen,Germany,2023-09-01,Silver,No
C004277,Michelle,Peronne,louwssofia@example.com,+3158-5039442,Male,1965-04-28,Eersel,Germany,2024-08-15,Bronze,Yes
C004278,Nisa,Le Grand,mirtevan-dokkum@example.net,+31(0)06 7529539,Female,2007-06-26,Roosteren,Belgium,2025-07-27,Platinum,No
C004279,Florian,van Salmen,sara15@example.com,(0476)-242624,Male,2003-05-24,Ingelum,Belgium,2024-05-12,Silver,No
C004280,Collin,van Susa,gvan-de-berg@example.net,0498 046704,Male,2008-05-13,Sandfirden,Belgium,2024-10-12,Silver,Yes
C004281,Simon,Coreth von und zu Coredo und Starkenberg,elisa52@example.net,(084)-7710670,Male,1947-05-12,Guttecoven,Belgium,2026-01-10,Gold,No
C004282,Esmee,Puig,annabel69@example.org,(006)-9448727,Female,1951-01-01,Varsseveld,Netherlands,2023-09-08,Gold,No
C004283,Maartje,van Nus,de-kalefay@example.org,084-2400800,Female,1946-04-14,Spaarndam gem. Haarlem,France,2026-01-27,Bronze,Yes
C004284,Rayan,Kriens,mohammedbastiaense@example.org,(093) 9271508,Male,1964-03-13,Molkwerum,Germany,2026-02-24,Gold,Yes
C004285,Tom,Velderman,ponceletbart@example.net,+31(0)23 3492529,Male,1966-08-01,Gaanderen,France,2024-12-27,Gold,No
C004286,Ruben,Post,julie46@example.org,013-5285127,Female,2007-05-07,Rijs,Belgium,2026-04-16,Platinum,No
C004287,Yassin,van Schevinghuizen,psegerszoen@example.org,+31979 462716,Male,1960-06-28,Jubbega,France,2026-06-19,Bronze,No
C004288,Lot,Hazenveld,riemsofie@example.org,050-5928318,Female,1976-10-22,Oirsbeek,France,2025-12-04,Platinum,Yes
C004289,Loes,van der Smeede,van-de-weterinklynn@example.net,+31408-988634,Female,1971-08-10,Sleeuwijk,Netherlands,2025-06-03,Bronze,Yes
C004290,Eline,Keltenie,liz75@example.net,+3111-8619615,Female,2007-07-14,Bredevoort,Belgium,2023-09-22,Gold,Yes
C004291,Adriana,Dekker,imercks@example.com,+31(0)226 807349,Male,1969-01-21,Tjerkgaast,France,2025-12-07,Silver,No
C004292,Olivia,van Stralen,wkolster@example.net,+3197 6233250,Female,1948-09-06,Hornhuizen,France,2023-12-27,Gold,No
C004293,Laura,van Haspengouw,wensenlorenzo@example.com,057 2592414,Male,2007-03-31,Dalmsholte,Germany,2025-04-25,Platinum,Yes
C004294,Pippa,The Elder,iwillems@example.net,+3159 4642572,Female,2002-06-05,Goënga,France,2025-10-22,Gold,Yes
C004295,Loïs,Houdijk,budindy@example.org,+3167 5260078,Female,1948-03-07,Ekehaar,Netherlands,2024-11-12,Platinum,No
C004296,Mia,van Hagen,yjoosten@example.net,+31(0)130 222801,Male,1973-02-23,Lippenhuizen,Belgium,2025-03-24,Gold,Yes
C004297,Jan,Karels,noelle07@example.net,035 2639077,Male,1971-06-16,Wapse,Netherlands,2023-10-24,Platinum,No
C004298,Loïs,Boetet,gknoers@example.org,062 8959749,Male,1974-10-05,Kwadijk,Germany,2024-12-22,Silver,Yes
C004299,Liv,Verwoert,melleverboom@example.org,+3181 9601614,Female,1993-03-26,Veenendaal,France,2023-11-13,Silver,No
C004300,Isabel,Kof,ebacker@example.com,+31(0)403 012861,Male,1963-03-25,De Rips,France,2024-12-01,Platinum,Yes
C004301,Koen,Elberts,florisoude-heer@example.com,014 1139341,Female,1975-07-08,Harlingen,Belgium,2024-11-14,Platinum,No
C004302,Luna,Alpaidis,renske19@example.org,(0168)-386398,Male,1975-05-17,Eibergen,Netherlands,2024-11-17,Platinum,Yes
C004303,Evie,Mathurin,nde-vries@example.org,0853-022531,Female,1970-09-13,Assendelft,Netherlands,2024-10-22,Platinum,No
C004304,Jack,Jonker,maartje05@example.net,(049)-1978444,Female,2002-06-08,Buitenpost,Belgium,2024-03-14,Gold,Yes
C004305,Pippa,Zijlmans,ielbertse@example.com,+3110 1558686,Female,1947-01-08,Vorstenbosch,Germany,2023-08-22,Gold,No
C004306,Amir,Govarts,van-formbachdaniel@example.org,(0070) 750045,Female,1966-10-14,Lauwerzijl,Belgium,2026-02-19,Bronze,No
C004307,Ties,van Dagsburg,aelftrud-van-wessexzara@example.org,+31596-591654,Female,1952-09-10,Gilze,Netherlands,2023-09-17,Silver,No
C004308,Kayleigh,Stoffel,hoogersduuk@example.com,+31(0)80 9528869,Female,1980-06-25,Swalmen,Belgium,2025-11-07,Platinum,Yes
C004309,Britt,van der Steen,eva27@example.com,+31(0)39-8580538,Male,1979-10-24,Berkhout,France,2026-05-15,Silver,No
C004310,Tijs,van Gent,lise86@example.com,(009)-6589301,Female,1990-09-17,St.-Jacobiparochie,France,2026-07-04,Silver,No
C004311,Kate,van den Eijssel,chloe76@example.net,(0076) 086657,Female,1971-01-30,Ens,France,2026-06-27,Platinum,Yes
C004312,Hidde,Meis,alyssa39@example.org,0064-248296,Female,2008-02-05,Hurwenen,Belgium,2026-03-06,Gold,No
C004313,Tyler,Keijser,van-soestlieve@example.net,0097-775493,Female,1956-09-06,Bovenkarspel,Belgium,2025-10-12,Bronze,No
C004314,Angelina,van de Ven,bechtvictor@example.com,+3125 1530529,Male,1975-11-23,Heide,Germany,2024-08-26,Gold,Yes
C004315,Sander,Rijntjes,van-goerlepien@example.net,(043)-1299871,Female,2008-07-02,Swalmen,Germany,2024-03-07,Bronze,No
C004316,David,Schuurmans,ecrin58@example.org,+31297-825535,Male,1994-12-25,Folsgare,France,2025-09-21,Silver,Yes
C004317,Fleur,Doorhof,isabelverhoeven@example.org,037-5568948,Female,1970-01-09,Oudemolen,Netherlands,2024-07-12,Platinum,Yes
C004318,Ivy,Woudenberg,tvan-dagsburg@example.net,(041)-7432635,Male,1982-01-04,Bronnegerveen,France,2026-01-09,Gold,No
C004319,Noud,Jekel,bas94@example.com,+31(0)336 082222,Female,1969-04-24,Weidum,Belgium,2025-09-21,Bronze,Yes
C004320,Anouk,van Geenen,lijnpieter@example.net,+31(0)906 291318,Male,1983-12-01,Krimpen aan de Lek,Netherlands,2025-07-31,Platinum,Yes
C004321,Lize,Heijmen,juliette82@example.org,(098) 1969449,Female,1982-01-17,Oosterend,France,2024-04-03,Platinum,Yes
C004322,Hugo,Stange,van-mookceylin@example.com,(009)-8434101,Male,1996-08-19,Doesburg,France,2025-01-27,Bronze,No
C004323,Merle,Beourgeois,xavigeneart@example.com,(0937)-067646,Male,2000-01-18,Groot-Ammers,Netherlands,2024-08-27,Bronze,No
C004324,Elisa,Zwijsen,ivyvan-den-bosch@example.org,0414-879981,Male,1956-06-21,Oudeschans,Belgium,2025-02-03,Silver,No
C004325,Senn,Broeckx,nvan-der-stael-de-jonge@example.net,066 7491730,Female,1982-09-24,Nagele,Belgium,2023-09-15,Gold,No
C004326,Noortje,van der Horst,qdijkstra@example.org,+31(0)25 4353405,Male,1965-10-02,Nigtevecht,Netherlands,2025-06-04,Silver,No
C004327,Sofia,van 't Erve,nathan36@example.com,+31(0)851 978964,Male,1976-05-04,Vegelinsoord,Germany,2025-03-16,Silver,Yes
C004328,Isis,van Buuren,kyarawolters@example.com,(072) 7749228,Female,1973-04-05,Havelterberg,Belgium,2024-11-20,Gold,Yes
C004329,Lizzy,van Beieren,de-plantardliz@example.net,+31(0)085-902729,Female,1966-05-13,Oude Wetering,Netherlands,2025-12-11,Silver,No
C004330,Megan,van Bernicia,wjekel@example.org,+3120-3631847,Male,1967-08-03,Koufurderrige,Belgium,2025-06-22,Platinum,No
C004331,Elisa,Molenaar,mlevesque@example.net,072-9850267,Female,1994-03-02,Eext,Belgium,2025-04-13,Bronze,Yes
C004332,Hidde,Hoelen,emily74@example.org,(085) 7085337,Male,1947-11-09,Doorn,Netherlands,2024-01-21,Gold,No
C004333,Jordy,Aeije,bastiaan28@example.net,+3109-9734338,Male,1980-12-22,De Cocksdorp,Netherlands,2025-04-26,Platinum,No
C004334,Silke,Versluijs,yusuf98@example.com,073 8079206,Male,1948-01-07,Britswert,Germany,2024-05-18,Bronze,Yes
C004335,Loek,Wright,vvan-der-ploeg@example.com,(0436)-792993,Male,1965-07-10,Sint Jansklooster,Germany,2025-07-26,Bronze,No
C004336,Dean,Huijbrechts,van-der-heydendaniel@example.com,0213 820161,Male,2000-06-14,Hezingen,Netherlands,2024-02-05,Silver,Yes
C004337,Alex,Geerts,rowanborman@example.org,(0378) 818820,Female,2002-11-08,Rhenen,France,2026-02-22,Platinum,No
C004338,Jelte,van Gemert,felineverda@example.org,0059 671091,Female,1954-04-24,Landgraaf,Netherlands,2023-08-06,Platinum,No
C004339,Tijs,Luster,kyara24@example.net,+3109 3468479,Female,1961-04-05,Oldeholtpade,France,2024-12-01,Gold,No
C004340,Kiki,van Herstal,van-de-eerenbeemtisabelle@example.org,088-8552855,Male,2003-02-25,Wieringerwerf,Belgium,2025-06-20,Silver,No
C004341,Gijs,van Roijen,lotte@example.com,+31(0)628-669971,Male,1970-03-29,Woudrichem,Belgium,2026-05-17,Platinum,No
C004342,Isabella,Uphus,liamde-bruin@example.org,+3177 5515239,Female,2008-01-30,Nieuw-Balinge,Belgium,2023-10-25,Silver,Yes
C004343,Rosalie,van Bergen,sandervan-breukeleveen@example.org,(022) 2672115,Female,1989-06-25,Jellum,Germany,2025-09-08,Gold,Yes
C004344,Elise,van Maasgouw,noellevan-der-pol@example.org,+31190 356796,Female,1990-07-02,Uithuizermeeden,Belgium,2024-03-05,Platinum,No
C004345,Tristan,van Maaren,rafael71@example.com,+3157-5680709,Female,1946-11-10,Groessen,Belgium,2023-10-16,Platinum,Yes
C004346,Nout,Fechant,xoverdijk@example.net,0140 403337,Male,1981-09-24,Wapse,Netherlands,2025-12-19,Bronze,Yes
C004347,Charlotte,van den Nuwenhijsen,yspaan@example.com,+31(0)945 226805,Female,1963-03-13,Callantsoog,Netherlands,2025-07-14,Platinum,No
C004348,Amélie,van Berkel,lauren64@example.com,+3103 0869066,Male,1981-11-06,Diepenveen,France,2024-09-09,Bronze,Yes
C004349,Cornelia,van Hoevel en van Zwindrecht,kyano86@example.net,+31337 168561,Male,1959-06-14,Arnemuiden,Netherlands,2024-06-08,Gold,Yes
C004350,Anouk,van der Laan,van-hollandtom@example.net,+31(0)438 916420,Male,1964-04-10,Epse,France,2026-05-07,Bronze,Yes
C004351,Nora,Arent,sdoesburg@example.org,+31516-161534,Male,1980-09-24,Strijensas,Netherlands,2026-04-13,Silver,No
C004352,Milo,Oversteeg,qgreij@example.org,+31(0)300 916957,Male,1948-04-02,Wehl,Belgium,2024-10-11,Gold,Yes
C004353,Sep,Lemmens,vde-marduras@example.net,(004)-4054282,Male,1959-02-01,Waaksens,France,2025-04-08,Bronze,No
C004354,Philip,Opmans,saslex@example.net,0387-969354,Female,1949-12-19,Rijswijk (NB),Germany,2024-12-17,Gold,No
C004355,Silke,Kuipers,noelle97@example.org,(0491)-897749,Male,2001-01-25,Stad aan 't Haringvliet,Netherlands,2023-11-28,Bronze,No
C004356,Ise,de Beer,de-koninglily@example.com,+31196 056254,Male,1958-01-27,Borssele,Belgium,2025-02-17,Silver,No
C004357,Dean,"West-Francië, van",bastiaanrijn@example.com,+31(0)387-464764,Male,1961-03-04,Ulestraten,Germany,2025-12-30,Bronze,Yes
C004358,Emily,Kisman,bode-bruyn@example.org,+31344-579753,Male,1956-02-09,Broek op Langedijk,Germany,2024-05-28,Silver,Yes
C004359,Yara,van Oudewater,rhulshouts@example.com,(0215) 617184,Male,2002-02-27,Siegerswoude,Belgium,2024-02-29,Gold,No
C004360,Senna,Takkelenburg,mremmers@example.net,+31(0)892-503457,Female,1963-04-18,Gieten,France,2025-10-27,Silver,Yes
C004361,Jordy,Goyaerts van Waderle,zeynepschenkel@example.net,091 7613139,Male,1961-04-17,Oss,Belgium,2024-09-29,Gold,Yes
C004362,Cornelia,van Kusen,van-loonlisa@example.com,+31033-293264,Male,1981-02-13,Vinkenbuurt,France,2024-04-24,Silver,Yes
C004363,Fem,Merckx,jan44@example.com,(0061)-824548,Female,1954-11-18,Gelselaar,Germany,2024-08-06,Platinum,Yes
C004364,Rafael,Hoogers,van-gorpjayda@example.com,+31644-816422,Female,1995-03-24,Ommeren,Belgium,2025-11-25,Platinum,No
C004365,Jari,van Velthoven,elisabethspeijer@example.com,+31(0)907 545566,Male,1991-08-02,Wezuperbrug,France,2025-09-25,Silver,Yes
C004366,Lena,Boers,bosbibi@example.com,+3148 2881156,Male,1958-06-18,Wekerom,Germany,2025-10-01,Gold,No
C004367,Ise,de Jode Vastraedsd,van-munsterrens@example.org,+31(0)716-886854,Female,1967-03-17,Nunspeet,Belgium,2025-09-10,Silver,Yes
C004368,Ilse,Goedhart,imkeappelman@example.org,080 1415958,Female,1992-09-24,Valburg,France,2024-08-16,Platinum,Yes
C004369,Maurits,van Boven,honingwesley@example.net,028 3789937,Male,1999-12-16,Nieuw-Schoonebeek,Belgium,2026-02-11,Gold,Yes
C004370,Nora,Miltenburg,amir42@example.org,+31(0)227 370121,Female,1975-07-17,Kedichem,France,2025-03-20,Gold,Yes
C004371,Sophia,Poncelet,lonenkick@example.net,+31860-856950,Male,1950-12-17,Wormer,Germany,2025-10-05,Platinum,No
C004372,Michelle,van Schevinghuizen,oheymans@example.com,+3195 2097098,Male,1961-12-04,Linden,France,2025-03-23,Gold,No
C004373,Sem,van Mook,lpotters@example.org,+3198-9060768,Female,1999-08-16,Blije,Germany,2024-05-13,Silver,Yes
C004374,Lizz,Zevenboom,bloklandjulia@example.net,(018) 2814112,Male,1975-12-30,Berkenwoude,France,2025-04-10,Platinum,No
C004375,Timo,van Duivenvoorde,madeliefkuijpers@example.org,069 2820982,Female,2001-01-07,Oudorp,Netherlands,2026-05-02,Silver,No
C004376,Evie,Hehl,van-neszara@example.net,+31815-597638,Male,1952-05-06,Klijndijk,Netherlands,2025-02-18,Platinum,Yes
C004377,Olivia,van de Biezenbos,shuperens@example.net,+31689 623579,Male,1995-03-31,Krimpen aan de Lek,Netherlands,2026-05-24,Platinum,Yes
C004378,Lise,van Beieren,hvan-dam@example.com,+31496-239951,Male,1967-12-05,Den Oever,Germany,2024-03-08,Silver,Yes
C004379,Merle,Hexspoor,maassarah@example.com,+31(0)99 0574102,Male,1983-03-22,Koudekerk aan den Rijn,Belgium,2023-10-26,Platinum,No
C004380,Wout,van Santen,verheijnienke@example.net,091 0042476,Male,1964-08-30,Groesbeek,Netherlands,2024-02-24,Silver,Yes
C004381,Ashley,de Graaf,gheinrichs@example.net,052-3022896,Male,1980-03-30,'s-Gravenzande,Netherlands,2025-09-11,Platinum,Yes
C004382,Vincent,Chrodtrud,leonrijks@example.net,094-2706069,Female,1960-03-13,Baarle-Nassau,France,2025-12-20,Platinum,No
C004383,Zakaria,Lamotte,bo37@example.org,(0808) 355770,Female,2001-12-13,Silvolde,Belgium,2024-03-24,Platinum,Yes
C004384,Amélie,Duivenvoorden,van-schweinfurtfem@example.com,(0224) 972520,Male,1952-04-05,Ellemeet,France,2025-04-30,Silver,Yes
C004385,Dylano,van Klaarwater,wesley05@example.org,(036) 7027024,Female,2002-03-07,Noordeinde Gld,Netherlands,2025-12-09,Gold,Yes
C004386,Dina,Boeser,novakok@example.net,(0740) 967666,Female,1968-06-24,Thesinge,Germany,2025-10-08,Bronze,Yes
C004387,Livia,Nedermeijer,mason33@example.net,0763 322246,Male,2003-02-14,Nederhorst den Berg,Belgium,2025-02-20,Platinum,Yes
C004388,Selena,van der Avoirt,jimvan-waas@example.net,(0753) 618949,Male,1993-03-30,Dinxperlo,Belgium,2025-12-27,Silver,Yes
C004389,Timo,van den Broek,lise53@example.com,+31(0)970-739022,Male,2004-08-15,Franeker,France,2023-11-06,Silver,Yes
C004390,Lauren,Wilcken,timsteenbakkers@example.com,(0078)-472236,Female,2000-11-10,Polsbroek,Netherlands,2023-08-16,Gold,Yes
C004391,Janna,de Vos,ashleyvan-der-meer@example.org,+31(0)15 3623589,Female,1992-02-22,Mussel,France,2026-03-13,Silver,No
C004392,Brent,Ulrich,lolatakkelenburg@example.com,(0793) 609955,Male,1952-11-11,Tienray,Netherlands,2026-04-10,Platinum,No
C004393,Nikki,Appelman,kaylee11@example.com,041-8280700,Female,2007-03-30,Dalen,Germany,2023-09-03,Gold,Yes
C004394,Evy,Jerusalem,milanmulders@example.com,(066)-0735262,Female,2000-12-13,Oldekerk,France,2023-11-02,Bronze,Yes
C004395,Amélie,van Susa,thomasamelia@example.org,+31(0)394-919155,Male,2007-10-11,Loenen,France,2025-05-10,Bronze,No
C004396,Floor,Barents,lindsey77@example.com,(0438) 469287,Female,1960-02-28,Weert,Netherlands,2025-10-26,Platinum,Yes
C004397,Jayda,Fechant,rdijkman@example.com,0053-154320,Female,1994-07-22,Doornspijk,Belgium,2024-10-03,Bronze,Yes
C004398,Pleun,Gemen,dde-marduras@example.net,+31(0)65-1442035,Male,1958-11-07,Amsterdam-Duivendrecht,Belgium,2026-01-31,Bronze,Yes
C004399,Levi,van Liendert,nynke46@example.net,+31105-941787,Female,1996-01-10,Aalsmeerderbrug,Netherlands,2025-05-17,Gold,No
C004400,Aaliyah,Romijn,meesde-korte@example.org,+31(0)692 267141,Male,2003-09-02,Houten,Germany,2025-11-21,Gold,No
C004401,Dana,van Rossum,lafleurdaniel@example.org,(027) 6917811,Male,2005-11-16,Dordrecht,France,2025-07-06,Bronze,No
C004402,Gerrit,Mathurin,valerievan-wickerode@example.org,+31(0)91 2326436,Male,2007-04-15,Graauw,Belgium,2025-05-11,Bronze,Yes
C004403,Rick,van der Ven,rayanoennen@example.net,+3113 7550992,Female,1995-08-18,Nuis,Germany,2024-07-27,Platinum,Yes
C004404,Jennifer,van Velthoven,kortmanrenske@example.com,+31(0)480 316663,Female,1947-09-18,Achthuizen,Belgium,2024-05-10,Silver,No
C004405,Zoë,Huijs,godfrey-van-alemannieaaliyah@example.org,+3169-7493004,Male,1968-07-24,Zorgvlied,France,2025-05-25,Platinum,No
C004406,Yinthe,van Wijk,guitsiem@example.net,+31(0)660-860144,Female,1991-05-22,Egmond aan Zee,Germany,2023-11-10,Silver,Yes
C004407,Tirza,Vergeer,gde-bruyn@example.org,+31099-375418,Male,1968-07-07,Zutphen,France,2026-02-06,Gold,No
C004408,Koen,Ooms,geertsenmerijn@example.net,(048) 4982441,Male,1976-12-31,Hieslum,France,2023-11-16,Gold,Yes
C004409,Muhammed,Zeemans,pukcornelissen@example.com,+3162-9845385,Male,1965-04-24,Stevensbeek,Netherlands,2024-07-09,Gold,No
C004410,Ecrin,Marchand,ageldens@example.org,(0921) 001190,Male,1978-07-27,Glimmen,Belgium,2024-01-07,Bronze,Yes
C004411,Indy,Weylant,van-metzlina@example.org,(033) 8521393,Male,1971-12-28,Heiloo,Belgium,2024-10-04,Silver,No
C004412,Tim,Sestig,mathijs26@example.org,(082)-9410991,Female,1987-01-10,Middelharnis,Netherlands,2026-04-05,Gold,Yes
C004413,Merle,Kirpenstein,uphaussam@example.net,(0249)-729940,Male,1957-02-21,Winterswijk Kotten,Belgium,2023-12-28,Platinum,No
C004414,Giovanni,Velderman,koretcatharina@example.org,(097)-4700150,Female,2004-06-28,Oudheusden,Netherlands,2024-08-11,Bronze,Yes
C004415,Sami,Maaswinkel,moensendijkilse@example.com,(034)-5072764,Male,1977-05-01,Doldersum,Germany,2024-02-04,Gold,No
C004416,Jasper,de Vrome,van-der-kintliz@example.org,(067) 4259733,Male,2004-02-16,2e Valthermond,Netherlands,2025-04-15,Platinum,Yes
C004417,Maja,Hehl,qcarnotte@example.com,035-4285487,Female,1949-01-03,Markenbinnen,Germany,2024-08-27,Bronze,No
C004418,Wouter,Michiels,zbave@example.net,080 2874484,Female,1985-07-23,Milsbeek,Germany,2024-03-12,Silver,Yes
C004419,Sienna,Lathrope,ise19@example.com,+31(0)927 368449,Female,1991-01-05,Eefde,Netherlands,2023-08-15,Bronze,No
C004420,Jip,Adriaansen,kyanvan-wessex@example.net,0144-626632,Male,1989-07-26,Warstiens,France,2024-11-16,Platinum,No
C004421,Levi,die Bont,senn88@example.org,(027) 8787148,Female,2007-07-20,Maarn,France,2024-09-06,Gold,Yes
C004422,Alex,van Olst,maregalijn@example.org,+31932-889521,Male,1981-01-14,Woltersum,Germany,2025-12-28,Silver,No
C004423,Tristan,van Beaumont,loek66@example.org,(0007)-636708,Female,1995-09-14,Leiden,Germany,2024-11-14,Silver,No
C004424,Juul,van den Nieuwenhuijsen,jimosterhoudt@example.org,0251-922921,Female,1979-10-28,Velsen-Zuid,Netherlands,2025-06-18,Silver,No
C004425,Thijmen,Dachgelt,jolievan-riet@example.org,+31(0)78-0455020,Female,1951-01-20,Melissant,Netherlands,2025-07-08,Gold,No
C004426,Rosa,Kof,yvan-den-oever@example.com,0880-542563,Male,1975-12-28,Hoogland,France,2025-08-19,Platinum,Yes
C004427,Yassin,Heymans,bruijne-van-der-veendavid@example.com,075-4868321,Male,1999-06-24,Ulicoten,Germany,2026-06-20,Bronze,No
C004428,Lola,van Gorp,eliza94@example.com,(0067) 079163,Female,1948-08-25,Boornbergum,Netherlands,2026-02-17,Platinum,Yes
C004429,Liza,Marchal,elena33@example.org,+31298 523434,Male,1974-04-10,Abcoude,Belgium,2025-09-19,Bronze,No
C004430,Evie,Everts,lottebeernink@example.org,+31(0)51-3194615,Male,2005-01-18,Triemen,France,2025-02-23,Bronze,Yes
C004431,Liz,van Hulten,isabel44@example.org,(0389) 830996,Female,1998-02-24,Eagum,France,2025-04-29,Silver,No
C004432,Jason,Fredriks,vvan-bentheim@example.com,006 3971781,Male,1983-02-09,Westzaan,Belgium,2024-08-05,Bronze,No
C004433,Youssef,Govarts,iovereem@example.com,046-9400843,Male,1965-04-29,Middelburg,Germany,2025-01-17,Gold,No
C004434,Stella,Groenestein,alpaidisamy@example.com,+3116 8525304,Male,1992-06-28,Odoorn,France,2026-03-23,Bronze,No
C004435,Bastiaan,Scherms,finnvan-nederlotharingen@example.com,062 1023083,Male,1964-10-11,Balgoij,Belgium,2023-08-28,Platinum,Yes
C004436,Zara,van Luinenburg,dylansanders@example.com,0468 055196,Male,1980-02-18,Vinkenbuurt,Germany,2024-12-15,Platinum,Yes
C004437,Ayden,Godfrey van Alemannië,van-welmehmet@example.net,047-7838484,Female,1954-03-18,Heukelum,Netherlands,2023-12-10,Gold,No
C004438,Joy,de Bruin,amber63@example.com,022-9655188,Female,1991-03-30,Breedenbroek,Belgium,2026-06-10,Platinum,No
C004439,Daan,Terry,keano72@example.com,+3128-1378793,Male,1969-12-07,Kapel Avezaath,France,2024-09-23,Gold,Yes
C004440,Mirte,van der Pol,mika56@example.org,+3196 2987399,Female,1951-07-05,Aagtekerke,Germany,2025-01-13,Silver,No
C004441,Finn,Laffray,rowanmiltenburg@example.org,(0581)-497386,Male,1977-06-08,Haps,Netherlands,2026-02-14,Gold,Yes
C004442,Lex,van de Water,tboetet@example.org,+31(0)40 1470107,Male,1995-12-11,Oranje,France,2024-08-15,Platinum,No
C004443,Jorn,Jansse,msmits@example.org,0667 171559,Male,1950-09-10,Grathem,Netherlands,2025-10-24,Silver,Yes
C004444,Fedde,Momberg,olivia07@example.org,+31211-277214,Male,2000-08-27,Nieuwveen,Netherlands,2023-10-02,Bronze,Yes
C004445,Sophie,Bruynzeels,joey84@example.org,(001)-8646432,Male,1947-06-03,Horn,Belgium,2024-03-16,Platinum,No
C004446,Frederique,van Geffen,molykan@example.com,0316 831282,Male,1970-11-08,Kinderdijk,France,2025-05-23,Silver,Yes
C004447,Raf,Nollee,nvink@example.com,(0602)-651663,Male,1977-08-29,Hegebeintum,Germany,2026-02-15,Platinum,Yes
C004448,Selina,Nek,xheinrichs@example.net,+31(0)969 725102,Male,1996-05-25,Den Horn,Belgium,2024-08-08,Bronze,No
C004449,Yassin,van Hulten,livde-heer@example.com,+31126-194700,Female,1946-03-14,IJsselham,France,2025-09-21,Platinum,No
C004450,Charlotte,Phillipsen,dvan-rossum@example.com,+31(0)796 042997,Male,1955-03-11,Wagenberg,France,2026-06-29,Silver,Yes
C004451,Mads,Klein,catobrizee@example.org,+31(0)37 7568913,Female,2007-04-08,Tzum,Germany,2025-06-18,Bronze,Yes
C004452,Thijn,Lind,van-der-kaayfeline@example.org,(0447) 465557,Female,1985-03-29,De Tike,France,2025-08-16,Gold,Yes
C004453,Marinus,Mater,van-laarhovenjason@example.net,004 9857064,Female,1953-05-07,Delft,Germany,2025-10-05,Platinum,No
C004454,Dean,Kuipers,xvan-den-assem@example.com,(0922) 982749,Male,1992-05-29,Nijverdal,Belgium,2024-07-12,Platinum,Yes
C004455,Isabelle,Lambers,lisavan-haeften@example.org,(0693) 121784,Male,1949-11-04,Idaerd,Netherlands,2024-03-09,Gold,No
C004456,Maxim,van Bernicia,valerie60@example.org,+3154 1142788,Female,1970-08-10,Goor,Germany,2023-10-23,Bronze,No
C004457,Sara,de Gruson,laura40@example.com,+31771-559102,Female,1994-03-01,Domburg,Netherlands,2023-10-28,Gold,Yes
C004458,Tobias,de Bruyn,ybrese@example.org,(0628) 099453,Male,1958-03-26,Kootwijk,Netherlands,2026-07-16,Platinum,No
C004459,Justin,van Geffen,van-dillenniels@example.org,(0436)-376280,Female,1991-07-20,De Waal,Germany,2025-06-18,Platinum,Yes
C004460,Dirk,van Luyssel,bo60@example.net,0000-989461,Female,1947-05-27,Opeinde,Germany,2026-01-04,Gold,No
C004461,Adam,Boer,mvan-este@example.com,+31(0)71 2362039,Female,1972-06-15,Wanroij,Germany,2024-08-29,Platinum,Yes
C004462,Hailey,Merckx,yasminscharroo@example.com,0258 166578,Female,1989-11-19,Weert,Germany,2024-06-26,Platinum,Yes
C004463,Aimée,Vallenduuk,nrijntjes@example.org,+31(0)570-027148,Female,1999-06-16,Breskens,France,2024-11-28,Silver,Yes
C004464,Fay,van 't Houteveen,lauramansveld@example.org,(0593) 777315,Female,2005-04-23,Slochteren,Germany,2025-01-26,Platinum,No
C004465,Hendrik,Oversteeg,corneliamarchal@example.com,+31(0)232-223368,Male,1999-12-15,Hulsberg,Germany,2024-01-17,Silver,No
C004466,Dirk,Nedermeijer,yasmin31@example.org,+3181-6235021,Female,1998-07-20,Winkel,Belgium,2024-05-23,Gold,No
C004467,Ecrin,van Dongen,dex46@example.net,0673-157243,Female,1969-05-06,Stampersgat,Belgium,2024-02-24,Platinum,No
C004468,Riley,Vignon,arie00@example.net,013 6302885,Female,1971-09-28,Borgercompagnie,Belgium,2025-11-24,Bronze,No
C004469,Dion,Velderman,lhoogers@example.net,048-5754219,Female,1945-11-23,Rilland,Netherlands,2024-09-13,Gold,Yes
C004470,Emily,Diesbergen,fdekker@example.com,(0626) 149081,Male,1997-06-15,Hoog Soeren,Belgium,2025-05-21,Bronze,No
C004471,Fabian,Visser,van-den-veldenadia@example.net,(0251)-681485,Female,1967-04-04,Kapelle,Belgium,2024-10-03,Gold,Yes
C004472,Eva,Arts,hubertsvince@example.com,(0312) 674229,Female,1975-02-02,Griendtsveen,Germany,2026-04-24,Gold,Yes
C004473,Eliza,Rousselet,laradoyle@example.com,079 5015571,Male,1997-06-29,Niawier,France,2026-06-04,Silver,No
C004474,Emir,Cadefau,mathijsjdotte@example.com,+31(0)76-6039405,Female,1954-02-12,Ulvenhout AC,Netherlands,2024-04-25,Gold,Yes
C004475,Rens,Schuylenborch,arentvictor@example.com,(032) 4233164,Female,1979-04-10,Zuidvelde,Germany,2025-04-11,Bronze,No
C004476,Tygo,Manne,pvan-der-leek@example.net,+31836-809071,Female,1969-05-24,Westerhaar-Vriezenveensewijk,France,2025-03-26,Bronze,Yes
C004477,Stijn,van Beaumont,fabiennewillems-van-lier@example.com,0297 323928,Female,1964-10-31,Haule,Belgium,2024-02-16,Gold,No
C004478,Melle,van de Velde,arenseva@example.net,0503-756803,Female,1990-09-11,Sloten,Germany,2024-01-20,Gold,Yes
C004479,Dana,Overdijk,ravi61@example.org,+31(0)05-9564796,Female,1998-01-02,De Cocksdorp,Germany,2025-04-18,Gold,Yes
C004480,Job,de Reede,mara59@example.org,+31(0)540-523216,Female,1954-07-02,Ginnum,France,2025-03-04,Bronze,No
C004481,Juul,Haselaar,ellisrobin@example.org,0428 859731,Male,1965-04-04,Deil,Belgium,2024-04-04,Bronze,Yes
C004482,Jamie,Kuit,weijtersmirte@example.org,+31(0)271 964273,Male,1962-07-27,Jouswier,Netherlands,2024-07-14,Silver,Yes
C004483,Yfke,Everts,isistexier@example.com,(041)-6541902,Female,1985-03-10,Hoogwoud,France,2023-12-04,Platinum,Yes
C004484,Seth,Labado,wvan-veen@example.org,(0048) 225631,Female,2001-03-28,Ossenwaard,France,2026-06-03,Bronze,No
C004485,Ilse,Serra,ade-graaf@example.org,+3100-0154848,Male,1966-08-12,Luinjeberd,France,2026-01-05,Silver,No
C004486,Mees,de Swart,jvan-der-noot@example.net,0616 654450,Female,1984-08-13,Hasselt,Belgium,2024-05-02,Bronze,No
C004487,Tycho,Brizee,dde-vries@example.net,+3105-8222549,Male,1964-03-27,Borger,Germany,2026-05-20,Gold,Yes
C004488,Jayden,Ouwerkerk,giovanni14@example.net,(098) 8312629,Male,1969-07-14,Sibrandabuorren,Germany,2026-03-14,Bronze,No
C004489,Hidde,le Floch,giel22@example.com,(0845)-070143,Female,2005-07-09,Melick,Belgium,2026-06-25,Silver,Yes
C004490,Dani,Corstiaens,lvan-soest@example.org,+3126-3197914,Male,2002-10-08,Makkinga,Germany,2026-06-22,Gold,No
C004491,Britt,François,sanderhendriks@example.com,0758-426677,Female,2003-02-15,Hedikhuizen,Germany,2026-03-06,Silver,No
C004492,Daniel,Schroeff,evan-beek@example.org,+3153 3721847,Male,1946-09-30,Borne,Germany,2025-02-27,Silver,No
C004493,Ben,Oennen,lieshoutriley@example.com,+3156-5853814,Male,1972-04-08,De Meern,Netherlands,2024-01-12,Gold,Yes
C004494,Stef,van der Loo,mwolters@example.org,(0504) 194339,Female,1994-06-30,Hilversum,Belgium,2025-02-05,Platinum,No
C004495,Amir,van Westfalen,livvan-der-flaas@example.com,0303 000064,Female,1974-10-28,Wichmond,France,2023-10-30,Platinum,No
C004496,Jonas,Zevenboom,van-der-kinthugo@example.org,0473 079107,Female,1965-08-26,De Veenhoop,France,2026-03-16,Bronze,No
C004497,Aya,Speijer,jelte78@example.org,025-7900326,Female,1976-02-15,Ried,Belgium,2024-12-10,Silver,No
C004498,Sten,Simons,de-kaleize@example.com,+31(0)02-9744874,Female,1999-01-11,Heteren,France,2024-03-12,Bronze,No
C004499,Jip,Serra,roande-groot@example.com,+31(0)20 9932381,Male,1958-03-02,Dreischor,Belgium,2025-07-27,Silver,No
C004500,Noah,de Man,nadine72@example.org,(066) 1627674,Male,1969-03-30,Harbrinkhoek,Belgium,2025-10-21,Silver,Yes
C004501,Britt,van Beek,oosterhekamira@example.net,+31(0)78 3880837,Male,1983-10-06,Enkhuizen,Belgium,2026-02-03,Platinum,Yes
C004502,Emma,Timmerman,uvan-der-zijl@example.com,+3192-1046242,Female,1961-06-13,Woudbloem,France,2024-11-07,Bronze,No
C004503,Mart,Reijers,merkxgiovanni@example.com,+31081 208452,Male,1974-01-15,Midlaren,Belgium,2025-03-19,Bronze,No
C004504,Hailey,van Opper-Lotharingen,kim12@example.org,(0171) 841727,Male,1960-09-06,Kats,Netherlands,2024-08-13,Platinum,Yes
C004505,Isabelle,Verbeek,rick71@example.net,+31(0)78 0131635,Female,1978-06-03,Oostwoud,France,2023-09-01,Platinum,No
C004506,Suze,Zeldenrust,puck15@example.com,045 6726049,Male,1948-02-24,Sexbierum,France,2023-09-28,Platinum,No
C004507,Sanne,Verbeeck,ts-gravensande@example.net,0782-245186,Male,1955-09-17,Einighausen,France,2024-06-15,Platinum,No
C004508,Michael,Uphus,van-geenenisa@example.net,085-9234625,Male,1998-07-14,Boksum,Netherlands,2025-09-07,Bronze,Yes
C004509,Ninthe,Uit de Willigen,aydenbosman@example.net,0967-743609,Female,1965-04-30,Meerlo,Netherlands,2025-12-08,Silver,No
C004510,Elias,van Doorn,van-den-oeversenn@example.com,0358-798192,Female,1947-07-24,Eersel,Belgium,2024-01-28,Bronze,Yes
C004511,Amber,Elsemulder,zakaria97@example.net,+3132 2331778,Male,1995-06-23,Molenhoek,France,2025-09-25,Gold,Yes
C004512,Nathan,de Grote,elif06@example.org,0787-741357,Female,1962-03-23,Muntendam,Belgium,2025-04-15,Platinum,Yes
C004513,Johannes,Kunen,svan-spreeuwel@example.com,(0595) 607681,Female,1999-07-22,Nijehaske,Belgium,2024-07-03,Platinum,No
C004514,Koen,Blom,van-ochtentara@example.net,(0697)-557819,Female,2000-09-24,Hijum,Belgium,2024-06-28,Bronze,Yes
C004515,Keano,van der Klein,zengels@example.org,+31126 089969,Female,2005-12-10,Boornzwaag,Belgium,2026-06-02,Platinum,No
C004516,Dewi,Furda,scuylenborchsmarit@example.com,(0936)-781666,Male,1962-05-01,Offingawier,Netherlands,2025-02-26,Bronze,No
C004517,Mustafa,Peters,romijnmichael@example.net,+3154 4683596,Male,1989-12-24,'s Gravenmoer,Netherlands,2024-08-06,Gold,No
C004518,Lise,Bos,ysalet@example.net,071-0488205,Male,1968-02-18,Numansdorp,Netherlands,2026-04-23,Bronze,No
C004519,Fabiënne,Keltenie,umartens@example.net,(0394) 349601,Female,2004-07-11,Leunen,France,2025-08-20,Platinum,No
C004520,Amélie,Bresse,sam06@example.org,0166-802814,Male,2001-03-07,Dinteloord,Belgium,2025-08-14,Platinum,No
C004521,Dex,Kas,hvan-der-laar@example.org,+3142-9789349,Female,1969-04-09,Wichmond,Netherlands,2026-01-16,Platinum,No
C004522,Giel,Govarts,boeserlars@example.com,0739 324802,Male,1965-04-11,Alkmaar,Netherlands,2024-03-08,Silver,No
C004523,Nina,van Beaumont,brouwersam@example.net,+31(0)61-4582382,Female,1993-08-06,Oldekerk,France,2025-10-05,Gold,Yes
C004524,Damian,Walsteijn,elinde-vries@example.com,+31807 360298,Male,1997-09-18,Kloetinge,Germany,2023-11-14,Platinum,No
C004525,Marijn,Mercks,chrisvan-enschot@example.org,(0985) 528875,Male,1995-03-04,Graft,Netherlands,2025-10-19,Gold,No
C004526,Noa,Kamp,sennahoning@example.org,+31717-927004,Female,1968-06-14,Kedichem,Germany,2025-02-23,Gold,Yes
C004527,Muhammed,Bronder,puck85@example.com,+3111 9356626,Male,2006-04-03,Valthermond,Belgium,2025-01-24,Gold,Yes
C004528,Dina,Verbeeck,umoet@example.net,(0014) 599761,Male,1972-06-07,Beesel,Belgium,2024-05-01,Bronze,Yes
C004529,Aron,Fortuyn,sara55@example.com,+3184-9674663,Male,1994-03-07,Luttelgeest,Germany,2025-10-01,Silver,No
C004530,Tygo,Middelkoop,masonvan-de-ven@example.org,0418 538585,Male,1959-08-10,De Groeve,Germany,2026-03-22,Silver,No
C004531,Pieter,Verheuvel,iduivenvoorden@example.org,+3119 9828296,Female,2003-08-21,Twello,France,2024-04-10,Silver,No
C004532,Fleur,Miltenburg,xrijn@example.com,082 1001753,Male,1987-02-04,Kwintsheul,Netherlands,2025-06-01,Platinum,Yes
C004533,Jayden,Spiker,juliettede-kale@example.net,+3108-1784787,Male,1956-08-24,Zuidlaren,Germany,2026-01-08,Bronze,Yes
C004534,Daniel,Adryaens,muhammed99@example.org,+31(0)177 078257,Female,1983-10-22,Windraak,Germany,2025-11-28,Platinum,Yes
C004535,Roos,Mathurin,merel90@example.net,+31(0)378-157106,Male,2004-10-13,Mheer,Germany,2024-02-09,Silver,No
C004536,Liam,Verhaar,kevin93@example.com,+31407-500353,Female,1985-12-12,Ritthem,Belgium,2025-10-19,Bronze,Yes
C004537,Maxim,le Matelot,elizeden-buytelaar@example.net,+31(0)720-460685,Female,1966-06-25,Kootwijk,France,2025-01-23,Platinum,No
C004538,Evie,van Nes,twandachgeldt@example.com,+31(0)99-8088089,Male,1971-10-07,Terborg,Germany,2026-06-13,Gold,Yes
C004539,Jade,Molen,arthur98@example.com,+31(0)91 2941722,Male,1993-12-11,Hoge Hexel,France,2025-10-23,Silver,No
C004540,Stefan,van Formbach,dana11@example.com,018 5741507,Female,1949-12-22,Nigtevecht,Germany,2024-11-02,Bronze,Yes
C004541,Isis,Lips,meesgrondel@example.org,(063) 7448430,Male,1955-11-13,Puiflijk,Germany,2024-08-25,Bronze,No
C004542,Lot,van Formbach,cvan-der-ploeg@example.com,(093)-1019373,Female,1992-07-26,Buren,Netherlands,2024-07-23,Platinum,Yes
C004543,Fenna,Schilt,van-de-biesenboslara@example.com,+31136-561348,Male,1993-12-20,De Steeg,Germany,2024-01-02,Bronze,Yes
C004544,Fedde,Neuzerling,elif74@example.com,(0271) 138090,Female,1982-01-25,Gaastmeer,Belgium,2024-10-07,Platinum,No
C004545,Anne,van Duivenvoorde,hde-bont@example.com,(0592) 308066,Female,1978-01-24,Odoorn,Germany,2026-01-27,Gold,No
C004546,Levi,van der Horst,scholtenbenthe@example.org,+31(0)02-9043966,Male,1964-02-10,Uithuizermeeden,Belgium,2026-04-14,Bronze,No
C004547,Giel,Goudriaan,marijn67@example.org,031 7430822,Female,1963-01-16,Witmarsum,Germany,2025-02-28,Bronze,No
C004548,Lana,Giselmeyer,miloukeijzer@example.net,+31(0)176-264302,Female,2001-08-24,Oene,Netherlands,2024-02-20,Bronze,No
C004549,Mirthe,Merkx,rtuithof@example.net,+31(0)343 772991,Male,1983-07-28,Tuitjenhorn,Germany,2025-02-20,Platinum,No
C004550,Hanna,van Mook,gerrit42@example.com,(024) 0757730,Female,2001-12-04,'s-Heerenhoek,Germany,2024-02-24,Platinum,Yes
C004551,Job,Dries,jde-ruiter@example.org,0022-467066,Female,1957-11-01,Rockanje,Belgium,2025-05-07,Gold,No
C004552,Anne,Mallien,nora28@example.net,002 7501248,Female,1965-08-28,Dwingeloo,Germany,2026-04-09,Silver,No
C004553,Liza,le Briel,jvegt@example.net,+31314 193676,Male,1966-09-28,Odoornerveen,France,2024-09-29,Bronze,No
C004554,Fabian,Verhoeven,wolterseline@example.net,+31(0)36-7534679,Male,1967-05-29,Kamperland,Germany,2026-01-16,Bronze,Yes
C004555,Simon,Berendse,tamsmakian@example.net,035 7197769,Female,1988-11-09,Waaksens,Netherlands,2025-09-30,Silver,Yes
C004556,Isa,Ouwerkerk,timmermanboaz@example.net,(0435)-782744,Male,1971-02-14,Kerkdriel,Netherlands,2025-01-18,Gold,No
C004557,Joshua,van Landen,chrisvan-formbach@example.org,003 3291704,Female,2006-01-09,Boazum,Netherlands,2024-05-27,Gold,Yes
C004558,Inaya,Noordijk,johannes65@example.net,+3191 0445714,Female,1952-04-20,Sirjansland,Germany,2025-04-27,Platinum,No
C004559,Adriana,Hendrikse,hakkerroan@example.org,042-6721997,Male,1984-12-23,Wapserveen,France,2023-11-18,Platinum,No
C004560,Sem,Sitters,isprong@example.org,096 6971921,Female,1978-12-24,IJsselham,Belgium,2024-11-15,Silver,No
C004561,Mads,Verhoeven,hgervais@example.com,(0477)-771513,Female,1959-11-29,Mariahout,Belgium,2024-06-04,Platinum,No
C004562,Giovanni,Klomp Jan,ottevictoria@example.com,+31(0)122-656436,Female,1989-04-08,Twisk,France,2023-12-24,Bronze,No
C004563,Nikki,van der Meer,stuivenbergstijn@example.com,+31(0)508 348329,Male,1988-08-21,Oudehorne,Netherlands,2024-06-04,Silver,Yes
C004564,Inaya,Vial,aron67@example.net,033-9742763,Female,1951-05-21,Kloosterzande,Belgium,2024-12-18,Gold,Yes
C004565,Femke,Gruijl,geerlingquinn@example.net,+3171 6009543,Male,1966-01-02,Swalmen,Belgium,2025-03-26,Bronze,Yes
C004566,Mirte,Sprong,van-gelderjustin@example.com,(036)-6458676,Female,1960-02-11,Iens,Belgium,2024-06-15,Platinum,Yes
C004567,Yusuf,van Salm,nekjorn@example.net,+31(0)39-6013953,Female,1986-08-14,Tytsjerk,Belgium,2024-10-15,Gold,Yes
C004568,Jason,van der Linden,koningsmaria@example.net,(0030)-763891,Female,1969-07-20,Staphorst,Belgium,2026-03-24,Gold,Yes
C004569,Zoë,van Leeuwen,rosalie65@example.net,+31(0)42-3090797,Female,2008-06-11,Vriezenveen,Belgium,2025-03-17,Bronze,No
C004570,Kyan,van Schweinfurt,omerckx@example.com,+31664 807579,Male,2002-03-18,Hazerswoude-Rijndijk,Netherlands,2025-07-10,Platinum,No
C004571,Isabella,Loreal,zverhoeven@example.net,+3182 8712092,Male,1964-01-30,Blitterswijck,Belgium,2024-11-08,Gold,Yes
C004572,Colin,Niermann,vwouters-van-eijndhoven@example.net,+31757 387540,Male,1954-07-10,Hoogenweg,Belgium,2023-09-27,Silver,Yes
C004573,Loek,Dirven,klerksruben@example.com,+31(0)23-9923475,Male,1947-10-02,Marum,Netherlands,2024-05-23,Platinum,No
C004574,Mads,Loreal,fwerdes@example.net,(054)-4620771,Female,2007-01-07,Dalen,France,2026-04-08,Silver,No
C004575,Michael,van Mare,thijmen33@example.net,0114-477260,Male,1964-12-20,Suwâld,Belgium,2023-12-07,Bronze,Yes
C004576,Loes,Mansvelt,guus64@example.org,+31643-728790,Male,1968-01-31,Kollumerpomp,France,2026-02-12,Gold,Yes
C004577,Lily,Verboom,zeynepde-jong@example.net,+31923-665626,Female,1973-09-25,Gieten,France,2024-08-05,Silver,Yes
C004578,Boris,Verbruggen,goudriaanjade@example.net,(0504) 868441,Male,1950-07-17,Niekerk,France,2024-01-20,Platinum,Yes
C004579,Kian,van Waas,upasman@example.com,(074)-1795922,Female,2002-03-17,Aagtekerke,Germany,2024-10-14,Bronze,No
C004580,Julius,van Vlaanderen,tijsminer@example.org,004-0027387,Male,2007-09-13,Friens,Germany,2024-01-22,Platinum,Yes
C004581,Robin,Brugman,zeynepmahieu@example.org,+31(0)65 1288822,Male,2007-09-13,Saaxumhuizen,Belgium,2024-11-20,Gold,No
C004582,Lucy,Ponci,budlynn@example.net,067 9693890,Male,1978-07-08,Culemborg,Germany,2024-08-27,Silver,No
C004583,Noor,Jonkman,jtakkelenburg@example.net,0811-709782,Female,1960-12-23,Snikzwaag,Germany,2026-06-09,Platinum,No
C004584,Tess,Krabbe,ecrin20@example.org,+31004-390860,Female,1958-01-18,Velp,Netherlands,2026-04-26,Gold,Yes
C004585,Liv,van de Wal,jansdrbritt@example.com,0914-944072,Male,1947-07-04,Heibloem,France,2026-05-05,Platinum,Yes
C004586,Tijn,Mater,lise63@example.com,+31(0)925-457030,Female,1951-09-27,Ommen,France,2023-09-26,Silver,Yes
C004587,Lize,Koster,rouwenhorstnaomi@example.org,(032) 8059921,Female,1960-03-02,Egmond aan Zee,Netherlands,2023-11-22,Bronze,No
C004588,Jacob,Bos,van-haspengouwstella@example.net,(0647)-856454,Female,1967-03-11,Baexem,Germany,2024-05-18,Platinum,Yes
C004589,Sam,de Jong,tycho34@example.org,0988 809033,Female,1972-11-01,Achthuizen,Belgium,2025-05-12,Silver,No
C004590,Jayden,van de Berg,jackbijlsma@example.org,067-3315915,Male,1946-12-04,Houtigehage,Germany,2024-08-14,Platinum,Yes
C004591,Iris,van Beaumont,joey45@example.net,(013)-3267028,Male,1970-04-27,Zeerijp,France,2024-10-27,Platinum,Yes
C004592,Marijn,Janssen,verheuvelliam@example.net,+31966-126211,Female,1996-02-25,Spanga,Belgium,2026-03-08,Gold,Yes
C004593,Bart,van de Ven,collinvan-leeuwen@example.com,(0306) 850278,Female,1955-01-04,Balkbrug,Belgium,2023-08-08,Platinum,No
C004594,Joris,Huijben,phileinevan-brenen@example.com,+3163 4996495,Male,1988-07-31,Sterksel,Germany,2025-03-28,Bronze,No
C004595,Milan,Spaan,hendrik03@example.org,+3178 5680583,Male,1970-02-14,Someren,Belgium,2025-09-28,Gold,No
C004596,Maaike,van Beek,alicia61@example.org,+3177 6339304,Male,1992-04-20,Sibrandabuorren,France,2024-03-27,Silver,Yes
C004597,Luc,Claesdr,uwolfswinkel@example.com,(0129)-637146,Male,1999-11-04,West-Terschelling,Germany,2026-04-19,Bronze,Yes
C004598,Thijmen,le Gallen,ipost@example.com,(0033) 864501,Female,1991-01-29,Geldrop,Netherlands,2024-07-28,Platinum,No
C004599,Fem,van Duvenvoirde,kian04@example.org,+31(0)514-591146,Female,1963-09-18,Boven-Leeuwen,Belgium,2024-10-05,Gold,Yes
C004600,Fedde,Schroeff,van-de-biezenbosbryan@example.org,+31(0)85 5014856,Male,1992-12-14,Borssele,Germany,2024-03-07,Silver,Yes
C004601,Lola,van Eck,czuijdveld@example.org,+31302 691312,Female,1999-01-24,Oudeschip,France,2024-01-05,Gold,Yes
C004602,Rick,Scholten,markwutke@example.net,(069)-8171556,Male,1962-03-30,Wageningen,France,2024-09-25,Bronze,Yes
C004603,Victor,Werdes,pcoreth-von-und-zu-coredo-und-starkenberg@example.org,+31(0)206-841076,Female,1956-02-18,Dreumel,Germany,2026-03-25,Gold,Yes
C004604,Matthijs,Spruyt,krademaker@example.com,+31029 721242,Male,1994-03-06,Kessel,Belgium,2024-09-24,Gold,Yes
C004605,Amelia,Ferran,jvan-de-water@example.com,(008) 2888094,Male,1991-06-30,Hulshorst,Germany,2023-12-10,Platinum,No
C004606,Britt,van Dokkum,pietercadefau@example.net,055 6453189,Male,1965-03-11,Alteveer gem Hoogeveen,France,2026-04-24,Platinum,No
C004607,Bente,Roosenboom,naomivan-de-kooij@example.net,0284-463388,Male,1989-01-24,Edam,Belgium,2023-08-25,Gold,No
C004608,Lorenzo,van Gorp,van-maarenangelina@example.com,034-9359796,Female,1993-06-10,Oud-Beijerland,France,2026-07-25,Silver,Yes
C004609,Jelte,Dachgeldt,thijs69@example.org,(0195) 719642,Female,2001-08-04,Sittard,Belgium,2024-10-19,Bronze,No
C004610,Robin,Oosterhek,opmansbastiaan@example.com,+3198-7860615,Male,1962-02-23,Werkhoven,Belgium,2024-05-12,Platinum,No
C004611,Jasmijn,Doorhof,mde-vos@example.net,+31(0)480-455089,Male,1989-02-16,Nijlande,Belgium,2025-08-22,Bronze,Yes
C004612,Sanne,van Kuijc,sami20@example.net,017 7050498,Female,1992-01-16,Hoevelaken,France,2024-04-16,Gold,No
C004613,Gijs,Rademaker,xvan-dijk@example.com,(019) 0132300,Male,1984-11-23,Boskoop,France,2023-11-01,Silver,Yes
C004614,Kai,van Wijland,pepijn18@example.com,+31103 441926,Male,1981-09-17,Burgerveen,Netherlands,2026-03-06,Silver,No
C004615,Hendrik,Ramaker,steenbeekbryan@example.net,+31(0)50 8749563,Male,1962-07-02,Ysbrechtum,Netherlands,2025-09-08,Silver,No
C004616,Raf,le Gulcher,overdijkcornelis@example.net,0909-617517,Male,1956-01-10,Tolkamer,Belgium,2023-09-18,Platinum,Yes
C004617,Kaylee,van Henegouwen,sklein@example.net,+31(0)867 139321,Male,2003-04-23,Neede,Germany,2025-06-18,Gold,Yes
C004618,Naud,Nek,van-der-heijdenjohannes@example.com,+3163-2816930,Female,1991-03-18,Haarzuilens,Netherlands,2026-06-11,Gold,No
C004619,Robin,van Wijk,tessa39@example.net,(0129) 012616,Female,1979-10-27,Kelpen-Oler,Germany,2026-06-30,Platinum,No
C004620,Thijmen,van Ooste,de-vromebjorn@example.com,+31228-704835,Female,1949-06-10,Hollandscheveld,Netherlands,2023-09-04,Platinum,Yes
C004621,Lucy,Demmendaal,ian52@example.net,+31(0)213-508118,Male,1972-04-14,Winssen,France,2024-03-04,Silver,No
C004622,Kate,Velderman,isabellaamalrada@example.net,086 4876911,Male,2004-08-20,Nieuwaal,France,2023-08-06,Platinum,Yes
C004623,Pleun,Rouwenhorst,jvan-den-corput@example.net,+31348-097005,Female,1988-05-17,Valkenburg,Netherlands,2023-10-09,Gold,No
C004624,Indy,Ooms,annemijn61@example.com,0028-524281,Male,1967-10-02,Boven-Leeuwen,Germany,2025-08-15,Platinum,No
C004625,Sofie,van Stralen,mvan-dalem@example.com,0911-749956,Female,1947-09-16,Stad aan 't Haringvliet,Netherlands,2024-01-18,Gold,Yes
C004626,Timo,Wunderink,gielschrant@example.org,(0382)-649802,Male,1992-05-18,'s-Heerenhoek,Netherlands,2025-08-20,Silver,Yes
C004627,Nikki,Massa,pimjacobs@example.com,(0529)-069686,Female,1991-11-03,Well,France,2023-08-17,Bronze,Yes
C004628,Elisa,Ghoerle,amina74@example.org,+31(0)71-3350011,Female,1982-10-29,Nijhuizum,Belgium,2025-06-24,Platinum,Yes
C004629,Isabelle,van Ochten,nielsschulten@example.org,0848 386449,Male,2004-08-26,Easterwierrum,Belgium,2024-11-02,Gold,Yes
C004630,Jesse,van Brenen,lynn41@example.net,054 2901085,Female,1999-11-03,Beuningen Gld,Germany,2024-04-09,Silver,No
C004631,Lucy,van der Heijden,ivan-der-avoirt@example.net,040 1390293,Male,1995-09-15,Maasbommel,Germany,2025-07-13,Gold,No
C004632,Matthias,van Ham,livluitgardis-van-neustrie@example.com,(016) 5882219,Male,1972-10-20,Zweins,Belgium,2025-07-19,Gold,Yes
C004633,Damian,Moenen,teun30@example.org,+3169-2306855,Female,1989-10-14,Oudeschild,Belgium,2025-06-23,Gold,Yes
C004634,Sterre,Keijser,maja02@example.net,+31(0)15 8962920,Female,1961-09-07,Nederasselt,Netherlands,2024-09-02,Gold,Yes
C004635,Lynn,de Backer,teunissensepp@example.com,+31(0)399-251953,Male,1998-04-28,Krewerd,Germany,2025-10-21,Platinum,No
C004636,Noah,Prins,nadine80@example.org,0623-667626,Male,1971-02-23,Echteld,Netherlands,2025-12-24,Gold,Yes
C004637,Puck,Tuithof,galpaidis@example.org,+31039 519850,Female,2007-08-11,Zeerijp,France,2026-04-15,Platinum,No
C004638,Lucas,van Ham,louise15@example.org,0420 508295,Male,1994-01-10,Easterlittens,Netherlands,2023-08-14,Platinum,Yes
C004639,Naomi,Saxo,jasmijnoosterhout@example.com,+31(0)51 9629381,Female,1996-11-09,Zoelen,Belgium,2024-04-25,Platinum,Yes
C004640,Vigo,Scholten,frackham@example.org,+31(0)918 675808,Male,1982-02-03,Meerlo,Netherlands,2025-08-30,Gold,No
C004641,Felix,van der Schuijt,lolavan-kasteelen@example.org,+31(0)22 4278453,Female,1966-06-22,Papekop,Netherlands,2026-06-08,Platinum,No
C004642,Melle,Smits,bjorn84@example.org,+31806-314996,Female,1953-11-27,Driebruggen,Belgium,2026-07-11,Silver,Yes
C004643,Rick,Kriens,samvan-hagen@example.org,+31035-739463,Female,1981-09-16,Stiens,Belgium,2024-03-01,Bronze,Yes
C004644,Sanne,Gervais,loek41@example.com,+3167 3670421,Male,1976-05-14,Kallenkote,Belgium,2025-06-02,Bronze,Yes
C004645,Marit,van den Bergh,woudenbergchloe@example.com,(0950)-909087,Female,1971-11-29,Foudgum,France,2025-04-24,Silver,Yes
C004646,Yfke,Symons,aliciadennenberg@example.net,+31(0)896-526834,Male,1946-10-21,Eenrum,Germany,2026-07-26,Silver,Yes
C004647,Pien,Doyle,noah22@example.org,(000)-1638506,Female,1991-04-18,Sint-Michielsgestel,France,2024-06-20,Silver,Yes
C004648,Maaike,van Hamaland,mohammedvan-de-wal@example.net,067 5423261,Female,1996-11-03,Bilthoven,Germany,2024-05-22,Bronze,No
C004649,Thijs,Cornelisz,van-orleanssanne@example.net,+31(0)474 456310,Male,1978-05-21,Tjuchem,Germany,2026-06-19,Silver,No
C004650,Nikki,le Gulcher,karelslena@example.net,080-5942357,Male,1987-03-16,Farmsum,Belgium,2025-10-17,Platinum,Yes
C004651,Ise,Lamotte,van-der-leekzakaria@example.org,+31775 330543,Male,1996-01-29,Dronryp,Germany,2025-03-26,Bronze,No
C004652,Bryan,Brandt,elisabeth78@example.net,+31(0)336 359228,Male,1964-12-04,Ruurlo,Germany,2025-01-22,Silver,No
C004653,Sophia,van Ham,fflink@example.org,+3170 6401557,Female,1963-02-13,Lochem,Belgium,2026-01-27,Gold,No
C004654,Dean,Maaswinkel,hubertsjordy@example.net,0213 654340,Female,1997-05-02,Zijdewind,Netherlands,2024-11-27,Gold,No
C004655,Silke,Spier,imulder@example.com,+3195-7536669,Female,1952-01-09,Wierden,France,2024-09-04,Gold,No
C004656,Isabella,de Wit,jwever@example.net,0959 489888,Male,2001-02-17,Zevenhoven,Netherlands,2025-07-02,Gold,No
C004657,Mathijs,van der Veiver,van-der-sandelola@example.com,(0302) 496438,Male,1973-07-21,'s-Heerenhoek,Germany,2023-08-13,Silver,Yes
C004658,Alex,Rippey,sebastiaan42@example.com,(001)-9586504,Female,1985-04-13,Sambeek,France,2024-01-18,Silver,No
C004659,Bas,Jacobs,ariensroos@example.net,052 1115190,Female,1981-03-19,Niftrik,Germany,2025-08-05,Silver,Yes
C004660,Duuk,Vandenbergh,telbertse@example.org,(0105) 703868,Male,2002-12-06,Naarden,Belgium,2025-03-21,Platinum,Yes
C004661,Marinus,Broeshart,ayoubhendriks@example.org,(0562) 382484,Male,1946-02-28,Rheden,Germany,2024-11-11,Bronze,Yes
C004662,Cornelia,Tuithof,fvan-oosten@example.org,+31(0)20-7269500,Female,1951-12-11,Borculo,Germany,2025-04-07,Bronze,Yes
C004663,Veerle,Meijer,catharinalambregt@example.net,0252 442041,Male,1971-05-12,Grijpskerk,Germany,2024-03-07,Bronze,No
C004664,Jaylinn,Koster,weylandmaaike@example.com,+31(0)544 455740,Male,1997-12-03,Dalen,Germany,2023-10-31,Silver,Yes
C004665,Johannes,Coret-Coredo,selena84@example.net,(008)-6755891,Female,1965-07-19,Slenaken,Belgium,2024-09-16,Gold,Yes
C004666,Job,van Soest,ramakersanne@example.net,(056) 1545278,Female,1964-06-29,Rijswijk (GLD),Netherlands,2024-10-05,Platinum,No
C004667,Victor,Serra,rikvan-duyvenvoorde@example.net,+31(0)27-5765293,Female,1958-04-07,Berg en Terblijt,France,2023-09-21,Gold,No
C004668,Eva,van der Spaendonc,van-der-heidenolivier@example.com,+31(0)052 999650,Male,1946-02-13,Kootwijk,France,2026-04-19,Gold,No
C004669,Amelia,Groenestein,sander57@example.com,0194-159294,Male,1995-12-10,Etten,France,2024-11-25,Platinum,No
C004670,Teun,d' Heripon,sjoerd61@example.org,+31(0)09 4436892,Female,1978-07-19,Sijbekarspel,Netherlands,2025-01-10,Gold,Yes
C004671,Melle,van Dongen,bram88@example.com,(009) 6925112,Female,1964-09-25,Terschuur,France,2023-09-17,Silver,Yes
C004672,Sten,van Dokkum,naud45@example.net,+31(0)861-798339,Female,1949-02-11,Goëngahuizen,Germany,2024-06-14,Silver,No
C004673,Michael,Hellevoort,ashley55@example.net,(0817) 092887,Male,1951-11-01,Nieuwolda,Germany,2024-05-13,Silver,Yes
C004674,Jaylinn,Kamp,amina84@example.org,+31(0)280-067829,Male,1973-04-01,Mariënberg,France,2025-08-24,Gold,No
C004675,Dani,Salet,van-verdunlise@example.com,+31(0)10-8842710,Female,1959-04-25,'t Goy,France,2025-11-03,Silver,No
C004676,Elizabeth,Jacobs,hoeksquinty@example.net,+3172-5502438,Female,1969-07-06,Eys,France,2023-09-18,Platinum,No
C004677,Phileine,Heinrichs,zaalnadia@example.com,(047) 4657099,Male,1975-03-14,Babberich,Belgium,2023-12-09,Bronze,Yes
C004678,Ise,Ketel,yde-jager@example.com,+3139 0142853,Female,2006-09-23,Sinderen,France,2024-08-25,Silver,Yes
C004679,Angelina,Blom,joris40@example.org,+31(0)730-541931,Male,1998-01-05,Tiendeveen,Belgium,2024-07-30,Gold,No
C004680,Naud,Lafleur,amirscuylenborchs@example.net,(075)-4313039,Female,1975-05-07,Ederveen,Germany,2026-04-01,Silver,Yes
C004681,Ilse,Ponci,felix88@example.com,+3126 9889632,Male,1947-12-19,Nieuw-Weerdinge,France,2024-02-28,Platinum,Yes
C004682,Lise,Noordijk,tygode-lange@example.com,(0173)-511804,Male,1949-05-18,Doetinchem,Belgium,2026-06-14,Silver,No
C004683,Maarten,Groen,korsmanvajen@example.net,+31(0)254-899424,Male,1954-04-20,Plasmolen,Germany,2026-07-04,Platinum,No
C004684,Kai,Hemma van Allemanië,gerritsmaryam@example.org,027 3293361,Female,1964-11-03,Vianen NB,Belgium,2024-05-02,Bronze,No
C004685,Joost,Jacobs,rlathrope@example.net,+31306-947145,Male,1947-07-02,Heerjansdam,France,2026-04-24,Silver,Yes
C004686,Chris,van Hagen,jansendex@example.org,+31874-020871,Female,1982-06-12,Ittervoort,Germany,2024-03-29,Platinum,No
C004687,Vince,Bouhuizen,ulevesque@example.org,+31(0)24-2833056,Male,1960-08-26,Sleeuwijk,France,2025-09-06,Bronze,No
C004688,Milo,Dubois,meesadriaensdr@example.org,(0929) 373658,Male,1974-08-20,Vledderveen,Belgium,2025-02-12,Bronze,Yes
C004689,Valentijn,de Bock,lorenzovan-voorst@example.net,+3141-3061574,Female,1963-01-03,Tjalleberd,Belgium,2024-10-28,Silver,Yes
C004690,Brian,van Beaumont,fleur33@example.net,(069)-9170964,Female,1987-08-23,Middenbeemster,Belgium,2025-02-09,Bronze,No
C004691,Mike,Verschut,xde-boer@example.org,+31509-608959,Male,1949-11-29,Eemnes,France,2025-08-31,Bronze,Yes
C004692,Florian,de Kale,micha36@example.com,+31042-200251,Female,1962-12-29,Blije,Germany,2025-09-24,Platinum,Yes
C004693,Luca,Zuijdveld,laurenspost@example.org,097-7099195,Male,1962-08-14,Piershil,Germany,2026-03-09,Silver,Yes
C004694,Nout,Wunderink,wzevenboom@example.org,0925-923330,Female,1953-03-30,Ommel,Netherlands,2025-08-26,Platinum,No
C004695,Amina,Jurrijens,phorrocks@example.com,005-8825701,Female,1954-10-30,Wichmond,France,2024-10-23,Platinum,No
C004696,Zoey,Meeusen,van-der-meulenlizz@example.net,+31(0)884 897331,Female,1959-03-14,Sintjohannesga,Belgium,2025-03-31,Gold,No
C004697,Collin,d' Heripon,van-der-laanvalerie@example.com,0700-011424,Male,1975-04-18,'t Harde,Belgium,2023-12-06,Gold,No
C004698,Elizabeth,van den Broek,jaylinn96@example.org,+31493 898253,Female,1985-03-29,Rheden,France,2023-12-16,Gold,No
C004699,Tom,Meijer,marahulshouts@example.com,0827-571733,Male,1955-04-04,Zeeland,Netherlands,2025-02-08,Bronze,No
C004700,Vigo,van Ooste,evijoosten@example.net,0454 315074,Male,1970-02-14,Mookhoek,Belgium,2025-04-03,Platinum,Yes
C004701,Evy,François,merijn51@example.org,+31(0)26 5695952,Male,1964-07-22,Vlist,Netherlands,2024-08-03,Platinum,No
C004702,Azra,van Haspengouw Hesbaye,doyleayden@example.net,(0539)-246710,Female,2004-04-30,Lierderholthuis,Netherlands,2023-09-14,Silver,Yes
C004703,Bradley,Feenstra,gkof@example.com,033-4297391,Female,1948-03-20,Langedijke,Netherlands,2025-08-08,Silver,No
C004704,Lize,van Engeland,lukasvan-der-pluijm@example.net,+3180 3690337,Female,2007-08-05,Halsteren,Netherlands,2024-02-09,Gold,No
C004705,Arthur,Bloemendaal,esmee00@example.net,068-1254023,Female,1994-08-24,Sluis,France,2026-01-04,Bronze,No
C004706,Johannes,Rousselet,xkronenberg@example.com,+3112-2930360,Female,1959-05-18,Winterswijk Corle,France,2023-12-28,Bronze,Yes
C004707,Yara,Wildschut,van-den-brandjuliette@example.org,+31635 048396,Female,2008-06-12,'s-Heerenhoek,France,2024-09-13,Silver,Yes
C004708,James,de la Fleche,nisawerdes@example.org,+31892-881058,Female,1966-02-28,Tiel,Belgium,2024-06-02,Platinum,No
C004709,Johanna,Chevresson,demi97@example.net,086 2232150,Female,1952-11-20,Nijensleek,France,2025-10-11,Silver,Yes
C004710,Chris,van Kasteelen,smercks@example.org,+31(0)81 0337166,Female,1961-10-11,Kolhorn,Netherlands,2023-08-26,Silver,No
C004711,Lorenzo,van Alenburg,chondeveld@example.com,+31(0)157 701056,Female,1969-09-16,Oldeholtpade,Netherlands,2025-08-12,Silver,No
C004712,Yinthe,Engels,levi42@example.net,0899 860241,Female,1990-09-08,Hoek van Holland,Netherlands,2023-12-17,Gold,Yes
C004713,Alyssa,Kirpenstein,boesermichelle@example.org,+31878 812975,Female,1980-02-10,Eersel,Germany,2023-08-21,Bronze,No
C004714,Kian,van Boulogne,ivanle-gulcher@example.org,060-1780999,Female,1957-11-02,Loosdrecht,Belgium,2026-07-23,Silver,No
C004715,Tom,van Spreeuwel,jdotteluc@example.com,+3178 3941140,Male,1983-04-11,Oude Wetering,Belgium,2024-04-20,Silver,Yes
C004716,Aimée,Oosterhout,guusvan-brenen@example.net,(034)-4935497,Male,1979-05-10,Wierden,Netherlands,2023-08-27,Silver,No
C004717,Naomi,Bastiaanse,de-gruijterkevin@example.net,068 8629259,Female,2004-10-04,Meijel,Belgium,2025-03-18,Platinum,No
C004718,Chloë,van de Velden,ottoyassin@example.com,003 8381112,Male,2007-09-20,Vlodrop,France,2026-01-29,Silver,No
C004719,Ryan,Brouwer,brumleverenske@example.org,0416-482922,Female,1968-05-02,Waarde,France,2026-03-23,Gold,Yes
C004720,Mare,"Werl-Arnsberg, van",iriskok@example.org,(0782)-589017,Male,1952-12-16,Nieuwland,Belgium,2026-02-10,Silver,Yes
C004721,Jinthe,van de Ven,jenniferboer@example.net,+31966 110180,Male,1967-03-16,Glane,France,2023-11-28,Bronze,No
C004722,Senn,Oda,jimmuller@example.com,+31283-407520,Male,2004-11-17,Neede,Germany,2026-07-28,Platinum,No
C004723,Elin,van Ham,tvan-luxemburg@example.org,+31(0)786-763741,Female,1961-07-20,Langelo,Belgium,2026-06-20,Platinum,No
C004724,Dylan,Ridder,hwillemsen@example.org,+31(0)13 3470236,Male,1976-06-08,Wijnaldum,France,2025-07-07,Platinum,No
C004725,Sarah,van Suinvorde,hendriksesam@example.com,0230 054370,Female,1981-06-08,Dalerveen,Belgium,2023-11-25,Silver,No
C004726,Merijn,van Parijs,ayoubvan-der-maes@example.org,0670 473984,Female,1981-08-30,Spannum,Netherlands,2026-01-27,Gold,No
C004727,Philip,van der Meer,van-metzmustafa@example.org,+31(0)008 134022,Male,1965-08-05,Wanroij,France,2025-04-18,Silver,Yes
C004728,Dave,Niermann,timleene@example.com,(0596)-716614,Female,1988-11-04,Oss,Germany,2023-08-25,Bronze,Yes
C004729,Bart,van der Kint,freshourivan@example.org,029 1664094,Female,1990-04-02,Luddeweer,Germany,2025-02-11,Platinum,Yes
C004730,Saar,Pison,tygovan-den-henst@example.com,+31059-770353,Female,1987-03-31,Workum,Belgium,2025-09-18,Platinum,Yes
C004731,Elisabeth,van der Zijl,hfrankhuizen@example.com,+31(0)528-400320,Female,1972-06-16,Drempt,France,2024-12-24,Silver,Yes
C004732,Kaylee,Dircken,mwalter@example.com,(086)-4363654,Male,1948-04-17,Heumen,Netherlands,2026-04-24,Platinum,Yes
C004733,Naomi,Kerkhof,themma-van-allemanie@example.com,(024) 4582550,Female,2007-05-13,Veenoord,Belgium,2024-08-26,Bronze,No
C004734,Guus,Peeters,goemencs@example.net,(0329) 943741,Female,1953-01-08,Kallenkote,Belgium,2025-11-20,Bronze,No
C004735,Tim,van Westfalen,mahieukate@example.net,(008)-6072762,Female,1949-11-19,Beutenaken,France,2026-01-28,Silver,Yes
C004736,Rens,Heinrichs,lamotteyasmine@example.com,0801 395886,Male,1980-09-05,Ohé en Laak,France,2026-06-13,Gold,No
C004737,Julius,van het Heerenveen,zaravan-mook@example.org,+3137-8558045,Male,1956-11-11,Een,Netherlands,2023-09-14,Bronze,Yes
C004738,Loek,de Korte,claesdrliam@example.net,(011)-7473403,Male,1990-02-09,Steenwijkerwold,France,2026-05-18,Gold,Yes
C004739,Pieter,van der Kint,lukascoret-coredo@example.com,+31(0)69 4130106,Male,1981-04-09,Boksum,Germany,2023-09-20,Platinum,Yes
C004740,Joey,van 't Wel,twolfsdr@example.com,063-1766005,Male,1971-10-07,Elshout,Belgium,2026-05-14,Gold,No
C004741,Senna,van Leeuwen,wklerks@example.net,0611 444824,Female,1998-06-03,Ospel,Netherlands,2024-02-01,Gold,Yes
C004742,Amélie,van Dam,tvan-engelen@example.org,+3136 1509355,Female,1977-12-08,Den Ilp,Germany,2025-03-15,Silver,Yes
C004743,Kate,Boudewijns,brandtjasmijn@example.org,+31(0)147-392855,Female,1986-01-30,Hoornsterzwaag,Netherlands,2026-07-19,Gold,No
C004744,Nout,Ouwel,petersmilo@example.com,070 3033092,Male,1966-04-29,Sibrandahûs,Belgium,2026-02-17,Bronze,No
C004745,Job,Schroeff,jakefrerichs@example.net,+31284-535094,Female,1964-05-15,Bergschenhoek,France,2024-07-19,Bronze,No
C004746,Kate,van Luinenburg,senn91@example.com,(0508) 297197,Female,1962-03-25,Sumar,Netherlands,2026-01-11,Bronze,Yes
C004747,Jaylinn,van Doorn,khuls@example.org,0171 731038,Female,1976-04-04,Everdingen,Belgium,2025-01-14,Gold,No
C004748,Kick,Thout,hidde08@example.com,0505 631414,Female,1976-10-11,Oldetrijne,Belgium,2023-12-16,Bronze,No
C004749,Romy,Lieshout,sbecht@example.org,(080) 1042627,Male,1985-07-06,Papekop,France,2025-09-27,Silver,No
C004750,Jan,van Mare,lize92@example.net,+3164-4820124,Female,1997-03-24,Deest,Germany,2023-12-19,Silver,No
C004751,Joep,van Leeuwen,gijshuberts@example.net,+31(0)580 563995,Male,1968-06-08,Easterwierrum,Germany,2025-12-14,Silver,No
C004752,Aaliyah,Blees,erecers@example.org,+31(0)03-2833525,Female,1977-08-18,Baarn,Belgium,2026-03-21,Gold,No
C004753,Ceylin,Sterkman,laraspreeuw@example.com,0053-206170,Male,1980-02-06,Kerkwijk,France,2025-10-17,Bronze,Yes
C004754,Alexander,de Jode Vastraedsd,pippa32@example.org,(0526)-460531,Female,1964-01-23,Garsthuizen,Belgium,2024-10-31,Platinum,No
C004755,Pleun,Michiels,gvan-der-leek@example.org,+31288-595561,Female,1968-01-28,Ter Apel,France,2024-07-01,Bronze,Yes
C004756,Jolie,Pons,vincethatcher@example.net,+31216-450546,Male,1948-01-22,Arnemuiden,Belgium,2024-08-03,Silver,Yes
C004757,Lize,van Oirschot,rousseletluna@example.org,+31(0)59-9183591,Male,1994-01-22,Koog aan de Zaan,France,2025-11-08,Gold,Yes
C004758,Joëlle,Willems van Lier,annade-jong@example.net,+31128 054830,Female,1993-03-23,Elburg,Germany,2023-12-27,Platinum,Yes
C004759,Jennifer,Jekel,van-munstersenn@example.net,+31539-626282,Male,1993-11-18,Diessen,Netherlands,2026-04-10,Gold,Yes
C004760,Lisanne,Manne,mohammed74@example.net,(020) 4848099,Male,2006-06-19,Westknollendam,Germany,2024-11-04,Gold,Yes
C004761,Elize,Kerkhof,irubben@example.net,+31(0)07-1035096,Male,1948-10-14,Eck en Wiel,Belgium,2026-06-06,Silver,No
C004762,Karlijn,van Laon,yvan-velzen@example.net,+31915 309881,Female,1991-05-24,Zenderen,Netherlands,2026-01-17,Gold,No
C004763,Nout,van den Eijssel,meesfiere@example.com,+31(0)00 4735912,Male,1951-10-21,Holtheme,Netherlands,2024-01-14,Silver,Yes
C004764,Pieter,Schuylenborch,fabienne81@example.com,+31(0)673 146303,Male,1964-10-17,Varsselder,Belgium,2024-11-19,Bronze,Yes
C004765,Samuel,Oosterhek,yasmin67@example.org,+31731 127576,Male,1999-07-13,Geerdijk,Germany,2026-07-05,Platinum,Yes
C004766,Siem,Blonk,van-der-leekanna@example.net,0113-253803,Male,1978-01-11,Drouwen,Netherlands,2024-01-09,Bronze,Yes
C004767,Colin,de Roo,xblaak@example.com,+31941-908898,Male,1969-10-10,Piaam,Belgium,2024-11-07,Gold,No
C004768,Feline,van Embden,van-der-spaendoncjoost@example.com,+31672-901093,Female,1945-09-11,Odoornerveen,France,2024-02-25,Gold,No
C004769,Tijn,Jekel,aliciavierdag@example.com,+31250 095325,Female,1983-12-13,Kamperveen,Germany,2025-01-31,Silver,Yes
C004770,Luka,van Olst,backerfloortje@example.net,(0410)-347843,Male,2003-11-11,Biddinghuizen,Belgium,2025-04-08,Silver,No
C004771,Kyan,Nieuwstraten,maartjemassa@example.net,+3127-6032847,Male,1997-02-05,Castenray,Belgium,2024-02-02,Gold,No
C004772,Liz,Mol,azraroukes@example.org,+31(0)82-7285353,Female,1966-05-17,Pieterburen,France,2024-01-28,Silver,No
C004773,Nynke,Nek,ivanpierson@example.com,+3146-8917300,Female,1984-04-15,St.-Jacobiparochie,Netherlands,2025-07-11,Silver,No
C004774,Job,van Dijk,jprinsen@example.org,+31(0)688 462581,Male,1997-08-14,Oldemarkt,Germany,2024-11-30,Gold,Yes
C004775,Noah,van der Hoeven,hvan-es@example.com,+31931-940202,Male,1946-04-30,De Glind,Netherlands,2026-01-31,Bronze,Yes
C004776,Kayleigh,de Vroege,gde-hoog@example.net,(0888) 171570,Female,1968-02-16,Asten,France,2025-02-01,Bronze,Yes
C004777,Lois,van Schweinfurt,jonas62@example.com,+31(0)01-8672749,Male,1946-04-17,Haaren,Netherlands,2025-12-26,Platinum,No
C004778,Dirk,Gnodde,van-mookmaaike@example.net,076-4765152,Female,1995-07-24,Hoogeloon,Belgium,2025-09-20,Gold,No
C004779,Mart,le Floch,maud96@example.org,(0131) 907541,Female,1963-11-24,Bocholtz,Germany,2025-05-20,Gold,Yes
C004780,Hamza,Haengreve,wouters-van-eijndhovennadia@example.com,+31683 459949,Female,1968-12-16,Stramproy,Belgium,2024-11-26,Gold,Yes
C004781,Mohamed,van Laarhoven,roessinkmelle@example.net,+31(0)527 280048,Male,1955-09-24,Oosterbeek,Germany,2024-08-30,Gold,Yes
C004782,Stefan,Wright,juliusbleijenberg@example.org,+31982 340224,Male,1987-05-08,Stad aan 't Haringvliet,Belgium,2025-08-15,Platinum,No
C004783,Jordy,de Keijser,kate02@example.net,(016)-7337242,Female,1975-05-27,Westerwijtwerd,Netherlands,2026-04-24,Bronze,Yes
C004784,Bjorn,van der Laan,jslingerland@example.com,(0408) 995859,Female,1954-04-26,Jisp,Germany,2024-11-10,Bronze,No
C004785,Sara,Kronenberg,hbeernink@example.net,+3120-4553340,Female,1993-11-15,Herkenbosch,France,2025-02-05,Silver,Yes
C004786,Tygo,van Limburg,ties47@example.org,+31(0)90 9378778,Female,1977-03-31,Dalerveen,Germany,2025-12-23,Gold,No
C004787,Ivy,van Leeuwen,wesley08@example.net,(021)-5944155,Male,1976-07-12,Sprang-Capelle,Belgium,2025-05-23,Platinum,No
C004788,Livia,Hagendoorn,mansveldphilip@example.net,+31416 999698,Male,1998-03-25,Zuidhorn,France,2024-06-13,Bronze,No
C004789,Jonas,Huijzing,nvan-der-stael@example.org,+31844 702265,Female,1965-06-03,Hauwert,Germany,2026-03-19,Bronze,No
C004790,Twan,Belpere,maartjetamsma@example.org,(067)-0065446,Male,1961-05-10,Vaals,Germany,2024-01-27,Silver,Yes
C004791,Tygo,van Berkel,hexspoorvera@example.net,013 9708411,Female,2007-09-02,Molkwerum,Netherlands,2025-02-24,Platinum,No
C004792,Senna,le Briel,bartelsmees@example.net,+3102 6006525,Female,2002-07-23,Beerzerveld,Germany,2026-01-19,Bronze,No
C004793,Lorenzo,de Wit,zbeijring@example.com,0220-280707,Female,1947-04-05,Hichtum,Netherlands,2024-11-06,Platinum,Yes
C004794,Kick,Kok,charlotte21@example.org,+3184-6606725,Male,1987-01-14,Mijnsheerenland,France,2025-03-19,Gold,No
C004795,Sebastiaan,van Engeland,timmermansceylin@example.org,+31(0)59 8720797,Female,1974-08-28,Pijnacker,France,2025-08-05,Bronze,Yes
C004796,Sjoerd,Leene,yvan-der-berg@example.net,+3108 4287259,Male,1999-12-05,Ee,Netherlands,2024-09-03,Platinum,No
C004797,Zoey,Molenaar,imrankruns@example.net,+31(0)050-640076,Male,1969-10-17,Westerlee,Netherlands,2025-06-17,Silver,Yes
C004798,Eline,Heymans,de-bruijnloek@example.org,+31041-494791,Male,1975-10-19,Schinveld,Belgium,2024-06-10,Bronze,No
C004799,Merel,Dachgelt,bde-smit@example.com,+3137-2295519,Female,1985-11-18,Spierdijk,Germany,2024-09-04,Bronze,Yes
C004800,Mehmet,van der Stael de Jonge,zvan-leeuwen@example.org,+3127 7712972,Male,1963-09-07,Woudenberg,Netherlands,2024-03-13,Silver,Yes
C004801,Wessel,van Santen,yfredriks@example.org,+3128 1772102,Male,1971-05-25,Halfweg,Belgium,2025-04-06,Platinum,Yes
C004802,Vincent,Galenzone,evertslotte@example.net,0383-999295,Female,1995-04-22,Koningslust,France,2023-10-22,Bronze,Yes
C004803,Phileine,Cosman,ouwellivia@example.org,093 3963827,Male,1996-11-26,Babberich,Germany,2024-10-10,Bronze,No
C004804,Elias,van de Plas,foverdijk@example.com,(0665) 692814,Male,1950-11-24,Ederveen,Belgium,2026-07-07,Bronze,No
C004805,Sterre,Lucas,tijs83@example.com,+31216-981473,Male,1963-01-04,Amstelveen,Germany,2025-09-07,Platinum,No
C004806,Lenn,Sanders,riley40@example.com,(094)-4001106,Female,1958-06-30,Blesdijke,Netherlands,2024-07-25,Silver,No
C004807,Janne,Jonkman,sterkmannoud@example.net,+3139-1648235,Male,2002-01-03,Sibrandabuorren,Netherlands,2025-05-06,Bronze,Yes
C004808,Guus,Rackham,zmanne@example.com,+31(0)40-9373223,Female,1995-10-11,Ravenswaaij,France,2025-03-22,Platinum,No
C004809,Melissa,Kort,nadia02@example.org,(0153) 503756,Female,2004-02-26,Lewedorp,Netherlands,2026-04-30,Platinum,No
C004810,Johanna,le Floch,lucy93@example.com,+31(0)07-4726761,Male,1961-09-10,Boornzwaag,Netherlands,2025-11-06,Bronze,No
C004811,Emily,Timmerman,middelkoopjaylinn@example.net,+31(0)04-0927359,Female,1956-01-31,Liempde,Germany,2024-02-16,Gold,No
C004812,Fleur,van der Stael de Jonge,sulrich@example.com,0721 973184,Female,1994-10-24,Laag-Keppel,France,2024-01-07,Silver,No
C004813,Lise,van Schweinfurt,verwoertrobin@example.org,(0858) 733333,Male,1987-03-01,Sint Anthonis,Netherlands,2024-12-23,Silver,No
C004814,Joy,Boetet,gvan-der-ven@example.org,+31162-237698,Female,1968-04-01,Zuidermeer,Belgium,2025-01-28,Gold,Yes
C004815,Lukas,Wilmont,elizalijn@example.com,034-3275756,Male,1972-03-27,Ulicoten,Germany,2025-01-05,Platinum,Yes
C004816,Lot,Postma,silkehuisman@example.org,(032) 6464159,Male,1979-01-08,Zegge,Netherlands,2024-07-19,Silver,Yes
C004817,Angelina,van der Spaendonc,mschroeff@example.org,+31(0)34-0571505,Female,1980-01-19,Elp,Netherlands,2024-10-13,Silver,Yes
C004818,Yusuf,Lind,ghuel@example.net,(013)-7261797,Male,1986-12-27,Hollandscheveld,Netherlands,2026-07-29,Silver,No
C004819,Fatima,Gemen,vlensen@example.com,(0727) 672839,Male,1988-03-09,Rogat,Belgium,2024-10-17,Bronze,Yes
C004820,Nout,van Luxemburg,ariensyara@example.com,+31(0)556 577716,Male,1985-09-24,Rotterdam-Albrandswaard,Netherlands,2024-01-26,Silver,No
C004821,Fem,Bierstraten,bvan-der-heiden@example.com,(0416)-538222,Male,1975-10-12,Heumen,Netherlands,2024-06-05,Silver,Yes
C004822,Rayan,Spies,qbuijs@example.com,+31(0)25-2408306,Male,2003-06-29,Oldemarkt,Belgium,2024-09-03,Platinum,No
C004823,Esmée,Gemen,nuphaus@example.org,+3182-4807253,Female,1995-03-07,Indijk,Netherlands,2024-08-23,Gold,No
C004824,Kick,Melet,majamuijs@example.net,+31954-137317,Female,1957-03-07,Schaijk,France,2026-01-20,Silver,Yes
C004825,Annemijn,van Loon,daphne25@example.net,+31744 867797,Male,1994-10-20,Steenbergen,Germany,2024-10-31,Bronze,Yes
C004826,Fleur,die Pelser,hulstvictoria@example.org,(0967)-831632,Female,1982-02-21,Diphoorn,Germany,2025-12-28,Gold,Yes
C004827,Maryam,van de Leemput,bkleybrink@example.net,050 7933871,Female,1998-01-01,Lochem,Netherlands,2026-05-11,Silver,Yes
C004828,Jordy,Rehorst,groenthijn@example.net,0454 725154,Female,1986-10-28,Zennewijnen,Belgium,2023-08-15,Gold,Yes
C004829,Ties,Lemmens,gbastiaense@example.org,+31784 620653,Female,2002-12-17,Hemrik,Netherlands,2025-09-03,Platinum,No
C004830,Laura,Mudden,schipperryan@example.org,0953 838625,Female,1984-01-09,Margraten,Germany,2026-05-25,Bronze,No
C004831,Elena,Geerling,valerieerhout@example.org,003-8161712,Female,1987-12-18,Holwerd,France,2025-02-10,Platinum,Yes
C004832,Tijs,Jorrisen,tijnvan-der-brink@example.com,+31829-854509,Male,1974-11-04,Oudenbosch,Germany,2024-10-31,Silver,No
C004833,Amelia,de Bruin,marevan-der-mast@example.org,+31(0)212-298605,Male,1962-12-26,Lomm,Netherlands,2025-07-30,Gold,No
C004834,Jordy,Vergeer,wkathagen@example.com,+3183-7429765,Male,1946-03-22,Weert,France,2025-05-13,Gold,No
C004835,Olivier,Bernaards,wvan-es@example.org,(006) 9273408,Female,1974-08-28,Santpoort-Zuid,Belgium,2025-10-06,Silver,Yes
C004836,Mick,van der Kint,rijckenravi@example.org,(0401) 105577,Female,1984-02-14,Schinveld,France,2023-11-22,Platinum,No
C004837,Jayson,van Kasteelen,van-der-kaayevi@example.org,+3101 6482650,Female,1949-02-07,Wergea,Netherlands,2026-03-15,Platinum,No
C004838,Hamza,Kalman,dion26@example.org,0025-458118,Male,1982-03-28,Vogelwaarde,Netherlands,2024-11-13,Gold,Yes
C004839,Lizzy,Wigman,selberts@example.org,(057) 3551648,Male,1997-12-23,Warffum,Germany,2025-06-20,Bronze,Yes
C004840,Kayleigh,de Grote,jeltestoffel@example.org,+31231 033065,Male,1993-03-20,Jelsum,Netherlands,2025-03-20,Gold,Yes
C004841,Ize,Jorrisen,dexkosten@example.com,0282 589633,Female,1955-08-07,Purmer,Germany,2025-01-05,Gold,Yes
C004842,Sepp,van de Velden,uden-buytelaar@example.com,041-2802890,Female,2004-07-09,Pannerden,France,2024-09-08,Gold,No
C004843,Louise,Kalman,zneuzerling@example.org,0003 976644,Male,1972-02-15,Keijenborg,Germany,2023-11-15,Silver,No
C004844,Josephine,van den Hoek,rens43@example.org,+3168-0322418,Male,1985-03-22,Luxwoude,Netherlands,2025-12-21,Gold,No
C004845,Tess,Lansink,emanne@example.net,+3189-2348481,Female,1994-10-13,Snelrewaard,France,2024-09-18,Platinum,No
C004846,Lars,van Es,adriaensdrmatthias@example.org,(071)-3356019,Female,1958-10-18,Schimmert,Germany,2023-09-25,Gold,Yes
C004847,Brian,Leguit,hidde46@example.net,+31(0)95-7510084,Female,1973-04-12,Geelbroek,France,2026-07-21,Bronze,No
C004848,Yassin,Bruynzeels,novabos@example.net,(0968)-500308,Female,1948-12-17,Mantgum,Belgium,2025-06-18,Gold,Yes
C004849,Matthijs,Booden,lukanijman@example.com,(039)-1644439,Male,2003-06-01,Gorinchem,Belgium,2024-07-20,Silver,No
C004850,Anna,van der Heijden,wdekker@example.net,(041)-1797864,Male,1956-05-21,Hoenderloo,Belgium,2023-08-07,Bronze,No
C004851,Dave,van Salmen,tess93@example.org,+31(0)96-8249264,Female,1949-07-30,Dwingeloo,Netherlands,2026-05-05,Platinum,No
C004852,Rik,van der Kaay,adam92@example.net,+31(0)16-4449982,Male,1954-01-15,Reeuwijk,Netherlands,2023-10-13,Platinum,No
C004853,Jesper,van der Velden,janna20@example.org,+3117-0320016,Male,1946-08-01,Horn,France,2026-06-18,Platinum,No
C004854,Berend,van Dagsburg,boaz25@example.com,054 6159093,Male,1957-08-25,Schagerbrug,Netherlands,2024-02-17,Bronze,No
C004855,Valentijn,de Jode Vastraedsd,azradraaisma@example.com,+31031 397088,Male,1993-03-07,Oldetrijne,France,2024-12-04,Silver,No
C004856,Victor,Freshour,djans@example.org,023-0189774,Female,1992-07-22,Leersum,France,2026-01-05,Platinum,No
C004857,Kian,Konings,floris70@example.net,+3164 2671419,Female,2001-01-22,Oosterwolde,Germany,2025-12-19,Gold,No
C004858,Julie,"West-Francië, van",sil73@example.net,(075) 4612561,Female,1957-09-17,De Tike,Belgium,2024-03-04,Silver,Yes
C004859,Féline,van Este,lorenzo39@example.org,0141 240284,Male,1994-05-04,Beverwijk,France,2025-02-09,Bronze,No
C004860,Bente,van Clootwijck,sasmirte@example.net,+31839 311712,Male,1965-11-18,Manderveen,Germany,2023-08-15,Platinum,Yes
C004861,Charlotte,Martens,orademaker@example.com,+31(0)188-770038,Female,1948-06-26,Kollum,Belgium,2025-09-23,Gold,Yes
C004862,Tyler,van Drenthe,dloep@example.org,(072) 8305931,Male,1948-07-29,Harderwijk,Belgium,2023-10-24,Bronze,No
C004863,Bryan,van Breukelveen,van-egisheimboris@example.com,+31(0)038-989414,Male,1987-01-09,Roggel,Netherlands,2025-02-21,Bronze,No
C004864,Yasmine,Verwoert,dvan-dam@example.com,0773-570471,Female,1955-09-20,Dalem,France,2024-11-17,Bronze,No
C004865,Kevin,van Leeuwen,oliviermahieu@example.com,+3159-4369640,Female,1994-02-03,Langelo,France,2024-02-03,Silver,Yes
C004866,Hannah,Moensendijk,finn07@example.org,0139 429548,Male,2000-04-08,Kaatsheuvel,Belgium,2025-11-13,Platinum,No
C004867,Amira,van Beek,cornelissenesmee@example.com,(015)-2674062,Female,1946-02-18,Wijk bij Duurstede,Germany,2024-04-09,Platinum,Yes
C004868,Niek,Waardeloo,rooseemma@example.org,080 8704466,Female,2001-06-13,Biest-Houtakker,Germany,2023-11-14,Platinum,Yes
C004869,Roan,Lagerweij,pien50@example.net,+31(0)368 014819,Male,1999-09-14,Terneuzen,Belgium,2023-08-04,Platinum,Yes
C004870,Levi,Hoelen,davidkleijse@example.com,+31(0)24 9933865,Male,1998-07-12,Tjerkgaast,Belgium,2024-10-05,Silver,Yes
C004871,Olivia,Janse,tygo61@example.org,+3168-8280327,Male,1999-12-16,De Heurne,France,2023-12-31,Platinum,Yes
C004872,Puck,van Luin,selenakas@example.com,+31748 309759,Male,1961-11-16,Schinveld,Netherlands,2025-05-10,Silver,No
C004873,Joshua,Wutke,mia48@example.org,096 0207314,Female,1970-09-14,Gorssel,Germany,2025-01-11,Silver,Yes
C004874,Ella,Roodesteijn,gielvan-dalem@example.com,(031) 1292723,Male,1956-04-24,Balkbrug,France,2025-12-05,Platinum,Yes
C004875,Guusje,Tielemans,qpieters@example.org,049-2499303,Female,1952-06-19,Zuidschermer,Belgium,2023-10-07,Gold,No
C004876,Louise,Alpaidis,evan-kuijc@example.com,(0504) 289154,Male,1971-04-20,Marrum,Netherlands,2026-02-02,Platinum,No
C004877,Sanne,Suijker,dadriaensdr@example.com,(024)-8269785,Female,1991-09-11,Sibrandabuorren,Germany,2025-10-14,Bronze,No
C004878,Juliette,de Strigter,van-jumiegejolijn@example.net,+3117-9991317,Female,1995-10-07,Leermens,Netherlands,2024-11-27,Bronze,No
C004879,Dion,van Munster,jonas09@example.org,+31(0)787-458392,Male,1970-03-21,Burgwerd,Germany,2024-04-11,Bronze,No
C004880,Lily,Broekhoven,bart77@example.com,0170-183672,Male,2000-11-09,Zevenhuizen,Belgium,2024-08-29,Gold,No
C004881,Noëlle,van Beieren,brent15@example.org,0861 233120,Female,2004-01-09,Almelo,Netherlands,2025-06-09,Silver,No
C004882,Maud,den Teuling,mohammedvan-baalen@example.org,086-0714846,Male,1994-02-18,Heino,France,2024-08-16,Platinum,No
C004883,Merle,Perkins,kirpensteinwout@example.com,0023-252974,Female,1996-04-16,Duiven,Germany,2026-02-07,Platinum,Yes
C004884,Ilse,Levesque,cunruoch-hunerik@example.com,(0425) 764340,Male,1983-06-09,Assen,Netherlands,2024-09-18,Gold,Yes
C004885,Elena,van der Leek,jill56@example.com,+3182-4222384,Male,2008-02-07,Rijssen,Netherlands,2024-04-19,Silver,No
C004886,Lot,Mangel,lminer@example.org,+31(0)975-496228,Female,2006-09-10,Zutphen,Netherlands,2025-04-01,Gold,No
C004887,Isa,Smeets,vbave@example.com,007 8363425,Female,1953-08-15,Rijpwetering,Belgium,2024-07-28,Gold,No
C004888,Jill,van der Laan,van-stralenxavi@example.net,019 9106950,Male,1948-12-31,Nieuw- en Sint Joosland,France,2025-01-25,Silver,No
C004889,Kyara,van Salm,jmichiels@example.com,+3190-5785230,Male,1956-12-08,Alteveer gem Hoogeveen,Germany,2023-12-03,Silver,No
C004890,Jade,Rackham,wessel68@example.org,+3190-6049356,Female,1964-08-09,Delft,Belgium,2024-12-31,Bronze,Yes
C004891,Amina,Rouwhorst,fsarneel@example.net,076-7859493,Female,1950-07-20,Pernis Rotterdam,Netherlands,2024-10-14,Silver,No
C004892,Bradley,Cant,vegtmaja@example.com,+3170-5221317,Male,1987-09-20,Kerkwerve,France,2025-11-19,Platinum,No
C004893,James,Engels,pwinters@example.net,+3146 3654114,Male,1999-02-04,Vleuten,Netherlands,2023-09-17,Silver,Yes
C004894,Joep,Stichter,postmalisanne@example.org,+31(0)435-419285,Male,1985-01-19,Boven-Leeuwen,Germany,2026-07-21,Silver,Yes
C004895,Fabiënne,Linschoten,lukaboddaugh@example.org,+31(0)19 2019971,Male,1972-09-15,Broekland,Germany,2025-10-15,Silver,No
C004896,Annabel,Weyland,van-olstpien@example.com,(017)-2601387,Female,1995-07-11,Goingarijp,France,2025-08-02,Gold,No
C004897,Tijs,Huijzing,louise72@example.net,039 7062393,Female,1974-11-30,Poederoijen,Germany,2024-07-08,Bronze,Yes
C004898,Justin,Dirven,elizabriere@example.net,+31913-674748,Female,2001-08-15,Zevenhuizen,Netherlands,2026-02-13,Platinum,Yes
C004899,Liza,Brizee,lukeschiffer@example.org,0496 635973,Male,2004-05-29,Fochteloo,Germany,2023-10-08,Bronze,No
C004900,Jet,Galijn,lemmensrosalie@example.com,(0697) 959873,Female,1951-08-23,Alkmaar,Germany,2024-11-19,Gold,Yes
C004901,Tycho,Bekbergen,helenabosman@example.net,+31744 696964,Male,2007-12-31,Pannerden,Belgium,2024-07-15,Platinum,No
C004902,Luka,Joosten,evytielemans@example.com,0300 356923,Male,1965-01-17,Ravenswaaij,Netherlands,2025-10-17,Gold,No
C004903,Aaron,Loep,tirzavan-gorp@example.org,(0654) 485860,Female,1957-06-25,Heelweg,France,2025-12-04,Silver,No
C004904,Janna,de Vroege,elsenaarmirte@example.com,+3141-0798876,Female,1991-11-25,Diemen,Belgium,2026-02-02,Bronze,Yes
C004905,Teun,Brugman,jesperbouhuizen@example.org,+31(0)189 714164,Female,1946-03-09,Reuver,France,2025-09-29,Platinum,Yes
C004906,Sarah,Kuiper,hoedemakerscolin@example.org,+31(0)479 336443,Female,1949-02-11,St.-Jacobiparochie,France,2025-05-23,Gold,No
C004907,Evy,Zeemans,tylerketting@example.org,+31915 391542,Female,1949-02-05,Haalderen,Belgium,2025-11-24,Silver,No
C004908,Damian,Ferran,evysire@example.com,+31(0)355 915653,Male,2007-10-01,Melderslo,Belgium,2024-06-21,Bronze,No
C004909,Fien,Bosch,naomilensen@example.net,080-0675753,Male,1945-08-10,Hedel,Germany,2026-07-17,Silver,No
C004910,Bente,van Schevinghuizen,abelden-buytelaar@example.com,+3185-2292941,Female,2000-07-08,Amsterdam-Duivendrecht,Belgium,2024-07-26,Bronze,Yes
C004911,Mohammed,van Wessex,feddesalet@example.com,(0984)-605093,Male,1980-06-13,Sibrandabuorren,Belgium,2025-02-26,Gold,Yes
C004912,Levi,van den Broek,kcornelisz@example.com,+31(0)991-774338,Female,1953-01-03,Nieuw-Vossemeer,Netherlands,2026-05-12,Bronze,Yes
C004913,Ize,van de Ven,avan-kasteelen@example.org,0014-570719,Female,2006-10-07,Callantsoog,Netherlands,2023-12-03,Bronze,Yes
C004914,Ravi,Belpere,james42@example.org,+31(0)28-1083440,Male,1967-07-17,Rijkevoort,Belgium,2026-03-22,Gold,No
C004915,Jennifer,Schilt,hamzamerckx@example.org,+31(0)09 3603493,Male,1979-04-07,Aarlanderveen,Germany,2024-05-20,Bronze,No
C004916,Michael,de Graaf,fabian12@example.com,+31(0)72 3245778,Male,1952-11-27,Wijnbergen,Belgium,2024-06-15,Gold,No
C004917,Lena,Claassen,kle-briel@example.org,+3165 3866618,Male,1981-08-08,Almere,Germany,2024-05-22,Silver,No
C004918,Luuk,Charon,samuel31@example.com,(025) 9209851,Female,1955-02-01,Almen,France,2023-09-19,Bronze,No
C004919,Robin,Boudewijns,arievan-asten@example.net,003-4954738,Female,2005-08-09,Hollum,Germany,2025-02-17,Platinum,No
C004920,Julius,Woudenberg,nvan-haeften@example.net,+3115-1883084,Female,2005-11-25,Hoogkarspel,Netherlands,2025-03-16,Gold,Yes
C004921,Senna,Michielsen,kde-keijser@example.org,+31477 798647,Male,1979-12-08,Heythuysen,France,2024-08-05,Platinum,No
C004922,Maria,der Kijnder,thijnvos@example.net,+31(0)561-943888,Male,1952-09-26,Frederiksoord,France,2023-10-01,Gold,Yes
C004923,Noah,Pasman,brent66@example.org,+31067-854604,Male,1997-07-03,Rohel,Belgium,2025-01-15,Bronze,No
C004924,Ivy,de Grunt,danielfrankhuizen@example.net,(0382) 555717,Male,2001-04-25,Houten,Germany,2025-12-17,Gold,Yes
C004925,Nora,Keltenie,lindseygeerling@example.org,(043) 9107571,Female,1999-04-11,Blauwestad,Germany,2024-10-13,Bronze,Yes
C004926,Tycho,Gellemeyer,sofie61@example.net,+3116 4676950,Male,2004-07-20,Bemelen,France,2023-10-27,Silver,Yes
C004927,Jules,Pasman,kevin04@example.net,+3104-0566258,Female,1979-06-14,Leeuwarden,Germany,2024-12-23,Silver,No
C004928,Daphne,Zeldenrust,xmathieu@example.net,(0427) 100073,Female,1951-12-29,Stramproy,Germany,2024-08-08,Bronze,No
C004929,Fleur,Draaisma,ouwellena@example.net,(0999) 877938,Female,1964-03-24,Easterein,Netherlands,2023-10-17,Platinum,Yes
C004930,Eline,Dachgeldt,lethermirthe@example.com,+31194 016871,Female,1974-11-27,Katwijk,Germany,2025-10-16,Silver,No
C004931,Yfke,van der Kint,cvan-parijs@example.net,+31(0)473 090137,Male,1974-01-27,Middelstum,France,2024-10-27,Platinum,Yes
C004932,Hidde,Woudenberg,ldijkstra@example.com,+31(0)480-534996,Male,1991-07-23,Weteringbrug,Netherlands,2023-12-25,Silver,Yes
C004933,Floortje,van Oostendorp,sandersrowan@example.org,0648-434396,Male,1975-01-01,Urk,Netherlands,2026-07-14,Bronze,No
C004934,Seth,Vink,berendsejustin@example.org,+31(0)764-309507,Female,2007-05-24,Linden,Netherlands,2023-08-18,Gold,No
C004935,Loïs,de Bruijn,isevan-nimwegen@example.org,+31(0)21-8674276,Female,2006-02-08,Aagtekerke,Netherlands,2024-01-15,Platinum,Yes
C004936,Mika,van Vermandois,xkolster@example.com,0152-055606,Male,1965-05-16,Tollebeek,France,2025-01-16,Platinum,Yes
C004937,Hugo,Boers,vincent90@example.net,071-3898064,Male,1956-08-27,Hindeloopen,France,2025-09-26,Silver,Yes
C004938,Rik,van Dijk,wvan-der-pluijm@example.org,+31036-436574,Female,1983-04-06,Berkhout,Belgium,2026-01-20,Gold,Yes
C004939,Yinthe,Estey,woutervan-zwaben@example.org,+31(0)59-1268956,Male,1988-08-14,Nieuweroord,Germany,2026-04-24,Platinum,No
C004940,Timo,Janssens,demiheijman@example.org,014-8484004,Male,1976-07-03,Haren,France,2023-09-27,Gold,Yes
C004941,Rens,Melet,pmansveld@example.com,(0062)-387598,Male,1949-02-06,Egmond-Binnen,Netherlands,2026-01-27,Bronze,Yes
C004942,Liza,van Ginkel,annabelbosch@example.org,+31429-915686,Female,1989-06-12,Olterterp,France,2025-08-27,Gold,Yes
C004943,Linn,Dorsman,frederiquehendriks@example.com,+31(0)91-0821890,Male,1998-05-24,Wier,France,2024-10-24,Gold,No
C004944,Lieke,van Maasgouw,van-der-pluijmmirthe@example.org,+31(0)75-7915065,Male,1948-01-03,Pesse,Belgium,2024-03-31,Platinum,No
C004945,Johannes,de Reede,wesselle-gulcher@example.org,+3137-9960363,Female,1998-01-07,Ansen,Belgium,2023-11-23,Bronze,Yes
C004946,Max,Vaessen,jonathansteenbeek@example.org,+31540 249173,Female,1983-01-19,De Kiel,France,2024-02-21,Gold,Yes
C004947,Mats,de Vos,niekvan-duyvenvoorde@example.com,(0236) 295964,Female,1973-04-13,Wapserveen,Belgium,2025-08-25,Platinum,Yes
C004948,Laurens,Kremer,de-vriesluca@example.net,0698 314815,Male,1969-09-17,Balloo,Netherlands,2023-10-25,Silver,No
C004949,Felix,Chrodtrud,tygovan-den-eerenbeemt@example.org,+31(0)09 2335211,Male,1982-08-23,Oudehaske,Belgium,2024-04-24,Gold,Yes
C004950,Joost,de Gruil,mayabuijs@example.org,0627-118255,Male,1976-11-04,Bronnegerveen,Germany,2025-08-14,Bronze,Yes
C004951,Jolijn,van Kasteelen,kate51@example.net,+31(0)511-282366,Male,1975-08-21,Wanroij,Germany,2023-12-28,Silver,No
C004952,Jill,Bartels,lvan-ginkel@example.net,(0745)-207688,Male,1956-11-06,Heijen,Germany,2024-08-25,Platinum,Yes
C004953,Nova,van Grondelle,pwestermann@example.org,016 4330346,Male,1958-01-05,Eemdijk,France,2024-08-26,Silver,No
C004954,Aiden,Perck,hvan-der-veen@example.org,(013)-3974664,Female,1997-12-21,Slijkenburg,Belgium,2023-11-09,Silver,Yes
C004955,Isa,Heijman,aimee67@example.net,(0557)-860134,Female,1997-11-04,Haarzuilens,Netherlands,2026-02-28,Platinum,No
C004956,Vajèn,Rek,liviabacker@example.org,(0908)-928213,Male,1993-08-06,Siegerswoude,Netherlands,2024-08-20,Platinum,No
C004957,Micha,van Gorp,van-gilslenn@example.org,(074) 6866707,Female,1991-09-18,Wormer,Netherlands,2025-05-30,Gold,No
C004958,Lisanne,Tielemans,elif52@example.org,(0802)-566681,Female,1947-08-14,Scheemda,Belgium,2023-11-05,Platinum,Yes
C004959,Abel,Adriaense,vincent27@example.org,(0865) 065997,Female,1945-11-06,Nieuweroord,France,2024-08-16,Bronze,Yes
C004960,Nout,Rotteveel,hvervoort@example.com,+31(0)82 9604953,Male,1965-12-09,Knegsel,Belgium,2023-10-24,Platinum,Yes
C004961,Jason,Slagmolen,feline57@example.com,+31(0)66-0436270,Female,1966-11-02,Muiden,Germany,2024-05-22,Platinum,Yes
C004962,Zakaria,Bernaards,aron25@example.net,+31(0)93-7663718,Male,1951-06-16,Niekerk,Belgium,2024-04-20,Platinum,No
C004963,Melissa,Rotteveel,hoekselizabeth@example.org,(038) 4208012,Male,1995-08-06,Boornbergum,Netherlands,2023-08-05,Silver,No
C004964,Jasmijn,Arts,van-de-venaylin@example.net,+31(0)970-828037,Female,1966-09-22,Kessel,Germany,2025-08-02,Silver,No
C004965,Bente,van de Klashorst,svan-noordeloos@example.org,+3199-0508674,Male,2005-01-19,Staphorst,Belgium,2025-07-24,Platinum,No
C004966,Niek,Coret,jaylinnkriens@example.com,(0111)-351538,Female,1974-03-10,Venlo,France,2025-08-08,Platinum,Yes
C004967,Valentijn,van der Kint,ivan-poppel@example.net,+31687 960390,Male,1969-11-06,Houtigehage,Germany,2025-02-14,Bronze,No
C004968,Dylano,Groenestein,buijskyan@example.org,(0261) 824051,Male,1996-07-11,Vlijmen,France,2025-03-05,Bronze,No
C004969,Tijn,van Wijk,jamievan-der-meulen@example.net,0876 416768,Female,1953-07-26,De Bult,Germany,2025-01-28,Platinum,No
C004970,Ashley,Michielsen,leonvaessen@example.net,032 1986725,Female,1960-06-29,Ter Apelkanaal,France,2024-01-16,Silver,Yes
C004971,Lise,Scherms,elise42@example.com,(0720) 545145,Male,1967-01-06,Zonnemaire,Belgium,2024-10-06,Silver,No
C004972,Lot,van den Brink,alexvan-beek@example.net,+3104 0721406,Male,1994-11-28,Hemrik,Germany,2025-11-20,Silver,Yes
C004973,Jake,Kof,jonkerayden@example.org,044 9857355,Female,1986-12-30,Easterwierrum,France,2024-07-14,Gold,No
C004974,Floris,van Noordeloos,heerelana@example.net,+31(0)200 148128,Female,2005-01-08,Groet,Germany,2026-03-01,Gold,Yes
C004975,Jesper,Suijker,rponcelet@example.com,(088)-4229252,Male,1969-12-18,Ruigahuizen,France,2026-04-22,Silver,Yes
C004976,Luuk,Kosten,sde-nijs@example.com,+31327-973565,Female,1972-11-19,Vethuizen,Germany,2025-11-11,Bronze,Yes
C004977,Sophia,Hekker,lana64@example.com,+31(0)52-0020615,Male,1985-05-20,Tiendeveen,Germany,2023-08-11,Platinum,Yes
C004978,Quinn,van de Pavert,evi23@example.com,(013) 3728696,Male,1959-02-09,Puth,Germany,2026-01-17,Bronze,No
C004979,Jim,Janssens,arthur81@example.net,+31699-973582,Male,1977-01-16,Stoutenburg Noord,Germany,2026-05-07,Silver,No
C004980,Gijs,Cadefau,vde-reede@example.com,+31(0)52 1471269,Male,1950-08-25,Wijnbergen,Belgium,2025-08-28,Platinum,No
C004981,Ceylin,Bartels,jippalman@example.com,+3157 6161956,Male,1979-12-30,Geesbrug,Belgium,2024-08-13,Silver,No
C004982,Yinthe,van Bergen,van-nusjames@example.com,(0898)-155222,Female,1960-10-24,Hoogwoud,Netherlands,2023-08-24,Gold,Yes
C004983,Julius,de Bont,yvan-der-laar@example.net,(051) 1093736,Male,2006-03-21,Hulsberg,France,2025-11-21,Gold,No
C004984,Lizzy,Stamrood,ndavid@example.org,0626 290682,Female,1986-11-18,Boschoord,Belgium,2025-08-14,Silver,Yes
C004985,Noah,Reimes,samuelle-gulcher@example.com,+31(0)36 2038594,Female,1989-02-09,Oldekerk,Germany,2023-12-05,Platinum,No
C004986,Lot,Goudriaan,raf07@example.org,0645 187908,Male,1949-01-14,Tienray,France,2024-01-01,Silver,Yes
C004987,Selena,Spruit,ldekker@example.org,0616-109267,Female,1961-05-15,Voerendaal,Belgium,2025-12-25,Bronze,Yes
C004988,Elise,van Lucel,lucy19@example.com,(0565)-474118,Female,1990-06-23,Garmerwolde,Belgium,2026-03-30,Bronze,No
C004989,Tyler,Dachgelt,gjaceps@example.net,+31(0)811 487486,Male,1970-06-18,Hoge Hexel,Germany,2025-08-03,Silver,Yes
C004990,Suze,Rubben,dexcornelisz@example.com,0265-243343,Female,1964-05-03,Oostkapelle,Germany,2023-11-23,Gold,Yes
C004991,Zoey,Wolzak,lucasde-kok@example.net,+3134 5095838,Female,2001-06-14,Nijeholtpade,France,2023-11-10,Bronze,Yes
C004992,Mats,Sitters,van-zwabenjoep@example.org,+31659-963954,Female,1974-03-18,Dinteloord,Belgium,2026-01-31,Silver,No
C004993,Luca,Everts,jtimmermans@example.com,+31(0)087 455909,Male,2008-03-01,Ypecolsga,Netherlands,2024-02-17,Silver,No
C004994,Ayden,van den Henst,le-guelleclex@example.com,(082)-7171446,Female,1986-05-11,Heerlen,Netherlands,2023-11-16,Gold,No
C004995,Fleur,Sam,rikle-marec@example.com,(040)-2951335,Female,1958-06-01,Oostburg,Netherlands,2025-12-10,Silver,No
C004996,David,Passchiers,ivan-alenburg@example.org,010 3157749,Female,1988-03-28,Daarlerveen,Netherlands,2024-11-08,Silver,Yes
C004997,Mika,Zaal,de-hoogvigo@example.com,+31(0)083 237860,Male,1980-01-09,Lathum,France,2024-02-06,Platinum,Yes
C004998,Sam,van de Wal,selenalijn@example.net,+31184-938964,Female,1991-05-05,Megen,France,2023-11-02,Silver,No
C004999,Amber,van der Lede,van-der-plasjack@example.com,(0384) 786824,Male,1994-06-20,Persingen,Germany,2025-07-08,Gold,Yes
C005000,Valentijn,Nek,keijsergiel@example.net,(072) 4833867,Female,1993-04-03,Marken,Belgium,2024-10-17,Silver,No
