mobile_customer_id,fname,lname,email_address,mobile_number,city,country,signup_date
MB000001,Luka,van der Pluijm,hendricksmara@example.org,+31(0)95 8929387,Holtum,Netherlands,2025-12-18
MB000002,Puck,Bruggeman,janadriaense@example.org,+31(0)67 3691263,Westbeemster,Germany,2026-01-17
MB000003,Ella,Cant,eline07@example.net,+31(0)751-378609,Eesterga,Germany,2026-02-03
MB000004,Mats,Lieshout,vigovan-breukeleveen@example.net,+31(0)21 1846570,Andijk,Netherlands,2026-07-08
MB000005,Anna,Weerdenburg,evan-t-riet@example.com,(0727) 944075,Heukelom,Germany,2024-10-13
MB000006,Amelia,Schakelaar,philip58@example.org,(051)-5216875,Asten,Netherlands,2025-07-25
MB000007,Noor,Schelvis,nweijland@example.org,043 2524264,Koudekerk aan den Rijn,Germany,2025-03-06
MB000008,Annemijn,Lonen,marceronvalentijn@example.org,+3177-9180077,Pietersbierum,France,2025-05-17
MB000009,Dina,Verheij,lotvan-noort@example.com,+31(0)47-4529785,Eenrum,France,2025-09-02
MB000010,Norah,Schuurmans,van-enschotjolijn@example.com,+31(0)705 338004,Leons,Netherlands,2026-03-01
MB000011,Raf,Govarts,eversluka@example.org,(050) 4267835,de Wijk,Belgium,2025-05-07
MB000012,Jade,Leene,qvan-saksen@example.com,+31(0)91-1074335,Maurik,Netherlands,2024-04-25
MB000013,Jorn,de Vries,suuspieters-van-der-maes@example.net,(0445) 394005,Kwadijk,Netherlands,2025-08-06
MB000014,Sienna,Verwoert,vera64@example.com,(098) 8987827,Tijnje,Netherlands,2025-09-16
MB000015,Isis,Rijcken,stella35@example.net,+31039-158370,Zutphen,France,2024-04-12
MB000016,Maaike,van den Berg,stef17@example.org,(0461) 166063,Winschoten,Germany,2025-11-12
MB000017,Yassin,van Hulten,livde-heer@example.com,+31126-194700,IJsselham,France,2025-09-21
MB000018,Lucas,van Haspengouw Hesbaye,riley86@example.com,0430-062183,Steensel,Belgium,2023-11-20
MB000019,Rik,de Kok,madelief27@example.net,0904-876857,Raamsdonk,Belgium,2024-08-27
MB000020,Maryam,Verbeeck,charonesmee@example.net,+31(0)161-367313,Haps,Netherlands,2024-10-31
MB000021,Johanna,van Munster,abel19@example.com,0473 292021,Onderdendam,France,2026-07-22
MB000022,Naud,Verheuvel,de-keijzerjake@example.net,+31764-140054,Roosteren,Germany,2026-06-21
MB000023,Danique,Cant,,+31338 474603,Elsendorp,Belgium,2025-10-05
MB000024,Frederique,van der Veen,kayverschuere@example.org,+31(0)49-2821009,'s-Gravenzande,Germany,2025-05-13
MB000025,Boaz,de Heer,jde-groot@example.com,074 5347741,Ter Apel,Belgium,2023-10-04
MB000026,Julius,van Vlaanderen,tijsminer@example.org,004-0027387,Friens,Germany,2024-01-22
MB000027,Gijs,Cadefau,vde-reede@example.com,+31(0)52 1471269,Wijnbergen,Belgium,2025-08-28
MB000028,Lisa,Hemma van Allemanië,yshupe@example.com,(0844)-153180,Krabbendijke,France,2026-07-01
MB000029,Emily,Willemsen,fabian27@example.org,088-8617804,Wolvega,Netherlands,2026-06-07
MB000030,Zara,Rutten,vincentbeekman@example.com,+31(0)258-942418,Rijswijk,Germany,2023-10-08
MB000031,Jules,Everts,van-der-laarsejayson@example.org,+31(0)643-352381,Soesterberg,Germany,2025-04-09
MB000032,Angelina,Nollee,tijmenvan-voorst@example.com,0216-556695,Goutum,Germany,2025-12-13
MB000033,Kian,Middelkoop,quintyvolcke@example.com,+31(0)965 701279,Onderdendam,Netherlands,2024-11-01
MB000034,Ali,Goyaerts van Waderle,jayden61@example.org,+3117-3219755,Den Helder,Germany,2024-08-22
MB000035,Valerie,Hoeks,thijsuphus@example.com,+31(0)210 877991,Meeuwen,Netherlands,2026-06-29
MB000036,Wesley,Schrik,sannede-jager@example.org,(056)-6650010,Bad Nieuweschans,Germany,2026-04-04
MB000037,Timo,Osterhoudt,miloudubois@example.net,(0286) 845092,Dreischor,Belgium,2024-05-01
MB000038,Dylan,Corstiaens,merkxaaliyah@example.org,+31(0)62 8579200,Nieuwerkerk aan den IJssel,France,2024-10-30
MB000039,Jayson,Weeldenburg,mick01@example.org,(004)-1202388,Hoogmade,Netherlands,2025-07-02
MB000040,Dave,van Hemert,pien03@example.org,+31(0)83 2949882,Wetering,Netherlands,2024-06-04
MB000041,Laura,van der Ven,zde-gruson@example.net,037 1874441,Sint-Oedenrode,Netherlands,2025-07-27
MB000042,Cas,wOLZAK,nadia99@example.org,+31(0)066-450115,Overloon,Germany,2026-06-11
MB000043,Lex,Walter,kvan-mook@example.org,+31461-569384,Sint Maarten,France,2023-08-29
MB000044,Tobias,Verkade,jurrijensmustafa@example.com,(013)-0489864,Poppenwier,Netherlands,2024-05-12
MB000045,Valerie,de Backer,mzijlemans@example.com,(0918) 818112,Weidum,Germany,2025-05-11
MB000046,Victoria,van de Berg,vclaesner@example.com,(0569)-306773,Noordbroek,Belgium,2026-02-21
MB000047,Bram,Brouwer,rafael12@example.org,,Mierlo,France,2026-02-09
MB000048,Gerrit,de Bruijn,cosmanashley@example.com,064 5233746,Schoondijke,Germany,2025-12-14
MB000049,Esmee,Merkx,fvan-ooyen@example.net,+3137 9724700,Medemblik,France,2024-12-25
MB000050,Tijn,Schrant,lisaoostveen@example.com,+31(0)66-6721368,Ubbergen,Germany,2024-10-12
MB000051,Riley,Joosten,cdie-bont@example.net,097 4644899,Klundert,France,2026-04-11
MB000052,Noah,Sam,laffraymicha@example.org,(085)-1674416,Ledeacker,France,2024-12-26
MB000053,Norah,Elberts,elias66@example.org,+31(0)677 099937,Jelsum,Netherlands,2025-09-09
MB000054,Jayson,Kortman,imkeduivenvoorden@example.org,041 2031990,Yerseke,Netherlands,2026-06-23
MB000055,Lisanne,van 't Houteveen,renske30@example.com,+31(0)33 6467197,Moergestel,Netherlands,2026-06-08
MB000056,Tom,Wildschut,hvan-t-houteveen@example.com,0256 843457,Kwintsheul,Germany,2023-09-05
MB000057,Lorenzo,Ketel,vertoorenvalentijn@example.org,(070) 6096631,Visvliet,Netherlands,2025-10-15
MB000058,Berend,van der Linden,lara47@example.com,(015) 0018618,Asten,Germany,2023-08-09
MB000059,Emir,Haneberg,@retailmart.com,+3153 7132624,Lichtaard,France,2025-12-27
MB000060,Elisa,Huisman,schwartsbachkoen@example.org,0830 558090,Paasloo,Netherlands,2025-02-10
MB000061,Joost,Brandon,veerle46@example.net,+31(0)27-3644764,Zeerijp,Belgium,2025-09-20
MB000062,Jayda,van der Ploeg,amy28@example.com,+3199 0357762,Jaarsveld,Belgium,2026-06-28
MB000063,Hamza,Vermeulen,inayavan-der-leek@example.net,+31(0)69 3306396,Hulten,Netherlands,2024-09-28
MB000064,Lenn,Cammel,maja62@example.net,095 0500993,Enkhuizen,Netherlands,2023-11-19
MB000065,Senna,Houdijk,noud03@example.net,+31(0)391-039444,Wanneperveen,France,2023-09-17
MB000066,Nout,Schotte,jacepsjinthe@example.net,0495 549096,Vierlingsbeek,Germany,2025-07-27
MB000067,Azra,Estey,utimmermans@example.net,+3131-8075355,Weerselo,Belgium,2024-10-26
MB000068,Mika,Schuurmans,klomp-janyoussef@example.com,(0557)-700168,Zelhem,Netherlands,2025-07-18
MB000069,Amina,Karels,danique09@example.org,064-0239328,Hardenberg,Netherlands,2025-12-29
MB000070,Imran,de Jong,chrodtruddylano@example.com,+31(0)112-556398,Ravenswaaij,Germany,2026-01-16
MB000071,Mia,Ketting,mart88@example.org,0659 325565,Akmarijp,Belgium,2024-08-06
MB000072,Jamie,Kuit,weijtersmirte@example.org,+31(0)271 964273,Jouswier,Netherlands,2024-07-14
MB000073,Mustafa,de Gruijl,bibibierstraten@example.com,+31(0)708-843461,Leur,Netherlands,2025-04-17
MB000074,Pien,de Vos,karlijn77@example.net,+31(0)626 343435,Elsendorp,Netherlands,2024-03-27
MB000075,Fleur,van der Stael de Jonge,sulrich@example.com,0721 973184,Laag-Keppel,France,2024-01-07
MB000076,Luka,Scheer,daanmeeusen@example.net,(036)-3895012,Haarsteeg,France,2025-08-27
MB000077,Amin,Speijer,brian86@example.org,095 7005204,Vierpolders,France,2025-02-23
MB000078,Faye,Vrancken,jayden75@example.org,0765 402520,Nieuwdorp,Germany,2025-04-14
MB000079,Joris,van Noordeloos,ogodfrey-van-alemannie@example.net,032-0569667,Zetten,France,2024-01-28
MB000080,Maarten,Mathurin,xavihoeks@example.com,+31(0)00-8226067,Opheusden,Belgium,2024-05-06
MB000081,Amira,van Beek,cornelissenesmee@example.com,(015)-2674062,Wijk bij Duurstede,Germany,2024-04-09
MB000082,Amin,van Clootwijck,van-de-veenguus@example.net,(0164)-579978,Loon,Belgium,2025-04-10
MB000083,Nick,Wilmont,jan87@example.org,(088) 1354040,Oldeholtwolde,Netherlands,2025-02-11
MB000084,Yasmine,Pison,arentsamuel@example.net,(015) 4464650,Veeningen,Belgium,2024-05-13
MB000085,Felix,Riem,averbeeck@example.com,+31(0)00 3111290,Babyloniënbroek,Netherlands,2025-09-13
MB000086,Eva,Stettyn,van-baalenmaja@example.com,(005)-1579151,Zweins,France,2024-08-27
MB000087,Jenna,van der Pol,saarvan-duvenvoirde@example.org,(0743) 801029,Bingelrade,Germany,2024-01-16
MB000088,Zeynep,Robbrechts Bruijne,gde-plantard@example.com,(056)-0157183,Nijega,Netherlands,2024-12-29
MB000089,Damian,Walsteijn,elinde-vries@example.com,+31807 360298,Kloetinge,Germany,2023-11-14
MB000090,Jelle,van Noort,dylanaertsz@example.org,+31115 283345,Garderen,Germany,2023-08-12
MB000091,Niels,Ridder,rijnalex@example.org,+31(0)300-221005,Dalfsen,Germany,2023-12-31
MB000092,Olivia,Broekhoven,hvan-saksen@example.com,(0304) 474547,Ried,France,2023-10-21
MB000093,Inaya,Olykan,jhondeveld@example.net,(034) 5222659,Lutjewinkel,Netherlands,2026-06-10
MB000094,Youssef,Pierson,casper88@example.net,(0355)-189716,Rotsterhaule,Netherlands,2026-04-18
MB000095,Lily,van Allemanië,stella62@example.com,094 1493835,Elsloo,Germany,2026-05-13
MB000096,Wessel,van Santen,yfredriks@example.org,+3128 1772102,Halfweg,Belgium,2025-04-06
MB000097,Jesper,Sitters,matholhidde@example.net,+31(0)27 9295642,Altforst,Belgium,2026-06-25
MB000098,Amber,Elsemulder,zakaria97@example.net,+3132 2331778,Molenhoek,France,2025-09-25
MB000099,Julie,Hendricks,zpratt@example.net,(061) 2741190,Benneveld,Belgium,2026-02-05
MB000100,Elizabeth,Tielemans,norah68@example.org,+31(0)002 492997,Asperen,France,2026-06-30
MB000101,Nout,Fechant,xoverdijk@example.net,0140 403337,Wapse,Netherlands,2025-12-19
MB000102,Wout,Ehlert,,+31780-053846,Stokkum,France,2024-11-21
MB000103,Tess,Lansink,emanne@example.net,+3189-2348481,Snelrewaard,France,2024-09-18
MB000104,Senn,Huijs,hhoelen@example.net,+31(0)682 720332,Bavel AC,France,2023-12-16
MB000105,Elena,le Gulcher,merlegnodde@example.net,+31(0)705-187361,Huijbergen,Netherlands,2024-02-15
MB000106,Sophie,Groenendaal,sam55@example.com,(0237) 074598,Vlijmen,Netherlands,2025-12-03
MB000107,Jenna,Wolters,fwest-francie-van@example.com,043-3248531,Wijk aan Zee,Germany,2023-11-02
MB000108,Jennifer,Ansems,benthehulst@example.org,051 9192407,Ubbena,Belgium,2025-10-26
MB000109,Lieke,van Leeuwen,billungzakaria@example.com,+31882 012303,Liempde,Belgium,2024-04-29
MB000110,Lena,van Liendert,wilsonriley@example.net,0555 265313,1e Exloërmond,Belgium,2025-05-01
MB000111,Joshua,van Nus,wmarchand@example.net,+3130 9016267,Vierhuizen,Netherlands,2025-10-31
MB000112,Demi,KOSTER,wouter50@example.net,+31(0)69 1014433,Budel-Schoot,Belgium,2025-06-21
MB000113,Jelte,Kortman,bouhuizenalicia@example.org,(0413) 609538,Bakhuizen,Belgium,2024-10-07
MB000114,Evi,Huisman,hguit@example.net,(063) 0295214,Rijnsaterwoude,France,2024-02-27
MB000115,Nora,Keltenie,lindseygeerling@example.org,(043) 9107571,Blauwestad,Germany,2024-10-13
MB000116,Ben,van Dokkum,weijterspieter@example.com,0489-864661,Geertruidenberg,Netherlands,2024-12-02
MB000117,Tygo,Jansdr,wunderinktygo@example.net,(030)-1619717,Lengel,Belgium,2026-02-01
MB000118,Kyara,Walsteijn,van-duyvenvoordemika@example.com,(037) 2646836,Klazienaveen-Noord,Netherlands,2024-04-25
MB000119,Nadine,van de Pol,yromijn@example.net,+31(0)70 8542333,Haskerhorne,Belgium,2025-08-10
MB000120,Ravi,de Lange,rkuijpers@example.net,+31(0)274 211196,Haren Gn,Netherlands,2024-08-06
MB000121,Joep,van Leeuwen,missing-at-symbol.com,+31(0)580 563995,Easterwierrum,Germany,2025-12-14
MB000122,Pepijn,Spiker,okamp@example.org,0411-520002,Nieuw-Balinge,Netherlands,2024-03-27
MB000123,Lindsey,Simonis,esteyeliza@example.com,+31806 847918,'t Loo Oldebroek,Netherlands,2024-07-03
MB000124,Dina,Haselaar,maritbos@example.org,+3183-8157964,Borgsweer,France,2026-07-04
MB000125,Hailey,van Northeim,dlevesque@example.org,0083-805168,Sweikhuizen,Germany,2026-01-31
MB000126,Ivy,van der Avoirt,adriana03@example.org,(018) 6213563,Hezingen,Belgium,2026-06-24
MB000127,Valerie,Smits,van-der-veenali@example.net,(0745)-832679,Twisk,France,2023-09-28
MB000128,Janne,Jonkman,sterkmannoud@example.net,+3139-1648235,Sibrandabuorren,Netherlands,2025-05-06
MB000129,Elena,Gemen,daniarens@example.org,011 6654391,Anerveen,Belgium,2025-03-21
MB000130,Mads,Speijer,stella48@example.com,0932 391866,Noordwijkerhout,Belgium,2025-06-06
MB000131,Mees,van Mook,megan12@example.net,(0770) 838660,Zuiddorpe,Belgium,2025-11-02
MB000132,Seth,Labado,wvan-veen@example.org,(0048) 225631,Ossenwaard,France,2026-06-03
MB000133,Angelina,Rehorst,roommohammed@example.net,0740 281181,Hoornaar,Netherlands,2026-04-11
MB000134,Floris,Glasses,senn14@example.net,+31(0)88 0743968,Den Ilp,Belgium,2024-02-01
MB000135,Sofie,Schelvis,spruytadriana@example.com,+3134 1094641,Zetten,Netherlands,2026-03-29
MB000136,Joep,van Embden,kvan-dommelen@example.com,(067)-6907649,Westknollendam,Germany,2023-09-11
MB000137,Matthias,van der Smeede,smulder@example.net,(076)-9037831,Marle,Netherlands,2024-01-03
MB000138,Ravi,de Vroege,evaveltman@example.net,+31317-348128,Schildwolde,Belgium,2024-11-30
MB000139,Mike,Klomp Jan,samuel61@example.net,+3165-6684901,Ginnum,Germany,2023-10-29
MB000140,Kyano,Waardeloo,artsmara@example.com,+31(0)782 596715,De Pol,Netherlands,2025-01-12
MB000141,Jonathan,Terry,bloemendaaljelte@example.org,060-5204518,Tirns,Netherlands,2024-11-14
MB000142,Maryam,van de Leemput,bkleybrink@example.net,050 7933871,Lochem,Netherlands,2026-05-11
MB000143,Oscar,de Groot,johannes60@example.net,(004) 7432759,Nieuw-Amsterdam,Netherlands,2025-12-29
MB000144,Rens,Stamrood,roessinklana@example.org,+3125-1682129,Nijlande,Netherlands,2025-01-13
MB000145,Eliza,de Jager,zgoedhart@example.com,(0769) 897509,Tonden,Belgium,2025-10-01
MB000146,Féline,van Este,lorenzo39@example.org,0141 240284,Beverwijk,France,2025-02-09
MB000147,Sarah,Steenbeek,van-bovenmaryam@example.com,(049) 1943760,Haulerwijk,Germany,2025-10-09
MB000148,Laurens,van Suinvorde,de-boernynke@example.org,,Drimmelen,Belgium,2026-06-09
MB000149,Sepp,van der Stael,ude-roo@example.com,+31873-558167,Gaast,Germany,2025-08-06
MB000150,Fay,Otto,thijn94@example.org,(024)-3254198,Achtmaal,Belgium,2024-06-01
MB000151,Mike,Scharroo,chloebakker@example.com,+31843-903191,Lewedorp,Germany,2024-01-17
MB000152,Lucy,van der Heijden,ivan-der-avoirt@example.net,040 1390293,Maasbommel,Germany,2025-07-13
MB000153,Elena,van Tours,zijlmanschloe@example.net,0600-901964,Hazerswoude-Dorp,Netherlands,2023-09-10
MB000154,Bibi,de Haas,vrijntjes@example.com,+31(0)50 8822269,Warten,Germany,2024-02-21
MB000155,Ties,van Wijk,davidwinnrich@example.org,+31941 017075,Moddergat,Netherlands,2026-05-31
MB000156,Michelle,van den Nuwenhijsen,wilsonzoey@example.net,+31743-114609,Baarland,Belgium,2025-12-24
MB000157,Kaylee,Dircken,mwalter@example.com,(086)-4363654,Heumen,Netherlands,2026-04-24
MB000158,Sam,Jansen,rijckenbrian@example.org,,Blije,Belgium,2023-12-13
MB000159,Lize,van Engeland,lukasvan-der-pluijm@example.net,+3180 3690337,Halsteren,Netherlands,2024-02-09
MB000160,Valentijn,Brievingh,philip91@example.com,(0412)-621050,Baexem,France,2023-09-26
MB000161,Luca,Bloemendaal,sandersmits@example.org,+31753-951436,Borgercompagnie,Netherlands,2024-02-03
MB000162,Elias,Aertsz,giovanni18@example.net,+3189-1782233,Veeningen,Germany,2026-02-07
MB000163,Janna,Hellevoort,milohuijzing@example.org,(0958) 625956,Wijdewormer,France,2025-05-30
MB000164,Lucas,Krabbe,de-jongvictor@example.org,(0006)-291106,Broek in Waterland,Belgium,2025-02-26
MB000165,Siem,Veenstra,jayvan-t-erve@example.com,+31(0)26-8709420,Ommen,Belgium,2023-12-31
MB000166,Thijs,Wever,noelleblonk@example.org,+31856-149382,Uitdam,Germany,2023-12-30
MB000167,Maarten,Groen,korsmanvajen@example.net,+31(0)254-899424,Plasmolen,Germany,2026-07-04
MB000168,Lenn,Brumleve,beau38@example.com,(056) 2224380,Rhenoy,Belgium,2025-08-11
MB000169,Rosalie,Scherms,linanihoe@example.net,(073) 3345502,Bergeijk,Belgium,2025-10-14
MB000170,Joey,Roukes,iwillemsen@example.net,(057)-8872164,Wenum Wiesel,Belgium,2025-06-09
MB000171,Dani,Hemma van Allemanië,marediesbergen@example.org,(018)-5915657,Wolphaartsdijk,Netherlands,2026-03-26
MB000172,Lisanne,Roukes,ivan-veen@example.org,(0722)-562144,Meppen,Netherlands,2025-10-11
MB000173,Kick,Aertsz,vince34@example.com,0748-816332,Ilpendam,France,2025-05-10
MB000174,Josephine,Hekker,berendjoosten@example.com,+31864-916913,Bruinehaar,Germany,2026-04-16
MB000175,  Sten  ,Simons,de-kaleize@example.com,+31(0)02-9744874,Heteren,France,2024-03-12
MB000176,Koen,Joosten,rayan69@example.com,0595-579451,Berltsum,Netherlands,2023-11-21
MB000177,Laurens,VAN oOSTEN,bvan-brunswijk@example.net,+31639 841612,Benneveld,Belgium,2024-03-25
MB000178,Rick,Ouwerkerk,alyssavan-den-corput@example.org,0813-651375,Sassenheim,Belgium,2024-10-11
MB000179,Cornelis,Verboom,quinty06@example.com,062 4478934,Nieuwolda,France,2025-09-10
MB000180,Pien,Marchal,de-bruynkayleigh@example.com,(0150)-727976,Easterlittens,Netherlands,2024-02-15
MB000181,Tycho,van Clootwijck,vvan-laar@example.org,+31773 270997,Doeveren,Netherlands,2026-05-26
MB000182,Jolie,Aertsz,kolenemily@example.org,(0949) 792002,Ochten,Germany,2023-08-28
MB000183,Suze,"West-Francië, van",versluijsamira@example.org,+31(0)23-2733649,Ingelum,France,2024-05-08
MB000184,Anouk,Verschuere,dirk21@example.net,+31(0)65-0092993,Chaam,Belgium,2025-12-31
MB000185,Daniël,le Luc,mvan-liendert@example.com,+3110 1975127,Epe,France,2024-01-06
MB000186,Dylano,Hendriks,arentfloortje@example.com,+31970 873752,Oosthuizen,Netherlands,2024-06-30
MB000187,Mick,van der Kint,rijckenravi@example.org,(0401) 105577,Schinveld,France,2023-11-22
MB000188,Helena,van Kuijc van Malsen,van-der-mastmathijs@example.net,+31(0)564 846008,Nunhem,Germany,2024-01-07
MB000189,Joris,Haselaar,nde-vries@example.org,+31270-486255,Strijbeek,Germany,2025-11-10
MB000190,Sienna,Everts,izevan-limburg@example.com,0625 729373,Nisse,Belgium,2024-12-06
MB000191,Felix,van Dam,willemsjob@example.com,+31(0)693-534839,Hurdegaryp,Germany,2024-07-14
MB000192,Olivia,Stichter,yaralonen@example.com,+31461 550914,Smallebrugge,Germany,2025-12-17
MB000193,Livia,de Groot,cosmanchris@example.net,(0993)-216710,Papenvoort,France,2026-03-30
MB000194,Lex,Gerritse,laurenspeijer@example.org,(035)-5583360,Hertme,Germany,2026-04-07
MB000195,Sem,Vignon,lorreijnvincent@example.org,092-4515974,Wetsinge,France,2025-03-14
MB000196,Ruben,Dekker,alyssa22@example.com,002 4537908,Annen,Netherlands,2026-02-20
MB000197,Olivia,Huisman,jake18@example.org,+31494 794353,Ruinerwold,Belgium,2026-03-15
MB000198,Levi,Uit de Willigen,mmosley@example.net,025 3056436,Zevenbergen,Netherlands,2024-02-01
MB000199,Philip,van den Oever,elisabeth17@example.org,(0977) 580543,Soesterberg,France,2024-06-21
MB000200,Puk,Garret,van-der-plasmyrthe@example.net,0914 645660,Hengstdijk,Netherlands,2026-06-21
MB000201,Fiene,van der Heiden,rooslorreijn@example.com,+3196-1268965,'s-Heerenhoek,France,2024-08-04
MB000202,Senna,van Laarhoven,pter-waarbeek@example.net,(0611)-526758,IJhorst,Germany,2025-02-23
MB000203,Sara,van 't Wel,verboomties@example.net,+3196-4841106,Harmelen,Germany,2024-05-19
MB000204,Thom,Huisman,lvan-formbach@example.com,037 4967692,Gelderswoude,France,2025-06-25
MB000205,Yinthe,van Bovenen,olafvan-wijk@example.net,039 4550193,Beltrum,Germany,2025-10-11
MB000206,Olaf,Remmers,jaylinnvan-mook@example.net,+3129-8155445,Woltersum,Germany,2024-12-08
MB000207,Nova,de Marduras,vissermaryam@example.net,,Uithoorn,Germany,2025-08-03
MB000208,Jorn,Lamore,kirpensteintara@example.com,+31(0)492 568964,Siddeburen,France,2024-09-20
MB000209,Charlotte,van der Avoirt,geldenszeynep@example.com,+31975-872311,Terneuzen,France,2023-09-06
MB000210,Simon,van de Elzas,marijn57@example.net,033-9993449,Oranjewoud,Netherlands,2024-01-03
MB000211,Ibrahim,Schrant,van-den-veldennaud@example.net,+31(0)330-264013,Rasquert,Belgium,2025-03-06
MB000212,Vigo,Vertoor,aeijephileine@example.org,+31(0)343 696356,Snelrewaard,Germany,2023-10-23
MB000213,Floortje,Hendriks,noelle28@example.com,+31(0)202 915129,Meedhuizen,France,2025-11-29
MB000214,Azra,van der Mast,nadine21@example.com,(025)-8732883,Hank,France,2026-02-24
MB000215,Lois,Dirven,yasmin18@example.org,+3157-8330112,Giessenburg,Netherlands,2025-11-30
MB000216,Jenna,van de Eerenbeemt,njans@example.com,+31(0)106 771553,Vlaardingen,Germany,2024-04-10
MB000217,Jesse,van Brenen,lynn41@example.net,054 2901085,Beuningen Gld,Germany,2024-04-09
MB000218,Luca,van der Heiden,frederiqueschenk@example.org,+31(0)233-971029,Baarland,Belgium,2024-04-21
MB000219,Bente,van der Horst,indy53@example.com,+31719 226652,Terwolde,Netherlands,2024-06-24
MB000220,Chloé,Remmers,abel55@example.com,+3102-6936282,Bleskensgraaf ca,Netherlands,2024-02-10
MB000221,Felix,Chrodtrud,,+31(0)09 2335211,Oudehaske,Belgium,2024-04-24
MB000222,Meike,Latier,van-den-wittenboerrenske@example.com,+31311 107742,Macharen,Netherlands,2026-07-13
MB000223,Luca,Everts,jtimmermans@example.com,+31(0)087 455909,Ypecolsga,Netherlands,2024-02-17
MB000224,Bart,Hellevoort,ecrin57@example.org,028-9679385,Oudenhoorn,France,2024-10-03
MB000225,  Phileine  ,Nihoe,adriaensdrashley@example.org,(0656) 338370,Drieborg,Germany,2025-12-10
MB000226,Jason,van der Linden,koningsmaria@example.net,(0030)-763891,Staphorst,Belgium,2026-03-24
MB000227,Rayan,Lamore,alexander66@example.com,(0942)-624708,Kamperveen,Netherlands,2026-02-03
MB000228,Bente,van de Klashorst,svan-noordeloos@example.org,+3199-0508674,Staphorst,Belgium,2025-07-24
MB000229,Jim,Luitgardis van Neustrië,vajen69@example.com,+31(0)359 024711,Lijnden,Netherlands,2025-01-14
MB000230,Rowan,Uittenbosch,sofie64@example.net,+31210 438212,Landerum,France,2024-01-17
MB000231,Lisa,Aeije,lukevan-boulogne@example.com,+3105 2520045,Westzaan,Germany,2025-07-25
MB000232,Melle,Waardeloo,eckhardtmehmet@example.org,(043)-0537393,Nieuwe-Tonge,Netherlands,2024-03-28
MB000233,Sienna,Molen,markvan-soest@example.org,(0718) 630188,Winterswijk Woold,Netherlands,2023-08-21
MB000234,Aya,van Beeck Beeckmans,fabiennevan-gastel@example.net,+31964-545717,Hoogersmilde,Belgium,2026-04-13
MB000235,Felix,van der Schuijt,lolavan-kasteelen@example.org,+31(0)22 4278453,Papekop,Netherlands,2026-06-08
MB000236,Bilal,Brandt,lansinkkiki@example.com,072-2167088,Nietap,Belgium,2026-03-15
MB000237,Sep,Le Marec,ottearon@example.net,+3123-6566242,Elburg,Netherlands,2025-11-04
MB000238,Annemijn,van der Pol,eliselips@example.net,(0449)-963880,Heerhugowaard,Netherlands,2024-01-07
MB000239,Lotte,Duivenvoorden,kleybrinkluc@example.org,(026) 2546728,Wijckel,Netherlands,2025-10-21
MB000240,Youssef,de Graaf,rademakerevie@example.net,+31(0)782-894240,Rijssen,Netherlands,2024-04-16
MB000241,Yara,de Jode Vastraedsd,jmichiels@example.org,(020)-6575056,Molkwerum,Netherlands,2026-07-25
MB000242,Jip,Goyaerts van Waderle,jwillemsen@example.com,006-3898710,Lottum,Netherlands,2023-08-23
MB000243,Faas,Adriaansen,roos06@example.org,0211-799768,Grubbenvorst,Netherlands,2025-05-29
MB000244,Nathan,van Wessex,stuivenbergsami@example.org,(0874)-897152,Follega,Germany,2025-03-17
MB000245,Tom,Hollander,finnlommert@example.net,+31(0)996-503061,Vreeland,Netherlands,2024-05-04
MB000246,Lara,Lafleur,luc80@example.net,0359-166883,Callantsoog,Netherlands,2025-03-22
MB000247,Lara,van Bentheim,noa03@example.net,(0459) 567409,Wolvega,Belgium,2024-02-18
MB000248,Aya,Scholten,lbroeshart@example.net,(021)-8169071,Boxtel,Germany,2024-02-03
MB000249,Luc,Hekker,danigeldens@example.com,+3127-2526441,Spier,Germany,2023-09-22
MB000250,Jill,Prins,bentevan-mispelen@example.org,+3141-1354787,Westervelde,France,2024-11-10
MB000251,Twan,Rijks,veldermanluc@example.net,+31(0)59-2532312,Lage Zwaluwe,France,2023-12-18
MB000252,Pieter,de Pauw,esilavan-noordeloos@example.com,+31(0)83 8287197,Lytsewierrum,France,2026-02-21
MB000253,Leah,van Parijs,van-breukeleveenolivier@example.com,+31470 686918,Zwiggelte,Netherlands,2023-09-30
MB000254,Dave,Meeusen,guitsenna@example.org,+31807 857803,Ten Post,Germany,2025-05-12
MB000255,Liza,Kleijse,meganvan-der-kint@example.com,+31(0)89 9656258,Groeningen,Germany,2025-10-11
MB000256,Sanne,Robbrechts Bruijne,verwoerthendrik@example.org,022 2981018,Voorhout,Germany,2026-05-24
MB000257,Youssef,van de Coterlet,mercksninthe@example.net,+31(0)94 8519573,Agelo,France,2026-07-14
MB000258,Rafael,van Grinsven,simonvial@example.com,(0841)-003184,Tolbert,Belgium,2023-10-26
MB000259,Dion,Aarden,kofrafael@example.net,(042) 2609237,Tuitjenhorn,Germany,2025-01-01
MB000260,Jules,van Soest,oramaker@example.net,(055)-1948695,Beringe,France,2024-01-25
MB000261,Dylano,Brizee,josephinesteenbeek@example.org,(001) 5643705,Jonkerslân,Germany,2024-05-24
MB000262,Leon,Boudewijns,nisabave@example.org,+31(0)597-333411,Persingen,Belgium,2024-12-13
MB000263,Jenna,Stichter,meesde-vroege@example.org,(0259)-736508,Bakkeveen,Netherlands,2024-06-03
MB000264,Stijn,Jansen,van-munsteradriana@example.net,(0203) 159944,Berg en Dal,France,2025-12-22
MB000265,Saar,Perck,lievevan-den-nuwenhuijzen@example.net,+31(0)91-9538597,Hardinxveld-Giessendam,Netherlands,2024-02-02
MB000266,Fabiënne,Pieters van der Maes,stellasoos@example.org,+31(0)63 7198909,Schijf,Netherlands,2026-02-20
MB000267,Mats,Serra,wilckenmara@example.com,041-2930648,Bornwird,Netherlands,2025-09-17
MB000268,Rowan,van Oostendorp,dex73@example.org,+31(0)548-645409,Heiligerlee,France,2024-12-25
MB000269,Janna,Klerks,olykanjorn@example.com,(0929) 851022,Hoogenweg,Belgium,2023-10-22
MB000270,Tessa,Meyer,van-haeftenjayson@example.org,0958 125454,Bocholtz,Germany,2025-01-20
MB000271,Olivia,van der Veen,meletsofie@example.net,(0197) 149221,Heide,Germany,2024-07-21
MB000272,Michelle,van Laon,sophieperonne@example.org,+31(0)71 8339968,Hulst,France,2025-01-13
MB000273,Isa,Heijman,aimee67@example.net,(0557)-860134,Haarzuilens,Netherlands,2026-02-28
MB000274,Sterre,van Berkum,,(041) 5191329,Soest,Netherlands,2026-06-16
MB000275,Brian,van Beaumont,fleur33@example.net,(069)-9170964,Middenbeemster,Belgium,2025-02-09
MB000276,Keano,Eijkelboom,lvan-bentheim@example.org,0594 192826,Schagen,Belgium,2026-01-18
MB000277,Aylin,de Bruijn,mariaverwoert@example.net,+31(0)791 336872,Zevenbergen,Netherlands,2026-05-27
MB000278,Nisa,Chotzen,mettewesterburg@example.com,071 4570228,Kamerik,Belgium,2023-08-19
MB000279,Sami,Maaswinkel,moensendijkilse@example.com,(034)-5072764,Doldersum,Germany,2024-02-04
MB000280,Nick,van Parijs,badriaense@example.net,(0398)-654613,Hei- en Boeicop,Netherlands,2024-10-24
MB000281,Lauren,Spiker,ter-waarbeekkian@example.net,058 1302804,Sluiskil,Netherlands,2025-11-17
MB000282,Romy,Engels,stettynolivia@example.com,+31(0)11-5087960,Wenum Wiesel,France,2025-07-04
MB000283,Mart,Ellis,farens@example.org,0031-612231,Langerak,France,2025-10-31
MB000284,Luca,Tuithof,janssenyfke@example.com,(0378) 149817,Wintelre,France,2026-04-05
MB000285,Linn,Unruoch Hunerik,van-der-waljuul@example.net,+31(0)218 806806,Eerbeek,Netherlands,2024-08-26
MB000286,Jari,van Velthoven,elisabethspeijer@example.com,+31(0)907 545566,Wezuperbrug,France,2025-09-25
MB000287,Mila,van Drenthe,kaylee46@example.org,+31(0)134 729697,Braamt,Germany,2024-09-18
MB000288,Evie,Mathurin,nde-vries@example.org,0853-022531,Assendelft,Netherlands,2024-10-22
MB000289,Tom,Meijer,marahulshouts@example.com,,Zeeland,Netherlands,2025-02-08
MB000290,Tristan,van Beaumont,loek66@example.org,(0007)-636708,Leiden,Germany,2024-11-14
MB000291,Valentijn,Heijmen,van-boulognemax@example.org,+31954 751070,1e Exloërmond,Netherlands,2023-11-06
MB000292,Anne,Hollander,schoutenjet@example.net,+31(0)89 3328035,Vrouwenpolder,Belgium,2024-01-10
MB000293,Naomi,Cant,bramde-gruijl@example.net,(053) 9088560,Haringhuizen,Germany,2024-02-20
MB000294,Sten,van Wickerode,van-baalenesmee@example.net,(058)-0049073,Buchten,France,2026-02-04
MB000295,Jente,Saxo,olemmens@example.com,(0026) 439846,Bunnik,Netherlands,2023-09-27
MB000296,Boris,van der Veen,fien75@example.net,+31(0)96 4784927,Houten,Netherlands,2025-06-17
MB000297,Gijs,Rijks,knoersriley@example.org,+31(0)351-781250,Hengevelde,Netherlands,2024-08-21
MB000298,Elisa,Zwijsen,ivyvan-den-bosch@example.org,0414-879981,Oudeschans,Belgium,2025-02-03
MB000299,Hannah,Luster,vincent01@example.org,+31274-832409,Epe,France,2025-03-11
MB000300,Twan,van Laarhoven,simonoda@example.net,+3121 3068671,St.-Annaparochie,Netherlands,2023-10-13
MB000301,Keano,Pastoors,naomi38@example.com,(0793)-777715,Aalsum,France,2024-11-20
MB000302,Liza,Wilmont,van-buurensara@example.org,039-6467366,Kollumerpomp,Germany,2025-08-31
MB000303,Kim,Bijlsma,hiddehaengreve@example.org,+3144 7118866,Nederweert-Eind,Belgium,2025-05-14
MB000304,Linn,van der Velden,postilse@example.org,+31(0)301-007712,Noordeinde,Germany,2026-03-25
MB000305,Ize,Jorrisen,dexkosten@example.com,0282 589633,Purmer,Germany,2025-01-05
MB000306,Ian,Jeggij,tijmende-koning@example.com,+31609-057151,Lutjewinkel,Netherlands,2024-09-25
MB000307,Benjamin,Arnold,van-evelingenella@example.com,+3149-5969969,Ouwsterhaule,Netherlands,2024-05-06
MB000308,Jan,Oude Heer,mirtebeernink@example.org,+31151-168919,Malden,Belgium,2023-11-08
MB000309,Fenna,Moensendijk,michaelkerkhof@example.com,(0957) 901722,Rozendaal,France,2026-07-13
MB000310,Niels,Kwaadland,egrondel@example.net,+31531-975442,Zuurdijk,Netherlands,2025-07-02
MB000311,Imran,Bekbergen,lisanne84@example.org,(0568)-935696,Berkel-Enschot,Belgium,2026-04-10
MB000312,Ilse,Pieters van der Maes,zjorlink@example.org,+31(0)534 724585,Velp,France,2025-05-24
MB000313,Ceylin,van Bovene,sepp04@example.org,(0862) 816782,Mheer,Belgium,2025-03-26
MB000314,Luka,Joosten,evytielemans@example.com,0300 356923,Ravenswaaij,Netherlands,2025-10-17
MB000315,Azra,van Breukelveen,sterrevan-der-brink@example.com,(0740) 027266,Veenhuizen,Belgium,2023-12-24
MB000316,Yinthe,van Wijk,guitsiem@example.net,+31(0)660-860144,Egmond aan Zee,Germany,2023-11-10
MB000317,Wesley,Verkade,jonaslamore@example.org,+31328-621999,Groot-Ammers,France,2025-07-13
MB000318,Jinthe,Mahieu,wouteradelaar@example.org,+31578 237288,de Woude,France,2025-12-20
MB000319,Sem,Luboch,evikortman@example.com,+31(0)108 782683,Aerdt,Belgium,2023-11-15
MB000320,Ibrahim,van der Veen,yassinmeyer@example.net,012 6361073,Rutten,Germany,2025-08-02
MB000321,Emir,van Roijen,wigmanolivia@example.com,+3163-9458102,Langeweg,Netherlands,2026-04-06
MB000322,Jayden,Coreth von und zu Coredo und Starkenberg,peronnelenn@example.org,026-4861752,Usquert,Belgium,2026-07-30
MB000323,Bo,Potters,ivan-clootwijck@example.net,048-8228491,Uitwellingerga,Netherlands,2025-07-25
MB000324,Noah,Prins,nadine80@example.org,0623-667626,Echteld,Netherlands,2025-12-24
MB000325,Sophie,Pons,kolsterimke@example.net,+31091 526592,Warten,France,2025-07-08
MB000326,Noa,van der Maes,van-der-lindensuze@example.org,+31(0)60 9959834,De Heen,Netherlands,2025-08-27
MB000327,Julius,van Hamaland,svan-der-lede@example.org,+3174-8105634,Kattendijke,Netherlands,2026-02-12
MB000328,Quinty,Friehus,xvan-de-klashorst@example.com,(031)-9485699,Buitenkaag,Belgium,2026-02-05
MB000329,Vincent,Luster,wmercks@example.net,+3125-3328987,Aerdt,France,2023-08-07
MB000330,Lise,Muijs,oomsjayda@example.org,+31540-504650,Hemmen,France,2026-06-18
MB000331,Adam,Spies,lily01@example.net,+31(0)39 1099969,Markelo,Belgium,2025-01-08
MB000332,Jenna,Bresé,mirtelether@example.com,(0574)-104162,Kudelstaart,Belgium,2023-08-30
MB000333,Amin,sPRUYT,lensenesila@example.net,(073)-7613877,Balgoij,Belgium,2026-03-30
MB000334,Tygo,de Plantard,wmater@example.org,+3176 1187910,Creil,France,2024-03-04
MB000335,Phileine,Brizee,lukasouwel@example.org,0133-113979,Driewegen,France,2025-03-02
MB000336,David,Ruijs,nvan-parijs@example.org,0531 553807,Veeningen,Netherlands,2025-12-19
MB000337,Dewi,Groen,melissabeernink@example.org,0620 936417,Een,Belgium,2024-09-24
MB000338,Isabel,van Oirschot,sepridder@example.org,,Ospel,Germany,2025-11-20
MB000339,Ali,van Enschot,matthijs85@example.org,+31(0)93 1783945,Bruinehaar,France,2024-02-28
MB000340,Keano,Bos,faythe-elder@example.org,054 9425397,Oosteind,Netherlands,2023-12-15
MB000341,Owen,Sas,inaya00@example.net,(0356)-414905,Ouderkerk aan de Amstel,France,2023-12-13
MB000342,Jules,Walsteijn,hmartens@example.org,+31322 000508,Oudemirdum,Belgium,2024-10-19
MB000343,Jorn,Hehl,david58@example.net,(0210)-849102,Zwijndrecht,France,2025-08-04
MB000344,Annabel,Scheffers,dylanode-groot@example.net,(061)-8430407,Ottoland,France,2026-04-06
MB000345,Megan,Korsman,maudaeije@example.net,+31509 182957,Nijlande,France,2025-06-16
MB000346,Aya,Maaswinkel,hperrono@example.org,(0277)-554826,Noord-Scharwoude,France,2026-02-08
MB000347,Beau,Heyne,samihoning@example.com,+3111-7153447,Malden,Belgium,2024-09-22
MB000348,Keano,Cammel,recerdani@example.com,+31(0)12-1782402,Deurningen,Netherlands,2023-08-09
MB000349,Adriana,Arts,aiden63@example.org,+31783 355154,Steyl,Belgium,2025-06-12
MB000350,Beau,van Spreeuwel,lauravan-der-schuijt@example.org,+31(0)655-140591,Fleringen,Belgium,2025-12-24
MB000351,Eliza,van de Velden,willem40@example.net,006-7512671,Tripscompagnie,Belgium,2026-05-08
MB000352,Jolijn,Kuipers,adam14@example.com,,Hekelingen,Netherlands,2023-09-18
MB000353,Maja,van der Klijn,mathieumohamed@example.net,+3141 4350458,Bedum,Netherlands,2026-03-10
MB000354,Milo,le Luc,flinklisanne@example.com,+31(0)72 8667601,Amersfoort,France,2025-03-12
MB000355,Helena,Elbertse,dde-gratie@example.org,(0981) 947030,Woudbloem,France,2025-04-13
MB000356,Faye,Koster,basvan-kusen@example.com,+31(0)211-283872,Slootdorp,Germany,2025-05-10
MB000357,Amina,Kas,kuipersamin@example.com,0427 379772,Eck en Wiel,France,2026-06-09
MB000358,Chris,Aertsz,sborman@example.org,011 9122231,Twijzelerheide,Netherlands,2025-11-14
MB000359,Elise,Brizee,qgroote@example.org,+31892-021100,Eenrum,Netherlands,2025-05-17
MB000360,Ize,Groen,marit41@example.net,038-4318017,Surhuizum,France,2023-11-08
MB000361,Jules,Coret,oliviacoreth-von-und-zu-coredo-und-starkenberg@example.com,+31(0)865-153670,Meliskerke,France,2025-02-25
MB000362,Alyssa,Molenaar,zjaceps@example.net,+31(0)94-3203831,Papenvoort,France,2023-11-11
MB000363,Ali,Nieuwstraten,hollanderryan@example.com,0722-348181,Kootwijkerbroek,Netherlands,2023-08-26
MB000364,Senna,Roessink,lunavan-der-pluijm@example.org,+31(0)224 465355,Est,Netherlands,2026-01-21
MB000365,Dean,van Bentheim,sschiffer@example.com,+31774 201331,Beetsterzwaag,Belgium,2026-06-12
MB000366,Mika,Ansems,leenejacob@example.com,0023 822356,Hei- en Boeicop,Belgium,2024-06-27
MB000367,Lieke,Goderts,ayoubvan-t-riet@example.net,(0971)-220909,Hekelingen,Belgium,2024-03-15
MB000368,Vince,van Westfalen,van-dongenpim@example.org,+3131 6478824,Koudekerk aan den Rijn,Belgium,2026-06-25
MB000369,Stijn,van der Maath,rackhambas@example.com,0389 530707,Stadskanaal,France,2024-02-16
MB000370,Jenna,Verhaar,mombergdex@example.net,(0009)-438359,Drempt,Germany,2023-11-22
MB000371,Yinthe,Claesner,van-der-brinkdex@example.com,(027)-1947813,Emmeloord,Germany,2025-12-13
MB000372,Twan,van Wallaert,vvan-praagh@example.com,,Den Oever,Netherlands,2025-05-15
MB000373,Zoë,Kok,ddubois@example.com,(0577)-025086,'t Loo Oldebroek,Netherlands,2026-03-23
MB000374,Kay,Vermeulen,olivialommert@example.net,0211-819879,Ottoland,Germany,2024-03-25
MB000375,Robin,Haselaar,lorealadam@example.com,(063)-3605671,Schildwolde,Germany,2024-08-23
MB000376,Cato,Geerling,gverhoeven@example.com,+31161-670420,Westerhoven,Netherlands,2026-04-28
MB000377,Dex,Koster,xle-gallen@example.org,(0117) 007663,Midlum,Germany,2026-01-20
MB000378,Lizz,van Salm,joeyvertoor@example.com,+31(0)110 546235,Drogeham,Netherlands,2023-10-09
MB000379,Emma,van Arnsberg,rdie-bont@example.org,(009)-4199032,Silvolde,Belgium,2026-07-15
MB000380,Job,van Dijk,jprinsen@example.org,+31(0)688 462581,Oldemarkt,Germany,2024-11-30
MB000381,Mart,Alpaidis,qholthuis@example.org,0081 740568,Galder,Germany,2025-05-28
MB000382,Melissa,Marchal,,0534 312066,Benneveld,Belgium,2023-08-23
MB000383,Zakaria,van den Velden,ravi93@example.com,(0590) 652597,Liessel,Belgium,2024-11-03
MB000384,Phileine,Heinrichs,zaalnadia@example.com,(047) 4657099,Babberich,Belgium,2023-12-09
MB000385,Teun,van Opper-Lotharingen,jortvan-dongen@example.com,+31912 277541,Scheulder,Belgium,2024-03-06
MB000386,Eva,Buijs,tvan-de-biezenbos@example.com,(0104) 203155,Beverwijk,Germany,2023-08-06
MB000387,Lisanne,Kolen,puk59@example.org,(028) 6192770,Molkwerum,France,2023-10-07
MB000388,Maartje,Visser,van-den-corputashley@example.com,(045)-1621447,Bunschoten-Spakenburg,Belgium,2023-08-27
MB000389,Benjamin,Peters,tristan24@example.org,009 2924316,Belt-Schutsloot,France,2024-07-22
MB000390,Selina,van Nederlotharingen,,098 9880276,Sneek,Germany,2024-11-14
MB000391,Bastiaan,Strijker,cbrumleve@example.net,(0521) 509021,Doldersum,Germany,2024-09-10
MB000392,Berat,Hulst,ella57@example.net,(0158) 292589,Houtigehage,Germany,2025-05-27
MB000393,Lenn,van der Spaendonc,van-bragtraf@example.org,0121 654906,Einighausen,Belgium,2025-07-09
MB000394,Ibrahim,Langevoort,deanverheij@example.net,(019) 5529372,Leerbroek,Netherlands,2024-02-09
MB000395,Jente,van den Assem,zvan-wallaert@example.net,0427 803112,Zweins,Netherlands,2025-02-18
MB000396,Alex,van de Brink,pgroen@example.com,(011) 0193122,Akersloot,Belgium,2026-06-15
MB000397,Noor,Bellemans,guus19@example.com,(001)-8840528,Milsbeek,Netherlands,2026-04-28
MB000398,Muhammed,Zijlmans,van-baalenmerijn@example.org,+31(0)83 0575738,Marijenkampen,Netherlands,2026-06-14
MB000399,Jort,Slaetsdochter,nmeeres@example.com,+31(0)86-2951218,Zegge,France,2025-05-19
MB000400,Pippa,Feenstra,hde-grote@example.com,+3125 3166955,Sint-Michielsgestel,Netherlands,2024-03-17
MB000401,Sam,van Wickerode,jannahexspoor@example.net,+31(0)39-7248067,Wittem,Belgium,2023-10-16
MB000402,Kayleigh,Remmers,cjonker@example.com,(0270)-307815,Winterswijk Meddo,Germany,2024-09-01
MB000403,Ella,Hakker,ameliavan-de-leemput@example.net,+31(0)341-009918,Mheer,Netherlands,2025-02-04
MB000404,Vincent,Lambregt,stan46@example.com,+31(0)89-0624437,Rijswijk (NB),Netherlands,2023-10-10
MB000405,  Veerle  ,van de Weterink,ilserek@example.org,+31(0)889-409501,Erichem,Germany,2024-11-08
MB000406,Janna,Recer,liv44@example.org,003 0678107,Scheerwolde,Netherlands,2025-09-18
MB000407,Stijn,Greij,ovan-luinenburg@example.org,0227 418403,Delfzijl,France,2024-10-07
MB000408,Loïs,Karels,van-gorpimran@example.org,035-7476872,Gorinchem,Netherlands,2026-03-06
MB000409,Inaya,Perrono,de-roosevelien@example.org,(0486)-524287,Stuifzand,France,2024-03-04
MB000410,Noa,Rouwenhorst,jolijn52@example.net,(090) 4892709,Ell,Belgium,2025-02-11
MB000411,Vince,Eerden,tygo45@example.com,(0912) 604318,Warstiens,Germany,2026-03-23
MB000412,Chloë,Verhaar,van-gemertsuus@example.org,0829 069597,Neerkant,Netherlands,2025-01-14
MB000413,Leon,Post,bryanheijmans@example.net,(0574)-170445,Froombosch,Germany,2024-08-09
MB000414,Noortje,Garret,postmajuliette@example.com,+31(0)50 4269886,Hoge Hexel,Belgium,2026-01-19
MB000415,Jasper,van Suinvorde,nihoeliv@example.org,(042)-6492115,Blesdijke,Belgium,2025-01-29
MB000416,Zoey,Meeusen,van-der-meulenlizz@example.net,+31(0)884 897331,Sintjohannesga,Belgium,2025-03-31
MB000417,Bram,Smeets,stefanvan-daal@example.net,(0695)-689626,Rohel,France,2025-05-02
MB000418,Merel,Peterse,van-den-nieuwenhuijsensam@example.com,(0049)-061916,Hekendorp,Belgium,2025-10-03
MB000419,Yusuf,van Salm,nekjorn@example.net,+31(0)39-6013953,Tytsjerk,Belgium,2024-10-15
MB000420,Lynn,Everts,veerle73@example.org,008 4689190,Ryptsjerk,Belgium,2026-05-21
MB000421,Simon,Spreeuw,ceylinzuidweg@example.com,+31677-056874,Wijlre,Netherlands,2026-04-22
MB000422,Joris,van den Hoek,kortnina@example.net,+31(0)410-988255,Overschild,Germany,2023-11-18
MB000423,Evy,Hagendoorn,stangexavi@example.org,+31(0)69-9037809,IJsselmuiden,France,2026-05-18
MB000424,Anna,Soos,schellekensbram@example.net,+3197 3555519,Cruquius,Netherlands,2025-05-24
MB000425,Mustafa,van Leeuwen,waltrade-walderadejesper@example.com,+3130 2260606,'s-Heerenberg,Belgium,2026-07-23
MB000426,Merle,Kirpenstein,uphaussam@example.net,(0249)-729940,Winterswijk Kotten,Belgium,2023-12-28
MB000427,Joy,Langevoort,cas40@example.org,(0979) 542416,Een-West,Belgium,2026-06-04
MB000428,Maryam,Honing,van-der-pouwsenn@example.com,+31340-662211,Wijckel,France,2026-07-09
MB000429,Jente,Emmen,lize50@example.net,+3102-9596413,Renswoude,France,2025-04-26
MB000430,Kick,Kok,charlotte21@example.org,+3184-6606725,Mijnsheerenland,France,2025-03-19
MB000431,Jelle,van Kuijc van Malsen,ude-keijser@example.org,062 7567808,'t Waar,Belgium,2024-09-14
MB000432,Amira,Lutterveld,pieter08@example.net,(0312) 922185,Doeveren,Netherlands,2026-07-19
MB000433,Tycho,Verbruggen,jacepslenn@example.net,066 1203979,Koolwijk,Netherlands,2025-05-17
MB000434,Floortje,Hanegraaff,van-toursjason@example.org,+31(0)686-175369,Wijk aan Zee,Netherlands,2024-03-02
MB000435,Roan,Wolzak,pnihoe@example.org,+3132 2584523,Krommenie,Belgium,2024-04-20
MB000436,Bo,van Wallaert,van-zwabentara@example.org,(0901)-992448,Klazienaveen-Noord,Belgium,2024-07-24
MB000437,Sanne,de Korte,kyaravan-wijk@example.net,+3154 6780683,Huisseling,Netherlands,2025-03-12
MB000438,Olaf,van Veen,pieters-van-der-maeslukas@example.org,+31220-858005,Feanwâlden,France,2025-11-23
MB000439,Rosalie,van den Velde,jasper06@example.org,+31191-710635,Bovensmilde,Netherlands,2026-05-06
MB000440,Wouter,van 't Erve,van-der-horstlouise@example.net,+31(0)58-7918007,Schiphol-Rijk,France,2024-02-02
MB000441,Fenne,Simonis,broeckxkoen@example.com,+31(0)13 5056439,Heeten,France,2024-10-14
MB000442,Noëlle,van Boulogne,inoordijk@example.org,0258-784953,'t Zand,Netherlands,2023-12-17
MB000443,Annabel,Mosley,senn49@example.org,(0625)-501730,Niekerk,Netherlands,2026-01-22
MB000444,Pim,Verbeek,customer@@example.com,+31(0)34-4494179,Oosterhesselen,France,2025-06-13
MB000445,Kai,Massa,bbouthoorn@example.org,050 1176524,Weiteveen,Netherlands,2023-08-14
MB000446,Elena,Fremie,twan64@example.com,+31(0)909 548696,Spier,France,2024-08-11
MB000447,Zara,der Kijnder,fboers@example.org,066 6327540,Druten,Netherlands,2023-11-22
MB000448,Sanne,Gervais,loek41@example.com,+3167 3670421,Kallenkote,Belgium,2025-06-02
MB000449,Julie,Claesner,keano47@example.org,+3132-0606658,Vlaardingen,Germany,2023-11-30
MB000450,Maria,de Roo,kleibrinkroos@example.org,(020) 5720505,Hollandscheveld,France,2026-04-26
MB000451,Lars,van Es,@retailmart.com,(071)-3356019,Schimmert,Germany,2023-09-25
MB000452,Vincent,van Nus,ayadie-bont@example.org,+31(0)50-5808448,Linschoten,Netherlands,2025-01-11
MB000453,Lena,Coret,twanbronder@example.net,+31(0)63-3497629,Bantega,Germany,2023-12-18
MB000454,Pim,van Maaren,broeckxmaria@example.org,+31(0)762 326972,Bruinisse,Germany,2024-08-05
MB000455,Isabella,Stinis,anna41@example.org,(090) 3029202,Helenaveen,Germany,2025-11-18
MB000456,Job,Schroeff,jakefrerichs@example.net,+31284-535094,Bergschenhoek,France,2024-07-19
MB000457,Jelte,Dachgeldt,thijs69@example.org,(0195) 719642,Sittard,Belgium,2024-10-19
MB000458,Robin,Simons,kostenfenna@example.org,0623-127847,Oosternijkerk,France,2024-04-21
MB000459,Lise,van Beieren,hvan-dam@example.com,+31496-239951,Den Oever,Germany,2024-03-08
MB000460,Fiene,van der Veiver,ashleyvan-luxemburg@example.com,+31(0)81-6014767,Zuna,Netherlands,2026-07-15
MB000461,Aiden,Dubois,nisashupe@example.net,(095)-7700359,Nieuwerkerk,France,2024-11-24
MB000462,Ian,Hellevoort,@retailmart.com,(026)-0320104,Elst,Netherlands,2024-04-14
MB000463,Lois,van Schweinfurt,jonas62@example.com,+31(0)01-8672749,Haaren,Netherlands,2025-12-26
MB000464,Bastiaan,Scherms,finnvan-nederlotharingen@example.com,062 1023083,Balgoij,Belgium,2023-08-28
MB000465,Siem,Goyaerts van Waderle,kim47@example.com,+31(0)089-989446,Kalenberg,Netherlands,2024-04-29
MB000466,Elin,van Ham,tvan-luxemburg@example.org,+31(0)786-763741,Langelo,Belgium,2026-06-20
MB000467,Sophie,Slingerland,qevers@example.com,018-7596250,Lent,Netherlands,2023-11-27
MB000468,Boris,van Ginkel,elena57@example.net,0386 912231,Berltsum,Belgium,2023-09-02
MB000469,Floris,Schroeff,jonkmanraf@example.net,(0048)-426671,Castricum,France,2026-07-09
MB000470,Hidde,Janssens,timogerritsen@example.com,+31816-691328,Bitgum,France,2025-04-03
MB000471,Josephine,Dachgelt,ejerusalem@example.org,+31(0)31 3178455,Oosterblokker,Netherlands,2024-06-28
MB000472,Maja,van Wallaert,wbroeckx@example.net,+31(0)644 372959,Leidschendam,France,2023-12-25
MB000473,Amy,Kamp,ikeijzer@example.org,(0311)-903840,Ridderkerk,Belgium,2024-09-22
MB000474,Teun,van den Velden,samuel03@example.com,+31(0)290 428113,Den Andel,Netherlands,2023-12-12
MB000475,Tycho,van der Hoeven,feline88@example.org,(0363)-081411,Epse,Germany,2025-06-16
MB000476,Lize,de Mol,nsteenbeek@example.net,+3100 0556088,Abbenes,Netherlands,2024-08-31
MB000477,Sara,Sire,norahjacobi@example.net,005-4903363,Schinnen,Netherlands,2025-08-07
MB000478,Guus,Blom,daan10@example.org,(0933) 535116,Drachten-Azeven,Belgium,2024-04-15
MB000479,Joël,van de Weterink,floorpeeters@example.net,+31(0)56 1485222,Heilig Landstichting,Belgium,2025-03-03
MB000480,Mees,Jonkman,danielvan-de-weterink@example.com,+31(0)623 948656,Vleuten,Belgium,2025-11-30
MB000481,Sil,Jdotte,stefan33@example.org,(0815)-749770,Twello,Germany,2025-12-04
MB000482,Lise,van Schweinfurt,verwoertrobin@example.org,(0858) 733333,Sint Anthonis,Netherlands,2024-12-23
MB000483,Wouter,Verhoeven,merlelether@example.org,(000) 1575257,Baarn,Belgium,2025-07-18
MB000484,Zeynep,Verbeeck,gvan-goerle@example.net,+31(0)16-2531335,Lioessens,Netherlands,2025-09-03
MB000485,Nadia,de Ruiter,wooningashley@example.com,(0309)-606668,Schokland,Netherlands,2024-10-26
MB000486,Janna,Ouwerkerk,de-smitpieter@example.org,+31(0)56-5720476,Terkaple,Netherlands,2024-02-25
MB000487,Julia,van Laon,faasengels@example.org,+31395 356227,Zaandam,Germany,2026-02-24
MB000488,Jort,van Breukeleveen,kayleigh83@example.com,+31(0)028 075462,Panningen,Belgium,2024-06-09
MB000489,Jelte,van Dongen,sofiavan-der-kint@example.org,(022) 0692665,Doornenburg,Netherlands,2024-12-11
MB000490,Mette,de Leeuw,maeije@example.com,+31181-725595,Hooge Mierde,Netherlands,2025-07-12
MB000491,Jolijn,van der Lede,matthijs94@example.org,0986 494004,Papendrecht,Netherlands,2023-11-01
MB000492,Tygo,de Smit,tuithofrobin@example.com,+3134 8036648,Koudekerke,Germany,2025-11-15
MB000493,Mohammed,Stoffelsz,vjanssen@example.net,010-9064090,Santpoort-Noord,Netherlands,2023-09-16
MB000494,Jinthe,Kremer,sethvan-boulogne@example.net,0834-021899,Hegelsom,France,2025-12-26
MB000495,Alyssa,Furda,kyano34@example.com,+31(0)12 9352653,Vries,Belgium,2023-11-06
MB000496,Lily,Wolfsdr,evi00@example.net,+3162 0123908,Macharen,Netherlands,2024-03-10
MB000497,Emily,Kronenberg,pvaessen@example.com,0172 930141,Ossenzijl,France,2025-11-13
MB000498,Meike,Voortman,mees66@example.com,+3142 5660081,Dreischor,France,2026-03-04
MB000499,Phileine,Geneart,huismanlieve@example.net,(014)-2394884,Valthermond,Germany,2024-01-10
MB000500,Senna,ter Waarbeek,van-het-heerenveenjules@example.net,+31(0)109-965314,Sibrandahûs,Netherlands,2024-06-28
MB000501,Sebastiaan,Wouters van Eijndhoven,,+31(0)067-752559,Koedijk,Belgium,2025-11-13
MB000502,Stijn,Maaswinkel,tessa02@example.net,052 2430405,Kerk-Avezaath,Belgium,2025-04-02
MB000503,Maaike,Martel,julius95@example.com,+31077-363987,Kwadijk,Belgium,2023-09-29
MB000504,Floor,van der Stael de Jonge,mannebrian@example.net,(097) 3544947,Middelaar,France,2025-12-05
MB000505,Luc,Shupe,liviafortuyn@example.org,+31(0)714-281406,Kalenberg,Germany,2025-01-17
MB000506,Twan,Woutersz,sennalieshout@example.com,+31242-679988,Smakt,Germany,2025-05-26
MB000507,Jesse,Arnold,bmens@example.org,+31714-295987,Heesselt,Belgium,2025-07-11
MB000508,Rens,van Westfalen,marinusd-heripon@example.net,0376 353244,Nieuwolda,France,2024-12-30
MB000509,Merle,Beourgeois,xavigeneart@example.com,(0937)-067646,Groot-Ammers,Netherlands,2024-08-27
MB000510,Stan,Nollee,emir82@example.net,013 1813426,De Schiphorst,Belgium,2026-02-24
MB000511,Damian,Jaceps,gstange@example.net,024 0587447,Grijpskerk,Netherlands,2025-10-19
MB000512,Milou,Coreth von und zu Coredo und Starkenberg,elisakok@example.com,028 9786863,Schijf,France,2024-11-30
MB000513,Abel,Rijcken,ekleybrink@example.org,+3195-8520331,Jonkersvaart,Netherlands,2025-06-11
MB000514,Gerrit,Marchal,nmahieu@example.com,(082)-2019688,Westbeemster,Germany,2023-10-02
MB000515,Lize,Koster,rouwenhorstnaomi@example.org,(032) 8059921,Egmond aan Zee,Netherlands,2023-11-22
MB000516,Megan,van Opper-Lotharingen,terrysebastiaan@example.org,+3155-9720001,Baarn,Germany,2025-11-23
MB000517,Julie,van de Greef,,(0417) 819008,Eeserveen,Belgium,2024-04-04
MB000518,Jonathan,Timmermans,megan58@example.org,(0795)-573851,Wijster,France,2024-09-13
MB000519,Vigo,Veenstra,texiermelle@example.com,+31(0)17-5448808,Kudelstaart,Germany,2024-04-02
MB000520,Lola,Rackham,rshupe@example.net,(052)-9873228,Veenklooster,Netherlands,2024-01-01
MB000521,Aylin,van de Velden,ravi64@example.com,(0433) 669858,Alblasserdam,Germany,2024-01-14
MB000522,Phileine,Janse,samadelaar@example.org,+31(0)284 085250,Bosch en Duin,Germany,2025-12-09
MB000523,Dina,Boeser,novakok@example.net,(0740) 967666,Thesinge,Germany,2025-10-08
MB000524,Finn,van Doorn,joellestoffel@example.com,+3195-5276555,Roswinkel,Netherlands,2023-10-14
MB000525,Anne,Vaessen,pimde-heer@example.com,(051) 3140174,Middelharnis,France,2024-01-18
MB000526,Elize,Smits,luke68@example.com,(0840)-295570,Rijkevoort-De Walsert,Belgium,2024-03-07
MB000527,Silke,Spier,imulder@example.com,+3195-7536669,Wierden,France,2024-09-04
MB000528,Eva,Arts,hubertsvince@example.com,(0312) 674229,Griendtsveen,Germany,2026-04-24
MB000529,Sylvie,Lelijveld,gepa-van-bourgondielex@example.org,+31967-306615,Hegelsom,Belgium,2024-04-25
MB000530,Yusuf,Boer,npasman@example.com,019 8840169,Geijsteren,Germany,2025-07-01
MB000531,Zoë,Simonis,bcant@example.net,+31(0)80 2808068,Beerta,Netherlands,2023-12-31
MB000532,Féline,van Roijen,meike20@example.net,(046)-7525835,Lattrop-Breklenkamp,Belgium,2024-03-28
MB000533,Fenne,Jansen,melle28@example.org,0910-862246,Maasbommel,Netherlands,2026-03-08
MB000534,Luna,de Marduras,esila25@example.org,+31(0)23-7918710,Ees,Belgium,2026-05-27
MB000535,Pepijn,de Backer,berat40@example.com,0518 261737,Hornhuizen,Belgium,2026-03-17
MB000536,Kate,Molegraaf,nhendrikse@example.org,(003) 5286282,Geeuwenbrug,France,2025-10-19
MB000537,Job,Hexspoor,yslagmolen@example.net,+31161-569748,Oldenzijl,Netherlands,2024-01-10
MB000538,Nick,Goudriaan,van-den-hoekfatima@example.org,+3197-0962588,Hezingen,Germany,2025-08-06
MB000539,Evi,van Heusden,borislafleur@example.com,(054)-0695918,Nieuwe Niedorp,Netherlands,2025-11-09
MB000540,Sam,Mulders,jaylinnde-vroege@example.net,(059)-9063105,De Weere,Belgium,2025-05-11
MB000541,Anna,Weerdenburg,josephineestey@example.org,+3173 3555443,Eagum,Belgium,2025-07-25
MB000542,Sanne,Verbeeck,ts-gravensande@example.net,0782-245186,Einighausen,France,2024-06-15
MB000543,Quinn,Eelman,elisabeth25@example.org,+3184-7966288,Vogelwaarde,Belgium,2024-09-29
MB000544,Laura,Rijcken,roosetyler@example.com,(069) 7786028,Rumpt,Germany,2025-06-13
MB000545,Melle,Smits,ilse15@example.com,(032) 9131350,Zuilichem,France,2025-10-09
MB000546,Rick,Kleijse,wdirksen@example.org,+31(0)948 850715,Geervliet,Germany,2024-06-29
MB000547,Mark,van Ginkel,van-rijthovenvalerie@example.com,(0120) 556400,Zeeland,Belgium,2025-01-03
MB000548,Kayleigh,de Grote,jeltestoffel@example.org,+31231 033065,Jelsum,Netherlands,2025-03-20
MB000549,Annabel,Le Marec,van-den-nuwenhijsenmila@example.org,+31(0)422-164705,Oostdijk,Belgium,2025-02-01
MB000550,Lily,Broekhoven,bart77@example.com,0170-183672,Zevenhuizen,Belgium,2024-08-29
MB000551,Emily,Kisman,bode-bruyn@example.org,+31344-579753,Broek op Langedijk,Germany,2024-05-28
MB000552,Michelle,Roose,ssmits@example.org,+31(0)76 7383895,Groesbeek,Netherlands,2026-01-23
MB000553,Morris,van der Schuijt,bblonk@example.org,+31919-496199,Arcen,Netherlands,2024-09-07
MB000554,Kevin,de Vries,duukjansen@example.org,+31692-020091,Driezum,France,2024-10-22
MB000555,Eva,Huls,sander44@example.com,(0271)-229417,Nieuweschoot,Belgium,2025-07-19
MB000556,Seth,Vink,berendsejustin@example.org,+31(0)764-309507,Linden,Netherlands,2023-08-18
MB000557,Merle,Mulder,elisabeth17@example.com,077-7082552,Erlecom,Belgium,2026-05-18
MB000558,Demi,Scherms,,(046)-4438672,Ingber,Germany,2026-06-07
MB000559,Suus,Rouwhorst,dhaengreve@example.org,0771 544046,Eexterzandvoort,Netherlands,2023-11-17
MB000560,Lex,Aeije,sander47@example.com,+31(0)775-915582,Kinderdijk,France,2025-11-30
MB000561,Adam,Boogaerts,milan64@example.net,0242 216281,Tolbert,France,2026-07-04
MB000562,Mick,Schrant,frankhuizenevie@example.com,0283 022054,West-Graftdijk,Belgium,2023-12-17
MB000563,Bente,van Es,berend09@example.com,(090)-3694298,Gasselternijveen,Netherlands,2023-10-15
MB000564,Aron,van Beek,tboddaugh@example.org,(058) 3916426,Haelen,Netherlands,2025-01-26
MB000565,Féline,Wagenvoort,fremiequinty@example.org,(008)-1941152,Oudehaske,France,2025-03-17
MB000566,Marijn,van Mare,spreeuwmerel@example.com,+31(0)596-006404,Suwâld,France,2023-11-28
MB000567,Tygo,Middelkoop,masonvan-de-ven@example.org,0418 538585,De Groeve,Germany,2026-03-22
MB000568,Saar,van der Velde,dina05@example.org,+31887 398871,Nieuwersluis,Belgium,2026-01-23
MB000569,Vincent,Bos,jordyerhout@example.com,098-3985455,Nieuw-Beijerland,Germany,2023-10-18
MB000570,Cas,Karels,,096 3899349,Doorn,Belgium,2024-01-03
MB000571,Mohammed,Blom,pvan-wijk@example.net,+31(0)45-1546541,Aalsmeerderbrug,Netherlands,2024-10-27
MB000572,Hamza,Bastiaanse,sten56@example.com,+31(0)67 4384769,Wijk en Aalburg,France,2024-04-09
MB000573,Selina,Koeman,furdajuul@example.org,+3179-0110470,Milheeze,Belgium,2026-04-18
MB000574,Timo,van Duivenvoorde,madeliefkuijpers@example.org,069 2820982,Oudorp,Netherlands,2026-05-02
MB000575,Elise,van Lucel,lucy19@example.com,(0565)-474118,Garmerwolde,Belgium,2026-03-30
MB000576,Joost,Backer,pukde-beer@example.net,+31(0)969 875837,De Veenhoop,France,2025-03-17
MB000577,Elize,Werdes,evan-den-heuvel@example.net,(0796)-840276,Helmond,Belgium,2025-06-16
MB000578,Bo,Zijlemans,jansems@example.org,(066)-9935989,Lutjebroek,Germany,2025-10-21
MB000579,Luke,Zwart,zvan-beieren@example.com,+31673 027356,Sint Hubert,France,2024-01-20
MB000580,Julius,de Reede,elsenaarfatima@example.com,(054) 4221478,Olburgen,Germany,2024-04-02
MB000581,  Beau  ,Wendt,bart02@example.com,,Baarland,Germany,2025-06-05
MB000582,Sam,van Tours,dwright@example.org,054-9920207,Snelrewaard,Belgium,2026-05-27
MB000583,Sem,Ehlert,walpaidis@example.net,0769 474674,Huizinge,France,2024-03-07
MB000584,Laurens,Beourgeois,kim80@example.net,+3130 6676935,Moerdijk,Germany,2025-09-22
MB000585,Britt,Zuijdveld,joostelsenaar@example.com,+3150 4452204,Waalwijk,Netherlands,2025-05-05
MB000586,Naomi,Verschuere,haackisabella@example.org,031-9333591,Ane,France,2023-08-17
MB000587,Sofia,de Nijs,jvan-straaten@example.net,+3187 0127993,Laag Zuthem,Germany,2026-07-21
MB000588,Senna,Walter,evapaillet@example.org,(046)-6597106,'t Goy,Germany,2026-07-22
MB000589,Mohammed,Scardino,lunavan-der-stael@example.org,+3116-9927047,Blankenham,Netherlands,2025-08-11
MB000590,Daan,Blom,yusuf39@example.org,+3192 2717657,Zeist,Belgium,2025-10-07
MB000591,Quinn,van Boven,alyssastamrood@example.net,016-7626901,Margraten,Netherlands,2024-10-17
MB000592,Eva,Schagen,kyarabastiaanse@example.net,+31758-339567,Rha,France,2023-12-31
MB000593,  Senna  ,Serra,agoyaerts-van-waderle@example.org,0818-592499,Velddriel,France,2025-10-04
MB000594,Daan,Terry,keano72@example.com,,Kapel Avezaath,France,2024-09-23
MB000595,Ben,Verhagen,jesseverhoeven@example.org,+31240 211030,Oude Pekela,Netherlands,2024-03-15
MB000596,Tijn,de Swart,cato42@example.com,035 3763654,Woudrichem,Belgium,2025-12-08
MB000597,Senna,Ernst,felinerobbrechts-bruijne@example.com,+3163-0027466,Bloemendaal,Belgium,2026-03-10
MB000598,Lise,van der Linden,lspies@example.org,+31237 233845,Nuis,Belgium,2026-07-28
MB000599,Stefan,Scherms,mensbenjamin@example.net,+31(0)49-5005766,Purmer,Netherlands,2025-10-17
MB000600,Evi,Korstman,saarverbeek@example.net,045-0515369,Briltil,Germany,2026-06-02
MB000601,Riley,Verhoeven,gerritsfiene@example.com,(019)-8021681,Peins,Netherlands,2026-03-28
MB000602,Daphne,van 't Riet,louisedirven@example.net,(080)-6216366,Heeswijk-Dinther,France,2023-09-06
MB000603,Elisabeth,Huijben,de-langeberend@example.org,(0536) 410781,Cadier en Keer,Netherlands,2024-10-01
MB000604,Chloë,Jonkman,linschotenyusuf@example.org,037-2034594,Maasbommel,Netherlands,2024-01-18
MB000605,Tijn,Scholten,wvan-laar@example.com,0221 447271,Gellicum,Netherlands,2024-03-07
MB000606,Nova,van Roijen,jasper03@example.com,+31(0)26-4568107,Petten,Germany,2025-02-02
MB000607,Esila,Vertoor,maaike07@example.com,+3164-8893014,Rhenoy,Germany,2026-05-31
MB000608,Dirk,van Luyssel,bo60@example.net,0000-989461,Opeinde,Germany,2026-01-04
MB000609,Liam,Mol,van-eckhamza@example.com,+31(0)18-3771182,Herkenbosch,Netherlands,2024-12-25
MB000610,Rik,Schokman,koningsmyrthe@example.net,+31(0)72 4426067,Benneveld,Germany,2025-11-15
MB000611,Mirte,Steenbeek,meganbrugman@example.net,+3195-4374010,Ell,Germany,2026-05-27
MB000612,Mirte,van der Pol,mika56@example.org,+3196 2987399,Aagtekerke,Germany,2025-01-13
MB000613,Bjorn,van Nimwegen,gde-bruijn@example.net,+31(0)29-1196227,Houtigehage,Belgium,2026-07-26
MB000614,Bryan,Brandt,elisabeth78@example.net,+31(0)336 359228,Ruurlo,Germany,2025-01-22
MB000615,Aylin,van de Eerenbeemt,dkamper@example.org,+3110-8417338,Briltil,Germany,2026-06-29
MB000616,Lauren,van Brenen,de-nijsfloris@example.org,+31(0)85-1840533,Vegelinsoord,France,2025-10-28
MB000617,Matthias,Lips,jaydaphillipsen@example.com,(033) 3067591,Lioessens,Belgium,2024-06-11
MB000618,Senna,Takkelenburg,mremmers@example.net,+31(0)892-503457,Gieten,France,2025-10-27
MB000619,Luka,de Gruil,inayahuisman@example.com,+31(0)66-7784905,Brakel,France,2024-08-01
MB000620,Yasmin,van der Heyden,yarade-bock@example.org,(0867)-168411,Opheusden,Belgium,2026-07-30
MB000621,Kay,van Wassenaar,jurreluboch@example.com,0887 681652,Vredepeel,Germany,2025-12-17
MB000622,Ayden,Jones,lizalevesque@example.com,+31(0)82 7445489,Baars,France,2025-08-04
MB000623,Giovanni,van Evelingen,kremernoah@example.org,+31846 485778,Budel-Dorplein,Belgium,2025-08-23
MB000624,Lisa,van 't Houteveen,ydie-bont@example.com,0720-657467,Bergambacht,Belgium,2025-02-12
MB000625,Daniël,van Berkel,abel86@example.org,,Oudwoude,Belgium,2025-08-11
MB000626,Maxim,le Matelot,elizeden-buytelaar@example.net,+31(0)720-460685,Kootwijk,France,2025-01-23
MB000627,Carlijn,Lucas,hugootte@example.net,+3148 3303630,Hooge Mierde,France,2025-05-12
MB000628,Evie,Verbeek,van-beierenpippa@example.com,(0543) 922843,Oudwoude,Netherlands,2024-03-27
MB000629,Michael,Jdotte,jannehuijben@example.org,+31233-787734,Midwoud,Netherlands,2023-09-17
MB000630,Mees,van de Greef,mika02@example.com,(0579) 826052,Westendorp,Germany,2025-07-13
MB000631,Alex,Scardino,micha58@example.net,0739 590990,Haaksbergen,France,2025-09-25
MB000632,Bart,Oennen,kolenluke@example.org,(041) 0589163,Lithoijen,Netherlands,2023-11-13
MB000633,Leon,Honing,zmathurin@example.org,+31(0)491-708101,Schalsum,France,2024-04-08
MB000634,Zara,d' Heripon,van-dillenlize@example.net,018 9318371,Gasselternijveen,France,2024-10-24
MB000635,Sofia,van Maaren,jan29@example.net,0875 835112,Afferden,Belgium,2026-05-24
MB000636,Senna,le Briel,bartelsmees@example.net,+3102 6006525,Beerzerveld,Germany,2026-01-19
MB000637,Roan,van Laon,cfortuyn@example.org,(0366)-558751,Neerloon,Germany,2023-08-18
MB000638,Dewi,van Amstel,verbeekvera@example.net,(0413) 316118,Anderen,Netherlands,2023-10-29
MB000639,Lizz,Groen,rackhamelisa@example.net,+31(0)19-2100068,Barchem,Belgium,2025-08-18
MB000640,Zoey,Spier,de-boeryusuf@example.net,(0369)-005489,Loënga,Belgium,2026-04-13
MB000641,Keano,Voortman,rotteveelvince@example.org,(0021) 729785,'s-Heer Abtskerke,Netherlands,2025-08-08
MB000642,Lynn,van 't Erve,takkelenburgangelina@example.com,+31(0)247 619185,Grathem,France,2025-02-07
MB000643,Renske,Elbertse,sennaverhoeven@example.org,+3106-7091752,Burdaard,Belgium,2023-09-03
MB000644,Silke,Kuipers,noelle97@example.org,(0491)-897749,Stad aan 't Haringvliet,Netherlands,2023-11-28
MB000645,Joël,van Luyssel,ehaack@example.org,+31(0)379 607094,Middenbeemster,France,2024-01-18
MB000646,Thom,Post,jannahakker@example.net,+31(0)090 303297,Oranjewoud,France,2025-12-09
MB000647,Ibrahim,Brandt,maja66@example.com,+31(0)352 309922,Tripscompagnie,Germany,2026-03-25
MB000648,Sep,Bos,lambersmadelief@example.com,+31(0)89-9158406,Kootwijkerbroek,Belgium,2024-04-07
MB000649,Ilse,van der Spaendonc,tpotters@example.net,(0065) 307827,Maasbracht,Belgium,2023-09-10
MB000650,  Pleun  ,Lommert,van-welkaylee@example.org,+31(0)79-2780276,Gelderswoude,Netherlands,2025-05-07
MB000651,Dex,van Zwaben,van-der-polamina@example.com,(0535)-217888,Tolkamer,Belgium,2025-07-14
MB000652,Sanne,Rotteveel,van-drentheroos@example.net,+31(0)582 982481,Oldenzaal,France,2025-07-27
MB000653,Pippa,Kruns,tvan-straaten@example.org,+3132 3824499,Zevenbergen,Netherlands,2025-12-14
MB000654,Jill,Knoers,ndachgeldt@example.com,(0506)-631829,Hellevoetsluis,Netherlands,2026-03-29
MB000655,Anouk,Peronne,joey51@example.org,+3184 1435012,Duizel,Belgium,2025-07-07
MB000656,Mohammed,van Dongen,tijnvan-der-plas@example.net,+3114 8179614,Kerkwijk,Germany,2025-05-22
MB000657,Laurens,Serra,bezemerkian@example.com,063-9016334,Heijenrath,Netherlands,2026-02-25
MB000658,Lois,Pieters,yblonk@example.org,0794 889550,Huis ter Heide,Belgium,2024-08-01
MB000659,Lisanne,Tielemans,elif52@example.org,(0802)-566681,Scheemda,Belgium,2023-11-05
MB000660,Hamza,Matthews,alimeeres@example.net,+3188-6438360,Hauwert,Belgium,2026-04-22
MB000661,Cato,d' Heripon,merijnvan-opper-lotharingen@example.net,(0222)-938447,Uffelte,Germany,2026-02-04
MB000662,Jade,Furda,yvan-hagen@example.com,(017) 9996406,Beesd,Netherlands,2026-05-04
MB000663,Xavi,Kosten,kvan-allemanie@example.org,+31481-647695,Wieringerwaard,France,2024-08-20
MB000664,Tara,Veenstra,vpratt@example.net,(074)-9171024,Raalte,Netherlands,2024-06-13
MB000665,Levi,van den Broek,kcornelisz@example.com,+31(0)991-774338,Nieuw-Vossemeer,Netherlands,2026-05-12
MB000666,Aron,Ouwel,jacquotmara@example.org,(036)-0672821,Kornwerderzand,Netherlands,2025-03-12
MB000667,Lynn,de Backer,teunissensepp@example.com,+31(0)399-251953,Krewerd,Germany,2025-10-21
MB000668,Zakaria,Totwiller,dylan25@example.net,(015) 4904212,Alphen,Netherlands,2024-10-27
MB000669,Laurens,Pieters,maxvan-wickerode@example.com,0650 079877,Vierhuizen,Belgium,2025-02-23
MB000670,Lars,Spruit,pkronenberg@example.com,+31763 079675,Blankenham,Germany,2023-11-04
MB000671,Jordy,Goyaerts van Waderle,zeynepschenkel@example.net,091 7613139,Oss,Belgium,2024-09-29
MB000672,Michael,van Dam,lieke92@example.net,006 7807899,Eesergroen,Germany,2025-02-05
MB000673,Alicia,de Bruijn,van-limburgsebastiaan@example.net,(0784) 953556,Veendam,Netherlands,2026-07-03
MB000674,Jordy,de Keijser,kate02@example.net,(016)-7337242,Westerwijtwerd,Netherlands,2026-04-24
MB000675,Pieter,Guit,lena92@example.org,(076)-4624350,Heerjansdam,Netherlands,2026-05-12
MB000676,Yara,van Oudewater,rhulshouts@example.com,(0215) 617184,Siegerswoude,Belgium,2024-02-29
MB000677,Sara,van der Linden,jande-korte@example.net,0331-313866,Oosterwijtwerd,Germany,2026-05-27
MB000678,Jayda,van Rijnsbergen,bart32@example.com,+31(0)29 5537265,Vierpolders,Belgium,2025-06-01
MB000679,Ian,van der Hoeven,kvan-der-stael@example.net,+31(0)85 9282116,Dalmsholte,Germany,2024-02-29
MB000680,Mohamed,Manne,josephinescharroo@example.com,(068) 1392354,Nes,Germany,2026-06-04
MB000681,Pleun,Michiels,gvan-der-leek@example.org,+31288-595561,Ter Apel,France,2024-07-01
MB000682,Jesper,van Breukeleveen,demivan-dalem@example.org,0000 983471,'s-Heerenhoek,Germany,2026-06-22
MB000683,Pim,Greij,lenn75@example.net,(0453)-420074,De Kiel,Belgium,2023-09-04
MB000684,Bas,van Susa,thijs35@example.com,+3100-1799250,Oude-Tonge,Netherlands,2025-05-14
MB000685,Esila,van Praagh,oblees@example.org,078-0129695,Leerbroek,France,2024-05-11
MB000686,Brent,van den Eijssel,dekkersil@example.net,(004) 4795193,Onnen,Belgium,2024-07-09
MB000687,Giovanni,Verboom,qde-smit@example.org,(0711)-552703,Hasselt,Germany,2024-11-07
MB000688,David,Spier,schrikhannah@example.com,(0000) 088413,Enter,Germany,2025-04-13
MB000689,Rik,Jaceps,arensloes@example.com,0811-847211,Veulen,Netherlands,2026-04-10
MB000690,Kayleigh,Ramaker,bartovereem@example.org,+3176-6304770,Vethuizen,Germany,2024-10-23
MB000691,David,Passchiers,ivan-alenburg@example.org,010 3157749,Daarlerveen,Netherlands,2024-11-08
MB000692,Elin,le Gulcher,jensmeyer@example.net,005 1597429,Lopik,Netherlands,2025-12-30
MB000693,Timo,Massa,pienjonkman@example.net,0055 346716,Twijzel,Belgium,2026-02-01
MB000694,Sam,Verbeeck,dewi74@example.org,+31(0)062 349564,Bronkhorst,France,2024-05-05
MB000695,Chloë,Versluijs,jakekeltenie@example.org,(091)-7856257,Leiden,Belgium,2024-03-08
MB000696,Tijs,Gerritse,van-berkelmaud@example.org,+31(0)783 137052,Sappemeer,Netherlands,2026-04-01
MB000697,Stijn,van Beaumont,fabiennewillems-van-lier@example.com,0297 323928,Haule,Belgium,2024-02-16
MB000698,Jesse,Huel,xspanhaak@example.net,+3154-6250161,Everdingen,Netherlands,2024-11-08
MB000699,Job,Eijkelboom,twan07@example.net,+3166-5634182,Wytgaard,France,2024-01-08
MB000700,Feline,Haneberg,avan-emmelen@example.com,(071) 1959607,Earnewâld,France,2026-03-15
MB000701,Noud,Ariens,raf94@example.com,+31(0)14 4173489,Sappemeer,Belgium,2026-03-27
MB000702,Nout,Ouwel,petersmilo@example.com,070 3033092,Sibrandahûs,Belgium,2026-02-17
MB000703,Nora,Charon,van-der-laarjelle@example.net,(081) 2010601,Bruntinge,Germany,2024-01-11
MB000704,Jip,Oosterhek,timmermanmaud@example.com,+3158-1185939,Evertsoord,Belgium,2024-09-24
MB000705,Phileine,Cosman,ouwellivia@example.org,093 3963827,Babberich,Germany,2024-10-10
MB000706,Siem,Steinmeiern,joy07@example.com,054-5177063,Babberich,Belgium,2026-01-15
MB000707,Liam,Roosenboom,avan-maasgouw@example.net,+31(0)55 0269701,Hulten,Germany,2025-10-25
MB000708,  Lucy  ,van Rooij,esmeeeelman@example.com,0017 933171,Alteveer gem Hoogeveen,Germany,2023-12-10
MB000709,Ian,Lommert,fleur31@example.net,058-5919383,Erm,Belgium,2023-10-12
MB000710,Ninthe,Dekker,appelmanbibi@example.net,+3183-7620972,Dreischor,Netherlands,2025-10-25
MB000711,Zoë,van den Bosch,emilyvan-veen@example.org,+31(0)358 094399,Amerongen,Netherlands,2026-01-14
MB000712,Ivy,van Leeuwen,wesley08@example.net,(021)-5944155,Sprang-Capelle,Belgium,2025-05-23
MB000713,Catharina,Gnodde,oferran@example.com,+31(0)24 4435007,Den Dungen,Belgium,2023-08-21
MB000714,Olivia,de Roo,vvan-ochten@example.org,0748 210890,Eerbeek,Belgium,2024-03-10
MB000715,Koen,Zwart,lambersnorah@example.net,+31(0)479-373619,Losdorp,Germany,2023-12-20
MB000716,Nina,van Wijland,invalid.email,(0572) 841571,Follega,Netherlands,2025-04-01
MB000717,Milo,Jorrisen,rosavan-dongen@example.com,(0974)-345420,Lieshout,Netherlands,2023-11-03
MB000718,Nora,Arent,sdoesburg@example.org,+31516-161534,Strijensas,Netherlands,2026-04-13
MB000719,Zoë,Eerden,duboisfien@example.com,(0356)-371359,Hantumhuizen,Belgium,2026-01-19
MB000720,Luuk,Mater,carlijn54@example.com,+31(0)95-9276877,Nieuweroord,Germany,2024-01-15
MB000721,Naomi,Dirksen,boris69@example.org,+31(0)63 3305246,Sumar,Belgium,2023-12-30
MB000722,Lot,Dennenberg,van-der-veiverbram@example.net,(057) 5276479,Biervliet,Netherlands,2023-11-20
MB000723,Tijn,Jekel,aliciavierdag@example.com,+31250 095325,Kamperveen,Germany,2025-01-31
MB000724,Jack,Reimes,van-den-nieuwenhuijsenjulian@example.com,(0963) 591235,Pijnacker,Germany,2025-12-28
MB000725,Rick,Wever,anneneuteboom@example.net,+3100 5875564,Hempens,Netherlands,2024-09-11
MB000726,Hendrik,Strik,muddenvincent@example.com,+31(0)16 0620686,Nieuw-Beijerland,Netherlands,2025-03-25
MB000727,Joris,de Haan,vcoret-coredo@example.com,+3103 7099253,Dalem,Germany,2024-08-27
MB000728,Nisa,van den Berg,isisaertsz@example.org,(0234)-907906,Vinkel,Germany,2024-06-24
MB000729,Joey,Verhoeven,ehlertlana@example.net,0161-613596,Beers NB,Belgium,2025-12-30
MB000730,Pim,Olykan,cvignon@example.net,(0742) 429807,Best,France,2025-12-28
MB000731,Lize,die Bont,amelia35@example.net,+3124 2596363,Velp,Germany,2024-11-06
MB000732,Evelien,van der Velden,zrietveld@example.com,0817 270520,Luxwoude,Belgium,2025-05-07
MB000733,Rosa,Kof,thijswerdes@example.com,+31(0)437-616495,Brandwijk,Netherlands,2023-12-01
MB000734,Thom,Postma,alicia91@example.com,(0357) 256598,Callantsoog,Belgium,2025-04-15
MB000735,Eline,Keltenie,liz75@example.net,+3111-8619615,Bredevoort,Belgium,2023-09-22
MB000736,Sami,van Kuijc,tvan-wijk@example.org,(0264)-078918,Opperdoes,Belgium,2024-03-24
MB000737,Keano,van Loon,rayan28@example.org,+31(0)93-0646316,Sinderen,Belgium,2025-12-30
MB000738,Danique,van Ooste,sophiehuurdeman@example.com,0132 006797,Kattendijke,Netherlands,2023-10-15
MB000739,Luna,Verbeeck,maarten91@example.org,083-1814450,Sebaldeburen,Netherlands,2023-10-29
MB000740,Cato,van der Schuijt,gerritsekai@example.org,+31(0)55 5819191,Vragender,Germany,2024-04-15
MB000741,Sanne,Hendriks,huijsjulia@example.org,0330 352589,Riethoven,Germany,2025-11-24
MB000742,Jelle,Koeman,ayoub61@example.net,+31(0)80-8100303,Clinge,Belgium,2024-03-28
MB000743,Jip,Dekker,mason12@example.net,0302 591268,Woudenberg,France,2025-01-05
MB000744,Ravi,Belpere,james42@example.org,+31(0)28-1083440,Rijkevoort,Belgium,2026-03-22
MB000745,Lize,Hazenveld,ashley15@example.com,021-0003990,Weteringbrug,France,2025-06-20
MB000746,Melle,Chevresson,jacob49@example.org,+31(0)91 5371275,Arriën,Netherlands,2025-12-04
MB000747,Jules,Dirksen,,(019)-9557764,Ossenzijl,Belgium,2023-10-26
MB000748,Sam,Marceron,ivan-der-smeede@example.net,+31(0)622-895748,Retranchement,Netherlands,2023-12-29
MB000749,Luke,de Hoog,janssenluuk@example.org,+31816-669145,Tinallinge,France,2026-06-08
MB000750,Daphne,Zeldenrust,xmathieu@example.net,(0427) 100073,Stramproy,Germany,2024-08-08
MB000751,Damian,mOENSENDIJK,valeriepeters@example.com,+3128 5504081,Ellertshaar,France,2026-07-04
MB000752,Ceylin,Aelftrud van Wessex,dgoyaerts-van-waderle@example.org,(0146) 153016,Nieuw-Dordrecht,Netherlands,2025-04-22
MB000753,Ashley,Dachgeldt,kwijland@example.org,(081)-4381951,Iens,Belgium,2024-08-01
MB000754,Stef,van der Heijden,beau96@example.com,(0822) 945098,Hedel,Netherlands,2024-01-20
MB000755,Elise,Greij,mick73@example.net,+31(0)219 491251,Vasse,France,2024-05-11
MB000756,Maya,den Haag,lambregtesmee@example.com,0556-800040,Hoedekenskerke,Netherlands,2026-04-28
MB000757,Lorenzo,van Hamaland,rboudewijns@example.org,081-5293339,Heusden,Belgium,2025-09-20
MB000758,Puck,Jansse,wunderinkfleur@example.com,094-3079143,Een-West,Netherlands,2025-08-05
MB000759,Ise,Lamotte,van-der-leekzakaria@example.org,+31775 330543,Dronryp,Germany,2025-03-26
MB000760,Charlotte,Martens,orademaker@example.com,+31(0)188-770038,Kollum,Belgium,2025-09-23
MB000761,Tessa,Merkx,ameliavan-de-ven@example.net,0996-858989,Hulsel,Netherlands,2025-07-06
MB000762,Lize,Heerkens,alyssa79@example.net,(0641) 019827,Brouwershaven,Belgium,2025-09-18
MB000763,Ilse,van Santen,rismamaxim@example.net,(0019)-174506,Stavenisse,Germany,2025-02-04
MB000764,Quinn,Jansen,clamore@example.com,(054) 7853931,Dreischor,France,2025-06-10
MB000765,Berend,Werdes,nielszijlemans@example.com,+31133-453210,Ospel,Belgium,2023-10-14
MB000766,Amin,Aeije,kikiovereem@example.org,+31(0)045 902403,Workum,Germany,2025-04-08
MB000767,Guusje,Tielemans,qpieters@example.org,049-2499303,Zuidschermer,Belgium,2023-10-07
MB000768,Lola,Pieters van der Maes,ablom@example.net,(045) 7028385,Klimmen,Germany,2023-10-14
MB000769,Mia,Doyle,sborman@example.com,0891-883635,Afferden L,Netherlands,2024-03-03
MB000770,Catharina,Lambregt,vinksylvie@example.org,+31(0)973-727031,Melissant,Netherlands,2024-03-24
MB000771,Quinten,de Gratie,fpotters@example.org,+31950-357082,Olterterp,Germany,2025-11-28
MB000772,Maud,Elsemulder,cvan-der-heyden@example.com,083 7933072,Buchten,Germany,2024-07-04
MB000773,Kayleigh,Holthuis,jill62@example.com,(0425)-001651,Hekendorp,Netherlands,2025-06-19
MB000774,Chloë,Labado,,(0288) 596416,Tholen,France,2025-07-24
MB000775,Emily,Bouthoorn,van-dommelenfrederique@example.org,+31(0)404-977046,Andel,Netherlands,2024-02-12
MB000776,Elena,van Engeland,siemgodfrey-van-alemannie@example.com,+31(0)57 2660644,Westzaan,Belgium,2026-07-31
MB000777,Isabella,Steinmeiern,noutkoster@example.com,+31652-475474,Nijhuizum,Netherlands,2025-03-11
MB000778,Ninthe,Uit de Willigen,aydenbosman@example.net,0967-743609,Meerlo,Netherlands,2025-12-08
MB000779,Jinthe,Beernink,tijnbreugelensis@example.net,+3194-6391755,Abbega,France,2024-01-31
MB000780,Giovanni,Brands,joy20@example.net,(014) 4700731,Starnmeer,Netherlands,2024-05-23
MB000781,Yinthe,Lansink,marinus77@example.org,(0191) 495422,Briltil,Netherlands,2024-09-29
MB000782,Alex,Perck,ospanhaak@example.org,+3177 1985895,'s-Gravenpolder,Belgium,2026-07-23
MB000783,Mehmet,van Emmelen,schoutenbibi@example.net,+31(0)38 1990628,Hengstdijk,Netherlands,2024-11-23
MB000784,Muhammed,Zeemans,pukcornelissen@example.com,+3162-9845385,Stevensbeek,Netherlands,2024-07-09
MB000785,Silke,Versluijs,yusuf98@example.com,073 8079206,Britswert,Germany,2024-05-18
MB000786,Colin,van der Leek,dirkshupe@example.org,(054)-5363053,Waskemeer,Germany,2024-10-15
MB000787,Evie,Weijters,rademakerdemi@example.org,0793 373535,Uithuizen,Netherlands,2026-04-10
MB000788,Kyara,Geldens,smithannah@example.org,0800 412244,Escharen,Netherlands,2026-05-26
MB000789,Joël,Woudenberg,quinn08@example.net,028 7338539,Puth,France,2024-04-06
MB000790,Milou,Blokland,ovan-den-nuwenhijsen@example.org,+3198-0500476,Oosterleek,Belgium,2026-05-12
MB000791,Stef,van der Loo,mwolters@example.org,(0504) 194339,Hilversum,Belgium,2025-02-05
MB000792,Lois,Lijn,vwensen@example.com,+3149 8043285,Rucphen,Belgium,2024-09-23
MB000793,Jens,Nedermeijer,dsmeets@example.org,0342 178075,Hagestein,Germany,2024-08-08
MB000794,  Sep  ,Kloppert,oshupe@example.net,+31(0)604-602819,Mariënvelde,France,2025-08-02
MB000795,Jip,Scholten,rgroote@example.com,0209-965152,Garrelsweer,France,2023-11-01
MB000796,Fay,van 't Houteveen,lauramansveld@example.org,(0593) 777315,Slochteren,Germany,2025-01-26
MB000797,Lex,van Limburg,cemmen@example.com,+31(0)209-990735,Lieveren,Germany,2026-04-30
MB000798,Philip,Bos,lamberslevi@example.net,084-7135310,Finsterwolde,France,2024-06-17
MB000799,Stefan,Briere,thomasadriana@example.net,+3158 6386918,Lambertschaag,Netherlands,2023-11-02
MB000800,Tim,Kleibrink,zgeertsen@example.net,+31(0)79 5093461,Asperen,Netherlands,2024-02-09
MB000801,Charlotte,Bresé,bschwartsbach@example.com,+31129-579357,Hippolytushoef,Netherlands,2026-07-12
MB000802,Julian,van Asten,@retailmart.com,+3168-1432965,Rouveen,France,2025-12-16
MB000803,Evy,Zeemans,tylerketting@example.org,+31915 391542,Haalderen,Belgium,2025-11-24
MB000804,Daan,Galijn,lievevan-kuijc-van-malsen@example.org,+31408 884126,Egmond aan Zee,Germany,2026-01-01
MB000805,Nova,'s Gravensande,merijn30@example.com,+31(0)11 1374292,Nieuwehorne,Belgium,2025-10-14
MB000806,Roos,de Korte,wendtjim@example.net,(079) 0963029,Sebaldeburen,Netherlands,2024-04-05
MB000807,Lot,van Gorp,philip14@example.org,0809 228078,Laag-Soeren,Germany,2024-03-15
MB000808,Tara,van den Bosch,mariavan-schweinfurt@example.com,+3135-3660106,Molenschot,Belgium,2026-01-28
MB000809,Lindsey,Lonen,noutschwartsbach@example.org,(074)-2857566,Warfhuizen,Belgium,2024-12-25
MB000810,Luna,van Northeim,aaronde-vries@example.org,0648 932244,Neeritter,Germany,2024-03-22
MB000811,  Tessa  ,Estey,felinevan-den-wittenboer@example.com,+31(0)434 967426,De Goorn,Germany,2024-04-18
MB000812,Alicia,Aertsz,klerksalex@example.org,004-9022419,Oldehove,Belgium,2025-08-24
MB000813,Bastiaan,Massa,hellevoortcornelia@example.com,0391-589483,Ell,Belgium,2023-09-11
MB000814,Sebastiaan,Verbeek,bramweeldenburg@example.net,+31276 981505,Zuidlaren,Netherlands,2024-06-07
MB000815,Carlijn,van Stralen,indy96@example.net,+31911 571701,Vlagtwedde,Netherlands,2025-07-11
MB000816,Wouter,van Mispelen,kweijland@example.org,+3140 1342260,Westwoud,Netherlands,2025-10-28
MB000817,Luc,van Grondelle,lflink@example.com,+3145-3988762,Doenrade,Belgium,2026-01-09
MB000818,Jason,Neuteboom,rvan-boulogne@example.com,+31(0)33 6218288,Epse,Germany,2024-11-23
MB000819,Kay,Kosten,tycho73@example.org,(0903)-179423,Haule,Belgium,2025-02-19
MB000820,Vera,Potters,vmijsberg@example.net,+31(0)75 7183894,Griendtsveen,Netherlands,2024-05-21
MB000821,Ruben,Brands,jamieaschman@example.net,+31(0)204 599760,Oudorp,Belgium,2025-04-20
MB000822,Nora,Kleijse,schakelaarsten@example.net,+31366 910018,Wolvega,Belgium,2024-04-10
MB000823,Marinus,Kleijse,bram87@example.com,0652 022718,Knegsel,Germany,2024-09-13
MB000824,Giovanni,Momberg,jimlambers@example.org,+3169-6213191,Wilhelminaoord,Belgium,2025-06-13
MB000825,Nisa,Bouthoorn,eferran@example.com,+31725 058488,Merkelbeek,Netherlands,2024-07-31
MB000826,Josephine,Schouten,job04@example.com,+31928 480102,Zegge,France,2023-09-30
MB000827,Lieke,Kriens,van-tuijlduuk@example.org,(015)-2504399,Ingber,Belgium,2023-08-02
MB000828,Tobias,Dekker,zoe27@example.org,+31(0)885-904045,Balloërveld,Belgium,2023-12-20
MB000829,Catharina,Verhoeven,zvan-de-greef@example.com,071-0575040,Tinallinge,France,2024-04-28
MB000830,Lise,van der Kint,arie41@example.com,+31820-246002,Nieuwersluis,Netherlands,2024-01-30
MB000831,Liza,van Ginkel,annabelbosch@example.org,+31429-915686,Olterterp,France,2025-08-27
MB000832,Mason,Boddaugh,indy41@example.org,+31436 725703,Oud Ootmarsum,Belgium,2023-10-16
MB000833,Jim,Gerrits,qbeourgeois@example.net,+31(0)82 7834830,Huisduinen,Netherlands,2023-11-29
MB000834,Hailey,Godfrey van Alemannië,kappelman@example.com,(0860) 141228,Westzaan,France,2026-04-16
MB000835,Bradley,de Groot,ben62@example.net,(018) 0766784,Spanbroek,Germany,2025-01-04
MB000836,Michael,Rijn,gle-briel@example.com,(099)-0253683,Ferwoude,Germany,2024-07-14
MB000837,Fatima,Vos,danielhulskes@example.net,(0446)-508808,De Heen,Netherlands,2024-09-26
MB000838,Dina,Luboch,pvan-der-pouw@example.com,(0469) 907869,Kortgene,Netherlands,2024-12-01
MB000839,Iris,Garret,jorisde-plantard@example.org,+31443 732215,Overschild,Netherlands,2023-12-22
MB000840,Meike,de Grote,kayleigh24@example.com,022 9361262,Geervliet,Germany,2024-05-13
MB000841,Kyra,van Ginneke,kismanmathijs@example.net,+31(0)081-127727,Maasland,Netherlands,2026-02-24
MB000842,Fatima,Scuylenborchs,bosmanimran@example.com,(022) 1748045,Hellendoorn,France,2023-08-20
MB000843,Jurre,Bronder,yasmine69@example.org,+31(0)397-078212,Hantumhuizen,Belgium,2026-07-01
MB000844,Alicia,Houdijk,customer@,+31709 523820,Wieringerwerf,France,2025-05-02
MB000845,Luke,Pratt,svan-wijland@example.net,(031)-2034535,Daarlerveen,Netherlands,2025-01-16
MB000846,Amina,van Santen,wrijks@example.org,0955-540521,Hall,Germany,2026-07-06
MB000847,Justin,Le Grand,de-keijzerfrederique@example.org,+3116-7619805,Zurich,Netherlands,2024-06-04
MB000848,Mirthe,Strijker,de-manyara@example.net,(0973) 147571,Beuningen,Belgium,2024-04-14
MB000849,Brian,van der Wal,job42@example.com,+31(0)587-719561,Hiaure,Netherlands,2025-04-02
MB000850,Lisanne,Hak,van-de-brinkmarijn@example.net,069 8431884,Retranchement,Germany,2025-06-06
MB000851,Lieve,Loep,sroodesteijn@example.com,+3117-6142580,Waterhuizen,Germany,2026-05-31
MB000852,Joëlle,Willems van Lier,annade-jong@example.net,+31128 054830,Elburg,Germany,2023-12-27
MB000853,  Mees  ,de Swart,jvan-der-noot@example.net,0616 654450,Hasselt,Belgium,2024-05-02
MB000854,Nina,van Beaumont,brouwersam@example.net,+31(0)61-4582382,Oldekerk,France,2025-10-05
MB000855,Mehmet,van Duivenvoorde,isabelvan-loon@example.net,+31(0)109-502995,Doeveren,Germany,2025-04-02
MB000856,Tijn,Martel,den-teulingkarlijn@example.org,+31(0)859 148089,Hoog Soeren,Belgium,2025-10-13
MB000857,Vajèn,Vertoor,willemsenloes@example.org,+3166 6718545,Goirle,Netherlands,2024-12-21
MB000858,Milou,Lankle,bovan-rijthoven@example.com,+31(0)58-8442213,Aldeboarn,Germany,2026-02-09
MB000859,Siem,Velderman,linde46@example.com,+31(0)968-536863,Oosteind,Germany,2023-12-22
MB000860,Mike,van der Strigt,van-munsterwillem@example.org,053-6880974,Nieuwediep,Belgium,2024-03-28
MB000861,Maartje,Stettyn,lunaserra@example.com,(0215)-139782,Beerzerveld,Belgium,2024-11-24
MB000862,Levi,Uphuis,farens@example.net,054 7837617,Standdaarbuiten,Netherlands,2026-05-25
MB000863,Duuk,Barents,haengrevesepp@example.com,+31(0)15 9573511,Sint-Michielsgestel,Belgium,2024-10-21
MB000864,Nick,Kolster,westerburgyassin@example.net,+31(0)69-4958600,Wapse,France,2025-08-02
MB000865,Zeynep,Willems,joshua95@example.org,+31(0)285-075806,Zuidoostbeemster,Belgium,2024-07-31
MB000866,Mick,Momberg,guitteun@example.com,(001)-3159712,Ulrum,Germany,2024-07-13
MB000867,Lotte,van der Ploeg,sepverbeek@example.com,0728-809104,Kerkdriel,Germany,2025-06-23
MB000868,Melissa,Schuylenborch,lucas27@example.com,+31(0)54 5980453,Twijzelerheide,Belgium,2024-09-04
MB000869,Sil,Ellis,senn63@example.com,+3125 8917002,Geffen,Germany,2023-08-15
MB000870,Pieter,Schuylenborch,fabienne81@example.com,+31(0)673 146303,Varsselder,Belgium,2024-11-19
MB000871,Beau,de Roos,verheijlieve@example.net,+31(0)95 8078928,Anna Paulowna,Germany,2025-01-12
MB000872,Boaz,Louws,van-maasgouwjorn@example.org,0434 976667,Slochteren,France,2024-08-08
MB000873,Jim,Kremer,whuls@example.net,(037)-5150085,Oppenhuizen,Netherlands,2026-07-15
MB000874,Evy,Elberts,brentschellekens@example.org,(078) 3573840,Oost-Graftdijk,Germany,2024-03-17
MB000875,Finn,Joosten,ernstnikki@example.com,006 6518421,Werkhoven,Netherlands,2025-06-16
MB000876,Brent,Verbeeck,hvan-den-assem@example.org,+3156-6477194,Blankenham,Germany,2026-02-24
MB000877,Valentijn,Maas,pknoers@example.com,099 3470103,Baflo,Germany,2025-02-08
MB000878,Phileine,Geerling,van-luxemburgjanna@example.com,+31(0)85-7467939,Rotterdam,Belgium,2025-11-13
MB000879,Aiden,Perck,hvan-der-veen@example.org,(013)-3974664,Slijkenburg,Belgium,2023-11-09
MB000880,Lucy,Demmendaal,ian52@example.net,+31(0)213-508118,Winssen,France,2024-03-04
MB000881,Jason,Michielsen,xwijland@example.org,047 4371694,Gendt,Belgium,2024-06-14
MB000882,Tycho,Françoise,tycho22@example.com,+31630-172453,Breedenbroek,Netherlands,2024-11-08
MB000883,Milo,Walsteijn,bjorn04@example.org,+3109-7009630,Nieuwleusen,Germany,2025-03-24
MB000884,Merijn,Tillmanno,molykan@example.com,008 1828212,Purmerland,Netherlands,2023-11-15
MB000885,Aylin,Huberts,damianschokman@example.net,+3112-6587729,Berkel-Enschot,Netherlands,2024-03-20
MB000886,Robin,Blom,aron13@example.com,009 7405098,Sluis,Germany,2024-03-06
MB000887,Ecrin,Marchand,ageldens@example.org,(0921) 001190,Glimmen,Belgium,2024-01-07
MB000888,Elisa,Molenaar,mlevesque@example.net,072-9850267,Eext,Belgium,2025-04-13
MB000889,Yasmine,Matthews,xwalter@example.com,+31(0)656 605700,Radewijk,Netherlands,2025-09-18
MB000890,Luke,Bekbergen,lglasses@example.net,+31(0)182 247730,Doniaga,Belgium,2024-07-07
MB000891,Bram,Kalman,emilygeneart@example.com,+3171 2707434,Donderen,Netherlands,2026-01-25
MB000892,Levi,Holthuis,ukamper@example.net,(0358) 687010,Spijkenisse,Netherlands,2025-03-04
MB000893,Mats,Jansse,berattamsma@example.org,0574-988474,Leerdam,Belgium,2023-10-15
MB000894,Louise,Lijn,aron39@example.net,+3113 1924409,Schellinkhout,Netherlands,2024-10-19
MB000895,Lise,Bos,ysalet@example.net,071-0488205,Numansdorp,Netherlands,2026-04-23
MB000896,Jonas,Huijzing,nvan-der-stael@example.org,+31844 702265,Hauwert,Germany,2026-03-19
MB000897,Guus,Ehlert,eliflether@example.com,0404 726997,Mirns,Germany,2024-01-19
MB000898,David,van Hoevel en van Zwindrecht,hroom@example.org,+31(0)53 4939822,Zuidland,Netherlands,2025-10-31
MB000899,Sanne,Stichter,tammerijnquinten@example.com,(037) 2108933,Meerssen,Belgium,2025-09-16
MB000900,Joep,van den Nuwenhuijzen,pkas@example.com,+31(0)285-030373,Veghel,Belgium,2025-03-27
MB000901,James,Gerritse,bradley27@example.com,+31758 056440,Ten Boer,Belgium,2024-05-13
MB000902,Boris,Wijland,floorvan-de-klashorst@example.net,+3113-7491497,Hengelo,Belgium,2023-12-23
MB000903,Nadia,Wunderink,jente04@example.com,+31(0)052-004112,Andelst,Netherlands,2023-10-05
MB000904,Joey,Fortuyn,van-emmelencasper@example.com,(0710)-954923,Noordgouwe,Belgium,2023-12-08
MB000905,Kyano,Geerling,novade-mol@example.com,(0373)-879093,Waarder,Germany,2025-12-24
MB000906,Jill,Ghoerle,marceronaaliyah@example.org,0504 085392,Tuitjenhorn,France,2025-03-26
MB000907,Phileine,van der Mast,van-metzboaz@example.org,(0780)-606142,Harkema,France,2026-05-12
MB000908,Isabel,van der Zijl,shupetijmen@example.org,(0098)-403725,Appingedam,Belgium,2023-10-08
MB000909,Marinus,van Mare,zverbeek@example.net,+3161 1068038,Radewijk,Germany,2026-07-14
MB000910,Teun,Olthof,schakelaarniels@example.net,+31(0)721-272061,Riel,Netherlands,2024-09-13
MB000911,Loes,Mansvelt,guus64@example.org,+31643-728790,Kollumerpomp,France,2026-02-12
MB000912,Elise,Stinis,jmartens@example.net,088-5930458,Winde,Netherlands,2026-05-26
MB000913,Luca,Verbeeck,ayoub39@example.net,(045) 5745547,Veenendaal,Netherlands,2024-05-01
MB000914,Elizabeth,Scharroo,avignon@example.org,079 3293727,Grootegast,France,2024-04-13
MB000915,Morris,Schatteleijn,lily45@example.com,050-5267680,Nieuw-Roden,Netherlands,2025-07-28
MB000916,Lise,Uphaus,sep99@example.org,031 4783867,Swifterbant,Germany,2023-08-13
MB000917,Mathijs,van der Veiver,van-der-sandelola@example.com,(0302) 496438,'s-Heerenhoek,Germany,2023-08-13
MB000918,Kim,Welf,mustafasterkman@example.com,031 5947795,Garsthuizen,France,2025-03-28
MB000919,Lenn,van de Biezenbos,eliasvan-clootwijck@example.org,+31(0)64 1500966,Nooitgedacht,Belgium,2025-07-09
MB000920,Lana,Hanegraaff,ywipstrik@example.org,0877 014629,Muntendam,Germany,2026-05-06
MB000921,Lizz,Zevenboom,bloklandjulia@example.net,(018) 2814112,Berkenwoude,France,2025-04-10
MB000922,Jente,Mijsberg,de-grootsofie@example.com,+31(0)47-7808397,Warmond,Belgium,2025-04-17
MB000923,Ayoub,van Laon,cadefauimran@example.org,0485-455865,Purmer,Germany,2023-10-05
MB000924,Rik,van Dijk,wvan-der-pluijm@example.org,+31036-436574,Berkhout,Belgium,2026-01-20
MB000925,Aimée,Jerusalem,loepromy@example.net,+3148-4947051,Edam,Germany,2025-03-11
MB000926,Lina,van Gastel,feline02@example.org,0924 549178,Blaricum,Belgium,2023-12-30
MB000927,Nikki,Hanegraaff,veralutterveld@example.net,+31(0)57 0503003,Erichem,Belgium,2025-03-29
MB000928,Sarah,Hoedemakers,lieve64@example.net,+31394-701620,Sonnega,Netherlands,2026-02-03
MB000929,Maya,van Laarhoven,van-wessexryan@example.com,0547-253639,Rijen,Belgium,2023-10-19
MB000930,Philip,Passchiers,stefscholten@example.org,(0022)-856305,Kamerik,France,2025-06-03
MB000931,Sarah,Matthews,thijmenden-teuling@example.net,+31(0)124-746802,Nisse,Netherlands,2026-04-08
MB000932,Sebastiaan,van Engeland,timmermansceylin@example.org,+31(0)59 8720797,Pijnacker,France,2025-08-05
MB000933,Daan,de Backer,casper38@example.net,0072-324152,Assendelft,Netherlands,2025-07-18
MB000934,Lynn,Haring,fvan-der-steen@example.org,+31269 209795,Franeker,Germany,2025-03-19
MB000935,Puk,Hemma van Allemanië,lieke27@example.org,(002)-7686040,Elahuizen,Germany,2025-07-28
MB000936,Liv,Hellevoort,wrightnienke@example.org,+31(0)26-4674682,Rijkevoort,France,2024-05-07
MB000937,Elin,Kuipers,goyaerts-van-waderlejente@example.org,032-8990242,Beers NB,France,2026-06-22
MB000938,Alexander,de Reede,slagerweij@example.com,096-2642872,Buinerveen,France,2024-04-20
MB000939,Juul,Passchiers,joostzijlmans@example.org,097-3928294,Schoorl,Belgium,2026-05-14
MB000940,Berat,Spies,kyan91@example.net,+31(0)68-9440676,Ven-Zelderheide,Belgium,2024-02-28
MB000941,Sanne,Hofman,kyanferran@example.net,+31(0)75 7124277,Eindhoven,France,2026-05-15
MB000942,Guus,Fortuyn,wdie-bont@example.net,(0039) 279436,Loenen,France,2025-01-25
MB000943,Tessa,Mol,hoelenjesse@example.com,+31979 989195,Fluitenberg,Belgium,2025-11-18
MB000944,Dylano,de Kok,elinde-wit@example.net,(0445)-712113,Angerlo,Netherlands,2026-03-31
MB000945,Raf,Nollee,nvink@example.com,(0602)-651663,Hegebeintum,Germany,2026-02-15
MB000946,Damian,Weyland,kayleigh65@example.net,0316 268100,Onna,Netherlands,2026-03-18
MB000947,Jordy,van Oirschot,de-bruijnbo@example.com,085 7859359,Beek en Donk,Germany,2025-01-25
MB000948,Valentijn,Segerszoen,sscardino@example.com,+31(0)67-6227065,Mensingeweer,Belgium,2026-01-21
MB000949,Julius,Ligtvoet,,+31(0)15-6080713,Rijs,France,2024-08-05
MB000950,Juliette,van den Henst,kbruynzeels@example.net,+3131 4320276,Moerkapelle,Netherlands,2026-05-01
MB000951,Janna,Govarts,daniels-gravensande@example.com,+31(0)870 468660,St.-Jacobiparochie,Germany,2026-02-20
MB000952,Aron,van der Horst,renskejoosten@example.com,(008) 5594739,Kraggenburg,Germany,2023-08-05
MB000953,Tim,Dachgelder,ella55@example.net,+31431-262781,Deelen,France,2025-05-07
MB000954,Sterre,Keijser,maja02@example.net,+31(0)15 8962920,Nederasselt,Netherlands,2024-09-02
MB000955,Naud,Goudriaan,morris25@example.org,021 7462140,Avenhorn,Belgium,2026-01-06
MB000956,Melle,de Reede,van-de-pololivia@example.com,(047) 9032982,Benschop,Germany,2025-08-31
MB000957,Amin,de Vrome,jerusalemxavi@example.com,+3191 4492568,Doniaga,Belgium,2024-03-06
MB000958,Floor,Eijkelboom,alexanderwouters@example.org,(0159)-033037,Oldetrijne,France,2026-01-18
MB000959,Gerrit,The Elder,ecrin95@example.com,+31057 657112,Gasselternijveenschemond,Belgium,2026-01-28
MB000960,Bente,Hoeks,lise90@example.com,0139-226684,Nieuwland,Belgium,2024-04-15
MB000961,Jente,van Dillen,ffriehus@example.com,(011)-8089347,Zwammerdam,France,2026-05-03
MB000962,Floris,van Noordeloos,heerelana@example.net,+31(0)200 148128,Groet,Germany,2026-03-01
MB000963,Isabella,Suijker,svan-santen@example.net,+31(0)659-438053,Hoogeveen,Belgium,2024-04-07
MB000964,Evelien,van Beeck Beeckmans,sepp41@example.org,+31684-757113,Peize,Belgium,2025-03-29
MB000965,Kyara,Beijring,jvan-de-weterink@example.com,(069)-0388871,Loerbeek,France,2024-01-24
MB000966,Tijs,van der Kaay,carnottepuck@example.net,+31(0)646-031254,Maasvlakte Rotterdam,Belgium,2025-03-16
MB000967,Sophie,Brouwer,jelle50@example.org,+31(0)32-1995284,Oosteind,Belgium,2026-05-18
MB000968,Louise,van Daal,evertsjip@example.net,048-9677473,Nederweert,Germany,2026-03-28
MB000969,Bram,Nijman,agarret@example.com,0691-108456,Nieuwdorp,Belgium,2025-09-25
MB000970,Sep,van den Nuwenhuijzen,wijlandlevi@example.net,+31531 006007,Hattemerbroek,France,2024-02-14
MB000971,Ecrin,van Dongen,dex46@example.net,0673-157243,Stampersgat,Belgium,2024-02-24
MB000972,Thomas,van Grinsven,nkamper@example.com,(0744)-790804,Leur,France,2024-12-20
MB000973,Thijn,Cadefau,van-rietbram@example.org,+31(0)56 8917634,Moerstraten,Germany,2023-08-05
MB000974,Ties,Aarts,chloevan-ooste@example.com,+3152-1895465,Hazerswoude-Rijndijk,Netherlands,2025-12-04
MB000975,Quinty,Haengreve,epeterse@example.org,+31382 508778,Veere,Belgium,2025-12-08
MB000976,Stefan,van Clootwijck,vincebroeders@example.net,(037) 0720656,Hijken,Belgium,2024-06-09
MB000977,Julia,Cornelisz,luukzwart@example.net,+31(0)922-650170,Deurze,Netherlands,2026-03-31
MB000978,Eliza,van Haeften,imkeoverdijk@example.org,0022 882822,Winsum,Germany,2023-08-28
MB000979,  Ise  ,Goderts,ayden29@example.net,+3177 6822465,Aalten,Netherlands,2024-06-26
MB000980,Emma,van Boulogne,nienkevan-t-wel@example.net,(032) 4397630,Zwanenburg,France,2025-09-03
MB000981,Meike,van Gastel,renskeflink@example.com,0457-092272,Annen,Germany,2026-06-09
MB000982,Victor,Scuylenborchs,fmartens@example.org,+31(0)484 860774,Leur,Germany,2026-06-10
MB000983,Johannes,Rouwhorst,de-jongzoey@example.org,045-0636087,Zoelmond,France,2025-10-03
MB000984,Rick,van Hemert,casperpons@example.com,+31(0)312-766818,Suwâld,Belgium,2024-08-17
MB000985,Nienke,Tammerijn,jwerl-arnsberg-van@example.com,+31136 124009,Ried,Belgium,2025-07-08
MB000986,Eliza,Oennen,ceylinvan-der-linden@example.org,0673 576803,Deelen,Belgium,2024-04-13
MB000987,Faas,Segerszoen,colin73@example.org,+31988 262107,Petten,Belgium,2026-06-21
MB000988,Amy,Wutke,karlijnvan-herstal@example.org,0897-458718,Luttenberg,Belgium,2024-06-05
MB000989,Dean,Roosenboom,hfiere@example.org,+3133 1395050,Stampersgat,Germany,2025-08-08
MB000990,Evelien,Smits,sjoerd36@example.com,+31909 247956,Rumpt,Belgium,2026-01-25
MB000991,Joëlle,Tielemans,gveenendaal@example.com,(0052)-707910,Vorchten,France,2026-06-20
MB000992,Amin,Welf,berendsekyan@example.org,0716 407341,Jirnsum,France,2024-09-17
MB000993,Twan,Jansen,ode-lange@example.org,+31(0)741 809007,Maren-Kessel,Belgium,2023-12-14
MB000994,Jelte,Arnold,broedersamelie@example.net,+31(0)605-898015,Niekerk,Germany,2026-07-15
MB000995,Luca,Lemmens,joost63@example.org,+31(0)40-6293376,Duivendrecht,Germany,2025-01-31
MB000996,Niek,van de Velde,prijks@example.com,(0156) 687535,Wijdewormer,France,2024-01-23
MB000997,Maria,der Kijnder,thijnvos@example.net,+31(0)561-943888,Frederiksoord,France,2023-10-01
MB000998,Tijmen,Becht,van-gentbenthe@example.com,023-3664900,Den Burg,Germany,2025-06-20
MB000999,Michael,Slagmolen,yasminegoyaerts-van-waderle@example.com,(025) 5201279,'s-Heerenhoek,France,2024-04-18
MB001000,Amin,van Schevinghuizen,lola80@example.org,+31088 709115,Hooghalen,France,2024-11-22
MB001001,Jordy,Vergeer,wkathagen@example.com,+3183-7429765,Weert,France,2025-05-13
MB001002,Dion,Jeggij,lindsey86@example.org,(0403)-881084,Oostwoud,Belgium,2026-01-17
MB001003,Suus,Mallien,hiddevan-geffen@example.org,004-9372853,Huijbergen,Germany,2024-01-05
MB001004,Helena,Zeemans,chloe33@example.org,+3130 7208927,Ens,Belgium,2025-09-06
MB001005,Cornelis,Janssen,kate68@example.org,0660 733943,Exloërveen,Germany,2023-11-02
MB001006,Yfke,Gervais,van-northeimhidde@example.org,(0374) 867482,Steggerda,Netherlands,2024-09-09
MB001007,Floortje,van Dam,fem13@example.net,0775-586354,Nijemirdum,France,2024-12-28
MB001008,Amelia,Doyle,yassin45@example.com,,Lutten,Netherlands,2025-09-16
MB001009,Mette,Huisman,ellisbo@example.org,+31(0)133 258697,Kortgene,Belgium,2025-09-20
MB001010,Joost,Verkade,wevermehmet@example.com,+31360 148937,Nijetrijne,Netherlands,2024-12-15
MB001011,Selena,SPRUIT,ldekker@example.org,0616-109267,Voerendaal,Belgium,2025-12-25
MB001012,Aimée,Oosterhout,guusvan-brenen@example.net,(034)-4935497,Wierden,Netherlands,2023-08-27
MB001013,Sara,Kalman,pvan-ooste@example.net,(0339)-182484,Giessenburg,Belgium,2026-06-17
MB001014,Thomas,Sitters,robinvan-der-laar@example.org,+31(0)819 607733,Oudeschoot,Germany,2024-11-14
MB001015,Lieke,Veenendaal,ogalenzone@example.net,+31(0)673-460731,Lekkum,Germany,2024-07-24
MB001016,Amira,Vertoor,pratttom@example.org,(0759) 055667,Gendringen,Belgium,2026-04-10
MB001017,Lara,Erhout,sara00@example.org,+31657 080165,Hoogerheide,France,2023-10-05
MB001018,Lily,Ansems,rde-man@example.com,(0621)-087850,Gouderak,Netherlands,2025-03-04
MB001019,Dave,Maas,keteldewi@example.net,090-5374895,Klein Zundert,Belgium,2024-05-06
MB001020,Luca,Zeemans,marinus67@example.org,(0137) 758320,Randwijk,Germany,2026-02-19
MB001021,Tirza,Schakelaar,van-spreeuwelayoub@example.net,+31571-116338,Arkel,Belgium,2024-02-22
MB001022,Faye,Vervoort,ztimmermans@example.org,073 2100230,Skingen,France,2023-12-14
MB001023,Marit,Steinmeiern,jvan-loon@example.org,+3139 9588551,Nieuw Annerveen,Belgium,2025-03-04
MB001024,Dani,Ellis,maud07@example.net,+31(0)930-207939,Oosterwijk,Netherlands,2023-10-08
MB001025,Mike,Verschut,xde-boer@example.org,+31509-608959,Eemnes,France,2025-08-31
MB001026,Nova,Charon,kayvan-grinsven@example.com,(048)-2177327,Ferwoude,France,2023-11-14
MB001027,Joshua,Lemmens,robinkoret@example.org,(0117)-165736,Domburg,Germany,2026-05-25
MB001028,Jelle,Cornelisz,jvan-maaren@example.com,+31173 767722,Dussen,Germany,2026-06-23
MB001029,Anne,Everde,rileywelf@example.net,+3184 3929200,Rottum,Germany,2025-09-07
MB001030,David,Schuurmans,ecrin58@example.org,+31297-825535,Folsgare,France,2025-09-21
MB001031,Fatima,Vermeulen,bryandriessen@example.org,088-1224350,Zurich,Germany,2025-07-21
MB001032,Lily,Mulder,kayleegnodde@example.net,0702-208908,Stampersgat,Netherlands,2024-04-30
MB001033,Nynke,Vrancken,vera87@example.com,(0482) 276839,Westervoort,France,2025-11-30
MB001034,Danique,Winnrich,rayanwaardeloo@example.net,+31(0)57 9914542,Balkbrug,Belgium,2026-04-14
MB001035,Nout,van Alenburg,koningaiden@example.com,(0147)-820234,Purmer,Germany,2024-09-13
MB001036,Vera,Lorreijn,van-der-laarsenna@example.net,+31(0)507-651464,Reahûs,Netherlands,2026-03-01
MB001037,Gijs,van der Ven,corneliszdina@example.org,+31(0)70 8805881,Hempens,France,2023-08-17
MB001038,Sterre,Soos,cbelpere@example.net,+31494-206943,Appingedam,Belgium,2024-07-08
MB001039,Riley,de Lange,luca55@example.net,+3185-0512376,Kampen,France,2026-01-19
MB001040,Pleun,Gemen,dde-marduras@example.net,,Amsterdam-Duivendrecht,Belgium,2026-01-31
MB001041,Feline,van Gent,de-kaleniels@example.net,+31416 358863,Gaast,France,2023-08-26
MB001042,Ali,Evers,jinthe91@example.com,+31(0)097 882653,Haghorst,Belgium,2025-04-24
MB001043,Sophie,Draaisma,epost@example.com,(086) 9173492,Fijnaart,Germany,2026-03-21
MB001044,Isis,van der Veen,noudgellemeyer@example.com,010-0112266,de Hoef,Belgium,2025-12-12
MB001045,Riley,Vignon,arie00@example.net,013 6302885,Borgercompagnie,Belgium,2025-11-24
MB001046,Esmee,de Bruin,azra21@example.com,(0520)-259934,Riel,Netherlands,2025-05-01
MB001047,Aiden,lagerweij,pvervoort@example.net,+31(0)549 332266,Stedum,Belgium,2025-04-29
MB001048,Jaylinn,Zijlmans,ospanhaak@example.com,+31387 380270,Onnen,Belgium,2024-03-14
MB001049,Noor,van Susa,van-veentessa@example.org,+31(0)898 832370,Tonden,Belgium,2023-08-30
MB001050,Thom,van der Schuijt,,+3185-6518328,Dongen,Belgium,2024-09-20
MB001051,Jake,de Backer,jinthe70@example.org,+3101-4505164,Bontebok,Germany,2025-10-25
MB001052,Olaf,Lether,ybijlsma@example.net,0922 064112,Lucaswolde,Belgium,2025-04-13
MB001053,Renske,Kwaadland,pippaphillipsen@example.com,0186-066357,Geersdijk,France,2023-11-06
MB001054,Rosalie,Geerts,govartsisabella@example.net,+3159-0136751,St.-Jacobiparochie,Belgium,2023-10-07
MB001055,Jayda,Kuilenburg,ceylinvan-de-ven@example.org,+3145-3860296,Zandberg,Germany,2024-01-06
MB001056,Elisabeth,van de Water,tim73@example.com,+31(0)144-512115,Idsegahuizum,Netherlands,2026-05-16
MB001057,Vince,Wensen,qschakelaar@example.com,+3166 6439724,Niebert,Germany,2024-11-11
MB001058,Maya,van Wel,vvan-beek@example.net,0538 548968,Toornwerd,Belgium,2023-08-22
MB001059,Lize,Elsemulder,driessenjason@example.com,+31499 079141,Lichtenvoorde,France,2023-12-19
MB001060,Aron,van Wijk,hulshoutsfaas@example.org,+3160-6995840,Ophemert,France,2026-02-08
MB001061,Nora,Cornelisz,wildschutkyara@example.org,+31(0)209 504101,Rinsumageast,France,2026-03-05
MB001062,Joris,Koster,zvan-bentheim@example.org,(010) 4773246,Mirns,Netherlands,2023-09-05
MB001063,Cornelia,Tuithof,fvan-oosten@example.org,+31(0)20-7269500,Borculo,Germany,2025-04-07
MB001064,Lorenzo,van Hulten,ivan-haeften@example.net,+31951 866040,Uithoorn,Netherlands,2025-12-23
MB001065,Cato,van der Spaendonck,qvan-der-wal@example.com,+31(0)38-5982137,Werkendam,Netherlands,2026-07-06
MB001066,Daniel,Schotte,xmahieu@example.net,+31(0)36-1142465,Kolham,Belgium,2023-12-02
MB001067,Lize,van Waas,duivenvoordencollin@example.net,+31(0)456-335624,Oisterwijk,Belgium,2023-12-09
MB001068,Lola,van Gorp,eliza94@example.com,(0067) 079163,Boornbergum,Netherlands,2026-02-17
MB001069,Aylin,Wolzak,yvan-rijnsbergen@example.org,0569 894080,Ulvenhout AC,Netherlands,2024-03-26
MB001070,Lotte,van Loon,senna82@example.net,+31847-777628,Silvolde,Belgium,2025-01-05
MB001071,Owen,van Wassenaar,ede-werd@example.com,043 4535118,Easterein,France,2024-01-01
MB001072,Maria,van Ginneke,ltirie@example.net,044 5443488,Warfhuizen,Germany,2023-11-06
MB001073,Noah,van der Hoeven,hvan-es@example.com,+31931-940202,De Glind,Netherlands,2026-01-31
MB001074,Thomas,Muijs,vvan-leuven@example.com,092-8726701,Sevenum,Netherlands,2025-02-02
MB001075,Lot,Huijs,guusjewilcken@example.net,+3104 9967415,Hartwerd,Belgium,2023-12-19
MB001076,Melle,Serra,hulsstijn@example.net,+31(0)68-8585588,Akkrum,Netherlands,2026-01-15
MB001077,Pleun,Nek,jay77@example.org,+31922 018021,Sonnega,Germany,2025-05-14
MB001078,Niek,Berends,isabelle89@example.com,+31(0)843-345370,Driehuis NH,France,2025-04-16
MB001079,Kayleigh,Stoffel,hoogersduuk@example.com,+31(0)80 9528869,Swalmen,Belgium,2025-11-07
MB001080,Imran,Ellis,owenvan-de-ven@example.com,(0703)-902166,Punthorst,Belgium,2025-06-11
MB001081,Rowan,Beekman,van-der-maathlise@example.net,050 8497321,Buitenkaag,Belgium,2025-04-07
MB001082,Joshua,Wutke,mia48@example.org,096 0207314,Gorssel,Germany,2025-01-11
MB001083,Dion,Verbeeck,roessinkvera@example.net,(0699)-336350,Wehl,Belgium,2026-07-15
MB001084,Tess,Krabbe,ecrin20@example.org,+31004-390860,Velp,Netherlands,2026-04-26
MB001085,Adam,Otte,alilaffray@example.com,(0088) 273720,Haren Gn,Germany,2026-07-03
MB001086,Amelia,van Voorst,floor39@example.net,+31(0)477 788624,Schipborg,Germany,2026-03-27
MB001087,Jorn,Zijlmans,jonkerdion@example.net,0410-795706,De Heen,Belgium,2026-07-22
MB001088,Tijmen,Draaisma,wesselgalenzone@example.org,+31610-995818,Stroobos,Belgium,2025-05-16
MB001089,Jorn,Massa,lois81@example.net,0732 603510,Nieuw-Dordrecht,Netherlands,2025-12-23
MB001090,Frederique,Lensen,darens@example.net,+3170 7653994,Albergen,Germany,2025-03-29
MB001091,Cato,van Wijland,stettynisa@example.net,+3128-9073627,Koudum,Netherlands,2024-12-09
MB001092,Esther,Ligtvoet,ikronenberg@example.net,+31082-435040,IJlst,Belgium,2026-06-16
MB001093,Lola,van Eck,czuijdveld@example.org,+31302 691312,Oudeschip,France,2024-01-05
MB001094,Cornelis,Koeman,spreeuwmorris@example.com,+31(0)99-2770519,Zandhuizen,France,2024-10-06
MB001095,Jip,Smits,hendrikde-bruijn@example.com,+31082 758428,Winterswijk Meddo,Netherlands,2024-11-25
MB001096,Wesley,Maaswinkel,hgoedhart@example.net,(060)-5815028,Terwolde,Germany,2026-06-10
MB001097,Wout,van Boulogne,bechtzoe@example.net,079-5353344,Hantum,Netherlands,2024-12-01
MB001098,Fabiënne,Doyle,visserbrian@example.org,(080)-9336170,St.-Jacobiparochie,Netherlands,2025-08-13
MB001099,Bas,van Noordeloos,scholtenliz@example.org,(0393)-069527,Kring van Dorth,Netherlands,2024-12-07
MB001100,Bibi,den Teuling,evy02@example.net,090 1844713,Westerland,Belgium,2024-06-22
MB001101,Felix,Gnodde,wrighteva@example.net,(064) 8677695,Kerk-Avezaath,Germany,2024-03-26
MB001102,Ayden,Verhoeven,aidenkok@example.org,+3154-3671027,Hierden,Netherlands,2025-10-23
MB001103,Isabella,Heijmen,damianbillung@example.org,+31(0)91-6123901,Vlierden,Germany,2023-09-07
MB001104,Johanna,Kort,lvan-berkum@example.org,(0571)-250612,Noord-Scharwoude,Netherlands,2026-01-10
MB001105,Maja,VAN DEN cORPUT,arieborman@example.com,+31(0)69 4787610,Vijlen,Germany,2025-03-21
MB001106,Sepp,den Haag,noortjeberendse@example.org,+3121-9253660,'t Harde,Netherlands,2024-04-22
MB001107,Stella,van Haarlem,janne62@example.org,+31146 143441,Hollandsche Rading,Belgium,2024-09-27
MB001108,Alexander,Beourgeois,versluijsjack@example.org,+3183 6139020,Bleiswijk,Germany,2026-04-03
MB001109,Mehmet,van Schweinfurt,roanbeourgeois@example.org,0966-491228,Lochem,Germany,2026-03-13
MB001110,Collin,van Susa,gvan-de-berg@example.net,0498 046704,Sandfirden,Belgium,2024-10-12
MB001111,Dave,Werdes,anne40@example.net,+31(0)63 7531659,Gieten,Belgium,2024-12-21
MB001112,Maud,den Teuling,mohammedvan-baalen@example.org,086-0714846,Heino,France,2024-08-16
MB001113,Elisa,Cammel,pvan-santen@example.net,+31(0)74 6733246,Breukeleveen,Netherlands,2024-04-29
MB001114,Nadine,Haengreve,svan-de-pol@example.net,+31564 869978,Kornwerderzand,Netherlands,2024-09-19
MB001115,Levi,Hoelen,,+31(0)24 9933865,Tjerkgaast,Belgium,2024-10-05
MB001116,Kayleigh,van Bovenen,maaikegervais@example.org,(028) 6383952,Erlecom,France,2025-09-08
MB001117,Matthias,van Ham,livluitgardis-van-neustrie@example.com,(016) 5882219,Zweins,Belgium,2025-07-19
MB001118,Maartje,Kuilenburg,luke75@example.com,035 8308126,Tiel,Belgium,2025-10-01
MB001119,Jill,Bartels,lvan-ginkel@example.net,(0745)-207688,Heijen,Germany,2024-08-25
MB001120,Quinty,Stoffelsz,schoutenjamie@example.com,0467-911316,Sterksel,Belgium,2024-12-31
MB001121,Lily,Stinis,bnollee@example.net,+31(0)96-9071949,Pieterburen,France,2024-11-13
MB001122,Noah,de Bock,jacepsxavi@example.net,(080)-7600843,Veghel,Germany,2025-01-13
MB001123,Aimée,Vallenduuk,nrijntjes@example.org,+31(0)570-027148,Breskens,France,2024-11-28
MB001124,Stef,van Voorst,alicia96@example.net,+31690 293349,De Cocksdorp,Germany,2023-12-09
MB001125,Tycho,van der Linden,van-t-ervequinty@example.org,(0211)-865237,Buitenkaag,Netherlands,2024-01-23
MB001126,Robin,van Roijen,ize60@example.net,+3197-3060441,Grou,Belgium,2025-12-12
MB001127,Sofie,van de Velden,wilsonsylvie@example.org,+3154-6906947,Kilder,Belgium,2023-09-05
MB001128,Britt,van Dokkum,pietercadefau@example.net,055 6453189,Alteveer gem Hoogeveen,France,2026-04-24
MB001129,Muhammed,van Drenthe,mariavan-dalem@example.com,+31(0)323 449722,Harkstede,Germany,2024-05-05
MB001130,Ilse,Zijlemans,charlotte26@example.net,+31(0)04-8894360,Uddel,France,2025-09-30
MB001131,Mette,Smith,wwilson@example.org,+31(0)375-634545,Bunnik,Belgium,2023-09-08
MB001132,Merijn,van Parijs,ayoubvan-der-maes@example.org,0670 473984,Spannum,Netherlands,2026-01-27
MB001133,Puck,van Luin,selenakas@example.com,+31748 309759,Schinveld,Netherlands,2025-05-10
MB001134,Owen,Sprong,jsanders@example.net,+31(0)30-0928656,Nieuweroord,Netherlands,2025-09-25
MB001135,Mare,Spruit,laura23@example.net,+31278 428870,Made,Netherlands,2026-03-21
MB001136,Brian,Leguit,hidde46@example.net,+31(0)95-7510084,Geelbroek,France,2026-07-21
MB001137,Mohammed,van Haspengouw Hesbaye,jenna29@example.org,+31738-866643,Nijverdal,France,2026-07-12
MB001138,Sem,Haneberg,michellegoudriaan@example.com,(0202)-564968,Zaandijk,Netherlands,2025-01-08
MB001139,Adam,Bruijne van der Veen,stangoyaerts-van-waderle@example.com,+31087-010319,Montfoort,Belgium,2025-02-22
MB001140,Tobias,van der Klijn,johannastook@example.net,+31(0)171-540914,Velsen-Noord,Netherlands,2026-03-18
MB001141,Jonathan,Verwoert,noudvan-dam@example.com,+31(0)583-708848,Benthuizen,Germany,2024-09-01
MB001142,Sepp,Bruynzeels,lizeoostveen@example.net,+31(0)657-181444,Hegelsom,Belgium,2024-03-25
MB001143,Sanne,Carnotte,van-leuvenabel@example.com,+31(0)179 613000,Schraard,Belgium,2024-03-12
MB001144,Sophia,Brouwer,rwalter@example.net,+3109-1243407,Rijsenhout,France,2024-11-22
MB001145,Megan,Bastiaense,joshua83@example.org,+31(0)75 0086528,Oosterwijk,Netherlands,2026-01-11
MB001146,Kiki,de Werd,van-cuijcklenn@example.org,(049) 5961019,Bovenkarspel,Germany,2024-12-13
MB001147,Kyan,van Noordeloos,annemijnhofman@example.net,+31(0)64-7172384,Spaubeek,France,2023-12-17
MB001148,Daniel,Vink,svan-enschot@example.com,095-1292245,Slappeterp,France,2024-07-13
MB001149,Lieve,Dachgelder,gijs41@example.net,+3107 1671818,Maashees,Germany,2025-06-20
MB001150,Lot,Peeters,evie05@example.net,+31(0)824-747216,Garrelsweer,Belgium,2025-08-29
MB001151,Joey,Dorsman,smosley@example.net,+31002 531423,Egmond aan den Hoef,Germany,2025-12-26
MB001152,Luca,Luboch,lsmit@example.org,+31(0)47 5236929,Loosbroek,Germany,2024-11-20
MB001153,Fenne,Luitgardis van Neustrië,simon98@example.org,+3146 2421293,Ellecom,Netherlands,2023-12-18
MB001154,Evie,Arent,johannavan-t-erve@example.org,+31(0)62-3630810,Zaltbommel,Netherlands,2024-01-27
MB001155,Aya,Maas,lizjacquot@example.com,+31(0)50-4918467,Bentelo,Belgium,2023-08-15
MB001156,Mark,Pieters van der Maes,lemmenspieter@example.net,(008)-7115258,Nieuwaal,Netherlands,2024-03-20
MB001157,Jonas,van Leuven,wde-boer@example.net,+31(0)555-099778,Oosthem,Germany,2023-11-21
MB001158,Rik,Jacobs,,+31(0)775-263311,Stampersgat,Netherlands,2026-01-26
MB001159,Linde,Puig,gijsgeneart@example.org,+31(0)54 5117054,Scheerwolde,Netherlands,2023-08-12
MB001160,Hidde,Meis,alyssa39@example.org,0064-248296,Hurwenen,Belgium,2026-03-06
MB001161,Sten,van der Ploeg,romyadriaensdr@example.com,(086) 4323355,De Bult,Belgium,2025-09-15
MB001162,Nova,van Grondelle,pwestermann@example.org,016 4330346,Eemdijk,France,2024-08-26
MB001163,Noud,Wutke,jonas96@example.com,+31(0)034-447039,Renswoude,Netherlands,2026-07-06
MB001164,Myrthe,van Riet,xavi64@example.net,(014)-5579297,Rotstergaast,Belgium,2023-11-15
MB001165,Daniël,Roodesteijn,joepde-vroege@example.com,+31(0)77 9159995,Rozenburg,France,2025-06-23
MB001166,Abel,bolkesteijn,maud47@example.net,(0897)-138677,Velden,Germany,2025-11-30
MB001167,Wout,Mathol,jasper13@example.net,+31(0)714-072732,Middelharnis,France,2025-06-16
MB001168,Adriana,van Embden,annepasschiers@example.com,0055-127950,Berlicum,Belgium,2024-02-16
MB001169,Willem,de Gratie,van-schevinghuizenannabel@example.com,(068)-3677305,Emst,France,2024-02-21
MB001170,Linn,Dorsman,frederiquehendriks@example.com,+31(0)91-0821890,Wier,France,2024-10-24
MB001171,Liz,van Hulten,isabel44@example.org,(0389) 830996,Eagum,France,2025-04-29
MB001172,Elias,Tirie,mirte46@example.org,+31(0)974 410496,Zurich,France,2023-09-20
MB001173,Rik,Sas,aminaleguit@example.net,(0420)-033951,Boer,France,2024-05-24
MB001174,Pieter,Boddaugh,boazariens-ansems@example.net,+31(0)97 7170930,Winssen,Germany,2023-09-01
MB001175,Tygo,Uphuis,femke22@example.net,035 3910673,Honselersdijk,France,2026-02-02
MB001176,Julia,van Hemert,rlansink@example.net,+3196-3019202,Boerakker,Belgium,2024-11-15
MB001177,Sterre,van der Veiver,van-beekbart@example.org,+31(0)98-3066212,Zuidermeer,Belgium,2024-04-29
MB001178,Kayleigh,de Vroege,gde-hoog@example.net,(0888) 171570,Asten,France,2025-02-01
MB001179,Damian,Lucas,larsosterhoudt@example.org,082 1847153,Nispen,Belgium,2025-03-24
MB001180,Cas,Kloppert,vgeertsen@example.org,+31012-581403,Langeveen,France,2026-06-17
MB001181,Lynn,van de Velden,ferranelise@example.com,+31621 963662,Goedereede,Netherlands,2023-10-14
MB001182,Milou,van 't Houteveen,karlijn73@example.net,+3148-4935162,Hoogblokland,France,2024-03-25
MB001183,Yasmine,Huijzing,merkxmyrthe@example.org,+31(0)635-260771,Follega,Germany,2024-04-16
MB001184,Sam,Heribert van Laon,hugowestermann@example.net,(006)-9184023,Groot-Ammers,Belgium,2024-06-17
MB001185,Ayoub,van Bovene,verboomdanique@example.net,+3133 2237796,Nijmegen,France,2026-05-16
MB001186,Angelina,van Grondelle,alexander85@example.net,084 8582552,Beltrum,France,2026-01-20
MB001187,Evy,Beijring,louise30@example.com,+31446-111129,Ferwoude,France,2024-01-01
MB001188,Lukas,Martel,wouter91@example.org,+31(0)07-9188598,Hellum,France,2023-10-03
MB001189,Luke,Kuit,kick74@example.org,+31(0)52 5832932,Varsseveld,Belgium,2025-10-07
MB001190,Bente,Dachgelt,fayblom@example.com,+31(0)88-2723916,Leersum,Netherlands,2024-04-15
MB001191,Veerle,Coenen,eelmanjens@example.org,035 1903697,Hulshorst,Belgium,2024-12-22
MB001192,Mees,ter Waarbeek,mikasanders@example.org,002 5366716,Werkhoven,Belgium,2024-03-28
MB001193,Silke,de Mol,annemijnlansink@example.net,(0717) 780835,Snakkerburen,France,2025-11-20
MB001194,Maurits,Bruijne van der Veen,van-den-broeklieve@example.net,+31(0)81 0033034,Stuifzand,France,2026-06-28
MB001195,Ayden,van den Henst,le-guelleclex@example.com,(082)-7171446,Heerlen,Netherlands,2023-11-16
MB001196,Mike,Slagmolen,brent21@example.net,(061) 3557799,Kelpen-Oler,Belgium,2024-11-26
MB001197,Duuk,Martens,versluijsmila@example.org,+31(0)763 702751,Riel,Belgium,2023-08-13
MB001198,Loes,Hendrikse,kosterjolijn@example.net,+31420-278685,Gellicum,Belgium,2026-07-04
MB001199,Tirza,Totwiller,aya46@example.com,(003) 1682950,Hoogezand,Netherlands,2024-07-24
MB001200,Floris,de Jonge,marceronarie@example.com,008 6053091,Ulvenhout,Germany,2025-06-24
MB001201,Daan,Wright,feline26@example.org,(094) 5616191,Ransdaal,Netherlands,2024-07-25
MB001202,Wessel,van Drenthe,uvan-den-brand@example.org,+31(0)53 1122905,Nieuwland,Netherlands,2024-01-31
MB001203,Nout,van Heusden,qmaas@example.com,+31(0)56-0715297,Jirnsum,Germany,2023-12-27
MB001204,Elin,van den Corput,letherflorian@example.net,(0260) 533740,Lutjegast,Germany,2026-03-24
MB001205,Julian,van der Mast,schokmangijs@example.org,+31082-720076,Vught,Belgium,2024-01-20
MB001206,Lenn,de Grunt,jolievan-bruchem@example.org,+3110 9263224,West-Terschelling,Netherlands,2026-05-03
MB001207,Rosalie,Huijbrechts,van-bentheimraf@example.com,(0089) 811700,Delft,Netherlands,2023-08-23
MB001208,Isa,Serra,fvan-munster@example.com,(0806) 493331,Egchel,Netherlands,2025-06-30
MB001209,Robin,de Gruil,borisvan-der-wal@example.org,+3144 1957404,Vaals,Germany,2026-05-03
MB001210,Esila,Lamotte,mathijs81@example.org,+31(0)554-680729,Haule,Belgium,2024-08-21
MB001211,Owen,Merckx,femkruns@example.org,(0170) 342702,Kapellebrug,Germany,2024-02-28
MB001212,Suus,van de Biezenbos,mehmet79@example.org,+3184-4566661,Jouswier,Belgium,2025-04-10
MB001213,Hidde,Hoelen,emily74@example.org,(085) 7085337,Doorn,Netherlands,2024-01-21
MB001214,Liv,Verwoert,melleverboom@example.org,+3181 9601614,Veenendaal,France,2023-11-13
MB001215,Luke,van den Heuvel,stoffelszaya@example.com,+31773 005283,Donderen,Netherlands,2025-07-03
MB001216,Rens,Govarts,rehorstdex@example.org,(066) 9980594,Cruquius,Germany,2025-06-11
MB001217,Mirthe,Perkins,ivan-mispelen@example.net,005-8197849,Eastermar,Belgium,2026-07-17
MB001218,Alexander,de Jode Vastraedsd,pippa32@example.org,(0526)-460531,Garsthuizen,Belgium,2024-10-31
MB001219,Dewi,Bolkesteijn,ecrin20@example.net,(0086) 511960,Hoogland,Netherlands,2025-05-09
MB001220,Nynke,Goedhart,uit-de-willigenbryan@example.com,+3183-3499622,Tuitjenhorn,Belgium,2025-04-22
MB001221,Renske,Courtier,mart36@example.net,084 8576777,Kerk Avezaath,Netherlands,2023-11-29
MB001222,Brian,Chrodtrud,,+31(0)802-627595,Egmond-Binnen,Belgium,2025-08-26
MB001223,Roos,Visser,moensendijktim@example.com,+3177 7523901,Sommelsdijk,France,2026-06-12
MB001224,Mirte,van Embden,olivierstook@example.com,(038)-4964300,Wijnbergen,Netherlands,2024-09-25
MB001225,Josephine,de la Fleche,bradley81@example.com,+31857-010179,Grubbenvorst,France,2024-05-12
MB001226,Sara,Grondel,mila03@example.org,(0556) 485517,Heesselt,France,2024-07-19
MB001227,Cornelis,de Swart,mustafabroeshart@example.net,+31737-911407,Lieren,France,2025-09-04
MB001228,Senna,Pasman,missing-at-symbol.com,(0813)-126466,Tubbergen,Netherlands,2023-11-27
MB001229,Joey,Weerdenburg,jennade-jong@example.net,+31(0)062 095013,Haskerdijken,Belgium,2024-05-19
MB001230,Tobias,van der Noot,grondeljort@example.net,(007)-7884915,Drouwenermond,Netherlands,2025-02-14
MB001231,Siem,Goyaerts van Waderle,lara07@example.org,+3135 8549973,'t Goy,Netherlands,2023-09-13
MB001232,Joy,van Beek,pieneverde@example.org,+3191 1508708,Eeserveen,Germany,2024-12-21
MB001233,Brian,van 't Erve,esmeevergeer@example.org,(003)-6243164,Hoenderloo,Belgium,2023-12-24
MB001234,Niek,de Roos,west-francie-vanmelle@example.org,0239-398643,Uitwijk,France,2025-09-14
MB001235,Sophia,van Leuven,gspreeuw@example.com,(046)-8586825,Ryptsjerk,France,2025-06-17
MB001236,Jelte,van Gemert,felineverda@example.org,0059 671091,Landgraaf,Netherlands,2023-08-06
MB001237,Sander,Stichter,van-dalemkian@example.org,(0437) 120748,Helenaveen,Netherlands,2024-03-27
MB001238,Mads,van Berkel,zijlmansashley@example.com,(094)-6969837,Nieuw-Amsterdam,Netherlands,2024-08-10
MB001239,Noor,Rijntjes,bormancharlotte@example.com,(087)-3234449,Zuidwolde,France,2024-06-16
MB001240,Mohamed,Brouwer,brenthoning@example.com,(0626) 556830,Vlieland,France,2026-02-12
MB001241,Aron,Ariens Ansems,igemen@example.com,(0698) 242154,Okkenbroek,Germany,2025-02-21
MB001242,Evy,van der Kint,jake25@example.com,0680 366990,Nieuw-Schoonebeek,France,2023-10-05
MB001243,Puk,van Leeuwen,ovan-berkel@example.org,+31(0)32 6846463,Alteveer gem Hoogeveen,Netherlands,2026-03-12
MB001244,Nick,Stichter,floorkeijzer@example.com,(031) 1203334,Bronnegerveen,Netherlands,2024-08-13
MB001245,Ayoub,Hoes,marinus79@example.org,+3164-0233107,Kornwerderzand,France,2025-12-22
MB001246,Xavi,Rijcken,sebastiaan97@example.org,(0319) 907535,Valburg,Netherlands,2024-05-28
MB001247,Dean,Fortuyn,sami21@example.com,+31768-628571,Exmorra,Netherlands,2024-02-01
MB001248,Luc,Leguit,mark56@example.net,+31(0)77 3733768,Stellendam,Belgium,2024-11-24
MB001249,Maya,van Maaren,mohamedvan-der-ven@example.org,001-5460561,Hoogezand,Belgium,2026-06-15
MB001250,Esmée,Cornelisse,rens70@example.net,055 5861413,Bruchem,Netherlands,2025-09-09
MB001251,Thom,van Berkum,vkuilenburg@example.org,+31(0)106 305953,Ten Boer,Netherlands,2023-08-16
MB001252,Kaylee,Keijser,die-bontamina@example.com,+31613-854408,Liempde,Belgium,2026-03-20
MB001253,Lizzy,Bos,bilal43@example.com,0354 922737,Kallenkote,Belgium,2025-02-17
MB001254,Matthijs,Mahieu,,0965 110050,Stedum,France,2025-09-25
MB001255,Rowan,Adelaar,zmichielsen@example.net,+31196-602571,Uffelte,Germany,2024-05-11
MB001256,Hanna,Slagmolen,aydenmulder@example.org,(038) 7977769,Zieuwent,Germany,2024-04-09
MB001257,  Lot  ,de Gratie,gijswillems@example.com,(089) 0104504,Piershil,Germany,2024-06-11
MB001258,Teun,Stoffelsz,matthewsesila@example.net,+31093 289625,Baaiduinen,France,2023-12-21
MB001259,Pien,Mansveld,dion94@example.com,0479 184827,Wilsum,Germany,2026-05-19
MB001260,Sil,Westermann,noah96@example.net,0972-845510,Riethoven,Netherlands,2025-11-18
MB001261,Damian,van Leeuwen,van-der-veenfabian@example.org,(0865)-862201,Zundert,Netherlands,2024-01-12
MB001262,Ceylin,Sterkman,laraspreeuw@example.com,0053-206170,Kerkwijk,France,2025-10-17
MB001263,Lana,van den Berg,van-soestphileine@example.com,+31(0)73 9442473,Heerenveen,France,2026-06-02
MB001264,Jan,Spier,uvan-waas@example.com,+3110-5245508,Duivendrecht,Netherlands,2026-02-03
MB001265,Daphne,de Hoog,vincentbrugman@example.org,+31(0)066 808001,Kapelle,Belgium,2025-11-24
MB001266,Jennifer,de Vrome,van-gorpveerle@example.com,(072) 3011208,Driebruggen,Belgium,2023-10-01
MB001267,Tygo,Manne,pvan-der-leek@example.net,+31836-809071,Westerhaar-Vriezenveensewijk,France,2025-03-26
MB001268,Thijmen,Belpere,verbeekmirte@example.net,+31692 088694,Lelystad,Germany,2025-07-11
MB001269,Joey,van de Water,hendrik52@example.org,049-3844691,Spierdijk,Germany,2024-07-24
MB001270,Damian,Marchand,lorenzokof@example.net,+31591-952728,Hengelo (Gld),France,2025-03-12
MB001271,Elisabeth,Scardino,bresemaria@example.net,0264-390957,Limbricht,Germany,2025-04-10
MB001272,Sam,van Susa,adamrietveld@example.com,+3135-3214659,Anloo,France,2025-10-29
MB001273,Maaike,Brizee,de-keijserdean@example.net,+31(0)75 7916283,Vollenhove,Netherlands,2024-07-01
MB001274,Stella,Korstman,loes46@example.com,(066)-3216664,Noorbeek,Netherlands,2023-09-19
MB001275,Berat,Schuylenborch,gvan-dokkum@example.org,0978-160939,Diepenheim,France,2023-12-25
MB001276,Maryam,Cornelissen,maximvan-waas@example.org,+31(0)590-225466,America,Germany,2025-07-17
MB001277,Lot,Postma,silkehuisman@example.org,(032) 6464159,Zegge,Netherlands,2024-07-19
MB001278,Kyan,Marchand,houdijkjanne@example.com,+31(0)036 370962,Moergestel,Netherlands,2024-07-09
MB001279,Bradley,van Dongen,norahneuteboom@example.org,+31(0)04-7378118,Waspik,Germany,2026-07-07
MB001280,Ashley,ter Waarbeek,jade47@example.org,(070)-2020516,Nunhem,France,2025-07-15
MB001281,Niels,Bosch,bmudden@example.com,(040) 0280104,Slijkenburg,Belgium,2025-08-26
MB001282,Niek,Coret,jaylinnkriens@example.com,(0111)-351538,Venlo,France,2025-08-08
MB001283,Valentijn,le Matelot,vschelvis@example.net,(054) 3804828,Ruinen,Netherlands,2026-01-17
MB001284,Suze,Groote,ariede-vries@example.org,,Diffelen,Netherlands,2025-09-26
MB001285,Louise,Maas,muldersjonas@example.org,+31(0)565-241939,Tzummarum,France,2026-06-13
MB001286,Arie,de Haan,pimvan-bruchem@example.org,+3103-8451032,De Wilgen,France,2024-05-07
MB001287,Jesper,Texier,aliciamathurin@example.net,(029) 2494866,Engwierum,Netherlands,2024-05-31
MB001288,Max,Vaessen,jonathansteenbeek@example.org,+31540 249173,De Kiel,France,2024-02-21
MB001289,Jason,Reijers,nadine93@example.net,+31(0)931-090033,Hoenderloo,Belgium,2024-04-03
MB001290,James,Engels,pwinters@example.net,+3146 3654114,Vleuten,Netherlands,2023-09-17
MB001291,Tijs,van Noort,lucyslingerland@example.com,(0944)-613456,Zuiderwoude,Germany,2024-02-05
MB001292,Bibi,Hoogers,hlorreijn@example.com,+31(0)07 3408482,Feanwâlden,Germany,2026-05-22
MB001293,Yinthe,Engels,levi42@example.net,0899 860241,Hoek van Holland,Netherlands,2023-12-17
MB001294,Lukas,Coreth von und zu Coredo und Starkenberg,lutterveldmohamed@example.org,+31(0)839-216386,Best,Belgium,2023-12-29
MB001295,Philip,van de Leemput,lindseythout@example.com,(057) 2355392,Schoonloo,Belgium,2025-01-17
MB001296,Annabel,van Landen,ohehl@example.net,(031)-9736911,Waaxens,Belgium,2024-02-11
MB001297,Noor,Jonkman,jtakkelenburg@example.net,0811-709782,Snikzwaag,Germany,2026-06-09
MB001298,Aya,Mathol,aaliyah30@example.com,0993 802321,Sauwerd,Belgium,2026-02-11
MB001299,Juliette,de Strigter,van-jumiegejolijn@example.net,+3117-9991317,Leermens,Netherlands,2024-11-27
MB001300,Morris,Uphaus,ivan-wessex@example.com,+31(0)43-7598839,Oudelande,Belgium,2025-02-04
MB001301,Sam,van Noort,vermeulencornelis@example.net,+31(0)048 432018,Noordgouwe,Netherlands,2025-07-24
MB001302,Joost,den Haag,norah03@example.org,+31(0)72 6418932,Beltrum,France,2025-11-17
MB001303,Mara,van Kusen,joostenben@example.net,0378 061503,Uitwellingerga,Germany,2024-05-09
MB001304,Niels,d' Heripon,amberkoster@example.net,+31(0)41-8166270,Wetsinge,Netherlands,2024-05-14
MB001305,Olaf,Mulders,lde-bock@example.com,020 8657726,St.-Jacobiparochie,Belgium,2024-09-13
MB001306,Mirte,van Brenen,hulstjort@example.com,+31747 965213,Kattendijke,Germany,2026-04-18
MB001307,Iris,Wooning,zvan-der-sande@example.net,(0569) 231161,Aarle-Rixtel,Belgium,2023-10-21
MB001308,Fay,Korsman,nekgijs@example.com,035 2278936,Workum,Netherlands,2023-09-09
MB001309,Tom,van Poppel,van-den-nyeuwenhuysendaniel@example.com,080-6726967,Aalten,Belgium,2025-09-06
MB001310,Linn,van Oosten,luna26@example.net,0149-478232,Ees,Germany,2026-01-19
MB001311,Twan,de Vries,laura67@example.com,+31(0)905-136597,Lierderholthuis,Netherlands,2023-08-13
MB001312,Elize,van Ooyen,valentijnvan-den-wittenboer@example.org,(0378)-255189,Oudega,Belgium,2025-07-31
MB001313,Amber,van der Lede,van-der-plasjack@example.com,(0384) 786824,Persingen,Germany,2025-07-08
MB001314,Jens,van Bunschoten,zara87@example.net,+31(0)66-1518374,Haalderen,Netherlands,2024-08-02
MB001315,Laurens,Leene,bloemendaalrens@example.net,087 8019004,Witteveen,Netherlands,2023-08-29
MB001316,Vera,Reimes,veerle23@example.net,(0697)-951837,Valkenburg,Belgium,2024-07-24
MB001317,Amber,van Wessex,huijbenseth@example.org,004-5907978,Harmelen,Belgium,2024-01-06
MB001318,Dion,Vergeer,sophiade-heer@example.org,(005) 9003822,Slappeterp,Netherlands,2025-02-11
MB001319,Milo,Eijkelboom,mauritsvan-vlaanderen@example.org,0918 504039,Wijnaldum,Netherlands,2026-05-01
MB001320,Mustafa,Roosenboom,tkorsman@example.com,+3111 4966265,Heenvliet,Belgium,2024-09-20
MB001321,Melle,van de Velde,arenseva@example.net,0503-756803,Sloten,Germany,2024-01-20
MB001322,Elena,Geerling,valerieerhout@example.org,003-8161712,Holwerd,France,2025-02-10
MB001323,Amina,van Grondelle,kden-haag@example.net,0693 054200,Susteren,Belgium,2024-07-29
MB001324,Bjorn,van de Wal,appelmantirza@example.org,030-4880317,Kampen,France,2023-08-22
MB001325,Lars,Huisman,cblaak@example.com,+31681-597251,Kekerdom,Belgium,2024-12-16
MB001326,Jade,Mathol,elif57@example.com,+31(0)64-6965757,Bornerbroek,Netherlands,2024-03-14
MB001327,Timo,Neuteboom,liv04@example.org,+31(0)177-372906,Mheer,Germany,2023-11-14
MB001328,Laurens,Bouthoorn,jim60@example.com,+3189-2361700,Wellerlooi,Germany,2025-05-24
MB001329,Arthur,Hoelen,matthiasde-graaf@example.com,(0371) 176827,Schoonoord,France,2025-05-07
MB001330,Loïs,van der Horst,avan-dam@example.org,(039)-0993705,Ell,Belgium,2024-11-25
MB001331,Adriana,Schagen,kikischrik@example.org,057 4698992,de Lutte,Germany,2024-12-02
MB001332,Bas,Kriens,spruytrens@example.net,+31(0)60 9395996,Oude-Tonge,Belgium,2023-10-04
MB001333,Merel,Klomp Jan,jameszeemans@example.net,+31(0)97-1427628,Spannum,Netherlands,2025-07-16
MB001334,Laurens,le Guellec,bellemansjurre@example.com,(077)-1012755,Duivendrecht,France,2025-07-03
MB001335,Beau,le Matelot,thijmen17@example.org,0819 587685,Koudekerk aan den Rijn,Germany,2024-05-03
MB001336,Fleur,Miltenburg,xrijn@example.com,082 1001753,Kwintsheul,Netherlands,2025-06-01
MB001337,Dirk,Gnodde,van-mookmaaike@example.net,076-4765152,Hoogeloon,Belgium,2025-09-20
MB001338,Sep,Lemmens,vde-marduras@example.net,(004)-4054282,Waaksens,France,2025-04-08
MB001339,Lauren,van den Heuvel,lindevan-der-heiden@example.org,+3155 0716845,Basse,France,2024-06-27
MB001340,Thijmen,Dachgelt,jolievan-riet@example.org,+31(0)78-0455020,Melissant,Netherlands,2025-07-08
MB001341,Dirk,Middelkoop,palmanloes@example.com,(0329)-314399,Zeeland,Belgium,2026-02-06
MB001342,Anna,Kirpenstein,yfkede-plantard@example.com,0388-292944,Lobith,Belgium,2026-02-24
MB001343,Mats,Wolffel,janwouters@example.net,062-5940457,Hernen,France,2025-01-10
MB001344,Valentijn,Fredriks,dinade-groot@example.org,+3178 0488611,Nederasselt,Belgium,2025-02-20
MB001345,Linn,Vos,kiki75@example.org,(0127)-777365,Koudekerke,Belgium,2026-01-27
MB001346,Gijs,van de Brink,yfkede-jonge@example.com,+31(0)132-607966,De Goorn,Belgium,2025-02-18
MB001347,Frederique,Joosten,dsanders@example.net,+31(0)171-842000,Scheerwolde,Germany,2024-11-13
MB001348,Rik,Schuylenborch,nwolfswinkel@example.org,(036) 1507865,Voorthuizen,Belgium,2023-09-06
MB001349,Lindsey,Overdijk,van-den-brandyassin@example.net,017-1241965,Jaarsveld,Netherlands,2025-05-08
MB001350,Jasper,van den Corput,merijn02@example.net,+31(0)955 477544,Arcen,Belgium,2026-03-24
MB001351,Amber,van Wallaert,mustafa25@example.net,0216-425358,Katwijk,Belgium,2026-07-29
MB001352,Dirk,Nedermeijer,yasmin31@example.org,+3181-6235021,Winkel,Belgium,2024-05-23
MB001353,Rosalie,van Bergen,sandervan-breukeleveen@example.org,(022) 2672115,Jellum,Germany,2025-09-08
MB001354,Julia,Brandon,igreij@example.net,016 6438184,Zuidschermer,Belgium,2026-02-24
MB001355,Bradley,van Allemanië,rvan-velzen@example.org,0597 369725,Beek en Donk,France,2026-02-12
MB001356,Emir,Mathurin,van-der-sandejoep@example.net,087 7708803,Heenvliet,Netherlands,2026-02-20
MB001357,Olivia,Verschut,sanne10@example.net,(045) 7497463,Keijenborg,France,2024-04-21
MB001358,Luuk,van der Veen,sylvielathrope@example.com,+3111-9009460,Vorden,Netherlands,2026-04-24
MB001359,Kate,van Luinenburg,senn91@example.com,(0508) 297197,Sumar,Netherlands,2026-01-11
MB001360,Mare,Dirven,jentespier@example.net,+31(0)466-200010,Goedereede,Netherlands,2025-06-25
MB001361,Angelina,van de Ven,bechtvictor@example.com,+3125 1530529,Heide,Germany,2024-08-26
MB001362,Alex,Robbrechts Bruijne,uvrancken@example.org,+31(0)44 8194906,Leeuwarden,Netherlands,2023-12-31
MB001363,Yfke,Everts,isistexier@example.com,(041)-6541902,Hoogwoud,France,2023-12-04
MB001364,  Marijn  ,Olykan,okolen@example.org,0831-840172,Groot-Ammers,Germany,2025-12-26
MB001365,Yasmine,Broeckx,uvegt@example.com,+3194-6628050,Nagele,Germany,2025-03-25
MB001366,Lily,Blees,xkamper@example.net,0894-259161,Moddergat,France,2023-08-30
MB001367,Amira,Persijn,maaike02@example.com,+31(0)51-3641697,Langenboom,France,2026-01-24
MB001368,Fedde,Momberg,olivia07@example.org,+31211-277214,Nieuwveen,Netherlands,2023-10-02
MB001369,Twan,van Alenburg,ize96@example.org,+31(0)42 2536992,Stad aan 't Haringvliet,France,2024-08-26
MB001370,Senna,Jeggij,miadie-bont@example.org,+3191 7442589,Grave,Netherlands,2024-07-30
MB001371,Floris,Ruijs,eliza22@example.net,+3154 8451734,Langeveen,Germany,2023-12-16
MB001372,Fenne,Verbeek,joris01@example.net,(020) 9074827,Schoondijke,France,2025-08-14
MB001373,Mats,Mathurin,rhuisman@example.com,(0847)-774771,Wenum Wiesel,Belgium,2026-06-21
MB001374,Seth,van Limburg,ncammel@example.org,+31408 067169,Wilnis,Belgium,2024-05-04
MB001375,Mara,de Bruijn,bart45@example.org,+3157 4602576,Ovezande,Netherlands,2025-07-22
MB001376,Jaylinn,van Doorn,khuls@example.org,0171 731038,Everdingen,Belgium,2025-01-14
MB001377,Isabelle,Verbeek,rick71@example.net,+31(0)78 0131635,Oostwoud,France,2023-09-01
MB001378,Sanne,Suijker,dadriaensdr@example.com,(024)-8269785,Sibrandabuorren,Germany,2025-10-14
MB001379,Chris,van Kasteelen,smercks@example.org,+31(0)81 0337166,Kolhorn,Netherlands,2023-08-26
MB001380,Indy,Die Bont,hulskesmuhammed@example.com,+31(0)018-139007,Sappemeer,Belgium,2025-03-04
MB001381,Luuk,Charon,samuel31@example.com,(025) 9209851,Almen,France,2023-09-19
MB001382,Esmee,Doorhof,sperck@example.org,+31(0)567-754435,Heythuysen,Germany,2025-02-03
MB001383,Sophie,van der Loo,svan-velzen@example.net,(0186) 389830,Vlagtwedde,Germany,2024-04-20
MB001384,Ruben,Houdijk,elisa50@example.org,+31(0)42-5589476,Sint Odiliënberg,Germany,2025-04-17
MB001385,Sanne,Willems van Lier,van-limburgdirk@example.com,+31(0)889-242824,Westerlee,Germany,2025-01-06
MB001386,Daniël,Emmen,van-welisis@example.com,082-7040900,Kats,Germany,2025-03-03
MB001387,Phileine,Dekker,vhoppenbrouwer@example.com,0216 656641,Termunterzijl,Netherlands,2023-09-12
MB001388,Elize,den Haag,keano05@example.net,(097)-2954626,Beets,Germany,2024-01-09
MB001389,Ali,BEERNINK,djacobs@example.com,(0243) 563286,Jonkersvaart,Netherlands,2026-05-20
MB001390,Yinthe,Ramaker,rosa37@example.com,070 3165196,Waddinxveen,Germany,2024-02-12
MB001391,Yusuf,Hoelen,janssendaan@example.com,+31(0)52-9632050,Genemuiden,Netherlands,2025-04-05
MB001392,Fabiënne,Linschoten,lukaboddaugh@example.org,+31(0)19 2019971,Broekland,Germany,2025-10-15
MB001393,Tirza,Dachgeldt,,+31(0)67-1798933,Egmond aan den Hoef,France,2025-09-17
MB001394,Merel,Dachgelt,bde-smit@example.com,+3137-2295519,Spierdijk,Germany,2024-09-04
MB001395,Alyssa,Huisman,roodesteijnluca@example.org,0046-064526,Best,Netherlands,2024-11-17
MB001396,Sem,Hoedemakers,ninakerkhof@example.com,(081) 1676998,Suwâld,Belgium,2025-02-25
MB001397,Daphne,Kamp,daphne89@example.com,(003)-6495449,Dwingeloo,Germany,2026-07-19
MB001398,Tessa,Lutterveld,,+3175 6296737,Akersloot,Netherlands,2025-12-24
MB001399,Jip,Rouwhorst,hofmanjurre@example.org,+3121 8806308,Halle,Germany,2024-05-15
MB001400,Adriana,Martel,bradley04@example.org,(0414) 949124,Snakkerburen,Germany,2023-08-25
MB001401,Elena,Takkelenburg,fjerusalem@example.net,,Oldelamer,Netherlands,2024-02-23
MB001402,Noëlle,die Pelser,xehlert@example.com,0669 476790,Dreumel,Belgium,2025-05-07
MB001403,Pleun,Loreal,breugelensisties@example.org,(0032)-887082,Goëngahuizen,France,2026-01-15
MB001404,Collin,Jonker,sep98@example.org,+31(0)629-436422,Ederveen,Germany,2024-08-10
MB001405,Tom,Linschoten,kian76@example.org,+31(0)243 634145,Appeltern,Netherlands,2025-07-29
MB001406,Naomi,Bastiaanse,de-gruijterkevin@example.net,068 8629259,Meijel,Belgium,2025-03-18
MB001407,Elize,van Haspengouw Hesbaye,siennabellemans@example.org,+3112-9083102,Rijswijk (NB),France,2023-11-10
MB001408,Mehmet,Lucas,juliamanne@example.com,+31(0)986-982892,Santpoort-Zuid,France,2024-07-11
MB001409,Vince,Bouhuizen,ulevesque@example.org,+31(0)24-2833056,Sleeuwijk,France,2025-09-06
MB001410,Fien,Bouhuizen,mde-bont@example.org,+31(0)88 3832290,Velp,Germany,2024-05-17
MB001411,Maartje,Vignon,pwinters@example.com,(015) 5708760,Zuna,Netherlands,2024-04-07
MB001412,Marinus,Zuidweg,whuel@example.net,+3135 7432797,Oisterwijk,France,2024-12-06
MB001413,Isabel,Uphaus,uknoers@example.net,+31(0)991-370836,Oosterhout,Germany,2025-09-05
MB001414,Tim,Zwijsen,xdijkstra@example.com,+31(0)30-1983183,Oud Ade,Germany,2024-12-30
MB001415,Elena,van der Leek,jill56@example.com,+3182-4222384,Rijssen,Netherlands,2024-04-19
MB001416,Max,Vegt,eckhardttim@example.net,(024) 6445218,Nieuwendijk,Netherlands,2025-08-22
MB001417,Anna,van Vliet,oscarvan-munster@example.org,(0318)-224122,De Wilgen,France,2026-01-23
MB001418,Michelle,Winnrich,nadine70@example.org,+31210-438841,Lottum,Netherlands,2025-03-27
MB001419,Johannes,Kunen,svan-spreeuwel@example.com,(0595) 607681,Nijehaske,Belgium,2024-07-03
MB001420,Janna,van den Assem,basde-bruyn@example.com,+31419-261111,Reeuwijk,Belgium,2023-10-22
MB001421,Maud,Groenestein,boschjordy@example.org,+31345-329849,Borger,France,2025-11-07
MB001422,Guusje,van 't Riet,pepijn06@example.net,+3133-0817780,Donkerbroek,France,2025-03-29
MB001423,Mason,Geertsen,valeriehuisman@example.net,056-2957209,Klein Zundert,Netherlands,2024-04-19
MB001424,Dex,Kas,hvan-der-laar@example.org,+3142-9789349,Wichmond,Netherlands,2026-01-16
MB001425,Yfke,Weyland,jaysonferran@example.org,+31(0)774 532686,Lichtenvoorde,Germany,2024-12-25
MB001426,Naud,Vial,maarten44@example.net,(0331) 101296,Elspeet,Belgium,2025-06-08
MB001427,Jasmijn,Arts,van-de-venaylin@example.net,+31(0)970-828037,Kessel,Germany,2025-08-02
MB001428,Marit,van Bernicia,woutersmax@example.com,+31(0)06 2803548,Esbeek,Belgium,2024-07-21
MB001429,Loek,Dirven,klerksruben@example.com,+31(0)23-9923475,Marum,Netherlands,2024-05-23
MB001430,Jennifer,Pieters van der Maes,timmermansmerijn@example.net,+31(0)71 1158025,Houten,Germany,2024-12-17
MB001431,Sofie,van Stralen,mvan-dalem@example.com,0911-749956,Stad aan 't Haringvliet,Netherlands,2024-01-18
MB001432,Sem,Wolfswinkel,maximrijntjes@example.net,(088)-8298683,Ferwert,Belgium,2025-10-26
MB001433,Imke,Steenbeek,dlinschoten@example.net,+31(0)39-4718090,Onnen,Belgium,2024-06-13
MB001434,Zoey,van den Eijssel,merijnslagmolen@example.com,+3101 2316515,Oud Ade,Germany,2024-06-19
MB001435,Linde,van Straaten,ikorsman@example.org,(014)-9597251,Chaam,Germany,2025-03-31
MB001436,Nova,le Briel,imkevan-de-velde@example.net,+31(0)631 362739,Sintjohannesga,Netherlands,2026-07-16
MB001437,Maurits,Lommert,doorhofliam@example.org,015-3419434,Amstelhoek,France,2024-11-21
MB001438,Dana,Luster,van-den-assemeline@example.net,(007) 8060402,Kekerdom,Germany,2023-12-28
MB001439,Maurits,VI,beau13@example.org,+31(0)53-4551399,Oosternieland,France,2024-07-24
MB001440,Yasmin,Vos,oversluijs@example.net,0057-347642,Kûbaard,France,2024-07-23
MB001441,Olivier,van Schevinghuizen,oemencskyano@example.com,(042) 9081625,Hengelo,Belgium,2024-06-10
MB001442,Puck,van den Bergh,lcoret@example.com,(0348)-067620,Achtmaal,France,2025-03-18
MB001443,Jelte,van de Noordmark,victoriavan-de-leemput@example.com,(013) 3972998,Sommelsdijk,Belgium,2025-01-03
MB001444,Ruben,de Graaf,ivy72@example.com,+31(0)59 2218691,Den Ham,France,2025-04-06
MB001445,Jorn,Keijser,jde-bruin@example.net,(0036)-740742,Oijen,France,2025-10-03
MB001446,Sjoerd,Labado,sjoerd62@example.net,(0833)-903934,Born,Belgium,2026-06-24
MB001447,Olivier,Bernaards,wvan-es@example.org,(006) 9273408,Santpoort-Zuid,Belgium,2025-10-06
MB001448,Sara,Kronenberg,hbeernink@example.net,+3120-4553340,Herkenbosch,France,2025-02-05
MB001449,Alex,Rippey,sebastiaan42@example.com,(001)-9586504,Sambeek,France,2024-01-18
MB001450,Liza,Mahieu,berthodina@example.net,+3198 4938533,Achthuizen,France,2023-08-15
MB001451,Ayoub,Wutke,wotto@example.net,008 3500197,Heerlen,Netherlands,2023-12-16
MB001452,Liza,Adriaansen,amberpeeters@example.com,(066) 7971881,Echten,France,2023-08-09
MB001453,Olaf,Ponci,van-bunschotenmelissa@example.com,+31(0)56-3911180,Kerk-Avezaath,France,2025-04-11
MB001454,Quinten,Rouwenhorst,aimee86@example.org,+31086 873688,Zeegse,France,2026-02-10
MB001455,Hendrik,Ramaker,steenbeekbryan@example.net,+31(0)50 8749563,Ysbrechtum,Netherlands,2025-09-08
MB001456,Olivia,Kisman,versluijsrowan@example.com,,Helvoirt,Germany,2025-06-17
MB001457,Zeynep,Maas,xkof@example.org,+3168-7145338,de Hoef,Germany,2023-09-30
MB001458,Elif,Hoes,puk14@example.com,(0982) 315016,Kapelle,Belgium,2024-05-23
MB001459,Kyano,Maas,gbosch@example.org,(067)-6782673,Berkenwoude,Germany,2025-09-12
MB001460,Aylin,van Vlaanderen,owalsteijn@example.org,(0996) 033566,De Kwakel,France,2024-08-21
MB001461,Kyan,Stange,aylinwesterburg@example.org,+3196-1148068,Wetering,Germany,2024-04-19
MB001462,  Nikki  ,van der Meer,stuivenbergstijn@example.com,+31(0)508 348329,Oudehorne,Netherlands,2024-06-04
MB001463,Bjorn,Elsemulder,van-de-kooijjaylinn@example.org,+3159-0474953,Avenhorn,Germany,2024-07-29
MB001464,Johanna,van Berkel,maryamslingerland@example.com,051-2212278,Breedenbroek,Germany,2025-10-31
MB001465,Dana,Wipstrik,uvrancken@example.org,(006)-3848119,Gemert,Germany,2026-01-26
MB001466,Lana,van Luxemburg,ivan-engeland@example.net,0121 292214,Zweins,France,2024-01-10
MB001467,Veerle,Bruijne van der Veen,matthijsvan-baalen@example.com,+31(0)485-540903,Zevenbergen,Germany,2026-01-24
MB001468,Emily,Timmerman,middelkoopjaylinn@example.net,+31(0)04-0927359,Liempde,Germany,2024-02-16
MB001469,Alex,Van Bragt,tammerijnmohammed@example.org,(057)-5310029,Weiteveen,Belgium,2026-04-23
MB001470,Louise,Kalman,zneuzerling@example.org,0003 976644,Keijenborg,Germany,2023-11-15
MB001471,Lars,Eckhardt,lvan-luin@example.org,+3119 3558247,Eldersloo,France,2025-03-07
MB001472,Elisabeth,van der Zijl,hfrankhuizen@example.com,+31(0)528-400320,Drempt,France,2024-12-24
MB001473,Koen,Terry,max07@example.org,0670 454678,Biest-Houtakker,France,2025-04-23
MB001474,Chloé,Mangel,kampalicia@example.org,+31398-479942,Ooltgensplaat,Netherlands,2025-11-30
MB001475,Jurre,van Gastel,svan-de-ven@example.net,(042) 0284538,Annerveenschekanaal,Belgium,2025-05-08
MB001476,Ayden,Mathurin,jill95@example.org,+31(0)903-334036,Aardenburg,Germany,2025-12-03
MB001477,Cas,Briere,angelinalage@example.org,+31727-428407,Benningbroek,France,2025-01-31
MB001478,Ninthe,VI,geertsenkyano@example.net,(0899) 517530,Oudenbosch,Netherlands,2025-10-03
MB001479,Stella,Michiels,uvan-engeland@example.com,+31(0)17-9034278,Opende,France,2024-05-11
MB001480,Elin,Marchand,rvan-ham@example.net,+31(0)814-900993,Sint Geertruid,Germany,2025-07-02
MB001481,Mehmet,Veenstra,svan-boven@example.org,+31(0)985 161462,Dalem,Belgium,2024-06-28
MB001482,Mick,Arnold,evan-egisheim@example.net,+3119 9438539,Hernen,Belgium,2026-06-08
MB001483,Dion,Emmen,samuelwillemsen@example.net,(0625) 999709,Wolfheze,France,2025-08-02
MB001484,Bradley,Kuipers,ahorrocks@example.com,+3125-5382604,Haastrecht,Belgium,2024-06-14
MB001485,Tyler,Keijser,van-soestlieve@example.net,0097-775493,Bovenkarspel,Belgium,2025-10-12
MB001486,Wessel,Grondel,kyra49@example.com,(061) 8825895,Krabbendijke,France,2024-04-07
MB001487,Giel,Reijers,joelle78@example.org,+31888 126324,Wijchen,Netherlands,2025-04-02
MB001488,Lauren,Tielemans,van-arkeljoshua@example.org,0950-971155,Heerhugowaard,Belgium,2023-09-25
MB001489,Olivia,Verbeek,quinten43@example.net,+31(0)61 7429837,Kootwijkerbroek,Belgium,2024-06-05
MB001490,Yara,Wildschut,van-den-brandjuliette@example.org,+31635 048396,'s-Heerenhoek,France,2024-09-13
MB001491,Evelien,Perkins,dverheij@example.com,0285-865012,Broek in Waterland,Germany,2026-05-22
MB001492,Elisabeth,van Ham,elizabethvan-den-nieuwenhuijsen@example.com,+31095-855386,Scharsterbrug,Belgium,2024-11-03
MB001493,Amina,Vierdag,jvan-berkum@example.com,+31(0)059-776235,Heijen,France,2025-12-02
MB001494,Nina,Room,nekluc@example.org,+3161-7998421,Easterlittens,Netherlands,2026-03-17
MB001495,Jayda,van den Brink,aschotte@example.com,+31(0)131 141500,Aerdt,France,2025-01-04
MB001496,Michelle,Peronne,louwssofia@example.com,+3158-5039442,Eersel,Germany,2024-08-15
MB001497,Tess,van Kasteelen,,+31505-609706,Rasquert,France,2023-12-14
MB001498,Jari,Huijzing,vosmohammed@example.com,+3199 0447746,Strijen,Germany,2024-06-13
MB001499,Olivier,van Laarhoven,silkevan-schevinghuizen@example.com,0851-949617,Gieterveen,Netherlands,2024-06-16
MB001500,Kaylee,Rousselet,wwestermann@example.org,+3157-8906196,Noardburgum,Belgium,2024-08-26
MB001501,Valentijn,van der Kint,ivan-poppel@example.net,+31687 960390,Houtigehage,Germany,2025-02-14
MB001502,Arie,van Rijnsbergen,adamjdotte@example.org,+31344-808563,Ede,Netherlands,2025-02-13
MB001503,Mia,Brumleve,dvan-praagh@example.org,(0040)-334396,Woensdrecht,France,2024-11-29
MB001504,Emily,Speijer,tijn21@example.com,030-8429398,Slagharen,Germany,2023-09-13
MB001505,Chloë,Postma,robin99@example.org,(062) 8221099,Oud Ootmarsum,Germany,2026-06-21
MB001506,Ibrahim,van Oosten,de-grusonemma@example.com,+31061-085868,Badhoevedorp,Belgium,2024-03-11
MB001507,Riley,Claassen,wessel92@example.org,+3117-5288208,Appingedam,France,2025-08-06
MB001508,Chloë,Spruyt,roukesjoey@example.com,+31(0)19-7697758,Beegden,Germany,2026-02-11
MB001509,Maja,van Lucel,,+31796 108127,Veghel,Germany,2024-08-06
MB001510,Yassin,Bruynzeels,novabos@example.net,(0968)-500308,Mantgum,Belgium,2025-06-18
MB001511,Kate,Passchiers,verharenjanne@example.com,+3167-6560838,Blaricum,Belgium,2024-09-05
MB001512,Milo,Hendrikse,van-saksenmaartje@example.com,0519 367633,Axel,Netherlands,2024-12-13
MB001513,Fem,Uphus,jaylinn29@example.org,+31(0)101 524188,Swifterbant,France,2026-04-24
MB001514,Senna,Stettyn,missing-at-symbol.com,+31(0)158 501691,Oudorp,Belgium,2024-08-05
MB001515,Johanna,Mol,jetbrese@example.net,032-8614460,Krimpen aan den IJssel,Belgium,2024-09-20
MB001516,Stefan,van Breugel,qkolen@example.org,+31(0)172 159867,Tholen,Netherlands,2025-10-31
MB001517,Roan,Doesburg,van-oostemuhammed@example.org,+31(0)34-3472869,Groesbeek,France,2023-08-13
MB001518,Benthe,Weylant,maaikevan-der-zijl@example.org,0136 695597,St.-Jacobiparochie,France,2023-12-28
MB001519,Sjoerd,Weyland,puk62@example.com,(034)-9775949,Raalte,Netherlands,2023-11-10
MB001520,Jorn,de Korte,willemde-vos@example.net,(037)-2149092,Oud Zuilen,Germany,2025-07-15
MB001521,Quinty,van de Ven,josephine63@example.net,014-7262703,Walem,Belgium,2025-01-15
MB001522,Mohammed,van de Berg,noortjehuisman@example.com,+31(0)840 695862,Nieuwebrug,Netherlands,2024-04-04
MB001523,Matthijs,van Buuren,indy29@example.com,+31433-293156,Duivendrecht,Belgium,2025-03-04
MB001524,Levi,van Geenen,van-de-waltirza@example.com,+31(0)963-880721,Gastel,France,2024-07-03
MB001525,Bram,Eerden,quinty06@example.net,0543-830543,Goëngahuizen,Belgium,2025-08-26
MB001526,Jari,Butselaar,lukavan-enschot@example.org,0389 091465,Noorbeek,Netherlands,2024-04-11
MB001527,Ise,Bruggeman,agenefaas@example.org,0626 802109,Oterleek,Netherlands,2024-06-07
MB001528,Job,Schellekens,van-den-berganne@example.net,023-9645504,Mierlo,Germany,2024-09-23
MB001529,Thijs,Broeders,demi80@example.com,+3166-5499879,Smilde,France,2026-01-13
MB001530,Angelina,van den Assem,van-stralenluna@example.org,(0688)-130350,Nieuw-Beijerland,Germany,2026-04-10
MB001531,Chloë,Oversteeg,lucypeters@example.com,+31(0)27 8163322,Glane,Netherlands,2026-02-07
MB001532,Fabiënne,Westerburg,le-guelleccollin@example.com,028 1968163,2e Exloërmond,France,2025-04-05
MB001533,Amélie,de Jonge,lijnlois@example.org,+31(0)212 988744,Vasse,France,2026-01-02
MB001534,Lara,Lommert,llatier@example.org,+31(0)664-132416,Rien,Germany,2026-05-30
MB001535,Jack,Ernst,selena85@example.org,0769-491023,Ten Post,France,2023-08-23
MB001536,Kay,Claesner,hexspoorjoost@example.org,+31(0)78-6280518,Zijderveld,Germany,2024-11-11
MB001537,Evelien,Gerritsen,iadelaar@example.net,(0042) 016121,Kuitaart,Belgium,2024-09-09
MB001538,Michelle,Heijmen,jaschman@example.com,+31(0)710-459156,Piershil,Germany,2023-10-03
MB001539,Mehmet,van Bruchem,heymansboaz@example.com,+31(0)457 180106,Kloosterzande,Germany,2024-11-12
MB001540,Charlotte,van den Nuwenhijsen,yspaan@example.com,+31(0)945 226805,Callantsoog,Netherlands,2025-07-14
MB001541,Maya,Rijntjes,sep49@example.com,0867-283496,Neer,Germany,2023-09-23
MB001542,Hugo,van Straaten,punruoch-hunerik@example.com,(021) 4977574,Wedde,Belgium,2025-10-13
MB001543,Niels,Hulst,persijnelena@example.net,+31(0)527-586681,Niehove,France,2024-08-17
MB001544,Jens,Nijman,jacquotjake@example.com,+31067-038753,Hieslum,Belgium,2024-02-12
MB001545,Arthur,van Ooyen,juulwaltrade-walderade@example.org,085 9020248,Deventer,France,2025-10-19
MB001546,Joep,de Vos,vtakkelenburg@example.com,(0182) 173624,Bingelrade,Germany,2025-02-21
MB001547,Levi,Pierson,rens45@example.org,+31520 306894,Bocholtz,France,2026-04-15
MB001548,Louise,Merckx,ayoub03@example.com,084-5841882,Winterswijk Meddo,Netherlands,2025-10-14
MB001549,Sienna,Strijker,maarten35@example.com,072 2870770,Swalmen,Netherlands,2024-01-26
MB001550,Johanna,Hanegraaff,lucas59@example.net,(005)-7517631,Noorden,France,2025-07-15
MB001551,Kiki,Huberts,smitsbritt@example.com,+31(0)415-908307,Nunspeet,France,2024-01-06
MB001552,Mads,Loreal,fwerdes@example.net,(054)-4620771,Dalen,France,2026-04-08
MB001553,Hidde,van der Pluijm,jules66@example.com,+31(0)81 3310002,de Wijk,Belgium,2024-10-23
MB001554,Mirthe,Oosterhek,gfredriks@example.org,(088) 2067683,Lemelerveld,France,2024-01-11
MB001555,Aya,de Groot,lwillemsen@example.net,097 3181815,Surhuisterveen,Netherlands,2024-04-30
MB001556,Rens,Schuylenborch,arentvictor@example.com,(032) 4233164,Zuidvelde,Germany,2025-04-11
MB001557,Noëlle,Verboom,lenalelijveld@example.com,+31(0)443 054068,Egmond aan den Hoef,Germany,2024-12-15
MB001558,Pien,Keijzer,kvertooren@example.org,+31(0)01 3051619,Nieuw-Roden,Germany,2025-05-29
MB001559,Sanne,Erhout,van-waaspleun@example.org,049-9559527,Spanga,Belgium,2026-03-23
MB001560,Isis,van der Horst,usmit@example.com,0968 724216,Yerseke,France,2026-04-28
MB001561,Casper,Sterkman,kickvan-rheineck@example.org,+3107 5355590,Kalenberg,Germany,2023-12-20
MB001562,Maria,Adriaensdr,maryamvan-der-linden@example.net,+3126-5124589,Spijk,France,2023-09-04
MB001563,Demi,Veltman,dsanders@example.com,073 4084410,Annen,France,2025-03-07
MB001564,Nathan,Kwaadland,kaylee82@example.com,+3123-9723486,Eagum,France,2025-07-22
MB001565,Jake,van Drenthe,imkereijers@example.com,(033)-9006517,Bornerbroek,Netherlands,2026-02-19
MB001566,Pippa,Zijlmans,ielbertse@example.com,+3110 1558686,Vorstenbosch,Germany,2023-08-22
MB001567,Valentijn,van Rijnsbergen,nlage@example.net,+31(0)58 0442689,Wijngaarden,France,2025-09-27
MB001568,Senna,Verhoeven,carlijn18@example.net,+3141 2680531,Kapel Avezaath,Netherlands,2023-10-26
MB001569,Marit,van den Bergh,woudenbergchloe@example.com,(0950)-909087,Foudgum,France,2025-04-24
MB001570,Dani,Corstiaens,lvan-soest@example.org,+3126-3197914,Makkinga,Germany,2026-06-22
MB001571,Adriana,van Verdun,frankhuizenlars@example.org,+31802 854765,Havelterberg,France,2023-10-25
MB001572,Jolijn,Keltenie,kayleigh32@example.com,015-1129576,Numansdorp,Belgium,2024-05-29
MB001573,Lena,van Veen,mvan-klaarwater@example.net,099 0470040,Okkenbroek,Netherlands,2025-08-24
MB001574,Robin,Brugman,zeynepmahieu@example.org,+31(0)65 1288822,Saaxumhuizen,Belgium,2024-11-20
MB001575,Mart,le Floch,maud96@example.org,(0131) 907541,Bocholtz,Germany,2025-05-20
MB001576,Noud,van Mispelen,jenniferbelpere@example.net,+31641 508458,Beltrum,Germany,2024-09-01
MB001577,Hailey,Briere,schroefftygo@example.com,+3101 6046209,Koufurderrige,Belgium,2024-02-11
MB001578,Jayden,van de Berg,jackbijlsma@example.org,067-3315915,Houtigehage,Germany,2024-08-14
MB001579,Fien,le Briel,amira71@example.org,+31(0)314-724385,Maasdam,France,2025-09-13
MB001580,Saar,Dachgelt,brouwerlevi@example.org,+31(0)840 574052,Tilburg,Belgium,2025-05-05
MB001581,Selina,de Korte,elisevan-den-corput@example.com,+31561-772881,Noordbeemster,Netherlands,2024-01-06
MB001582,Niels,de Vrome,bvierdag@example.net,+31(0)633 776508,Stavoren,Germany,2024-12-07
MB001583,Ian,Ferran,laurenshoudijk@example.net,+31072 314996,Bergschenhoek,Germany,2025-05-08
MB001584,Mart,Pasman,matthijskalman@example.org,0993 522927,Gees,France,2026-06-12
MB001585,Zeynep,van Beieren,evivink@example.net,037 7014414,Gemonde,Netherlands,2025-08-05
MB001586,Roos,Jacquot,schipperwout@example.com,+31(0)544-377337,Wijster,France,2024-01-06
MB001587,Fatima,Martens,mosleylot@example.net,+3143 0251598,Spijk,Germany,2024-06-20
MB001588,Sem,Kwaadland,heerschopbjorn@example.com,0034-612659,Annerveenschekanaal,Netherlands,2025-06-04
MB001589,Marinus,Mater,van-laarhovenjason@example.net,004 9857064,Delft,Germany,2025-10-05
MB001590,Victor,Opmans,yasminevan-der-velden@example.net,(028)-8747016,Aerdt,Belgium,2026-01-18
MB001591,Mats,Nedermeijer,dvan-luxemburg@example.org,037-8297425,Gelderswoude,Netherlands,2026-07-29
MB001592,Bibi,van Susa,uvan-venrooy@example.org,0255-813625,Nibbixwoud,France,2025-11-03
MB001593,Dylano,van Drenthe,amin92@example.org,036-8666433,Broek,Netherlands,2025-12-07
MB001594,Liv,Brandt,rens51@example.org,(0811) 979075,Schettens,Netherlands,2026-05-27
MB001595,Lisanne,van den Nuwenhuysen,kde-la-fleche@example.com,(095) 1489320,Haler,Germany,2024-06-04
MB001596,Duuk,Corstiaens,tomvan-ooste@example.com,(097)-1851341,Lage Vuursche,France,2024-10-15
MB001597,Maud,van Zwaben,adryaensmelissa@example.org,+31418 197450,Egmond-Binnen,Germany,2026-04-26
MB001598,Raf,Shupe,lambregtarie@example.com,019 6358455,Wilhelminaoord,Belgium,2024-02-22
MB001599,Ali,van Rijnsbergen,van-arkeljasper@example.net,+31(0)20 9497863,Nieuw-Beijerland,Netherlands,2023-12-24
MB001600,Benthe,van Mispelen,michabroek@example.net,,Vorden,Germany,2026-01-19
MB001601,Kyan,Gellemeyer,chevressonevy@example.org,+31(0)068 719687,Schoonhoven,Netherlands,2025-02-04
MB001602,Esmée,Heere,hellevoortryan@example.net,+31(0)320-731166,Hurwenen,France,2025-10-26
MB001603,Zeynep,van Duyvenvoorde,yfkerehorst@example.org,+31(0)175 780550,Kloetinge,France,2025-08-28
MB001604,Tijn,van der Zijl,vvan-schweinfurt@example.com,(019) 3102673,Barsingerhorn,Netherlands,2024-03-10
MB001605,Elise,van Ham,felinevan-wassenaar@example.com,+31574-213254,Heerewaarden,Netherlands,2025-10-12
MB001606,Noah,de Man,nadine72@example.org,(066) 1627674,Harbrinkhoek,Belgium,2025-10-21
MB001607,Aiden,Guit,fvan-tours@example.com,+3134-6217669,Nederland,France,2025-01-18
MB001608,Mike,de Swart,speijerisabella@example.com,+31(0)319-956096,Jirnsum,Germany,2025-01-26
MB001609,Fleur,van Landen,fiene88@example.net,+31(0)172-958444,De Punt,Belgium,2026-02-13
MB001610,Nout,Wouters van Eijndhoven,rijnlivia@example.org,(0350) 091548,Herbaijum,Germany,2026-04-10
MB001611,Simon,van Mook,mirthesterkman@example.com,+31(0)852 839206,Koolwijk,Netherlands,2023-08-04
MB001612,Helena,Zuidweg,vertoormyrthe@example.org,0034-225956,Siebengewald,Germany,2025-10-11
MB001613,Mohammed,Matthews,kleybrinkchloe@example.org,0589 802614,Noordeinde,France,2025-06-26
MB001614,Fabiënne,Keltenie,umartens@example.net,(0394) 349601,Leunen,France,2025-08-20
MB001615,Bart,Adryaens,npalman@example.net,(0210)-959484,Rogat,France,2024-06-10
MB001616,Yassin,Ramaker,quinty80@example.org,012-1008404,Beneden-Leeuwen,France,2025-03-11
MB001617,Ize,van de Ven,avan-kasteelen@example.org,0014-570719,Callantsoog,Netherlands,2023-12-03
MB001618,Jaylinn,Kleijse,chris52@example.net,+3100 4350915,Klein Zundert,Netherlands,2023-11-01
MB001619,Matthias,Louws,zsam@example.org,+31(0)71 0185776,Cruquius,Germany,2024-06-10
MB001620,Jaylinn,Ariens,olivia07@example.org,+31290 052659,Stegeren,Belgium,2026-06-05
MB001621,Bastiaan,Jansse,esmee79@example.net,(054)-6882485,Oostzaan,Belgium,2023-11-26
MB001622,Jorn,Haselaar,jannevan-breugel@example.org,,Giethoorn,Belgium,2025-04-25
MB001623,Tyler,Vegt,jillhuijben@example.net,+31(0)117 324079,Hallum,Netherlands,2023-12-09
MB001624,Sylvie,Lamotte,isabellakruns@example.net,(0232)-119185,Schoonebeek,Netherlands,2023-08-02
MB001625,Rosa,Heribert van Laon,tielemansmia@example.org,0388 991458,Bornwird,Germany,2025-03-04
MB001626,Bart,Woudenberg,boschmads@example.net,+3186-1899988,Reusel,France,2025-02-04
MB001627,Aylin,Soos,alansink@example.net,+3154-2984557,Benschop,France,2025-09-02
MB001628,Stan,van Gorp,van-toursjasmijn@example.org,+3166 2819142,Lepelstraat,Germany,2023-11-12
MB001629,Fabiënne,Kisman,yberends@example.org,0907 750149,Marken,Germany,2025-01-10
MB001630,Adriana,Stamrood,ekuilenburg@example.com,(043)-0141325,Elahuizen,Netherlands,2025-01-02
MB001631,Roos,Aarden,verhoevenaron@example.org,(010) 3767569,Oud Ootmarsum,Netherlands,2023-09-29
MB001632,Merijn,Kleijse,gverhaar@example.org,026-4830571,Vilsteren,Netherlands,2025-04-30
MB001633,Jorn,Nijman,berendlijn@example.net,+31(0)213-293812,Wittelte,Germany,2024-09-13
MB001634,Emma,van dam,lisarehorst@example.org,+31(0)092-199910,Harreveld,France,2026-04-19
MB001635,Sara,de Groot,lisannevan-luinenburg@example.org,0577 629554,Apeldoorn,France,2023-09-22
MB001636,Melissa,van de Coterlet,daniquede-gruijl@example.org,+3192 5710899,Made,Belgium,2025-08-28
MB001637,Mathijs,van Rossum,lorenzopaillet@example.com,(0374) 854462,Rijswijk (NB),Netherlands,2025-03-02
MB001638,Thijs,Poncelet,juliette88@example.org,0520-721998,Asten,Netherlands,2024-11-28
MB001639,Ashley,Heyne,duivenvoordenfloor@example.net,+31727 188350,Almere,Netherlands,2024-02-16
MB001640,Jesper,Peeters,lana16@example.net,+31339-190556,Wilsum,Belgium,2025-07-06
MB001641,Florian,Meis,lukas05@example.com,+3125 1495604,Veere,Belgium,2024-01-23
MB001642,Evy,van Leuven,dirkremmers@example.net,+31(0)608 921838,Wanneperveen,Belgium,2026-01-23
MB001643,Liz,Dirksen,youssefvan-metz@example.com,(057) 7839193,Ilpendam,Belgium,2025-08-01
MB001644,Tristan,Schagen,greimes@example.org,0187-721496,Nieuwehorne,Germany,2023-10-26
MB001645,Lot,Hazenveld,riemsofie@example.org,050-5928318,Oirsbeek,France,2025-12-04
MB001646,Iris,Vermeulen,pepijnschrik@example.com,+31(0)086-530513,Weesp,Germany,2026-02-27
MB001647,Lenn,Bastiaanse,britt97@example.com,+31(0)271-862400,Deursen-Dennenburg,Belgium,2025-01-01
MB001648,Wessel,van Bovenen,dean66@example.net,+31(0)33-8284903,Oosteind,France,2026-07-01
MB001649,Senna,van Vliet,nbud@example.net,+31(0)88-4825526,Langeweg,Germany,2026-06-12
MB001650,Siem,Jansen,indy10@example.net,+31(0)567-263456,Berkenwoude,Belgium,2026-05-22
MB001651,Ceylin,die Witte,ycoret@example.org,(099) 7584988,Hensbroek,Germany,2025-05-09
MB001652,Colin,van der Velden,sroom@example.net,(097) 9591796,Meeuwen,Belgium,2024-12-07
MB001653,Quinty,Dekker,,+3189-5720905,Lutjebroek,Germany,2026-03-11
MB001654,Morris,Haneberg,van-herstaljasmijn@example.com,+31392-305492,Boornbergum,Germany,2026-06-29
MB001655,Sep,van Leeuwen,kikikriens@example.net,+31287 406772,'s-Gravenzande,Netherlands,2026-07-11
MB001656,Justin,Verboom,sylvieunruoch-hunerik@example.com,+31(0)120-564586,Heerewaarden,France,2023-09-24
MB001657,Lukas,van Parijs,khekker@example.com,0674 271602,Heemstede,Belgium,2024-03-30
MB001658,Hannah,Wright,nschulten@example.net,072-9675659,Wâlterswâld,Belgium,2023-08-01
MB001659,Elise,van Arnsberg,simonsjinthe@example.org,058 7626174,Waspik,France,2024-10-03
MB001660,Benjamin,van der Smeede,roodesteijnnick@example.net,+31(0)10 9185462,Drachten-Azeven,Netherlands,2025-12-15
MB001661,Jasper,Bakker,jason12@example.com,0515-280295,Mill,Germany,2025-11-05
MB001662,Angelina,Martens,ties00@example.com,(0066) 314162,Elst,Netherlands,2025-10-05
MB001663,Annemijn,Soos,mikejerusalem@example.org,037-2775981,Klooster Lidlum,Germany,2025-07-05
MB001664,Sanne,Mulder,,+31(0)37-6766242,Macharen,Germany,2026-04-22
MB001665,Abel,Adriaense,vincent27@example.org,(0865) 065997,Nieuweroord,France,2024-08-16
MB001666,Duuk,Vandenbergh,telbertse@example.org,(0105) 703868,Naarden,Belgium,2025-03-21
MB001667,Bastiaan,Cornelisz,mike19@example.net,0081 482850,Kolderwolde,France,2025-07-07
MB001668,Olaf,Uphuis,bradley87@example.net,+31(0)203-419246,Easterlittens,Netherlands,2026-01-19
MB001669,Tycho,van de Darnau,juliusvan-laon@example.net,0844 160240,Den Burg,France,2026-07-29
MB001670,Brent,Kleybrink,hugobroeckx@example.com,+3192-5367857,Heemskerk,Netherlands,2024-12-27
MB001671,Kai,Hemma van Allemanië,gerritsmaryam@example.org,027 3293361,Vianen NB,Belgium,2024-05-02
MB001672,Johannes,Rousselet,xkronenberg@example.com,+3112-2930360,Winterswijk Corle,France,2023-12-28
MB001673,Ize,van Vlaanderen,bvan-den-berg@example.com,(062)-0169952,Boesingheliede,Belgium,2025-11-28
MB001674,Esther,Smith,nvan-t-riet@example.org,0546 428364,Ezinge,Belgium,2026-05-15
MB001675,Jaylinn,Otte,dylanohakker@example.org,(0171) 092347,Slappeterp,Germany,2025-03-26
MB001676,Carlijn,van der Meer,willem11@example.org,(0606)-183446,Bergen op Zoom,Belgium,2025-06-14
MB001677,Loïs,Verheij,avan-der-linden@example.com,(001)-1047814,Maarsbergen,Netherlands,2024-11-29
MB001678,Xavi,van Orleans,qden-teuling@example.net,039 2187450,Westhem,Germany,2026-03-16
MB001679,Ize,van den Berg,koenrackham@example.net,+31442-693455,Benthuizen,Netherlands,2026-02-20
MB001680,Stella,Weylant,lmoenen@example.net,+31287 662707,Wateren,Belgium,2023-08-27
MB001681,Kevin,Bosman,michelleserra@example.net,0669 474117,Oudehaske,Belgium,2026-03-04
MB001682,Ise,de Boer,fsam@example.net,+3168-8865641,Koudekerk aan den Rijn,Germany,2023-09-22
MB001683,Kate,van Dijk,yvan-dommelen@example.com,(009)-6233985,Maarsbergen,Belgium,2024-04-17
MB001684,Sam,Aeije,jaylinnvan-der-stael@example.net,+3110 1692887,De Wilp,Belgium,2024-09-10
MB001685,Selena,Vial,dinavan-gils@example.net,+31386 648116,Wirdum Gn,Germany,2025-03-13
MB001686,Elias,Breugelensis,nstamrood@example.net,0587-074072,Assendelft,France,2026-02-11
MB001687,Romy,Boeser,noortje80@example.com,+31(0)55 5666805,Wervershoof,Netherlands,2025-11-12
MB001688,Lisa,van 't Wel,broekhovenaya@example.com,+31(0)25-5986350,Oterleek,France,2025-10-03
MB001689,Marinus,Broeshart,ayoubhendriks@example.org,(0562) 382484,Rheden,Germany,2024-11-11
MB001690,Arie,van Herstal,loesvan-heusden@example.net,+31838-372907,Stokkum,France,2025-07-10
MB001691,Tijs,Schuylenborch,vmeijer@example.net,+31(0)41-9747859,Bosschenhoofd,Germany,2024-10-19
MB001692,Ivy,Karels,ide-beer@example.net,084-8934192,Bergeijk,France,2025-12-26
MB001693,Job,Joosten,wschakelaar@example.org,+31769-788301,Heteren,Netherlands,2023-12-07
MB001694,Mika,Zaal,de-hoogvigo@example.com,+31(0)083 237860,Lathum,France,2024-02-06
MB001695,Rick,Spies,tillmannobente@example.net,+31(0)812-604815,Drimmelen,Belgium,2024-10-22
MB001696,James,Arnold,stella94@example.org,(0851)-698686,Loosbroek,France,2024-08-01
MB001697,Tirza,van de Ven,tirzaschuurmans@example.com,(0013) 669890,Ooltgensplaat,Germany,2023-11-17
MB001698,Merel,van den Wittenboer,ztillmanno@example.org,(0127)-525772,Beek,Belgium,2026-05-03
MB001699,Anne,van den Nuwenhuysen,kkort@example.com,+31(0)241 004623,Cadier en Keer,Belgium,2025-12-17
MB001700,Elise,Kamper,maud20@example.net,(031)-6795639,Burgerbrug,Germany,2023-10-21
MB001701,Annabel,de Marduras,thijmen39@example.org,+31(0)555 114430,Rotterdam,Netherlands,2025-08-14
MB001702,Thom,van der Horst,guusje22@example.net,(027)-9038163,Mariënberg,France,2026-05-18
MB001703,Guus,van de Kooij,james39@example.net,+3119 4587930,Wyns,Belgium,2024-01-29
MB001704,Indy,Ooms,annemijn61@example.com,0028-524281,Boven-Leeuwen,Germany,2025-08-15
MB001705,Livia,Nedermeijer,mason33@example.net,0763 322246,Nederhorst den Berg,Belgium,2025-02-20
MB001706,Myrthe,van Engeland,dylanohendrikse@example.org,+31(0)147-088506,Erica,Belgium,2024-03-26
MB001707,Roos,Dachgelder,ceylin50@example.net,(002)-7117339,Wilbertoord,Netherlands,2024-12-30
MB001708,Norah,Robbrechts Bruijne,robbrechts-bruijnekarlijn@example.org,+31(0)310-268541,Zuidschermer,Germany,2024-10-21
MB001709,Lot,Ghoerle,noah31@example.com,(008) 4632665,Hekelingen,France,2025-01-12
MB001710,Joost,Heijman,van-wallaertjob@example.net,+31(0)59-9947543,De Rijp,Netherlands,2024-09-11
MB001711,Ayden,van Kuijc van Malsen,jacobswout@example.org,(058)-1112582,Beinsdorp,France,2025-09-25
MB001712,Daniel,Schroeff,evan-beek@example.org,+3153 3721847,Borne,Germany,2025-02-27
MB001713,Johannes,Muller,joep10@example.org,+3171 1406684,Soest,Germany,2025-09-19
MB001714,Roos,van Northeim,vhaack@example.net,015-8885383,Raalte,Belgium,2025-04-15
MB001715,Esmée,Hemma van Allemanië,weylantnaomi@example.org,+31(0)13 0041682,Babberich,Germany,2025-04-03
MB001716,Noud,van der Klijn,ise56@example.net,+31300-248018,Amerongen,Belgium,2025-05-16
MB001717,Isabel,van Kasteelen,hailey88@example.org,+31350-182210,Okkenbroek,Belgium,2024-09-03
MB001718,Aron,van Leeuwen,yusufdriessen@example.net,+31(0)928-541844,Winterswijk,Netherlands,2026-02-25
MB001719,Maja,Hehl,qcarnotte@example.com,035-4285487,Markenbinnen,Germany,2024-08-27
MB001720,Bradley,Cant,vegtmaja@example.com,+3170-5221317,Kerkwerve,France,2025-11-19
MB001721,Fien,Postma,amberhuel@example.net,+31967 975420,Linne,Germany,2026-02-27
MB001722,Ecrin,Rotteveel,wde-gratie@example.org,+31(0)544 632408,Wormerveer,France,2026-05-01
MB001723,Noah,Pasman,brent66@example.org,+31067-854604,Rohel,Belgium,2025-01-15
MB001724,Dina,Bouthoorn,ibrahimgoderts@example.net,+3100 1423832,Nieuwe Pekela,Germany,2024-12-24
MB001725,Liam,Westermann,nvan-de-coterlet@example.net,,Hank,Germany,2026-02-05
MB001726,Sterre,Loep,cstange@example.org,+31065 033291,Tilburg,Germany,2026-02-10
MB001727,Joey,van 't Wel,twolfsdr@example.com,063-1766005,Elshout,Belgium,2026-05-14
MB001728,Dion,Velderman,lhoogers@example.net,048-5754219,Rilland,Netherlands,2024-09-13
MB001729,Maud,Huijbrechts,kvan-breukelveen@example.org,(0377) 385961,Toldijk,Germany,2024-05-04
MB001730,Mika,van Wallaert,jorttillmanno@example.net,+31(0)803 440304,Aagtekerke,France,2023-09-18
MB001731,Levi,die Bont,senn88@example.org,(027) 8787148,Maarn,France,2024-09-06
MB001732,Finn,de Strigter,jspreeuw@example.org,028 5420105,Assen,Germany,2024-06-16
MB001733,Boaz,Kamp,kvan-den-nuwenhuijzen@example.org,(077) 1156232,Lathum,Germany,2024-07-02
MB001734,Koen,van Saksen,miabeernink@example.com,+3101-6467333,Gemert,France,2025-11-01
MB001735,Amin,Willems van Lier,daphne80@example.org,(0076) 844353,Ee,France,2024-12-01
MB001736,Senna,van Bruchem,van-der-hoevendylano@example.net,(0034) 024582,Eersel,Germany,2024-04-05
MB001737,Evie,Bosch,lucsimons@example.org,+31(0)24 9834466,Burgh-Haamstede,Netherlands,2026-02-09
MB001738,Dex,van de Berg,van-gelderjulian@example.com,+3121-5872672,Waverveen,Germany,2023-09-06
MB001739,Stijn,Meijer,gijs88@example.com,(027) 4317114,Leerdam,Netherlands,2024-10-28
MB001740,Julia,de Gruijl,wlevesque@example.net,+3169-6395409,Geersdijk,Germany,2023-09-29
MB001741,Floris,van der Hoeven,bosberat@example.com,+3136 3153785,Noordbroek,Belgium,2024-09-27
MB001742,Vajèn,van Ginneke,ukok@example.org,+31(0)46-1297463,Holwierde,Belgium,2026-07-29
MB001743,Rayan,Mathol,melissa37@example.net,(0326) 009575,Amsterdam-Duivendrecht,Belgium,2025-12-02
MB001744,Guus,Rackham,zmanne@example.com,+31(0)40-9373223,Ravenswaaij,France,2025-03-22
MB001745,Sam,Vaessen,merelvan-de-greef@example.org,+31(0)58 1548367,Schokland,Netherlands,2023-09-18
MB001746,Robin,de Koning,otielemans@example.com,(064)-1847089,Bleskensgraaf ca,Germany,2023-11-18
MB001747,Thijn,Pratt,van-der-plascolin@example.org,012-8419227,Erp,France,2023-09-29
MB001748,Dave,Duivenvoorden,ode-haas@example.com,(0960) 647524,Wormer,France,2026-04-26
MB001749,Amira,van Breukelveen,rmassa@example.org,+31(0)302-443876,Ruurlo,Belgium,2025-11-27
MB001750,Johanna,Furda,lvan-laon@example.net,+3146-1987401,Schoondijke,Germany,2024-06-13
MB001751,Hanna,Françoise,mirtheborman@example.net,070-5500605,Reitsum,Germany,2025-01-06
MB001752,Lizz,Neuzerling,clorreijn@example.org,+31(0)51-7841027,'s-Gravenhage,Netherlands,2023-11-06
MB001753,Sophie,Scheffers,jansenmika@example.com,+3157 8031092,Netterden,Belgium,2024-04-02
MB001754,Mustafa,Verwoert,jochemsphileine@example.com,+31(0)539 891537,Assen,Belgium,2025-12-12
MB001755,Julia,DUBOIS,luuk09@example.com,0366-891020,Heikant,Netherlands,2024-07-19
MB001756,Jort,Beijring,krabbejorn@example.net,028-5954200,Olst,Netherlands,2023-08-24
MB001757,Emily,Rouwenhorst,roanheere@example.net,(038) 6288620,Elburg,France,2024-03-15
MB001758,Elena,van Breukelveen,aaron03@example.com,(096)-4216788,Beek,France,2025-08-21
MB001759,Thijn,Chevresson,lgellemeyer@example.com,+31470 291765,Windraak,Belgium,2024-06-18
MB001760,Seth,Zeemans,rekcollin@example.net,0702 723035,Gastel,France,2024-06-24
MB001761,Noor,van Haspengouw Hesbaye,elias63@example.com,+31022-946234,Weurt,Netherlands,2023-10-10
MB001762,Jason,Fredriks,vvan-bentheim@example.com,006 3971781,Westzaan,Belgium,2024-08-05
MB001763,Hamza,Haengreve,wouters-van-eijndhovennadia@example.com,+31683 459949,Stramproy,Belgium,2024-11-26
MB001764,Fenne,van Ooste,mick11@example.com,+3145-8197161,Meerssen,Belgium,2025-08-25
MB001765,Mart,Aertsz,mohamedvan-kuijc-van-malsen@example.org,(0710)-543453,Amstenrade,France,2024-02-28
MB001766,Kian,Berends,loeshondeveld@example.org,0869 661910,Rhee,Belgium,2023-08-13
MB001767,Mustafa,Peters,romijnmichael@example.net,+3154 4683596,'s Gravenmoer,Netherlands,2024-08-06
MB001768,Rosalie,van de Ven,florianeerden@example.org,+31028 336341,Vledderveen,France,2024-08-22
MB001769,Noah,Speijer,stichtercato@example.net,005 7824734,Wenum Wiesel,Germany,2023-09-23
MB001770,Bradley,Hazenveld,meijerroos@example.com,+31(0)00-8537846,Siebengewald,Germany,2024-03-22
MB001771,Jordy,Rehorst,groenthijn@example.net,0454 725154,Zennewijnen,Belgium,2023-08-15
MB001772,Muhammed,Waltrade Walderade,ahaengreve@example.net,0235-018298,Lievelde,Belgium,2024-02-20
MB001773,Sven,de Plantard,bmulder@example.org,+3192 2332185,Gelselaar,Belgium,2024-02-15
MB001774,Jens,Vertoor,jordyjansen@example.net,0018-355951,Dwingeloo,France,2024-11-03
MB001775,Nynke,Oennen,brugmanmaria@example.org,0786-554092,Dieverbrug,France,2025-02-04
MB001776,Helena,Oennen,van-susacarlijn@example.org,092-9133209,Ommen,Germany,2023-12-13
MB001777,Melle,Smits,bjorn84@example.org,+31806-314996,Driebruggen,Belgium,2026-07-11
MB001778,Jesper,Willems,ygervais@example.net,0571 409113,Zandberg,Belgium,2026-03-24
MB001779,Raf,Vervoort,ryantins@example.com,+31(0)931 133622,Dalen,Netherlands,2025-06-11
MB001780,Nynke,pastoors,aschmanjesse@example.com,+31(0)75 2666906,Westwoud,Belgium,2026-03-02
MB001781,Elena,Neuteboom,isisde-strigter@example.org,+31811-769050,Krommenie,Netherlands,2025-11-15
MB001782,Tijs,Huijzing,louise72@example.net,039 7062393,Poederoijen,Germany,2024-07-08
MB001783,Nathan,van Leeuwen,everdeoscar@example.net,+31(0)21-8677798,Terherne,France,2026-05-15
MB001784,Hannah,Maaswinkel,wout58@example.net,0501-162520,De Koog,France,2026-02-03
MB001785,Noortje,van der Horst,qdijkstra@example.org,+31(0)25 4353405,Nigtevecht,Netherlands,2025-06-04
MB001786,Micha,van Mispelen,fvan-geest@example.org,097-0425952,Giessenburg,Netherlands,2026-03-16
MB001787,Rens,Melet,pmansveld@example.com,(0062)-387598,Egmond-Binnen,Netherlands,2026-01-27
MB001788,Senn,Oda,jimmuller@example.com,+31283-407520,Neede,Germany,2026-07-28
MB001789,Thijn,Kramer,anna12@example.net,+31(0)771-684293,Ruinerwold,Netherlands,2026-01-22
MB001790,Jack,Jonker,maartje05@example.net,(049)-1978444,Buitenpost,Belgium,2024-03-14
MB001791,Michelle,Frerichs,bjorn04@example.com,(0020)-680729,Smakt,Netherlands,2025-10-30
MB001792,Dave,van Salmen,tess93@example.org,+31(0)96-8249264,Dwingeloo,Netherlands,2026-05-05
MB001793,Vince,Huls,hannahvan-duyvenvoorde@example.org,(071)-2587992,Arcen,France,2025-03-03
MB001794,Esther,van der Laarse,gerritsenmicha@example.org,010-9824756,Terband,Netherlands,2025-09-16
MB001795,Imran,Cornelisz,mirthede-groot@example.com,0724 803347,Graauw,France,2025-02-15
MB001796,Dave,de Strigter,mlieshout@example.org,033-3670103,Kruisland,Netherlands,2026-01-24
MB001797,Elena,Mater,krabbebas@example.com,+31(0)31 2853826,Nieuw Annerveen,France,2026-03-11
MB001798,Lize,van Oirschot,rousseletluna@example.org,+31(0)59-9183591,Koog aan de Zaan,France,2025-11-08
MB001799,Micha,van Gorp,van-gilslenn@example.org,(074) 6866707,Wormer,Netherlands,2025-05-30
MB001800,Puk,Lankle,,(0543)-318177,Rutten,Netherlands,2026-03-16
MB001801,Angelina,van Dam,svan-de-eerenbeemt@example.com,0307 219868,Dieden,Germany,2025-12-28
MB001802,Annemijn,van der Ven,livnek@example.com,+31(0)552-628047,Winkel,Netherlands,2023-12-01
MB001803,Veerle,Overeem,meisjonas@example.net,+31676 435065,Weerselo,Netherlands,2024-08-13
MB001804,Chris,Ketel,niels14@example.org,+31(0)12-3081692,Nuland,Netherlands,2024-07-30
MB001805,Luca,van der Kaay,floortjeversluijs@example.net,0330-385566,Well L,Belgium,2024-10-19
MB001806,Thijs,Berendse,lois60@example.org,+31(0)657 536673,Nieuwehorne,France,2025-03-21
MB001807,Lina,Grondel,van-vlietyara@example.org,0609-150204,Donkerbroek,Belgium,2025-08-13
MB001808,Samuel,Claassen,victor53@example.net,,Burgum,Belgium,2026-05-01
MB001809,Bilal,Luster,isabelle88@example.net,0610-696031,Egmond aan Zee,Netherlands,2026-06-17
MB001810,Arthur,van den Hoek,yzwijsen@example.net,033-4386771,Erm,Germany,2024-04-22
MB001811,Philip,Zijlemans,dvan-daal@example.org,+31(0)78 3068929,Drunen,France,2026-06-06
MB001812,Collin,Dennenberg,van-bovenenina@example.com,050 9405918,Ternaard,France,2025-04-24
MB001813,Merijn,Winters,the-elderrens@example.com,(048)-4337929,Vlierden,Germany,2024-11-20
MB001814,Timo,Janssens,demiheijman@example.org,014-8484004,Haren,France,2023-09-27
MB001815,Zoey,van Ginkel,van-den-hoekceylin@example.org,+3171 9047890,Bentelo,Netherlands,2025-09-17
MB001816,Madelief,Kolster,mohammedjeggij@example.com,+31(0)56 4403039,Terheijden,Belgium,2024-12-31
MB001817,Julie,van Hamaland,elisezijlmans@example.com,(002) 8388425,Gouderak,Germany,2026-03-22
MB001818,Aylin,Schulten,stefan65@example.net,+3106-5655829,Herkenbosch,Netherlands,2025-08-23
MB001819,Julie,Köster,elenapasschiers@example.org,+31110-273624,Tegelen,France,2024-10-06
MB001820,Ravi,van Verdun,tdie-pelser@example.org,(0225) 527754,Deventer,Belgium,2025-11-20
MB001821,Esther,van der Mast,fadryaens@example.org,+31(0)16-9739722,Ossendrecht,Netherlands,2023-12-28
MB001822,Danique,Smith,esteyjulian@example.net,0215-552541,Zuurdijk,France,2025-05-09
MB001823,Siem,Weijland,mmathieu@example.com,047-1796541,Oldeberkoop,Germany,2024-07-09
MB001824,Josephine,van den Hoek,rens43@example.org,+3168-0322418,Luxwoude,Netherlands,2025-12-21
MB001825,Elizabeth,van Drenthe,kneuteboom@example.com,+31(0)573 944203,Castenray,Germany,2025-10-20
MB001826,Luca,van der Meulen,thijn88@example.com,+31(0)534 025964,Zoetermeer,Belgium,2024-12-11
MB001827,Yara,Boers,van-estemads@example.net,+3196 5234057,Garsthuizen,Belgium,2024-11-27
MB001828,Sarah,van Ghoerle,avan-rijthoven@example.net,0231-782256,Vegelinsoord,Netherlands,2024-03-31
MB001829,Hidde,le Floch,giel22@example.com,(0845)-070143,Melick,Belgium,2026-06-25
MB001830,Dex,Kleybrink,saravervoort@example.com,+31(0)29 4182668,Gastel,Belgium,2024-07-12
MB001831,Quinty,Robbrechts Bruijne,van-beeck-beeckmansdaniel@example.org,+3118-9298100,Roosteren,Germany,2025-08-14
MB001832,  Jolijn  ,Blonk,inayadoorhof@example.com,+31(0)107-728423,Alphen,Germany,2025-07-26
MB001833,Micha,van Oudewater,naud70@example.org,+31(0)03-0065950,Tjalleberd,Belgium,2024-06-12
MB001834,Naud,Dirksen,juliarademaker@example.net,0906-224686,Krimpen aan de Lek,France,2025-02-20
MB001835,Amélie,Duivenvoorden,van-schweinfurtfem@example.com,(0224) 972520,Ellemeet,France,2025-04-30
MB001836,Johanna,Everts,akeltenie@example.com,086 2368628,Midwolde,Netherlands,2026-04-13
MB001837,Elisabeth,Verschut,mickvan-haspengouw@example.com,+3150 4648879,Wellerlooi,Netherlands,2024-02-27
MB001838,Jet,Galijn,lemmensrosalie@example.com,(0697) 959873,Alkmaar,Germany,2024-11-19
MB001839,Sami,Jans,tverbeek@example.org,+31(0)778 070315,Dedgum,Belgium,2026-07-04
MB001840,Melissa,Rotteveel,hoekselizabeth@example.org,(038) 4208012,Boornbergum,Netherlands,2023-08-05
MB001841,Sander,van Ochten,jayda33@example.net,(0384) 794209,Biezenmortel,Belgium,2026-05-03
MB001842,Jorn,de Smit,bfriehus@example.net,+31(0)653-559659,Haps,Germany,2025-04-28
MB001843,Vajèn,van Gorp,esmee84@example.com,+3129 0219413,Halle,Germany,2025-03-15
MB001844,Nisa,van der Pluijm,gperrono@example.org,(0768) 153166,Skingen,Netherlands,2026-03-04
MB001845,Jayden,Neuzerling,jaylinnhellevoort@example.org,(015) 1637014,Bern,Germany,2026-07-03
MB001846,Samuel,Oosterhek,yasmin67@example.org,+31731 127576,Geerdijk,Germany,2026-07-05
MB001847,Mohammed,Kolen,glassesnynke@example.com,0145-709690,Zoeterwoude,Germany,2025-06-30
MB001848,Valerie,van Henegouwen,leonmuijs@example.com,(0028) 257271,Bronneger,Belgium,2024-03-30
MB001849,Zoey,Garret,vvan-allemanie@example.org,(0634) 431819,Hattemerbroek,France,2024-03-27
MB001850,Jim,Feltzer,simonhuijben@example.com,0394-565130,Biggekerke,Germany,2025-11-10
MB001851,Valerie,van Haspengouw Hesbaye,stef11@example.net,+31(0)22-6643415,Baarlo,Belgium,2025-05-17
MB001852,Jolijn,Maaswinkel,fabienne28@example.com,+3192-6564007,Lienden,Germany,2024-04-24
MB001853,Sophie,Adelaar,hamza56@example.net,+31(0)060 514969,Meteren,France,2025-01-04
MB001854,Joshua,van 't Riet,glassesayden@example.com,+31(0)948 270344,Baambrugge,Belgium,2024-08-01
MB001855,Nova,Timmermans,avan-mil@example.net,+3132-8078073,Zaandijk,France,2023-11-06
MB001856,Mike,de Gratie,khermans@example.net,+3128 4466257,Heiligerlee,Germany,2024-01-24
MB001857,Lara,Jochems,ydie-bont@example.org,(032) 4298772,Anerveen,France,2024-08-07
MB001858,Norah,Vervoort,lgerritse@example.org,+31757 171223,Apeldoorn,Belgium,2025-12-02
MB001859,Marijn,van Dalem,jannavan-der-brink@example.net,(070) 0540761,Balkbrug,Belgium,2025-09-19
MB001860,Kyan,Gepa van Bourgondië,van-der-veldenstijn@example.com,+3134 3946597,Oldenzijl,Netherlands,2026-05-25
MB001861,Tijmen,van Wassenaar,mustafavan-der-pouw@example.com,(081) 9363184,De Goorn,Netherlands,2024-01-29
MB001862,Bibi,Blees,lanalips@example.com,+31727 222059,Follega,Netherlands,2025-07-18
MB001863,Mathijs,van de Wiel,luca36@example.com,+31500-892603,Heerenveen,Germany,2024-01-06
MB001864,Merel,Wilmont,masonverboom@example.com,+3139 6799336,Goëngahuizen,Germany,2024-08-02
MB001865,Lieve,Wendt,daniel76@example.org,0832-074564,Ambt Delden,Germany,2025-03-21
MB001866,Roos,Ouwerkerk,zoeyvan-roijen@example.com,+31(0)393 543634,Marsum,Netherlands,2024-11-18
MB001867,Silke,Boddaugh,jansselotte@example.org,(0998)-582466,Beek,France,2024-05-27
MB001868,Bilal,van de Veen,wouter67@example.com,(046)-8011214,Luddeweer,Netherlands,2024-07-19
MB001869,Esila,Willemsen,,0791-166725,Hoensbroek,Belgium,2025-09-18
MB001870,Ivy,Eijkelboom,kim82@example.net,(0955)-617962,Zwartewaal,Netherlands,2023-08-14
MB001871,Sten,van de Kooij,floorolthof@example.org,+31(0)73-8734436,Andijk,Belgium,2025-05-28
MB001872,Ninthe,Gerritse,thijsgerritse@example.net,+31(0)81 2174046,Hoogwoud,Belgium,2025-01-18
MB001873,Pieter,Mulders,nadia37@example.org,+3137-2412066,Kloosterburen,France,2024-03-26
MB001874,Mare,"Werl-Arnsberg, van",iriskok@example.org,(0782)-589017,Nieuwland,Belgium,2026-02-10
MB001875,Sam,Kuijpers,carlijnknoers@example.org,+3175-5150746,Driehuis NH,Germany,2025-08-07
MB001876,Joep,Sas,stichterdylano@example.com,(0998) 782483,Westkapelle,France,2026-05-12
MB001877,Quinn,Bloemendaal,kallenaaliyah@example.com,(0175) 110529,Klein Zundert,Belgium,2024-06-27
MB001878,Amina,Horrocks,spruytsofie@example.org,(015)-7450498,Kinderdijk,Belgium,2023-12-31
MB001879,Lena,Claassen,kle-briel@example.org,+3165 3866618,Almere,Germany,2024-05-22
MB001880,Amélie,van Ginneke,fboer@example.net,010 6457912,Zevenhoven,Netherlands,2025-05-09
MB001881,Kyano,Vertooren,coret-coredokayleigh@example.com,0547 100001,Leermens,Belgium,2025-12-01
MB001882,Bart,Bos,overharen@example.com,+31(0)680-860252,Wijk en Aalburg,Netherlands,2024-02-10
MB001883,Faas,van Bentheim,lvan-geffen@example.net,+31(0)26 9597432,Milsbeek,Germany,2023-09-22
MB001884,Elisabeth,van Buuren,rijntjesyara@example.org,+31(0)97-4748074,Nunspeet,France,2025-06-21
MB001885,Rafael,Jonker,wvan-breugel@example.com,0740 472608,Baarn,Netherlands,2025-12-12
MB001886,Zeynep,Aarts,annemijn26@example.org,(0398) 038445,Eenrum,Germany,2024-04-01
MB001887,Suze,Simonis,qluboch@example.com,0645 575308,Haghorst,Germany,2024-07-05
MB001888,Adam,Walter,slagmolenkevin@example.org,0612 591951,Hulsel,Belgium,2026-02-19
MB001889,Ivy,Greij,van-praaghelif@example.com,+3187 4528713,Bitgum,Germany,2024-07-15
MB001890,Maaike,van Beek,alicia61@example.org,+3177 6339304,Sibrandabuorren,France,2024-03-27
MB001891,Loes,van der Smeede,van-de-weterinklynn@example.net,+31408-988634,Sleeuwijk,Netherlands,2025-06-03
MB001892,Luna,d' Heripon,pippa95@example.com,+31(0)08 4500468,Doldersum,Germany,2025-07-24
MB001893,Pleun,Rouwenhorst,jvan-den-corput@example.net,+31348-097005,Valkenburg,Netherlands,2023-10-09
MB001894,Elias,Moensendijk,jaristeenbakkers@example.net,+31(0)320 194077,Midwolda,Belgium,2025-03-09
MB001895,Emily,van Haspengouw Hesbaye,esila96@example.net,(0150) 804419,Zwagerbosch,Belgium,2024-04-02
MB001896,Luna,van Geenen,katevan-den-heuvel@example.com,+31396-884603,Mariaparochie,Netherlands,2026-01-29
MB001897,Guusje,Rehorst,xboers@example.org,+31(0)49-6426328,Warmond,France,2023-08-31
MB001898,Aaliyah,Scholten,valentijnde-jong@example.org,+3154 5753266,Nieuwe-Tonge,Netherlands,2025-06-23
MB001899,Alyssa,Linschoten,juulboudewijns@example.net,+31(0)61-2825865,Anerveen,Netherlands,2024-02-12
MB001900,Kyano,Luboch,dean75@example.com,(0283)-626795,Berkenwoude,Germany,2024-02-12
MB001901,Yusuf,Jacobi,skronenberg@example.org,+31758 542653,Bruinehaar,France,2025-12-18
MB001902,Mette,Fremie,mathijs36@example.com,+3188-1553731,Norg,Belgium,2024-05-07
MB001903,Ivy,de Grunt,danielfrankhuizen@example.net,(0382) 555717,Houten,Germany,2025-12-17
MB001904,Ibrahim,Vial,floorvan-hemert@example.net,+31(0)91 0696011,Raerd,Germany,2025-11-16
MB001905,Lukas,Scuylenborchs,fpierson@example.net,058 0935467,Nieuwehorne,Germany,2024-01-07
MB001906,Niels,Otte,karlijnrouwenhorst@example.net,+31(0)742 753072,Hernen,Netherlands,2024-05-23
MB001907,Veerle,Meijer,catharinalambregt@example.net,0252 442041,Grijpskerk,Germany,2024-03-07
MB001908,Senn,van Vermandois,basvan-de-coterlet@example.org,0037 406395,Folsgare,France,2025-06-30
MB001909,Mason,Wolters,van-rietmatthias@example.org,(083)-4626521,Wedde,Germany,2025-07-07
MB001910,Guus,van Berkel,tess39@example.net,(0837) 839569,Schoorl,Belgium,2025-12-03
MB001911,Berat,Mathol,van-henegouwenselena@example.com,0497 848009,Burdaard,Netherlands,2025-04-14
MB001912,Lisa,van Bruchem,lizzy68@example.com,(0687)-914766,Gorredijk,France,2024-10-25
MB001913,Berend,van Dagsburg,boaz25@example.com,054 6159093,Schagerbrug,Netherlands,2024-02-17
MB001914,Ivy,van der Velde,charlottecoret-coredo@example.org,+31(0)24-2332827,Nijeholtpade,France,2024-05-12
MB001915,Elizabeth,Jacobs,hoeksquinty@example.net,+3172-5502438,Eys,France,2023-09-18
MB001916,Mohammed,Briere,fem09@example.net,+3126 4974305,Heukelom,Netherlands,2026-06-10
MB001917,Julie,Lelijveld,pborman@example.net,+31(0)425 201359,Echt,Germany,2026-07-31
MB001918,Mehmet,Vermeulen,van-beekmax@example.net,+31(0)695 818259,Kattendijke,Belgium,2025-02-17
MB001919,Dewi,Furda,scuylenborchsmarit@example.com,(0936)-781666,Offingawier,Netherlands,2025-02-26
MB001920,Sven,Hakker,van-de-waternikki@example.org,(094) 6383341,Middenbeemster,France,2025-08-10
MB001921,Melle,Pons,mustafa44@example.com,002 2797055,IJmuiden,France,2025-11-19
MB001922,Eline,Adriaense,bvierdag@example.net,+31579 348274,Eppenhuizen,Netherlands,2026-07-02
MB001923,Sara,van Wallaert,olykantim@example.org,029-5762937,Vriescheloo,Germany,2025-11-16
MB001924,Tygo,Lafleur,fvan-hulten@example.org,+31(0)20 5075339,Oirsbeek,Belgium,2025-04-22
MB001925,Wouter,Michiels,zbave@example.net,080 2874484,Milsbeek,Germany,2024-03-12
MB001926,Jennifer,Jochems,hagendoornthomas@example.org,(0282)-273900,Barchem,France,2025-04-19
MB001927,Colin,Slingerland,@retailmart.com,(065)-7429703,Katlijk,Germany,2023-08-25
MB001928,Isis,Kuipers,tvolcke@example.org,0317 344147,Ryptsjerk,Netherlands,2024-07-19
MB001929,Julius,Scholten,de-hoogheliza@example.com,+31029-854485,Mierlo,Belgium,2026-07-25
MB001930,Valentijn,Verda,van-veenlieve@example.org,0648 906218,It Heidenskip,Belgium,2024-01-29
MB001931,Liza,Brizee,lukeschiffer@example.org,0496 635973,Fochteloo,Germany,2023-10-08
MB001932,Valerie,van Laon,aaliyahpons@example.net,0882 281454,Chaam,Belgium,2024-12-28
MB001933,Jan,van Geest,mayarisma@example.net,+3148-5456348,Den Ham,Netherlands,2025-08-18
MB001934,Ella,Meijer,joepde-wit@example.com,(016)-4371084,De Mortel,Belgium,2023-08-06
MB001935,Melle,Broeshart,wutkehamza@example.com,(019)-7983415,Heesch,Belgium,2025-09-21
MB001936,  Lise  ,Michielsen,mallienjoelle@example.net,+31268 656732,Groot-Ammers,Netherlands,2026-01-03
MB001937,Lucy,Louws,minerstella@example.com,+31159 138959,Garyp,Germany,2026-07-24
MB001938,Hamza,van Mispelen,elbertsedewi@example.net,+3133-4857450,Valburg,France,2025-02-23
MB001939,Zoey,Doyle,dorsmanjulia@example.org,,Biddinghuizen,Netherlands,2024-07-16
MB001940,Livia,Hagendoorn,mansveldphilip@example.net,+31416 999698,Zuidhorn,France,2024-06-13
MB001941,Carlijn,de Gruil,jeggijella@example.com,0429-486421,Vrouwenparochie,Germany,2026-02-25
MB001942,Faas,de Beer,linavan-salmen@example.org,0823 770256,Broek op Langedijk,Belgium,2026-04-26
MB001943,Johannes,Brugman,dotte@example.com,+31(0)466 106608,Jirnsum,Germany,2025-07-07
MB001944,Ben,Oennen,lieshoutriley@example.com,+3156-5853814,De Meern,Netherlands,2024-01-12
MB001945,Rosa,Bud,gboers@example.org,+31(0)190-621092,Casteren,Belgium,2024-05-10
MB001946,Imran,van der Klijn,michanijman@example.net,062 2093646,Sibculo,Belgium,2025-07-12
MB001947,Johanna,Miltenburg,daniquemulder@example.net,0402-515777,Feanwâlden,Germany,2024-05-25
MB001948,Levi,Klein,zvan-westfalen@example.com,0155-367421,Landsmeer,Germany,2025-05-09
MB001949,Lieve,Verheij,aiden71@example.org,+3140 9328360,Barger-Compascuum,Germany,2025-07-12
MB001950,Tom,Dennenberg,ecrinsteinmeiern@example.com,(0850)-500326,Terhole,France,2026-03-03
MB001951,Colin,Niermann,vwouters-van-eijndhoven@example.net,+31757 387540,Hoogenweg,Belgium,2023-09-27
MB001952,Yara,van Laar,heeremyrthe@example.com,0301 157383,Lollum,Belgium,2026-03-05
MB001953,Damian,Wendt,jhulst@example.net,0294-333955,Ulft,Netherlands,2025-10-20
MB001954,Abel,van den Hoek,beau67@example.com,+31(0)801 927731,Schuinesloot,Germany,2025-02-20
MB001955,Jenna,Huisman,ohofman@example.net,0972-085394,Boornbergum,France,2025-03-03
MB001956,Tobias,Rackham,fem38@example.net,,Doniaga,Netherlands,2026-07-23
MB001957,Victor,Emmen,lina96@example.org,+3137 2910683,Helmond,Netherlands,2024-11-02
MB001958,Daphne,van der Horst,benverkade@example.org,005 2947418,Ankeveen,Belgium,2024-07-10
MB001959,Floris,Westerburg,rubenvervoort@example.org,+31(0)44 3651219,Nijeholtwolde,Netherlands,2023-12-26
MB001960,Jenna,Hoogers,sarneelevie@example.net,+31(0)35-7604088,Wapenveld,Germany,2024-10-01
MB001961,Ibrahim,Engels,mustafavan-velthoven@example.net,+31(0)646 780106,Lopikerkapel,France,2025-09-30
MB001962,Sep,Lips,ebrandon@example.net,(052)-4594391,Tricht,Germany,2024-05-27
MB001963,Koen,Overdijk,lotte12@example.org,+31(0)49-5333569,'s-Graveland,Netherlands,2023-08-10
MB001964,Mark,Dubois,gmulder@example.org,+31(0)09-2052720,Hoogersmilde,Belgium,2025-12-27
MB001965,Juul,Haselaar,ellisrobin@example.org,0428 859731,Deil,Belgium,2024-04-04
MB001966,Nina,Pastoors,floris05@example.net,(002) 5540910,Sint Geertruid,France,2024-02-28
MB001967,Arie,Bastiaanse,danique27@example.com,(004)-9513468,De Wilp,France,2025-01-16
MB001968,Frederique,van Geffen,molykan@example.com,0316 831282,Kinderdijk,France,2025-05-23
MB001969,Felix,van de Greef,jacksalet@example.net,+3193 2862388,Liessel,Netherlands,2025-04-10
MB001970,Thom,dORSMAN,van-de-noordmarkmarinus@example.com,(0019) 020868,Wirdum,Germany,2024-01-08
MB001971,Selena,Courtier,kyra60@example.org,081-9218276,Budel-Dorplein,Belgium,2024-06-11
MB001972,Michelle,Rek,de-witjan@example.org,+31(0)40 3189987,Leeuwarden,Germany,2023-08-30
MB001973,Yasmin,van Oirschot,alexanderdavid@example.org,0025-116037,Lomm,Belgium,2026-06-10
MB001974,Noud,Jekel,bas94@example.com,+31(0)336 082222,Weidum,Belgium,2025-09-21
MB001975,Jens,van Laar,milavertooren@example.org,049-9488038,Haastrecht,France,2024-07-27
MB001976,Dex,Schroeff,loeksprong@example.net,(075) 6189320,Sint Maartensbrug,France,2025-04-03
MB001977,Teun,Hoogers,cantfatima@example.net,076-4189313,Gassel,Germany,2025-04-22
MB001978,Stefan,Blaak,elips@example.org,(0730)-224170,Sint Nicolaasga,Belgium,2025-01-10
MB001979,  Ise  ,van Velzen,qvan-gelder@example.org,(0857)-433062,Kolhorn,Germany,2024-04-28
MB001980,Veerle,van den Nieuwenhuijsen,coenenisabella@example.org,041 4015903,Jaarsveld,Netherlands,2023-09-15
MB001981,Owen,Verhoeven,van-der-laarserafael@example.org,+31675 360162,Loenersloot,Belgium,2025-12-25
MB001982,Sil,Kleijse,swolffel@example.net,+31611 585158,Sterksel,Germany,2025-07-30
MB001983,Rafael,Lamotte,lotte99@example.org,098-3485328,Diphoorn,Belgium,2025-02-20
MB001984,Giel,Pasman,peterseninthe@example.net,(0823) 952432,Donkerbroek,Germany,2026-07-31
MB001985,Charlotte,van de Darnau,helena39@example.org,0568-908729,Ouwerkerk,Germany,2024-10-17
MB001986,Thijmen,Soos,hulshoutsphileine@example.org,0561-467253,Blaricum,Germany,2023-08-18
MB001987,Marit,Spier,nvan-breugel@example.org,0765-080045,Westbeemster,Netherlands,2024-04-22
MB001988,Lieke,van Limburg,victoriaschulten@example.com,(0004) 573503,Parrega,Germany,2023-08-30
MB001989,Jacob,van Nes,chloe73@example.org,006-2759347,Molenschot,Germany,2023-09-28
MB001990,Victoria,Brands,tijmenbrands@example.org,069 8096295,Stedum,Belgium,2024-12-18
MB001991,Maaike,van Hamaland,mohammedvan-de-wal@example.net,067 5423261,Bilthoven,Germany,2024-05-22
MB001992,Cornelia,van Kasteelen,hendricksisabella@example.net,+31(0)474-164723,Huis ter Heide,Germany,2025-11-02
MB001993,Victoria,Kof,zjerusalem@example.net,(098) 2220112,Blankenham,Germany,2026-07-01
MB001994,Jake,Zijlemans,elisabethvan-de-elzas@example.com,+31315-343950,Noordgouwe,Belgium,2025-12-02
MB001995,Elize,Ariens,de-boereline@example.org,+31587 559311,Nieuw Heeten,France,2024-06-21
MB001996,Fedde,Martens,kikimarchand@example.com,+31552-991282,Venhuizen,Germany,2025-01-21
MB001997,Maria,van Haspengouw Hesbaye,justin01@example.net,0279 815308,Hulsberg,Belgium,2023-08-09
MB001998,Julie,Knuf,teun95@example.org,+3112 8308296,Heiloo,Netherlands,2024-03-04
MB001999,Collin,Mulder,tvan-hemert@example.com,0075-050389,Stoutenburg Noord,Belgium,2024-01-02
MB002000,Roos,Vignon,huelmegan@example.net,061-6834649,Koedijk,Belgium,2026-06-01
MB002001,Damian,Ferran,evysire@example.com,+31(0)355 915653,Melderslo,Belgium,2024-06-21
MB002002,Hanna,Dachgeldt,ponsjuul@example.org,+31581 982153,Schardam,Netherlands,2023-11-09
MB002003,Brent,Ulrich,lolatakkelenburg@example.com,(0793) 609955,Tienray,Netherlands,2026-04-10
MB002004,Amelia,Ferran,jvan-de-water@example.com,(008) 2888094,Hulshorst,Germany,2023-12-10
MB002005,Sienna,van der Ploeg,nienke18@example.com,0987 008747,Oene,France,2023-11-18
MB002006,Ninthe,Verhagen,de-gruijterlinde@example.com,+31(0)870-087144,Opmeer,Netherlands,2023-08-27
MB002007,Kyara,van Goerle,gfrancoise@example.org,(0062)-012465,Middelharnis,Netherlands,2025-10-07
MB002008,Charlotte,Bertho,barentssamuel@example.org,005 7399596,Boxmeer,Belgium,2025-08-31
MB002009,Bas,Risma,van-gelderlola@example.net,,Reek,Netherlands,2023-08-28
MB002010,Lotte,Wouters,sophievan-der-klein@example.net,+31(0)946 005471,Nieuwkuijk,Germany,2026-07-18
MB002011,Ties,Oda,van-den-nuwenhuijzensiem@example.com,+3156 5287388,Toldijk,France,2026-03-11
MB002012,Melissa,Ehlert,glommert@example.net,0588-744274,Netterden,Netherlands,2023-09-08
MB002013,Pieter,van der Kint,lukascoret-coredo@example.com,+31(0)69 4130106,Boksum,Germany,2023-09-20
MB002014,Megan,van Bernicia,wjekel@example.org,+3120-3631847,Koufurderrige,Belgium,2025-06-22
MB002015,Merijn,van den Nieuwenhuijsen,juliusvan-spreuwel@example.org,+31042 531800,Kelpen-Oler,France,2024-06-27
MB002016,Bilal,Frankhuizen,van-ghoerlelinn@example.com,0174-415689,Nieuwolda,France,2025-02-18
MB002017,Nadia,van Beek,de-grootcornelis@example.org,+31011 534999,Dodewaard,Germany,2026-04-26
MB002018,Fleur,Meeusen,van-der-meerluka@example.net,+31(0)230-951415,Tienhoven,Netherlands,2024-01-04
MB002019,Cornelia,de Haan,megan93@example.org,(033)-2504591,Oegstgeest,France,2025-10-04
MB002020,Thijs,Zeemans,de-boertirza@example.net,+31979-034938,Nuis,Belgium,2025-06-11
MB002021,Tirza,de la Fleche,johanna99@example.net,048 8960539,Haarle,Belgium,2025-03-27
MB002022,Niek,Aalts,maaike50@example.org,+31(0)51 5664303,Langenboom,France,2024-10-16
MB002023,Levi,van Liendert,nynke46@example.net,+31105-941787,Aalsmeerderbrug,Netherlands,2025-05-17
MB002024,Valentijn,Tillmanno,collin71@example.net,+31(0)470 438818,Lutjewinkel,Netherlands,2024-04-30
MB002025,Lana,de Bruin,nick69@example.net,+31(0)394 831747,Terschuur,France,2024-02-15
MB002026,Zoë,van Leeuwen,rosalie65@example.net,+31(0)42-3090797,Vriezenveen,Belgium,2025-03-17
MB002027,Evy,Scardino,van-metzzara@example.net,+3134-5292175,Matsloot,Netherlands,2026-07-16
MB002028,Jim,van den Brand,romy15@example.com,+31935 261824,Kerkenveld,Netherlands,2025-01-03
MB002029,Tara,Goudriaan,annabel95@example.net,+3109-9788247,Gemonde,Netherlands,2025-05-24
MB002030,Ilse,LEVESQUE,cunruoch-hunerik@example.com,(0425) 764340,Assen,Netherlands,2024-09-18
MB002031,Pepijn,Koster,sanneveltman@example.net,(056)-5961282,Bruchem,Netherlands,2024-02-28
MB002032,Aylin,Heijmans,van-bunschotenimke@example.net,+31(0)029 344619,Biervliet,France,2025-04-02
MB002033,Ninthe,Doornhem,,0646 764203,Hoek,Netherlands,2025-02-18
MB002034,Lot,Nijman,van-nusnorah@example.org,0147-729366,Winterswijk Corle,Germany,2025-05-22
MB002035,Sten,van Metz,amy50@example.org,005 0521728,Rotterdam-Albrandswaard,Netherlands,2025-05-16
MB002036,Finn,Soos,sophiaverboom@example.org,0605-969674,Borgercompagnie,Netherlands,2025-01-31
MB002037,Dave,Schakelaar,elisabethde-bruyn@example.net,0314-843745,Reek,Germany,2024-12-09
MB002038,Hugo,van Beek,uhermans@example.com,+3151-2698874,Oudheusden,Belgium,2024-05-05
MB002039,Dina,Hendrikse,merkxvalentijn@example.org,(0160)-209907,Waarder,France,2023-10-15
MB002040,Yfke,de Vroege,emma23@example.org,(097)-7140264,Ter Apel,Germany,2025-10-14
MB002041,Mehmet,Kuilenburg,aliponcelet@example.net,+3192-6548023,Bellingwolde,Germany,2024-09-15
MB002042,Yassin,van der Meulen,van-vermandoisanouk@example.com,(0881)-937565,Húns,Germany,2025-06-03
MB002043,Amy,Oemencs,,037-9287757,Garmerwolde,Belgium,2025-03-02
MB002044,Yasmine,sCHELLEKENS,wouterselena@example.com,+3155-0422258,Sint Kruis,Germany,2023-11-22
MB002045,Sten,Sire,rowanaalts@example.com,+31732-992873,Munnekezijl,Netherlands,2024-04-28
MB002046,Jip,van der Klijn,ariens-ansemsfeline@example.org,+31(0)306 649401,Tjerkgaast,Netherlands,2024-04-11
MB002047,Jayson,Boudewijns,de-haasbrian@example.net,+3192-3029301,Koudum,France,2025-07-24
MB002048,Aimée,Schipper,van-oudewaterwouter@example.net,(0059)-094457,Hansweert,Netherlands,2023-10-17
MB002049,Isabel,Brisee,joostvan-saksen@example.org,+31(0)666-967811,Druten,Germany,2026-01-14
MB002050,Dewi,Klein,cvan-den-nuwenhijsen@example.org,0645-992148,Waverveen,France,2024-11-03
MB002051,Berend,Haselaar,aflink@example.net,032 1110208,Slappeterp,Netherlands,2026-02-15
MB002052,Rafael,Vrancken,kvan-bentheim@example.net,+3130-0483211,Ootmarsum,Germany,2023-10-22
MB002053,Amelia,Jansen,pimvan-oirschot@example.com,040-8680511,Veeningen,France,2026-07-30
MB002054,Marit,van Hulten,sam65@example.org,(029) 0853659,Weerselo,France,2025-09-22
MB002055,Nina,Poncelet,ndraaisma@example.net,+31(0)37-9622929,Bitgummole,Belgium,2024-11-01
MB002056,Jari,Kort,joriseverde@example.net,(033) 8075260,Brantgum,Netherlands,2025-07-01
MB002057,Bart,van der Kint,freshourivan@example.org,029 1664094,Luddeweer,Germany,2025-02-11
MB002058,Dana,Butselaar,quinn24@example.com,+31767-199845,Rijswijk,France,2023-12-22
MB002059,Sophie,van den Brink,bastiaanvan-gorp@example.com,047-2531756,Braamt,Germany,2024-12-15
MB002060,Rik,van der Kaay,adam92@example.net,+31(0)16-4449982,Reeuwijk,Netherlands,2023-10-13
MB002061,Jorn,Kas,cato60@example.org,(028) 0567535,Kloosterzande,France,2024-12-15
MB002062,Sami,van Goerle,oscar13@example.net,+31(0)662 085423,Aarle-Rixtel,Belgium,2025-01-01
MB002063,Willem,Slingerland,le-grandlara@example.org,066-3786537,Langweer,Netherlands,2026-07-07
MB002064,Hidde,van Gastel,nienkekof@example.net,071 3235088,Grubbenvorst,France,2025-11-28
MB002065,Koen,Elberts,florisoude-heer@example.com,014 1139341,Harlingen,Belgium,2024-11-14
MB002066,Maud,Galenzone,xeelman@example.net,(0158)-434495,Aalsmeerderbrug,Netherlands,2024-12-19
MB002067,Kyan,Knuf,sennavan-de-water@example.org,+31(0)04 8977741,Oldeouwer,France,2025-08-15
MB002068,Anouk,van der Laan,van-hollandtom@example.net,+31(0)438 916420,Epse,France,2026-05-07
MB002069,Victor,Werdes,pcoreth-von-und-zu-coredo-und-starkenberg@example.org,+31(0)206-841076,Dreumel,Germany,2026-03-25
MB002070,Simon,van Ginkel,van-duvenvoirdestefan@example.org,+31942-029600,Hobrede,Netherlands,2026-05-21
MB002071,Noor,Wildschut,alicoret@example.com,031-0098604,Botlek Rotterdam,Netherlands,2023-10-19
MB002072,Olaf,van de Coterlet,dirkdorsman@example.org,+31509-335219,Wytgaard,Belgium,2024-02-04
MB002073,Jolijn,van Kasteelen,kate51@example.net,+31(0)511-282366,Wanroij,Germany,2023-12-28
MB002074,Stella,Gnodde,joy33@example.com,(0072) 702728,Jabeek,Belgium,2025-08-26
MB002075,Tirza,de Bruijn,rde-wit@example.org,+3121 4676500,Grijpskerke,Belgium,2024-07-09
MB002076,Felix,Wilson,van-schweinfurtjens@example.org,+31(0)24-2654831,Velserbroek,France,2023-09-21
MB002077,Leah,Strijker,floortjevan-hemert@example.net,0014-709669,Bronneger,Netherlands,2026-06-03
MB002078,Mohammed,Smeets,garretfaye@example.net,(0730) 532331,Noordhorn,Netherlands,2026-04-25
MB002079,Dirk,van Beaumont,evelien81@example.org,+31197 383920,Snakkerburen,France,2026-03-03
MB002080,Pippa,Noordijk,gblaak@example.net,(0516)-839428,Beets,France,2026-04-22
MB002081,Elize,Knuf,rvan-rossum@example.com,+3150 6796256,Darp,Netherlands,2025-05-22
MB002082,Elias,van de Plas,foverdijk@example.com,(0665) 692814,Ederveen,Belgium,2026-07-07
MB002083,Boaz,van de Klashorst,dachgelderbente@example.com,(0358) 794175,Domburg,Netherlands,2024-09-21
MB002084,Louise,van Henegouwen,fbakker@example.com,+31(0)643 439856,Oudorp,Germany,2025-07-21
MB002085,Sam,de Jong,tycho34@example.org,0988 809033,Achthuizen,Belgium,2025-05-12
MB002086,Quinn,Lambers,amina66@example.org,+31836 485849,Nij Beets,Germany,2023-12-11
MB002087,Ivy,van Beeck,vvan-breugel@example.org,+31(0)043-492506,Varik,France,2026-03-03
MB002088,Ize,le Guellec,tirza18@example.net,+31(0)36 3692430,Niawier,France,2025-08-22
MB002089,Rayan,Molen,van-arkeljoshua@example.net,0638 340867,Hoevelaken,Germany,2023-08-27
MB002090,Tom,van Spreeuwel,jdotteluc@example.com,+3178 3941140,Oude Wetering,Belgium,2024-04-20
MB002091,Emily,Jacquot,verbeekfleur@example.org,+31720 055726,Klaaswaal,Netherlands,2023-12-27
MB002092,Amira,de Wit,simon30@example.org,+31(0)329 337710,Papenhoven,France,2024-06-07
MB002093,Jasper,Jerusalem,adam90@example.net,+31888 027274,Diever,France,2024-02-13
MB002094,Sven,de Strigter,klaffray@example.org,034 5614573,Tersoal,France,2024-09-23
MB002095,Sienna,Mudden,everwoert@example.com,+31585 378376,Benschop,Netherlands,2024-12-15
MB002096,Sanne,Lensen,hannah79@example.net,+3150 9475170,Steenderen,Netherlands,2023-11-05
MB002097,Ties,van Dagsburg,aelftrud-van-wessexzara@example.org,+31596-591654,Gilze,Netherlands,2023-09-17
MB002098,Kaylee,d' Heripon,felinemens@example.net,+3196-4987353,Losdorp,Netherlands,2026-07-31
MB002099,Maria,Hehl,umuller@example.com,+31411-848959,Bitgum,France,2025-02-19
MB002100,Pippa,Weylant,samuelvan-riet@example.com,+3158-9392813,Garsthuizen,Netherlands,2024-10-05
MB002101,Victor,Huisman,van-ginkeljens@example.org,(044) 4804547,Homoet,Germany,2026-05-16
MB002102,Yasmin,Timmermans,olthofaylin@example.com,057-9062253,Heiloo,France,2023-09-30
MB002103,Benjamin,Mol,gbroek@example.com,0270-420253,Loosbroek,Germany,2025-07-29
MB002104,Stan,van Henegouwen,elif61@example.com,013-8149819,Greonterp,Belgium,2025-05-23
MB002105,Job,Brugman,irecers@example.net,0462 273115,Weiteveen,Netherlands,2026-03-17
MB002106,Aron,Mulders,steenbeekelif@example.org,(054) 7216167,Wieringerwaard,Netherlands,2024-07-14
MB002107,Noah,de Vrome,jinthe34@example.org,(043)-4016626,Kapel-Avezaath,Germany,2026-01-23
MB002108,Mette,van Straaten,matthias54@example.org,0256-620079,Saasveld,Germany,2024-07-04
MB002109,Imran,Verwoert,zvan-spreeuwel@example.net,+31068 716678,Oranjewoud,Netherlands,2026-06-24
MB002110,Robin,Lamotte,godertscornelia@example.org,+31(0)516-416561,Alblasserdam,Germany,2025-12-18
MB002111,Kaylee,Knoers,perkinslaura@example.net,+3151 4526945,Mander,Germany,2026-05-04
MB002112,Anouk,Paillet,rowanvan-den-eijssel@example.com,+31(0)481-156413,Wijckel,Netherlands,2026-04-14
MB002113,Nynke,van Schweinfurt,amiravan-luinenburg@example.org,+3186-2301705,Langezwaag,Belgium,2026-05-30
MB002114,Dirk,Nihoe,koningsvictoria@example.net,+31886-145031,Friens,Germany,2025-11-15
MB002115,Britt,Groote,boazbrandt@example.com,+31252 332378,Almen,France,2024-10-07
MB002116,Gijs,Huberts,mohamed94@example.org,(073) 7958986,Cruquius,Belgium,2026-03-09
MB002117,Sepp,van de Velden,uden-buytelaar@example.com,041-2802890,Pannerden,France,2024-09-08
MB002118,Jelte,van der Plas,pvan-der-velde@example.com,047-8404593,Lexmond,Germany,2024-02-18
MB002119,Carlijn,Tammerijn,odaeline@example.org,0306-248834,Holthone,Germany,2025-06-29
MB002120,Kevin,van den Corput,van-geestella@example.org,(090) 7216418,'s-Heerenhoek,France,2024-04-03
MB002121,Jaylinn,Koster,weylandmaaike@example.com,+31(0)544 455740,Dalen,Germany,2023-10-31
MB002122,Amelia,Courtier,martkeijzer@example.org,005-7637300,Den Burg,Germany,2025-10-06
MB002123,Lot,Goudriaan,raf07@example.org,0645 187908,Tienray,France,2024-01-01
MB002124,Amir,van den Brink,van-munsterelise@example.org,+31(0)919 044540,Zevenhoven,Netherlands,2023-10-21
MB002125,Lindsey,Muller,zdennenberg@example.net,065-2015749,De Goorn,Germany,2025-04-16
MB002126,Lotte,van der Linden,opasman@example.org,(013) 5616265,Hunsel,Belgium,2024-05-02
MB002127,Thom,van de Veen,hoedemakersmats@example.org,0333-759854,Meliskerke,Germany,2026-02-27
MB002128,Suus,Kirpenstein,pleunvan-den-bosch@example.net,+31442 365578,Sonnega,Netherlands,2023-10-13
MB002129,Jolie,Wolzak,evie10@example.org,(0573) 253528,Siegerswoude,Netherlands,2024-10-08
MB002130,Noah,van der Linden,milanvan-schweinfurt@example.net,+31(0)735 647698,Nieuwerkerk,Netherlands,2025-10-01
MB002131,Lucas,van der Schuijt,eliza43@example.com,(080) 9789467,Papenvoort,Belgium,2024-05-17
MB002132,Rayan,van Maaren,coretjulius@example.org,020-1364058,Nieuw Scheemda,France,2024-07-04
MB002133,Pim,Verschut,qvan-den-brink@example.net,0306 780213,Goor,Belgium,2025-06-26
MB002134,Dana,Overdijk,ravi61@example.org,,De Cocksdorp,Germany,2025-04-18
MB002135,Ashley,Spruit,jayden27@example.org,068-7297935,Bunnik,Netherlands,2024-07-19
MB002136,Tygo,van Limburg,ties47@example.org,+31(0)90 9378778,Dalerveen,Germany,2025-12-23
MB002137,Dewi,Mathol,catovan-der-maes@example.org,0063 193629,Weesp,Germany,2026-04-19
MB002138,Suze,Loep,rsprong@example.org,(0362)-715235,Lekkum,Germany,2025-08-05
MB002139,Lex,van der Velden,van-der-laanjulian@example.net,+31(0)421-078172,Oostkapelle,Netherlands,2026-03-26
MB002140,Féline,Lamotte,otteluuk@example.org,+31221-418301,Broek in Waterland,France,2026-03-28
MB002141,Hannah,van der Lede,leonwaltrade-walderade@example.net,+31(0)68 9902815,Biervliet,Belgium,2025-07-23
MB002142,Johanna,Willems van Lier,heynevince@example.com,+31064 036863,Zetten,Belgium,2025-03-27
MB002143,Elisa,Ghoerle,amina74@example.org,+31(0)71-3350011,Nijhuizum,Belgium,2025-06-24
MB002144,Rick,Wijland,linn04@example.net,+31(0)674 267667,Huis ter Heide,Netherlands,2024-10-25
MB002145,Nathan,Schuurmans,amansvelt@example.org,(0225) 000194,Oldehove,Belgium,2026-03-03
MB002146,Vajèn,Rek,liviabacker@example.org,(0908)-928213,Siegerswoude,Netherlands,2024-08-20
MB002147,Madelief,Weeldenburg,,+31(0)84-7457405,Keent,Netherlands,2024-11-05
MB002148,Alexander,Niermann,ibrahim52@example.org,(014) 0584229,Bovenkarspel,Netherlands,2024-03-30
MB002149,Ceylin,den Teuling,twan63@example.com,027-9844008,De Kiel,France,2023-08-30
MB002150,Bram,van Noort,anouk64@example.net,074 6610271,Winterswijk Ratum,Germany,2023-10-03
MB002151,Hannah,Moensendijk,finn07@example.org,0139 429548,Kaatsheuvel,Belgium,2025-11-13
MB002152,Jayden,Mallien,ian38@example.net,(0058) 453924,Haule,Belgium,2023-12-04
MB002153,David,Lieshout,verschuerejill@example.com,+31(0)298-707415,Casteren,Netherlands,2023-10-20
MB002154,Maurits,Pierson,meeusenlena@example.com,+31(0)485-335664,Scharwoude,Netherlands,2026-04-28
MB002155,Dave,van Velzen,dylano30@example.net,+31662-351063,Steggerda,Belgium,2025-03-30
MB002156,Maud,Dekker,adamhuisman@example.org,0297-464933,Peperga,Belgium,2023-09-09
MB002157,Noa,Jaceps,stellade-bock@example.org,033 6583975,Egchel,Netherlands,2025-05-21
MB002158,Dex,Mansvelt,yasmineleguit@example.com,0175-173069,Rottevalle,Netherlands,2024-03-06
MB002159,Job,van Soest,ramakersanne@example.net,(056) 1545278,Rijswijk (GLD),Netherlands,2024-10-05
MB002160,Dewi,Dijkstra,vvink@example.net,+31(0)50-5358082,Leende,France,2026-04-24
MB002161,David,Oversteeg,maja51@example.net,0677-208160,Wamel,France,2024-10-14
MB002162,Amelia,van den Heuvel,sten08@example.com,+3188 6666499,Akmarijp,France,2025-10-17
MB002163,Joris,Mangel,courtiertijmen@example.com,0606-521598,IJsselham,France,2023-09-14
MB002164,Iris,van Beaumont,joey45@example.net,(013)-3267028,Zeerijp,France,2024-10-27
MB002165,Emir,d' Heripon,selena42@example.net,+31(0)378 085799,Baaium,Germany,2024-09-01
MB002166,Simon,Dirven,van-der-lindenjasper@example.net,+31566 501689,Ten Boer,Belgium,2024-03-11
MB002167,Mirthe,Vos,vverbeeck@example.net,+31161-752802,Neeritter,Germany,2024-08-14
MB002168,Annabel,van Kusen,vkathagen@example.com,073-7385992,Loppersum,Netherlands,2026-05-14
MB002169,Leon,van Cuijck,muldersrik@example.org,+31(0)628-243761,Moergestel,France,2024-01-27
MB002170,Inaya,de Jager,danielponcelet@example.net,072 1971632,Schoonoord,Netherlands,2023-12-28
MB002171,Jinthe,Rijntjes,qschelvis@example.com,(0010)-045442,Oene,Netherlands,2025-05-29
MB002172,Jente,Drysdale,koningsquinten@example.org,(0117)-642982,Scharwoude,Germany,2023-10-12
MB002173,Robin,van der Brink,steinmeiernmaxim@example.com,064 1334005,Katwijk NB,Netherlands,2024-07-05
MB002174,Chloë,van Riet,wvan-duivenvoorde@example.com,064 0085842,Blokzijl,Belgium,2026-07-28
MB002175,Marijn,van de Pavert,mellevan-haarlem@example.com,+3111-0521015,Alphen aan den Rijn,Germany,2026-02-01
MB002176,Mohamed,Weijland,vlorreijn@example.net,(0602) 759760,Wons,France,2023-11-15
MB002177,Senna,Boetet,tessa05@example.com,008 0330235,Leersum,Belgium,2025-12-08
MB002178,Olivia,Bresé,geerlingmason@example.net,+31(0)468-483235,Fluitenberg,Germany,2023-09-04
MB002179,Linde,Overeem,van-der-lindenkoen@example.org,+31(0)068 363160,Apeldoorn,Netherlands,2025-09-22
MB002180,Naomi,Timmermans,mansveltvalerie@example.net,+31388 670144,Eagum,Belgium,2024-06-01
MB002181,Aron,Fortuyn,sara55@example.com,+3184-9674663,Luttelgeest,Germany,2025-10-01
MB002182,Phileine,Jones,jurre18@example.org,0042 615232,Spankeren,Germany,2026-07-22
MB002183,Mika,Diesbergen,veerle50@example.org,+3161-0823625,Aalsum,Netherlands,2026-01-10
MB002184,Gijs,Corstiaens,semwouters@example.org,+31963 432225,Hengevelde,France,2023-12-11
MB002185,Kay,Elsemulder,neknova@example.org,(088) 4176246,'s-Heerenberg,Germany,2024-03-10
MB002186,Linn,de Korte,ilse13@example.org,+3197-4613513,Zwinderen,Belgium,2023-09-11
MB002187,Jet,Gemen,tijmen87@example.org,+3119 8365802,Tienray,Germany,2025-11-01
MB002188,Joshua,van Landen,chrisvan-formbach@example.org,003 3291704,Boazum,Netherlands,2024-05-27
MB002189,Ruben,Kuijpers,floorvan-de-pavert@example.com,(0223)-227090,De Zilk,Netherlands,2026-02-14
MB002190,Elisa,de Bont,ejansse@example.com,+31(0)334-812069,Thorn,Netherlands,2026-01-08
MB002191,Nikki,Lorreijn,sepp59@example.org,0012-172588,Beutenaken,Netherlands,2024-02-18
MB002192,Sanne,Amalrada,omosley@example.com,+31(0)156-399311,Thesinge,France,2026-02-26
MB002193,Koen,van Ginneke,,+3153 9299182,Zijderveld,Germany,2025-06-04
MB002194,Valerie,Fremie,noud19@example.org,+31(0)69 8358265,Rijsenhout,France,2025-05-19
MB002195,Bjorn,Lelijveld,bjornvan-der-noot@example.org,0484 494339,Lage Mierde,Belgium,2025-05-24
MB002196,Bente,Roosenboom,naomivan-de-kooij@example.net,0284-463388,Edam,Belgium,2023-08-25
MB002197,Mike,van de Veen,davidscharroo@example.com,0793-835305,Vegelinsoord,Germany,2024-10-14
MB002198,Adriana,Bernaards,jonathan52@example.org,+31(0)29-8063716,Ridderkerk,Netherlands,2026-06-22
MB002199,Lorenzo,van Alenburg,chondeveld@example.com,+31(0)157 701056,Oldeholtpade,Netherlands,2025-08-12
MB002200,Zoey,Kolster,kpratt@example.com,(023) 3119370,Jisp,France,2024-03-19
MB002201,Mason,Stoffel,le-grandstijn@example.net,(0266) 120145,Venlo,Germany,2024-04-11
MB002202,Damian,van Loon,sstange@example.net,(0113)-830533,Zieuwent,Germany,2024-07-06
MB002203,Zeynep,Ruijs,jurre12@example.net,0556-308675,Balkbrug,Netherlands,2026-02-08
MB002204,Loek,Wright,vvan-der-ploeg@example.com,(0436)-792993,Sint Jansklooster,Germany,2025-07-26
MB002205,Aya,van Enschot,rvan-dokkum@example.net,+3161-9618099,Nieuw-Weerdinge,Germany,2025-12-16
MB002206,Emily,Bouhuizen,rijckenlouise@example.org,(0385)-912500,Oudeschip,Netherlands,2024-08-30
MB002207,Damian,Keijser,kuitsophia@example.com,(0117)-180376,Obdam,Belgium,2023-10-01
MB002208,Robin,Boudewijns,arievan-asten@example.net,003-4954738,Hollum,Germany,2025-02-17
MB002209,Aaliyah,Blees,erecers@example.org,+31(0)03-2833525,Baarn,Belgium,2026-03-21
MB002210,Ella,Roodesteijn,gielvan-dalem@example.com,(031) 1292723,Balkbrug,France,2025-12-05
MB002211,Anouk,den Haag,nadiauphus@example.com,+31429 171625,Gorredijk,Netherlands,2026-01-31
MB002212,Romy,Ansems,mbos@example.org,(0144)-110826,Velp,Netherlands,2026-03-06
MB002213,Eline,Oda,emirsas@example.org,0637 154346,Klazienaveen-Noord,France,2024-08-16
MB002214,Lauren,van de Greef,zthatcher@example.org,0648 821810,Steyl,Germany,2024-10-13
MB002215,Ise,Duivenvoorden,ecadefau@example.org,+31(0)61 0576363,Zeeland,Germany,2024-12-22
MB002216,Fay,Boetet,beratvan-boven@example.com,0092-082907,Nieuwland,Belgium,2025-10-01
MB002217,Evelien,van Ommeren,ouwelbram@example.net,+31(0)049 287806,Terwispel,Netherlands,2024-01-07
MB002218,Yinthe,van Engeland,sverhagen@example.com,+31(0)526 959387,Darp,Netherlands,2026-04-06
MB002219,Zoey,van Rijnsbergen,gerrit69@example.net,+31(0)65 1068164,Achterveld,Netherlands,2024-07-07
MB002220,Megan,van der Loo,annabelvan-mook@example.org,0233-469964,De Schiphorst,France,2026-03-16
MB002221,Giovanni,Meis,romy40@example.org,(044) 1877804,Smallebrugge,France,2024-04-29
MB002222,Rosa,Lemmens,sennawilcken@example.net,019 6474283,Bingelrade,Belgium,2025-05-29
MB002223,Amy,Tammerijn,marijn51@example.net,+31595 463946,Zwijndrecht,Netherlands,2024-05-04
MB002224,James,Dorsman,den-teulingjuliette@example.com,,Harich,Belgium,2026-04-05
MB002225,Dylano,van der Hoeven,ibrahim79@example.com,0721-292454,Hoeven,Netherlands,2025-01-17
MB002226,Tristan,Ariens,dklerks@example.org,+31(0)167-524145,Dieden,Netherlands,2023-09-13
MB002227,Joep,Rubben,thijmen29@example.com,(006) 3969130,Tjalhuizum,Germany,2026-06-08
MB002228,Beau,van der Kaay,raf51@example.com,+31(0)074 847993,Heeswijk-Dinther,Germany,2026-07-27
MB002229,Robin,Wright,aronwillems@example.com,+31017 798678,Kornhorn,Germany,2025-04-13
MB002230,Jack,van den Velden,kokelisa@example.net,093-5778141,Ginnum,Germany,2026-03-02
MB002231,Senna,van Leeuwen,wklerks@example.net,0611 444824,Ospel,Netherlands,2024-02-01
MB002232,Merijn,van Orleans,moosterhek@example.org,+3199 9973960,Harskamp,Netherlands,2025-12-18
MB002233,Liv,Amalrada,silvan-ooste@example.org,+3129 5231441,De Kiel,France,2025-10-06
MB002234,Joris,Huijben,phileinevan-brenen@example.com,+3163 4996495,Sterksel,Germany,2025-03-28
MB002235,Quinty,Post,ottojesper@example.net,+31846 466471,Oudheusden,Germany,2024-12-10
MB002236,Isis,van Buuren,kyarawolters@example.com,(072) 7749228,Havelterberg,Belgium,2024-11-20
MB002237,Sofie,Strik,uverkade@example.net,+31(0)12-6495412,Nisse,Belgium,2023-11-21
MB002238,Thom,Jurrijens,fierevictoria@example.com,+31958 197624,Hellouw,Belgium,2023-08-26
MB002239,Sanne,Vertoor,sepp86@example.org,(0925)-666653,Son en Breugel,Germany,2025-02-25
MB002240,Aiden,de Wit,qpieters@example.net,+31(0)812 697711,Heeze,Netherlands,2024-11-05
MB002241,Ruben,de Keijser,yvi@example.net,(0458) 506560,Stegeren,Belgium,2025-08-12
MB002242,Micha,van Beaumont,bernaardsemily@example.org,+31(0)98-4773670,Apeldoorn,Germany,2023-11-15
MB002243,Tijn,Heribert van Laon,wintersadam@example.org,+31089-130961,Hoogkarspel,France,2026-04-05
MB002244,Hailey,Wagenvoort,,+3179 4745632,Teroele,France,2025-12-18
MB002245,Wesley,Cornelisse,aminde-koning@example.org,+3186-2493834,Asten,Germany,2026-04-20
MB002246,Rens,Heinrichs,lamotteyasmine@example.com,0801 395886,Ohé en Laak,France,2026-06-13
MB002247,Dean,Gerrits,wilckenbo@example.org,+3189 0630724,Eethen,France,2024-07-08
MB002248,Sem,van Mook,lpotters@example.org,+3198-9060768,Blije,Germany,2024-05-13
MB002249,Lukas,Wilmont,elizalijn@example.com,034-3275756,Ulicoten,Germany,2025-01-05
MB002250,Michael,Terry,duuk65@example.org,+31(0)57 8365767,Heeze,Netherlands,2026-05-12
MB002251,Stef,Aschman,ian41@example.org,+31(0)067-719117,Berghem,Belgium,2026-03-05
MB002252,Muhammed,Frankhuizen,senna77@example.org,+31838-679211,Westwoud,Netherlands,2025-02-18
MB002253,Vince,Walter,lisade-bont@example.com,+3145 4560278,Den Horn,Belgium,2025-10-14
MB002254,Ben,van Beaumont,dexvan-de-veen@example.net,+31846 056293,Megchelen,Germany,2023-12-24
MB002255,Benthe,Peeters,koretarthur@example.net,+31311 609748,Eijsden,France,2024-12-28
MB002256,Twan,Stook,ties48@example.net,088-9050668,Den Dolder,Germany,2024-05-15
MB002257,Senna,van der Maath,eknuf@example.com,+3115 9938179,Stiens,Belgium,2025-05-10
MB002258,Julius,Bronder,aronvan-noordeloos@example.net,+31(0)72 7009043,Minnertsga,Belgium,2025-09-25
MB002259,Isa,Smeets,vbave@example.com,007 8363425,Rijpwetering,Belgium,2024-07-28
MB002260,Daniël,Kuijpers,felix05@example.com,+31(0)66-0319829,Maria Hoop,Belgium,2025-03-26
MB002261,Elize,Kerkhof,irubben@example.net,+31(0)07-1035096,Eck en Wiel,Belgium,2026-06-06
MB002262,Tristan,van Maaren,rafael71@example.com,+3157-5680709,Groessen,Belgium,2023-10-16
MB002263,Boaz,Geerts,lisahaack@example.org,(0816) 352100,Medemblik,Netherlands,2026-07-31
MB002264,Nikki,Appelman,kaylee11@example.com,041-8280700,Dalen,Germany,2023-09-03
MB002265,Emily,Belpere,sebastiaan19@example.net,+31138 271105,'s-Heerenbroek,Netherlands,2026-04-18
MB002266,Vigo,Scholten,frackham@example.org,+31(0)918 675808,Meerlo,Netherlands,2025-08-30
MB002267,Josephine,van Este,jinthevan-luyssel@example.net,+31(0)374 650490,Soest,France,2024-08-26
MB002268,Elizabeth,van den Broek,jaylinn96@example.org,+31493 898253,Rheden,France,2023-12-16
MB002269,Linde,van den Berg,mads84@example.net,008 2001713,Bunschoten-Spakenburg,Belgium,2025-08-25
MB002270,Linn,van der Smeede,milokamp@example.org,0753 192585,Idzega,France,2025-02-18
MB002271,Sander,Cornelisse,aminahermans@example.org,+31(0)49-1739753,Warten,Belgium,2025-04-22
MB002272,Gerrit,de Hoog,mayavan-beek@example.net,014 5671123,Scheulder,France,2025-11-25
MB002273,Kate,van Ommeren,heinrichskay@example.com,027 1080544,Steenwijkerwold,Belgium,2024-08-10
MB002274,Jayson,van den Nuwenhijsen,esmee41@example.org,+31(0)140-805380,Azewijn,France,2023-11-18
MB002275,Job,Mulders,cvan-doorn@example.org,0145 643228,Nederasselt,Netherlands,2025-11-06
MB002276,Benthe,Blokland,iwillems@example.org,+3164 4607398,Exmorra,Netherlands,2023-08-05
MB002277,Tyler,van Rijthoven,tirza98@example.org,001-8492096,Bornwird,Germany,2024-11-14
MB002278,Yasmine,Verwoert,,0773-570471,Dalem,France,2024-11-17
MB002279,Tess,Tielemans,xtotwiller@example.net,+31789 293348,Veendam,Netherlands,2025-10-19
MB002280,Joris,Claassen,bradley59@example.com,0184-360053,Oldetrijne,Belgium,2025-09-15
MB002281,Bastiaan,van Berkel,kvan-berkum@example.com,(008)-2114466,Dreumel,France,2026-06-20
MB002282,  Siem  ,Bleijenberg,kayleekronenberg@example.org,+31(0)63-3772964,Stellendam,Germany,2024-10-08
MB002283,Arthur,van Schevinghuizen,van-dagsburgflorian@example.org,+31(0)536-576461,Garrelsweer,Germany,2025-08-28
MB002284,Joëlle,Everde,qjansen@example.org,081-2891838,Esch,Germany,2024-10-25
MB002285,Fedde,Korstman,iguit@example.com,0491 369564,Oud-Alblas,Belgium,2024-02-14
MB002286,Pim,Weylant,den-teulingtwan@example.org,+31783 174071,Poederoijen,Belgium,2025-01-10
MB002287,Merel,le Gallen,vince96@example.com,047 9346974,Hoog-Keppel,Netherlands,2023-12-25
MB002288,Milan,van de Darnau,zarakoster@example.com,0771-522936,De Wilgen,Germany,2026-04-05
MB002289,Florian,Scholten,sven15@example.net,+31(0)12-6099632,Weiteveen,Belgium,2026-07-02
MB002290,Lena,Linschoten,rileyvan-loon@example.com,+3179 6060670,Assen,Germany,2026-06-11
MB002291,Joris,Verharen,,(080) 2071845,Fijnaart,Germany,2025-11-09
MB002292,Mathijs,Ghoerle,merel08@example.org,+31994-968218,Darp,Netherlands,2023-08-23
MB002293,Ayden,van Amstel,mason83@example.org,+31(0)301 966700,Geesbrug,Netherlands,2024-03-30
MB002294,Mehmet,de Korte,,(017)-9474882,Sliedrecht,Netherlands,2025-10-28
MB002295,Elisa,Thout,rijksdylan@example.net,+31(0)43 8292513,Lieren,France,2026-04-03
MB002296,Hanna,van der Maath,jansenpuck@example.org,+3145 6647896,Twijzel,Belgium,2024-09-19
MB002297,Mila,van der Wal,van-beeck-beeckmanszeynep@example.net,+31725-110807,Renesse,Netherlands,2025-07-10
MB002298,Anouk,Jekel,michaelkwaadland@example.net,+31(0)60 1431255,Rhoon,France,2023-08-28
MB002299,Ceylin,Adriaensdr,van-gelderjoy@example.net,+31(0)955-980249,Mheer,France,2025-06-09
MB002300,Nova,Kathagen,van-liendertsuus@example.org,+31(0)907-571296,Andijk,Netherlands,2025-07-10
MB002301,Sven,Versluijs,loekboer@example.com,092 5215882,Eygelshoven,France,2026-05-02
MB002302,Norah,Room,bruijne-van-der-veenliam@example.net,063-5201562,Hezingen,Germany,2024-04-08
MB002303,Zoë,Huijs,godfrey-van-alemannieaaliyah@example.org,+3169-7493004,Zorgvlied,France,2025-05-25
MB002304,Kyan,de Jager,gellemeyersep@example.net,(0712)-045602,Nijelamer,France,2025-05-04
MB002305,Joshua,Feenstra,ischroeff@example.org,(049) 5907994,Heibloem,France,2024-09-22
MB002306,Amir,van Westfalen,livvan-der-flaas@example.com,0303 000064,Wichmond,France,2023-10-30
MB002307,Bradley,Boudewijns,westerburgfeline@example.net,006 9103065,Andel,Netherlands,2025-11-12
MB002308,Loek,Doornhem,de-gruilsepp@example.org,069 4585731,Eastermar,France,2025-10-13
MB002309,Eline,Dachgeldt,lethermirthe@example.com,+31194 016871,Katwijk,Germany,2025-10-16
MB002310,Lucas,van Daal,sophiagnodde@example.net,+31(0)200-673758,Valthermond,Netherlands,2024-08-22
MB002311,Zakaria,van Velthoven,,+31704-730822,Cruquius,Germany,2025-01-20
MB002312,Esmée,de Keijzer,hamza56@example.org,(047) 9779374,Hoensbroek,Belgium,2026-04-11
MB002313,Yfke,Risma,laura92@example.net,091-3977104,Ryptsjerk,Germany,2025-01-28
MB002314,Wessel,van Straaten,muijsnova@example.org,+31(0)07-2796588,Maashees,Germany,2023-09-06
MB002315,Milan,Groenestein,fthe-elder@example.com,(0390)-314113,Heide,Germany,2023-11-16
MB002316,Mette,van de Ven,lisannekas@example.org,(010) 1378897,Westerlee,France,2025-07-08
MB002317,Fleur,Doorhof,isabelverhoeven@example.org,037-5568948,Oudemolen,Netherlands,2024-07-12
MB002318,Giel,Govarts,boeserlars@example.com,0739 324802,Alkmaar,Netherlands,2024-03-08
MB002319,Thomas,Mijsberg,danique16@example.org,099-0051020,Hurwenen,Germany,2026-04-24
MB002320,Kate,Boudewijns,brandtjasmijn@example.org,+31(0)147-392855,Hoornsterzwaag,Netherlands,2026-07-19
MB002321,Elena,Ernst,bentehuls@example.org,,Spier,Belgium,2025-05-04
MB002322,Tirza,Luitgardis van Neustrië,kayleigh57@example.org,052-3297484,Kuitaart,France,2023-11-12
MB002323,Marit,van Luinenburg,van-brenenhanna@example.com,(072) 0488756,Graauw,Germany,2025-01-03
MB002324,Luna,Lelijveld,hhanegraaff@example.com,0027-365156,Hunsel,Belgium,2023-12-11
MB002325,Megan,Wever,yasminspies@example.com,+31595-694121,Westbeemster,Germany,2024-01-17
MB002326,Stella,Broeckx,lmolenaar@example.net,050 7408558,Daarle,Germany,2024-05-02
MB002327,Mika,Room,wheere@example.net,+31(0)25-6005899,Sonnega,Netherlands,2024-07-05
MB002328,Ayoub,van Laarhoven,van-der-kintjoshua@example.net,+31(0)96 2029650,Kommerzijl,Germany,2025-09-14
MB002329,Victor,Pasman,jhoppenbrouwer@example.com,+31853 401704,Linde,France,2024-10-02
MB002330,Mika,de la Fleche,lieshoutgijs@example.org,073 6136762,Vessem,France,2024-07-13
MB002331,Samuel,Ghoerle,daniwolfsdr@example.org,+31976 752457,Geesteren,Belgium,2025-12-08
MB002332,Tom,van den Brink,alexuphuis@example.net,0669 945839,Oldemarkt,Belgium,2024-11-17
MB002333,Joy,Vallenduuk,angelina63@example.com,(019) 5357735,Onstwedde,Netherlands,2024-09-06
MB002334,Esmée,van Beieren,sofia35@example.com,+31(0)651 882251,Bovenkarspel,Belgium,2024-04-19
MB002335,Fleur,Hollander,annavi@example.net,+31(0)01 8724632,Balk,France,2024-12-27
MB002336,Nadia,van de Ven,felixkuit@example.net,084 9440599,Midlaren,Belgium,2025-08-31
MB002337,Eliza,Beekman,jennifer30@example.org,(091)-4136526,Wilsum,Netherlands,2026-02-10
MB002338,Kiki,Berendse,tvan-dalem@example.org,(0304)-548658,Grootschermer,Netherlands,2025-03-06
MB002339,Lina,van de Biesenbos,,052 2680369,Liempde,Belgium,2025-07-05
MB002340,Evie,Huijzing,,+31(0)287 671571,Bavel AC,France,2023-12-16
MB002341,Tygo,de Roos,isis14@example.org,(0794) 036697,Aarlanderveen,Netherlands,2025-08-20
MB002342,Maria,de Gruijl,qkisman@example.com,(017) 0153719,Kloosterburen,France,2023-09-09
MB002343,Brent,van Vlaanderen,vnollee@example.net,+31165 769594,Hei- en Boeicop,Belgium,2025-12-30
MB002344,Lieke,Gemen,nathanvan-engelen@example.org,(076)-3911528,Garderen,Netherlands,2025-07-19
MB002345,Alyssa,Claesdr,wilsonnoah@example.com,(026)-1429288,De Falom,France,2023-09-23
MB002346,Oscar,Winnrich,bvan-jumiege@example.com,+31485-082539,Andelst,France,2025-03-22
MB002347,Kay,Hexspoor,fgerrits@example.net,(081) 6192541,Midwolde,Germany,2024-02-11
MB002348,Yara,Muijs,lilyvan-wijk@example.org,+31(0)02-5136342,Firdgum,Belgium,2025-01-02
MB002349,Roan,Spiker,isabellade-la-fleche@example.com,(094)-6275434,Wetering,Germany,2025-05-12
MB002350,Suze,van Orleans,ade-haas@example.com,(0364)-414493,Loënga,Netherlands,2024-12-25
MB002351,Sten,Suijker,vjoosten@example.com,+31939 611701,Wernhout,France,2026-03-09
MB002352,Mike,Koeman,puckschilt@example.org,0211 469631,Landgraaf,Belgium,2025-11-19
MB002353,Ravi,Lage,lois71@example.com,0458-082411,Venhorst,Netherlands,2024-06-11
MB002354,Noah,van Kuijc,nvan-gemert@example.net,(049)-2524596,Meerstad,Belgium,2025-09-19
MB002355,Roos,Verhoeven,elinepauwels@example.com,048 1196853,Grave,Belgium,2026-02-14
MB002356,Tyler,de Plantard,ian90@example.com,(000)-9983999,Steendam,Netherlands,2023-09-18
MB002357,Madelief,Persijn,ghoerlebas@example.net,+31(0)99-2247658,Heukelum,Belgium,2026-05-06
MB002358,Jasper,Ansems,owen90@example.org,053-0066365,Katwijk,France,2025-11-01
MB002359,Emma,van Beek,lieke05@example.org,+31(0)03 7892944,Langedijke,France,2025-03-01
MB002360,Chloë,Lamotte,luna03@example.com,0123 114276,Zuidoostbeemster,Germany,2023-10-29
MB002361,Loïs,Martens,@retailmart.com,+31(0)221 974322,Biezenmortel,Belgium,2025-04-26
MB002362,Bryan,Texier,mroosenboom@example.net,(056)-3225019,Zuidbroek,Belgium,2024-11-25
MB002363,Tycho,die Pelser,rayanbertho@example.net,(0667) 639938,Glane,Netherlands,2025-12-31
MB002364,Jasper,Blom,,+31892-883274,Wierum,Netherlands,2026-07-17
MB002365,Thijmen,Fortuyn,van-den-corputfem@example.org,+3158-9584952,Appeltern,France,2025-01-13
MB002366,Fenna,van der Wal,fslingerland@example.org,+3156 6109689,Terband,France,2026-06-03
MB002367,Lise,Noordijk,,(0173)-511804,Doetinchem,Belgium,2026-06-14
MB002368,Jenna,van der Horst,van-den-polsilke@example.net,+3198-2559176,Klooster Lidlum,Germany,2026-05-12
MB002369,David,Laffray,kbrouwer@example.org,+31(0)801 090638,Stroobos,Netherlands,2025-01-31
MB002370,Hidde,Woudenberg,ldijkstra@example.com,+31(0)480-534996,Weteringbrug,Netherlands,2023-12-25
MB002371,Fedde,Schroeff,van-de-biezenbosbryan@example.org,+31(0)85 5014856,Borssele,Germany,2024-03-07
MB002372,Dani,de Wit,sofiakas@example.org,+31(0)96-4791755,Ophemert,France,2026-02-14
MB002373,Angelina,Blom,joris40@example.org,+31(0)730-541931,Tiendeveen,Belgium,2024-07-30
MB002374,Kai,van Wijland,pepijn18@example.com,+31103 441926,Burgerveen,Netherlands,2026-03-06
MB002375,Valentijn,de Jode Vastraedsd,azradraaisma@example.com,+31031 397088,Oldetrijne,France,2024-12-04
MB002376,Mehmet,Volcke,sriem@example.com,+31(0)39-0901954,Horn,Belgium,2025-09-25
MB002377,Michael,Erhout,cuittenbosch@example.org,0787 773639,Megen,Germany,2025-01-11
MB002378,Thom,Zijlemans,mahieulindsey@example.com,+31(0)932-253324,IJzendijke,Belgium,2025-08-21
MB002379,Senn,Ehlert,tessa63@example.org,(036)-1349473,Kloosterhaar,Germany,2026-05-23
MB002380,Fabian,Sanders,scuylenborchsguus@example.org,+31(0)66-0044932,Ottoland,Netherlands,2026-03-16
MB002381,Adam,Bleijenberg,zara99@example.net,(0509)-744744,Smilde,Belgium,2025-06-02
MB002382,Anna,van der Heijden,wdekker@example.net,(041)-1797864,Hoenderloo,Belgium,2023-08-07
MB002383,Tessa,Coret-Coredo,bryan29@example.org,0449 929923,Numansdorp,France,2025-03-24
MB002384,Laurens,Wipstrik,rosalie23@example.org,(0861)-793051,Kraggenburg,Germany,2023-08-10
MB002385,Rowan,van Orleans,zoebresse@example.com,+31954-180609,Holwerd,Belgium,2026-04-04
MB002386,Lucy,Huijzing,brian35@example.net,+3195 2180921,Amstenrade,France,2026-07-12
MB002387,Maud,Dries,gadriaense@example.com,(0692)-648492,Feanwâlden,Germany,2026-04-16
MB002388,Mark,Ligtvoet,omoet@example.com,040 1081662,Wierum,Belgium,2026-02-14
MB002389,Jelte,van Asten,meesschilt@example.net,(016) 7109248,Sprundel,Netherlands,2025-11-27
MB002390,Thom,Dijkstra,hermansyasmine@example.net,+31618-463361,Vuren,France,2026-03-04
MB002391,Zoey,der Kijnder,thijnvervoort@example.org,+31(0)26 3621323,Nieuwaal,Germany,2025-03-03
MB002392,Noa,Jansse,wesleyhagendoorn@example.net,(092) 2738285,Tjerkwerd,Germany,2025-05-29
MB002393,Joël,van Breukeleveen,de-graafeliza@example.net,0029 869586,Ferwoude,France,2025-11-17
MB002394,Ayoub,van der Sande,tijsvan-evelingen@example.com,+31829 558211,Tollebeek,Netherlands,2024-03-17
MB002395,Sander,Willemsen,van-de-wielaylin@example.net,(029)-8459956,Driebruggen,Germany,2026-06-01
MB002396,Yusuf,de Reede,d-heriponrik@example.org,080 4920560,'s-Heer Arendskerke,Belgium,2024-07-21
MB002397,Michael,Brizee,,(0984) 742318,Nieuwerkerk,Netherlands,2023-11-20
MB002398,Fien,Beijring,evelienschrik@example.org,+31188 612041,Pijnacker,Netherlands,2026-06-16
MB002399,Lieke,Recers,@retailmart.com,+31(0)046-709394,Hurdegaryp,Netherlands,2024-10-03
MB002400,Sophia,Volcke,schelvisesther@example.org,(0813) 054574,Bloemendaal,Belgium,2026-03-03
MB002401,Bente,de Vries,jerusalemmeike@example.com,+31(0)36 8934697,Wolphaartsdijk,Belgium,2025-03-21
MB002402,Indy,van Nus,broederskeano@example.net,+31(0)47-4400391,Vroomshoop,Belgium,2023-11-12
MB002403,Jurre,Tins,vvan-de-eerenbeemt@example.com,(099)-2684897,Bakkeveen,France,2024-09-22
MB002404,Sylvie,Verhaar,cornelisle-briel@example.com,018-2729798,Abcoude,Germany,2023-09-07
MB002405,Hidde,Woudenberg,wessel26@example.com,(0365) 786551,De Westereen,Belgium,2024-02-28
MB002406,Florian,van Laarhoven,fdubois@example.org,(0514)-026982,Drachten,Germany,2025-08-28
MB002407,Thom,van Geffen,mcoreth-von-und-zu-coredo-und-starkenberg@example.org,+31(0)19 3075081,Slochteren,France,2025-09-03
MB002408,Lindsey,Lind,danavan-bruchem@example.com,+31(0)54 3553302,Nijkerkerveen,Germany,2024-07-06
MB002409,Pim,Westerburg,ravivan-ooste@example.org,+3186-1138652,Herpt,Netherlands,2024-05-21
MB002410,Janna,de Vos,ashleyvan-der-meer@example.org,+31(0)15 3623589,Mussel,France,2026-03-13
MB002411,Bente,van Stralen,doornhemsven@example.org,(0106) 379650,Serooskerke,France,2024-04-13
MB002412,Brent,van Nus,rotteveelgijs@example.com,+31735-202662,Tilligte,France,2024-11-26
MB002413,Naomi,Saxo,jasmijnoosterhout@example.com,+31(0)51 9629381,Zoelen,Belgium,2024-04-25
MB002414,Ivan,Brandon,van-loonjoost@example.org,+31536 371386,Sint Joost,France,2024-05-31
MB002415,Tyler,van Gorp,zeemansella@example.org,0697 866435,Nunhem,Belgium,2025-11-14
MB002416,Luc,van de Velde,chrisvan-baalen@example.org,0308-417540,Ruigahuizen,Netherlands,2023-10-05
MB002417,Chris,van Enschot,timkolster@example.org,+31(0)38-2099787,Delfgauw,France,2024-01-30
MB002418,Thijn,Jans,fabiantexier@example.com,030 8959662,Meerstad,Belgium,2026-07-27
MB002419,Jack,van Vlaanderen,ebouhuizen@example.org,+31(0)316 462318,Wezup,Germany,2025-03-08
MB002420,Hidde,de Pauw,jordy07@example.net,051 9600539,Hensbroek,Belgium,2025-01-02
MB002421,Ruben,Schakelaar,kiki65@example.com,+31586-594620,'t Zandt,Belgium,2025-07-16
MB002422,Fabiënne,de Keijzer,,+31(0)39-9522555,Harkema,Germany,2025-04-28
MB002423,Tara,Stinis,juliettede-wit@example.net,0956 784919,Oudebildtzijl,Germany,2023-09-12
MB002424,Dylano,van der Ven,tvan-brenen@example.net,+31(0)60-2063071,Handel,Netherlands,2026-06-20
MB002425,Aaron,Loep,tirzavan-gorp@example.org,(0654) 485860,Heelweg,France,2025-12-04
MB002426,Seth,Mansvelt,jzaal@example.net,+31543-064616,Joure,France,2024-12-15
MB002427,Stijn,de Reede,eliasvan-de-berg@example.org,+31(0)522-371906,Sint Maarten,Germany,2026-05-14
MB002428,Jules,Paillet,mason57@example.net,+31(0)116-318072,Geleen,Netherlands,2024-04-03
MB002429,Lisa,van Soest,marchandsterre@example.com,064-9502093,Vogelenzang,France,2024-05-28
MB002430,Niels,Bruggeman,van-doorenilse@example.org,0635-110418,Alphen aan den Rijn,Belgium,2024-05-15
MB002431,Jenna,Vergeer,huismanluka@example.com,+31164-918881,Broek in Waterland,Netherlands,2025-03-03
MB002432,Nathan,Stichter,dvan-tours@example.com,036-7756780,Ovezande,France,2026-07-24
MB002433,Thijmen,van Ooste,de-vromebjorn@example.com,+31228-704835,Hollandscheveld,Netherlands,2023-09-04
MB002434,Philip,van der Meer,van-metzmustafa@example.org,+31(0)008 134022,Wanroij,France,2025-04-18
MB002435,Bram,Verharen,ibruijne-van-der-veen@example.com,(043)-4227470,Tilburg,Germany,2025-04-08
MB002436,Ninthe,Eckhardt,xtins@example.org,+31(0)76-0356917,Elshout,France,2026-05-17
MB002437,Puck,Tuithof,galpaidis@example.org,+31039 519850,Zeerijp,France,2026-04-15
MB002438,Niek,Hendriks,jeltebouhuizen@example.com,(0852)-750097,Balloo,Belgium,2025-06-11
MB002439,Luka,van Olst,backerfloortje@example.net,(0410)-347843,Biddinghuizen,Belgium,2025-04-08
MB002440,Annabel,van Wassenaar,lotte38@example.com,(056) 1843419,Vessem,Netherlands,2024-11-03
MB002441,Amira,van Gils,mauritspeterse@example.com,+31318-502972,Eursinge,Germany,2025-12-19
MB002442,Jelle,Scharroo,tboetet@example.com,+31(0)985 914886,Groede,Belgium,2024-01-06
MB002443,Philip,van der Sloot,ramakersander@example.org,043 2467822,Waspik,Belgium,2025-09-10
MB002444,Ali,Lafleur,boogaertscornelis@example.org,+3179-7099151,Overschild,Belgium,2026-04-23
MB002445,Wessel,van Schevinghuizen,mvan-mare@example.net,(043)-6018475,Olburgen,France,2025-02-24
MB002446,Jinthe,Vrancken,floriswillems@example.net,+3111-1924732,Emmer-Compascuum,Netherlands,2023-12-12
MB002447,Faye,Nihoe,chrodtrudzeynep@example.com,+3125 7642136,Boesingheliede,France,2025-11-30
MB002448,Isabella,Westerburg,tinsjort@example.com,(060)-5904795,Oeffelt,France,2024-10-30
MB002449,Tycho,Brizee,,+3105-8222549,Borger,Germany,2026-05-20
MB002450,Nienke,van Rijnsbergen,sasluke@example.net,+31(0)68 3480224,Kraggenburg,Netherlands,2024-10-06
MB002451,Elizabeth,Gepa van Bourgondië,leah05@example.net,+3185 1179900,Engwierum,France,2023-12-20
MB002452,Mare,Noordijk,ymeijer@example.org,+3122-6447864,IJsselmuiden,Belgium,2025-12-01
MB002453,  Floortje  ,Cornelisse,abooden@example.net,075 0615341,Lekkerkerk,Belgium,2025-12-18
MB002454,Julian,Fredriks,de-kaleluca@example.net,+31826-664542,Wormer,Belgium,2026-02-04
MB002455,Sylvie,Willemsen,melle47@example.org,036 1189181,Wier,Germany,2025-07-19
MB002456,Zoë,Moet,noravan-verdun@example.net,0456-073675,Dijken,Belgium,2024-07-09
MB002457,Dave,Nedermeijer,erhoutjake@example.com,+31(0)248-106508,Kapellebrug,Germany,2024-09-26
MB002458,Luca,Groenestein,,+31(0)890 461122,'s-Heerenberg,Belgium,2025-03-01
MB002459,Damian,Hagendoorn,hvan-der-heijden@example.org,(0003)-762079,Ried,Germany,2023-10-07
MB002460,Lot,Brizee,vruijs@example.org,(035)-3493569,Wijk aan Zee,France,2024-06-11
MB002461,Samuel,van Brenen,claassenbo@example.net,+31(0)54-5464464,Hilaard,France,2025-09-28
MB002462,Mila,Nek,courtierlukas@example.net,093-2565822,Echt,Netherlands,2025-10-03
MB002463,Mads,Verhoeven,hgervais@example.com,(0477)-771513,Mariahout,Belgium,2024-06-04
MB002464,Kevin,van den Assem,le-gallendave@example.net,016 7460504,Hooghalen,Germany,2026-04-14
MB002465,Loek,Doorhof,dtimmerman@example.org,0717-311908,Rijswijk (NB),France,2025-09-21
MB002466,Morris,Hondeveld,zrouwenhorst@example.com,+31(0)83-5945216,Borgsweer,Germany,2026-04-16
MB002467,Wouter,van der Steen,jakedie-witte@example.net,068-4307348,de Hoef,Belgium,2024-11-14
MB002468,Mick,Rijntjes,rekise@example.net,+31040-197572,Midwolda,Belgium,2026-04-19
MB002469,Jamie,Le Marec,isabel21@example.com,0727-792902,Hippolytushoef,Germany,2024-10-28
MB002470,Sophia,Palman,ecarnotte@example.net,+31(0)16-7295775,Abcoude,Belgium,2026-07-29
MB002471,Daan,Bouwhuisen,sil24@example.com,+31(0)21-2117142,Oterleek,Belgium,2026-02-07
MB002472,Marinus,Walsteijn,megan31@example.org,(0277) 308657,Geervliet,Belgium,2024-05-08
MB002473,Noud,Huberts,jennavan-dalem@example.com,(065)-5252847,Pietersbierum,Germany,2023-10-15
MB002474,Cato,Hoekstra,pbrouwer@example.com,+31(0)14-4826273,Nieuw-Balinge,Belgium,2025-09-12
MB002475,Ecrin,van den Wittenboer,xavibleijenberg@example.com,+3151 2296692,Klarenbeek,Belgium,2023-12-10
MB002476,Eva,Wouters van Eijndhoven,james66@example.net,+31129 954891,Dorst,France,2025-02-18
MB002477,Lizz,van Tours,bartwipstrik@example.org,+31(0)49 7533882,Alphen,Belgium,2023-09-02
MB002478,Rosa,Versluijs,marit92@example.net,+3147 6592421,Deinum,Netherlands,2023-08-24
MB002479,Milo,van Ham,van-der-kleinsuze@example.org,0199 432400,Gasteren,France,2025-11-28
MB002480,Ibrahim,van de Klashorst,van-hamlynn@example.net,0192-532788,Zeewolde,Germany,2025-12-23
MB002481,Azra,Verboom,lennhoogers@example.com,(092)-3351815,Elim,Netherlands,2025-05-11
MB002482,Esther,Roose,danique35@example.net,+31(0)51-7270764,Den Horn,Belgium,2024-12-11
MB002483,Liam,Wunderink,sennawigman@example.org,(000) 1221355,Vilsteren,Germany,2025-07-18
MB002484,Merijn,den Buytelaar,de-graafsjoerd@example.net,+31(0)292-815318,Didam,Belgium,2026-07-10
MB002485,Zara,van Luinenburg,dylansanders@example.com,0468 055196,Vinkenbuurt,Germany,2024-12-15
MB002486,Angelina,van der Spaendonc,mschroeff@example.org,+31(0)34-0571505,Elp,Netherlands,2024-10-13
MB002487,Fem,Overdijk,jules12@example.com,(077) 1498229,Overschild,Belgium,2023-10-14
MB002488,Alex,Hollander,collin61@example.com,+31(0)35 9135087,Genemuiden,Germany,2025-06-13
MB002489,Mats,Sitters,van-zwabenjoep@example.org,+31659-963954,Dinteloord,Belgium,2026-01-31
MB002490,Berat,Zijlemans,jvan-den-pol@example.com,+31089 245068,Roosteren,France,2025-05-09
MB002491,Luke,Vergeer,kyara60@example.com,+31(0)917 211351,Obdam,Germany,2024-02-03
MB002492,Wesley,van Vlaanderen,davevan-beeck-beeckmans@example.net,+31638-354150,Wittelte,Netherlands,2024-07-12
MB002493,Roan,Brumleve,lpuig@example.com,(0394) 751436,Vragender,Netherlands,2024-03-21
MB002494,Mads,Coret,jaylinnvan-beieren@example.org,(067)-4091083,Mûnein,Netherlands,2023-11-28
MB002495,Giovanni,Ansems,giel93@example.net,+31(0)152-130310,Honselersdijk,France,2024-03-12
MB002496,Merijn,Giselmeyer,ayoub64@example.com,(030) 1761743,Oostvoorne,Germany,2025-08-18
MB002497,Juul,van den Nieuwenhuijsen,jimosterhoudt@example.org,0251-922921,Velsen-Zuid,Netherlands,2025-06-18
MB002498,Louise,van Wallaert,esmeevan-laar@example.org,0656 997585,Haskerdijken,Netherlands,2024-01-20
MB002499,Sylvie,Rouwhorst,narens@example.net,+31(0)813 101737,Wieringerwerf,Netherlands,2025-09-11
MB002500,Rosalie,Marchand,yvan-waas@example.com,0378-992126,Maarsbergen,France,2024-10-30
MB002501,Levi,van Arnsberg,madeliefvan-rijnsbergen@example.net,+31067 683130,Nieuw Beerta,Belgium,2026-01-06
MB002502,Yfke,Symons,aliciadennenberg@example.net,+31(0)896-526834,Eenrum,Germany,2026-07-26
MB002503,Stef,van Es,kayleigh53@example.net,+31(0)285-320113,Swolgen,Netherlands,2024-12-02
MB002504,Zoë,de Wit,lize23@example.org,0317 799269,Ten Boer,Belgium,2026-02-15
MB002505,Ayoub,Puig,broeshartmika@example.org,098-2870368,Reahûs,France,2023-08-07
MB002506,Lise,Huberts,yvan-ginkel@example.org,+31(0)516-447177,St. Willebrord,Germany,2026-01-11
MB002507,Nick,Wolffel,jansenadam@example.net,(093)-1915754,Jannum,Germany,2024-09-03
MB002508,Bas,Jacobs,ariensroos@example.net,052 1115190,Niftrik,Germany,2025-08-05
MB002509,Lucas,Boer,oscararens@example.com,+3127 4134276,Baexem,France,2026-02-27
MB002510,Sterre,Vastenhouw,rzuijdveld@example.org,0924-041759,Dearsum,Belgium,2023-08-12
MB002511,Keano,Zijlmans,sterretakkelenburg@example.net,+3148-4931553,Noordeinde,Belgium,2026-03-17
MB002512,Jesse,Wagenvoort,jadevoortman@example.org,+31(0)195-758292,Bovenkarspel,Netherlands,2024-03-19
MB002513,Valerie,Goyaerts van Waderle,lieke78@example.com,+3179 7823495,Striep,France,2024-04-11
MB002514,Naomi,van Leeuwen,dvan-ginkel@example.org,0892 900087,Beverwijk,France,2025-08-26
MB002515,Duuk,Haring,merhout@example.net,+31(0)317-826794,Sexbierum,Netherlands,2026-05-07
MB002516,Dana,van Rossum,lafleurdaniel@example.org,(027) 6917811,Dordrecht,France,2025-07-06
MB002517,Tijn,van de Weterink,alex41@example.net,+31097-133017,Anderen,Belgium,2023-09-13
MB002518,Ceylin,Symons,ben97@example.org,+31(0)156 172919,Haringhuizen,Netherlands,2025-07-15
MB002519,Tirza,van Orleans,jacepsjob@example.org,0907-062621,Opijnen,Germany,2025-06-08
MB002520,Merel,Wagenvoort,luc71@example.net,(0109)-052584,Castelre,Germany,2023-10-30
MB002521,Robin,van den Brand,aaronlieshout@example.net,+31(0)14 2154222,Kesteren,Germany,2024-10-14
MB002522,Vince,Blom,jaymartel@example.com,+3100-2816849,Rhoon,Germany,2023-09-12
MB002523,Mark,van Alenburg,moljorn@example.net,(0319)-308041,Radewijk,Germany,2025-02-19
MB002524,Jason,Slagmolen,feline57@example.com,+31(0)66-0436270,Muiden,Germany,2024-05-22
MB002525,Pieter,Amalrada,van-der-spaendonckibrahim@example.org,018-3424403,Budel-Schoot,Germany,2026-01-15
MB002526,Ayden,Volcke,van-der-meeramber@example.net,+31(0)70-9308309,Ryptsjerk,Netherlands,2023-09-19
MB002527,Dylan,Moenen,bveenendaal@example.com,(0462)-839048,Meliskerke,Germany,2024-05-03
MB002528,Hidde,van Wijland,egalenzone@example.org,(0201) 921689,Gasselte,Netherlands,2024-03-20
MB002529,Lise,van de Brink,jillheyne@example.net,0837-920092,Velsen-Zuid,Belgium,2024-06-14
MB002530,Vince,van Rijthoven,nadine42@example.com,090-9705046,Waspik,Germany,2025-03-19
MB002531,Keano,Scholten,miloadriaensdr@example.org,043 6911223,Breezand,France,2026-07-20
MB002532,Vajèn,Postma,sannepasschiers@example.net,+3122 7789587,Oudewater,Netherlands,2024-06-29
MB002533,Esther,van de Veen,de-leeuwfrederique@example.net,019-2002799,Heusden,Netherlands,2023-11-16
MB002534,Jason,van Nederlotharingen,tkronenberg@example.org,+31(0)913 976628,Westerlee,France,2025-12-25
MB002535,Fien,van Formbach,ble-gallen@example.org,+31(0)92-7945804,Dinteloord,Belgium,2024-02-16
MB002536,Dina,van den Oever,van-rietjan@example.com,044-3800098,Volkel,France,2025-12-06
MB002537,Melle,van Dongen,bram88@example.com,(009) 6925112,Terschuur,France,2023-09-17
MB002538,Alex,van Olst,maregalijn@example.org,+31932-889521,Woltersum,Germany,2025-12-28
MB002539,Bente,Koeman,wdie-bont@example.net,+31569 351956,Breezanddijk,Germany,2025-05-22
MB002540,Owen,Arent,perkinsmax@example.net,+31390-891343,Katlijk,Belgium,2025-08-18
MB002541,Sterre,Rousselet,anouk14@example.net,+3173-6363494,Reek,France,2025-06-18
MB002542,Benjamin,van der Berg,roosenboomlaura@example.net,0857 898853,Kaard,Netherlands,2026-01-19
MB002543,Mirthe,Merkx,rtuithof@example.net,+31(0)343 772991,Tuitjenhorn,Germany,2025-02-20
MB002544,Anna,Osterhoudt,verheijbastiaan@example.org,0881-924973,Akmarijp,France,2026-03-11
MB002545,Joshua,Hoelen,noravan-arnsberg@example.com,+31(0)61 6930523,Horssen,France,2024-06-03
MB002546,Mason,van Beaumont,sasjinthe@example.net,+31(0)103 173524,Woudenberg,Belgium,2023-10-04
MB002547,Lucy,Wipstrik,dhoning@example.com,054-8682658,Feanwâlden,France,2024-02-14
MB002548,Jesper,van der Laarse,jaysonbuijs@example.com,+31(0)01 4904345,Middelaar,Germany,2025-09-06
MB002549,Sander,Rouwhorst,tvolcke@example.com,+3134 5866555,Beltrum,Belgium,2023-08-06
MB002550,Saar,Jochems,ponsjenna@example.com,+31(0)65 1526917,Heemstede,France,2026-03-11
MB002551,Fiene,Erhout,segerszoenmilo@example.net,0978 013371,Ysselsteyn,Belgium,2023-08-19
MB002552,Liv,Vastenhouw,nadiapost@example.org,+31466-573161,Ten Post,Germany,2025-08-05
MB002553,Rosalie,Dircken,rter-waarbeek@example.net,0480-556733,Oosterend,France,2024-12-31
MB002554,Julian,Guit,tyler81@example.com,+31(0)39 8814447,Bergen aan Zee,France,2025-03-12
MB002555,Lieke,van den Oever,joost98@example.com,+31(0)147-853036,Hilaard,Germany,2026-03-01
MB002556,Yinthe,Strik,de-heermads@example.org,+31918-247559,Steyl,Belgium,2024-05-20
MB002557,Julius,de Bont,yvan-der-laar@example.net,(051) 1093736,Hulsberg,France,2025-11-21
MB002558,Jens,Ligtvoet,jessevan-jumiege@example.com,+31(0)98-8188836,Swichum,Germany,2025-12-17
MB002559,Damian,Moenen,teun30@example.org,+3169-2306855,Oudeschild,Belgium,2025-06-23
MB002560,Tygo,Arnold,nienkevan-emmelen@example.net,(048)-9484786,Markenbinnen,France,2025-08-03
MB002561,Ella,van Oudewater,mvan-vliet@example.net,+3167-6512042,Moddergat,Belgium,2026-07-09
MB002562,Yasmin,van der Stael,ude-gruijl@example.net,0204-778090,Deurze,France,2024-04-11
MB002563,Keano,van der Klein,zengels@example.org,+31126 089969,Boornzwaag,Belgium,2026-06-02
MB002564,Fiene,van der Smeede,mangelyasmin@example.org,+31(0)687-491347,De Meern,Netherlands,2023-11-28
MB002565,Sophia,Ehlert,tslagmolen@example.com,(0011)-125325,Brakel,Germany,2024-01-04
MB002566,Cornelis,Koeman,maria04@example.com,(0569) 561363,Purmerend,Germany,2025-12-05
MB002567,Cato,van Breukeleveen,leah62@example.org,(060)-4950772,Lucaswolde,Belgium,2025-09-21
MB002568,Jan,Karels,noelle07@example.net,035 2639077,Wapse,Netherlands,2023-10-24
MB002569,Olaf,van Beek,hamza84@example.net,(0571) 378049,Breukelen,France,2024-11-06
MB002570,Ise,Rietveld,van-ooyendylan@example.net,+31890 339364,Swalmen,Belgium,2024-09-11
MB002571,Ian,Galenzone,colin14@example.org,+31(0)96 5018398,Katwoude,Germany,2025-11-16
MB002572,Sil,Wigman,sde-vroege@example.org,+31(0)214 199232,Voorburg,Germany,2025-12-12
MB002573,Hanna,Carnotte,wvan-der-veiver@example.com,+31(0)41 8175131,Wijlre,Belgium,2023-12-27
MB002574,Bas,Hendriks,hendriksenora@example.org,+31(0)622 562551,Thorn,Germany,2024-03-29
MB002575,Jack,Jans,van-der-avoirtfloor@example.com,(0732)-201624,Aduard,Germany,2024-07-13
MB002576,Dion,Stoffelsz,tara39@example.org,0419 159966,Geldermalsen,France,2023-11-14
MB002577,Pippa,Osterhoudt,cvan-der-schuijt@example.org,(0680) 425504,Kloosterhaar,France,2024-05-27
MB002578,Senna,de Marduras,azra55@example.org,(091) 0813950,Zweins,Belgium,2026-04-20
MB002579,Kian,Hoppenbrouwer,amber65@example.net,0113 825618,Schiermonnikoog,Belgium,2024-09-21
MB002580,Fenna,Jonker,dachgeltjoel@example.org,+31(0)834-347947,Vrouwenparochie,Belgium,2023-09-10
MB002581,Micha,Alpaidis,hheribert-van-laon@example.com,(0453)-456945,Langeweg,Belgium,2023-10-19
MB002582,Hailey,Merckx,yasminscharroo@example.com,0258 166578,Weert,Germany,2024-06-26
MB002583,Dave,van den Hoek,pprins@example.org,0091 690242,Biddinghuizen,Belgium,2025-02-21
MB002584,Imran,van Duyvenvoorde,uit-de-willigennynke@example.com,(057) 1891161,Heumen,Netherlands,2024-12-08
MB002585,Michelle,van Geffen,sterrede-heer@example.com,+3182 6280273,Vrouwenakker,France,2024-07-20
MB002586,Jill,van der Laan,van-stralenxavi@example.net,019 9106950,Nieuw- en Sint Joosland,France,2025-01-25
MB002587,Youssef,Bouhuizen,benschrant@example.org,+31(0)426 066180,Visvliet,Belgium,2026-06-12
MB002588,Mohammed,Buijs,de-bruinjayson@example.com,0410-163982,Cuijk,Belgium,2026-01-13
MB002589,Emily,Boeser,van-der-plascatharina@example.org,+31457 249922,Tzummarum,Belgium,2026-07-13
MB002590,Isa,Mansvelt,,068 2615699,Sellingen,Belgium,2024-02-14
MB002591,Jelle,Coret-Coredo,inaya93@example.com,,Oeffelt,France,2023-09-03
MB002592,Mare,Kamp,kleijsejoost@example.com,+31(0)186 851150,Oostwold,Netherlands,2024-01-26
MB002593,Jayden,de Jode Vastraedsd,ivan-baalen@example.com,0643-232270,Nijemirdum,Netherlands,2026-02-19
MB002594,Nina,Neuzerling,tamsmafeline@example.net,+31634-620550,Hoogeloon,Germany,2025-12-08
MB002595,Twan,Bresé,nadinevan-dongen@example.com,051-9528819,Surhuizum,Netherlands,2025-08-30
MB002596,Ayoub,Duivenvoorden,knijman@example.com,008 1010084,Idsegahuizum,Belgium,2024-07-22
MB002597,Mehmet,Bouwhuisen,tim43@example.net,+31(0)004 570173,Soerendonk,Belgium,2025-02-17
MB002598,Imran,Walsteijn,evi12@example.com,(020) 3905073,Herveld,Netherlands,2023-10-27
MB002599,Puk,Zuidweg,bloklandsep@example.org,(0630) 125815,Zaandijk,Germany,2026-07-01
MB002600,Sjoerd,Slagmolen,odachgeldt@example.net,+31(0)870 158366,Zandvoort,Netherlands,2023-09-15
MB002601,Muhammed,VAN KUIJC,florian75@example.org,+31(0)749 421083,Baneheide,Belgium,2026-01-07
MB002602,Fenna,Luster,van-nimwegenpepijn@example.net,0303 464434,Bocholtz,Germany,2024-12-13
MB002603,Lot,Roose,lustersofie@example.org,(0800)-135066,Baambrugge,Netherlands,2025-11-04
MB002604,Yinthe,van Bergen,van-nusjames@example.com,(0898)-155222,Hoogwoud,Netherlands,2023-08-24
MB002605,Mohamed,van der Maath,van-ghoerlemette@example.com,(035)-4074399,Stad aan 't Haringvliet,France,2024-06-11
MB002606,Finn,Laffray,rowanmiltenburg@example.org,(0581)-497386,Haps,Netherlands,2026-02-14
MB002607,Fatima,Waltrade Walderade,rijkshannah@example.org,+31363 067212,Gendringen,Belgium,2026-03-14
MB002608,Jonas,Post,wesleyrecers@example.com,+31473 118711,Herpt,Belgium,2024-11-18
MB002609,Jamie,van den Corput,nlaffray@example.com,0123 040865,Schipborg,France,2024-06-10
MB002610,Daniël,Oversteeg,adriaansenivy@example.net,+31433-317619,Vessem,Belgium,2024-01-28
MB002611,Demi,Boer,feline23@example.org,011 5340506,Oosterhout,Belgium,2024-02-25
MB002612,Dylan,Ridder,,+31(0)13 3470236,Wijnaldum,France,2025-07-07
MB002613,Aya,Brievingh,pvan-liendert@example.org,+3164-7919420,Dokkum,Belgium,2025-11-16
MB002614,Adriana,Fortuyn,aimeevan-opper-lotharingen@example.net,0741 572986,Oosternieland,Belgium,2023-08-29
MB002615,Daniël,van den Bosch,merijnvignon@example.net,+31741-351184,Soest,Germany,2024-02-17
MB002616,Noor,Belpere,tobiasschouten@example.org,(0040) 125427,Boornzwaag,Germany,2023-12-04
MB002617,Mette,van de Velden,ovan-bovenen@example.net,+3176 8085268,Zijdewind,France,2023-11-15
MB002618,Evelien,Weijters,ymolenaar@example.com,+31(0)938-124206,Soerendonk,France,2024-11-15
MB002619,Twan,Jansse,dboudewijns@example.net,+31(0)17-3371189,Eemdijk,France,2026-07-16
MB002620,Adriana,Hendrikse,hakkerroan@example.org,042-6721997,Wapserveen,France,2023-11-18
MB002621,Bas,Texier,wdoorhof@example.org,(0285) 809728,Well L,France,2025-07-14
MB002622,Guusje,Hoogers,liza26@example.org,(0556)-846606,Neerkant,France,2025-12-15
MB002623,Imran,Adriaansen,fde-jager@example.org,+31610 915212,Heerlen,Germany,2026-07-18
MB002624,Lana,van Haspengouw,matthias14@example.net,+31563 787950,Walem,France,2024-03-02
MB002625,Olaf,van Oosten,bvan-voorst@example.org,+31930-841087,Huissen,Germany,2024-07-29
MB002626,Roan,Schokman,maaikevan-suinvorde@example.org,+3189 6069858,Odiliapeel,Belgium,2026-01-30
MB002627,Zara,Eijkelboom,vierdaglinde@example.com,+3165-3273210,Aalsmeerderbrug,Netherlands,2024-04-27
MB002628,Siem,Amalrada,mathijs93@example.net,+31(0)059-254656,Venhorst,Germany,2025-07-18
MB002629,Kyara,Verbeeck,eliasvan-dongen@example.net,+31(0)761 026122,Oost West en Middelbeers,Germany,2024-09-22
MB002630,Kate,de Bruijn,jadriaense@example.org,(0264) 790509,Andel,Belgium,2024-01-13
MB002631,Lena,van de Veen,jolijn65@example.com,+3109 1842307,Nunhem,France,2024-01-19
MB002632,Stefan,van Formbach,dana11@example.com,018 5741507,Nigtevecht,Germany,2024-11-02
MB002633,Daniel,van der Avoirt,ecrin76@example.org,+31(0)09-6334760,Reahûs,France,2024-07-26
MB002634,Esmée,Kok,van-grinsvenjelte@example.net,027 4673724,Rottevalle,France,2026-03-09
MB002635,Ian,van Parijs,bresejulia@example.org,(043)-4029552,Hooge Zwaluwe,Belgium,2024-09-18
MB002636,Rayan,Janssen,fleur74@example.com,0889 132715,Haule,France,2025-10-29
MB002637,Esmée,van de Leemput,bryan03@example.net,+3132-3908026,Broek op Langedijk,Belgium,2024-04-23
MB002638,Ibrahim,die Pelser,ruttenaaron@example.net,011 5402945,Wekerom,Belgium,2025-05-07
MB002639,Liza,Marchal,elena33@example.org,+31298 523434,Abcoude,Belgium,2025-09-19
MB002640,Lucas,van Arkel,danique91@example.org,(078) 7824478,Drouwenermond,Netherlands,2025-11-29
MB002641,Joy,Boetet,gvan-der-ven@example.org,+31162-237698,Zuidermeer,Belgium,2025-01-28
MB002642,Bente,van Zwaben,evan-den-heuvel@example.net,0907-775198,Nieuw Heeten,France,2026-06-22
MB002643,Giovanni,van de Weterink,julievan-haspengouw@example.org,+31588-737121,Bavel AC,France,2025-10-20
MB002644,Ise,le Gulcher,mulderlars@example.net,070-4535236,Horn,Germany,2025-09-08
MB002645,Bjorn,de Grote,van-den-nuwenhijsenceylin@example.org,0115 022238,Winterswijk,France,2024-02-14
MB002646,Femke,Terry,hekkerivy@example.net,(004) 5985556,Driehuis NH,Netherlands,2024-11-10
MB002647,Jesse,Paillet,robinlambers@example.org,+31(0)106-167390,Loenersloot,Belgium,2025-10-02
MB002648,Bilal,Vastenhouw,svan-de-berg@example.net,+3121 2419968,De Steeg,France,2024-05-18
MB002649,Roos,van Beieren,angelina90@example.org,024 7614977,Warfstermolen,Germany,2026-05-08
MB002650,  Quinten  ,Smeets,mvervoort@example.org,(0531) 131024,Bronkhorst,Belgium,2024-07-22
MB002651,Lize,van der Loo,heymanshidde@example.net,+31(0)688-506209,Blijham,Belgium,2025-02-20
MB002652,Bastiaan,Adryaens,qjanse@example.net,(0721)-388368,Alde Leie,France,2024-07-26
MB002653,Amin,Rietveld,jlutterveld@example.net,+31(0)03-1208609,Zeist,Netherlands,2026-02-25
MB002654,Anouk,de Wit,,069-4141192,Loenersloot,France,2024-06-01
MB002655,Stefan,Wright,juliusbleijenberg@example.org,+31982 340224,Stad aan 't Haringvliet,Belgium,2025-08-15
MB002656,Dylano,Le Grand,korstmansamuel@example.org,0105-665093,Montfoort,Netherlands,2025-08-25
MB002657,Dirk,van der Wal,striksebastiaan@example.org,+31(0)384 556747,Wolvega,Netherlands,2025-05-16
MB002658,Fabiënne,Willemsen,van-metzmilou@example.org,+31(0)309 416028,Groeningen,France,2024-12-16
MB002659,Lisanne,Cadefau,justingroenestein@example.com,+31932 086151,Bergambacht,Belgium,2026-01-11
MB002660,Nienke,de Bruin,tijnjeggij@example.net,+31(0)556-219496,Scheemda,Belgium,2023-10-02
MB002661,Olaf,Tammerijn,rde-jager@example.org,0736 324255,Hoevelaken,Belgium,2024-05-02
MB002662,Kyra,Weeldenburg,gepa-van-bourgondiejolie@example.net,(088)-6692057,Kootwijkerbroek,Belgium,2025-05-06
MB002663,Anouk,Hak,pieter72@example.net,+31(0)350-035250,Ysbrechtum,Belgium,2023-10-18
MB002664,Micha,Kof,evertsannabel@example.com,(041) 9703321,Zijdewind,Belgium,2023-09-29
MB002665,Olaf,van der Spaendonck,nlind@example.com,+31549 543998,Vught,Netherlands,2026-04-27
MB002666,Giovanni,Marchal,dvan-brenen@example.org,+31(0)715-528904,Ulestraten,Belgium,2024-03-19
MB002667,Sander,Hoelen,bmelet@example.org,+31716 563035,Wittelte,France,2025-11-29
MB002668,Tygo,van Berkel,hexspoorvera@example.net,013 9708411,Molkwerum,Netherlands,2025-02-24
MB002669,Ashley,Loep,klomp-jannoa@example.net,(0935)-279974,Geldermalsen,Germany,2025-03-01
MB002670,Bas,de Vrome,lois97@example.net,041-1496521,Vlieland,France,2026-01-14
MB002671,Mick,van der Flaas,gkolster@example.com,(0697)-346581,Neerkant,Belgium,2023-09-08
MB002672,Rik,van de Klashorst,kortrens@example.net,(066) 1542506,De Knipe,Belgium,2023-12-19
MB002673,Demi,van den Assem,van-geenendaan@example.net,+3108-6974579,Breukeleveen,Netherlands,2024-04-23
MB002674,Stefan,Heerkens,saar72@example.net,0095 917970,Gorinchem,Netherlands,2023-11-01
MB002675,Elena,Mangel,jonkmansimon@example.com,(0647)-999236,Baambrugge,Belgium,2025-04-30
MB002676,Melissa,Wendt,marijnkort@example.com,098-8787123,Geervliet,France,2025-01-11
MB002677,Mathijs,Woudenberg,ashley49@example.org,+31294-114732,Nieuwehorne,Germany,2023-08-15
MB002678,Elena,de Haas,julesklein@example.net,095-6289480,Haler,France,2023-10-05
MB002679,Nadine,Appelman,avan-de-velden@example.net,096 4275252,Schagerbrug,Germany,2024-05-15
MB002680,Isa,Bijlsma,dirk21@example.com,0820-669388,Biddinghuizen,France,2025-06-10
MB002681,Ali,Ariens,,+31(0)01-8183463,De Kwakel,Belgium,2026-07-25
MB002682,Joël,Post,ekuipers@example.org,+31(0)17-4401920,Reuver,Germany,2026-01-05
MB002683,Ecrin,Kort,micha51@example.com,+31709-134334,Opende,Germany,2023-08-16
MB002684,Bryan,Dijkstra,whelmerhorst@example.com,+31(0)54 2719758,Schettens,France,2024-11-23
MB002685,Luc,Visser,zguit@example.org,072-1429255,Bavel,Netherlands,2025-05-09
MB002686,Ise,Pasman,gementhijmen@example.com,(0869)-093202,Bitgummole,France,2025-04-06
MB002687,Tobias,de Bruyn,ybrese@example.org,(0628) 099453,Kootwijk,Netherlands,2026-07-16
MB002688,Suze,Zeldenrust,puck15@example.com,045 6726049,Sexbierum,France,2023-09-28
MB002689,Jay,Pratt,van-praaghpim@example.org,089-8169822,Lage Mierde,Netherlands,2024-06-20
MB002690,Rosalie,Brandt,weerdenburgdana@example.net,+31669 650423,Koekange,Netherlands,2023-09-05
MB002691,Nora,van der Stael de Jonge,lottede-groot@example.net,+31(0)954-595997,Huizinge,Belgium,2025-11-22
MB002692,Joëlle,van Maaren,sepp95@example.org,+31069-185464,Rasquert,Germany,2025-05-28
MB002693,Marijn,Mercks,chrisvan-enschot@example.org,(0985) 528875,Graft,Netherlands,2025-10-19
MB002694,Imran,Bernaards,chris33@example.org,+31(0)263-389091,Steenbergen,Netherlands,2024-10-27
MB002695,Pien,van der Heijden,dylano20@example.com,(082) 9904480,Benningbroek,Germany,2026-02-27
MB002696,Ties,Otto,ian82@example.com,+31234 574801,Everdingen,Belgium,2025-02-18
MB002697,Wessel,van Bruchem,esmeewijland@example.com,0192 066520,Exloërveen,Belgium,2026-03-19
MB002698,Giovanni,Arts,hidde28@example.org,+3153-3062052,Donderen,Netherlands,2024-02-26
MB002699,Marinus,van der Smeede,isabelle69@example.org,+3159-0043032,'t Haantje,Belgium,2026-01-22
MB002700,Dion,van der Sande,erehorst@example.org,(0387) 101888,Hezingen,Germany,2024-07-16
MB002701,Keano,Martel,marit08@example.com,+3133-8941839,Kudelstaart,Netherlands,2024-04-16
MB002702,Zakaria,Bernaards,aron25@example.net,+31(0)93-7663718,Niekerk,Belgium,2024-04-20
MB002703,Emily,Jorrisen,,0151-954301,Oldenzaal,Germany,2023-09-03
MB002704,Florian,Greij,oblokland@example.com,+31(0)03 4266531,Losdorp,Netherlands,2025-11-05
MB002705,Lise,Scherms,elise42@example.com,(0720) 545145,Zonnemaire,Belgium,2024-10-06
MB002706,Luuk,Rijcken,bloemendaalfloris@example.com,(0320)-666598,Noordeinde Gld,Germany,2024-02-22
MB002707,Michael,Die Bont,van-spreeuwelkyano@example.com,+3137-0078033,Oegstgeest,France,2023-11-21
MB002708,Janne,de Groot,ipieters@example.net,075-2439025,Zennewijnen,Belgium,2026-07-12
MB002709,Mirte,Bresé,jacobverbruggen@example.org,(016) 4975421,Giethoorn,Germany,2025-10-15
MB002710,Thijmen,le Gallen,ipost@example.com,(0033) 864501,Geldrop,Netherlands,2024-07-28
MB002711,Daniel,van der Kaay,gde-leeuw@example.com,0793 247753,Waal,Netherlands,2024-06-19
MB002712,Jonathan,Schenkel,hvan-beieren@example.org,(0195)-063362,Koudekerke,Belgium,2024-03-30
MB002713,Lana,de Koning,cornelia77@example.com,009 7703969,Westerbork,Germany,2023-12-02
MB002714,Lieve,de Vos,quinn30@example.net,062 7912189,Hulsel,France,2024-11-14
MB002715,Lisa,Scharroo,van-der-flaasrens@example.net,0382 722667,Ypecolsga,Belgium,2026-05-12
MB002716,Cas,Blaak,ali93@example.org,+3107 0577999,Vaals,Belgium,2024-12-28
MB002717,Simon,Coreth von und zu Coredo und Starkenberg,elisa52@example.net,(084)-7710670,Guttecoven,Belgium,2026-01-10
MB002718,Noortje,Nihoe,jaydaspies@example.com,071 4248251,Beltrum,Belgium,2024-03-05
MB002719,Selina,Prinsen,van-dongenmichael@example.net,(0748) 049603,Ospel,France,2024-01-23
MB002720,Liza,Verbruggen,fleur70@example.net,(0116) 961568,Nieuwkoop,Netherlands,2024-10-08
MB002721,Berend,de Graaf,svan-voorst@example.com,+31(0)01-5123779,Ottersum,Germany,2024-02-12
MB002722,Sam,Hoes,de-beerjennifer@example.org,,Teerns,France,2024-04-11
MB002723,Bram,Scuylenborchs,julius21@example.com,+3146 9007489,Woudbloem,Belgium,2026-02-12
MB002724,Benthe,van Arnsberg,lucakorstman@example.net,+31623 159310,Ulestraten,Belgium,2025-08-26
MB002725,Justin,van Geffen,van-dillenniels@example.org,(0436)-376280,De Waal,Germany,2025-06-18
MB002726,Stijn,van de Veen,bouwhuisenbryan@example.com,+31(0)85-8783967,Pesse,Belgium,2025-10-07
MB002727,Anna,van Drenthe,freshourcolin@example.com,071 7085830,Boekel,Netherlands,2024-02-03
MB002728,Aiden,van Arkel,isis84@example.com,(017)-4880683,Anevelde,France,2026-02-08
MB002729,Ella,van Gemert,van-berkumsilke@example.net,+31(0)954 879478,Thorn,France,2025-07-12
MB002730,Felix,Huijben,van-den-veldesenna@example.org,0710 976368,Elst Ut,Netherlands,2025-09-22
MB002731,Raf,van Vlaanderen,lweijland@example.com,(0192)-052449,Spaarndam gem. Haarlem,Netherlands,2025-06-12
MB002732,Evelien,Laffray,aaron06@example.com,+3107 6722828,Oostkapelle,Netherlands,2024-12-01
MB002733,Noud,van der Linden,kyra63@example.net,(049)-1039235,Putte,Belgium,2025-03-27
MB002734,Rens,van de Elzas,maurits45@example.org,+31(0)037 971105,Ulrum,Germany,2025-03-17
MB002735,Madelief,van Este,marinusvan-de-wal@example.net,0313-308421,Warmond,Netherlands,2026-02-25
MB002736,Jaylinn,van den Corput,hugonijman@example.com,0138-293279,Haringhuizen,Netherlands,2025-11-18
MB002737,Ninthe,Steenbakkers,xavi33@example.org,+31511 671725,Koekange,Netherlands,2025-05-30
MB002738,Selena,van der Avoirt,jimvan-waas@example.net,(0753) 618949,Dinxperlo,Belgium,2025-12-27
MB002739,Lieke,van Maasgouw,van-der-pluijmmirthe@example.org,+31(0)75-7915065,Pesse,Belgium,2024-03-31
MB002740,Senna,Hehl,yasminezwijsen@example.net,013-0449240,Teuge,France,2023-11-03
MB002741,Micha,van Berkum,alexander15@example.net,(042)-3283303,Harfsen,Belgium,2024-05-01
MB002742,Elias,van Doorn,van-den-oeversenn@example.com,0358-798192,Eersel,Belgium,2024-01-28
MB002743,Sarah,den Haag,kallenlois@example.net,+3127 6114382,Belfeld,Netherlands,2025-11-16
MB002744,Vince,Sterkman,esmee55@example.org,0198 217705,Sleen,France,2024-08-24
MB002745,Sofia,van 't Erve,nathan36@example.com,+31(0)851 978964,Vegelinsoord,Germany,2025-03-16
MB002746,Mats,Broek,bart47@example.org,+3190 7461722,Ouddorp,Germany,2024-07-17
MB002747,Merle,Jaceps,zvan-embden@example.com,(039)-2616995,Kronenberg,Netherlands,2025-06-12
MB002748,Aiden,Smit,floor11@example.net,000-4994491,Dreischor,France,2024-06-18
MB002749,Julius,Doesburg,aaron77@example.net,+3129 0885820,Leunen,Netherlands,2024-05-01
MB002750,Mika,Rousselet,ybud@example.com,+3125-0771891,Koarnjum,Belgium,2026-05-05
MB002751,Brian,Uittenbosch,godfrey-van-alemannieyara@example.org,+3119 6697952,Laag Zuthem,Belgium,2025-09-28
MB002752,Tijs,Luster,kyara24@example.net,+3109 3468479,Oldeholtpade,France,2024-12-01
MB002753,Dirk,Lucas,valerie70@example.net,,Donkerbroek,Germany,2024-02-20
MB002754,Olaf,Aarts,customer@,(0276)-987260,Wapserveen,Belgium,2025-03-14
MB002755,Muhammed,van de Water,nadiavan-den-berg@example.com,+3130-4283044,Leunen,Netherlands,2026-07-10
MB002756,Senn,van der Mast,rbosman@example.org,+31(0)411 026823,'s-Heerenbroek,Germany,2026-03-11
MB002757,Teun,Dekker,jaylinn06@example.org,(0527)-844965,Amsterdam,France,2024-03-21
MB002758,Morris,Sestig,jacobszakaria@example.org,(0902) 664718,Eerbeek,Netherlands,2023-12-12
MB002759,Niek,Hermans,nisasmit@example.org,+31314-079123,Scherpenzeel,Germany,2025-05-17
MB002760,Floortje,van Oostendorp,sandersrowan@example.org,0648-434396,Urk,Netherlands,2026-07-14
MB002761,Hamza,van dam,jorthoelen@example.org,+31(0)71-1277047,Aagtekerke,Netherlands,2023-09-28
MB002762,Loes,van der Laarse,arielambregt@example.org,+31(0)65-0887717,Slenaken,Germany,2026-03-29
MB002763,Jinthe,Garret,hgerritsen@example.net,(0411) 460942,Herbaijum,Germany,2025-01-13
MB002764,Lena,Boers,bosbibi@example.com,+3148 2881156,Wekerom,Germany,2025-10-01
MB002765,Bradley,Hoeks,casperbouhuizen@example.org,(059)-5583288,Hempens,Belgium,2023-10-22
MB002766,Maryam,Lensen,sepschokman@example.com,+31(0)67-7712886,Zevenaar,Netherlands,2024-02-29
MB002767,Sander,Coolen,juliettetammerijn@example.com,007-9014097,Hellum,France,2024-05-28
MB002768,Elin,van de Coterlet,van-oostemorris@example.com,(081)-9454860,Ophemert,Belgium,2025-01-29
MB002769,Leon,Uphuis,arouwenhorst@example.org,+3187-0478317,Ven-Zelderheide,France,2023-09-24
MB002770,Lieke,Schenkel,noah64@example.net,(083) 1824691,Gieterveen,Netherlands,2024-04-03
MB002771,Marit,Mathurin,eliasvan-der-maes@example.org,+31(0)43-5561665,Piershil,Netherlands,2024-06-29
MB002772,Norah,van Brunswijk,isa98@example.net,(038) 3065639,Hommerts,Germany,2025-05-11
MB002773,Koen,Bruijne van der Veen,bvan-heusden@example.org,(0340) 276588,Lage Zwaluwe,Netherlands,2024-07-12
MB002774,Merijn,Recer,frerichshailey@example.net,(061) 9220402,Westdorpe,Belgium,2024-03-14
MB002775,Lukas,Stamrood,wde-kale@example.net,+31(0)447-097527,Holsloot,Germany,2024-05-10
MB002776,Teun,Luboch,ivy35@example.net,+31(0)46 6079288,Stroobos,Belgium,2024-04-09
MB002777,Chris,Doyle,sbutselaar@example.net,+3150-4247989,Neeritter,Netherlands,2025-01-27
MB002778,Pleun,Knuf,van-dongenthijn@example.com,+31(0)969-083699,Ameide,France,2025-11-17
MB002779,Thijmen,Everts,renske32@example.org,(058)-1030736,Ursem gem. S,France,2023-11-08
MB002780,Lieke,Sire,yasmine69@example.net,+31(0)37-2376254,Blokzijl,Netherlands,2025-06-22
MB002781,Isabelle,van der Meer,opost@example.com,+31(0)16 4915944,Nieuwstadt,Netherlands,2025-07-02
MB002782,Lucas,Vertoor,aelftrud-van-wessexnienke@example.com,+3156-3287811,Leek,Netherlands,2026-04-18
MB002783,Jay,Thout,lhaneberg@example.com,+31519 037589,Koudum,Netherlands,2026-02-23
MB002784,Jip,Slingerland,gkoster@example.org,(009) 7057684,Deurze,Germany,2023-10-15
MB002785,Johanna,Schipper,voude-heer@example.org,(0858) 432623,Hegelsom,Belgium,2026-02-08
MB002786,Sterre,Osterhoudt,schipperfenna@example.net,+31(0)35 7903722,Oosterblokker,France,2025-06-12
MB002787,Rafael,Adriaense,kuilenburgrayan@example.com,(034) 0163121,Hoogezand,France,2026-06-01
MB002788,Suze,Bakker,eder-kijnder@example.org,+31(0)30-8957791,Drogeham,Belgium,2026-02-15
MB002789,Esila,The Elder,pterry@example.com,+31(0)386 932250,Hollandsche Rading,Netherlands,2024-02-18
MB002790,Janne,Dachgeldt,lois03@example.net,+31(0)42-4679380,Schipborg,Netherlands,2024-05-25
MB002791,Jorn,Ketting,,000 9805949,Scherpenisse,Germany,2024-10-29
MB002792,Stefan,de Werd,wilsonyusuf@example.net,050 2821036,Loozen,France,2025-10-25
MB002793,Aaliyah,van de Veen,vvan-orleans@example.net,076 8925603,Zandhuizen,Netherlands,2025-11-05
MB002794,Emir,Bruijne van der Veen,,051 6712147,Geulle,Germany,2025-06-15
MB002795,Isabelle,van Ochten,nielsschulten@example.org,0848 386449,Easterwierrum,Belgium,2024-11-02
MB002796,Daan,Salet,sep10@example.com,(004)-8179775,Uitwijk,Germany,2024-03-30
MB002797,Joris,van der Brink,tristanboetet@example.org,(0497) 215573,Striep,Netherlands,2026-05-20
MB002798,Noud,Vink,victorvan-formbach@example.net,+3125-6270620,Onstwedde,France,2025-02-26
MB002799,Chloë,van de Velden,ottoyassin@example.com,003 8381112,Vlodrop,France,2026-01-29
MB002800,Naud,le Floch,tter-waarbeek@example.com,(095) 5041593,Hooglanderveen,Germany,2025-06-29
MB002801,Elif,Melet,keanovan-der-berg@example.org,+31(0)03 8410134,Gaastmeer,Netherlands,2025-02-06
MB002802,Valerie,van den Eerenbeemt,eliasweyland@example.com,(036)-1570606,De Punt,Belgium,2023-10-16
MB002803,Rosalie,Lelijveld,beourgeoisberat@example.org,+31953 601590,Burdaard,Germany,2024-07-26
MB002804,Luuk,Levesque,le-flochsamuel@example.com,017 8889698,Nuis,France,2024-07-17
MB002805,Mathijs,van Hamaland,frecer@example.org,+31615-799255,Heijenrath,France,2024-12-05
MB002806,Yinthe,Schatteleijn,fatima76@example.org,098-6200793,Roswinkel,Germany,2024-04-16
MB002807,Johannes,Bartels,romyvan-den-berg@example.net,0601-456111,Zeerijp,Germany,2026-01-27
MB002808,Youssef,Spruyt,robinvan-gils@example.com,0489-799509,Witmarsum,Belgium,2024-03-08
MB002809,Faye,van Geenen,dewi36@example.net,(015) 5593857,Heeten,Belgium,2025-01-15
MB002810,Kyano,de Heer,damiandachgelder@example.org,+31927 897223,Banholt,Belgium,2026-07-05
MB002811,Liv,der Kijnder,cornelisadryaens@example.org,0551 908526,Doetinchem,Belgium,2025-08-26
MB002812,Sanne,den Buytelaar,esilasymons@example.net,+31(0)81-4195799,Nijlande,Belgium,2024-09-13
MB002813,Aaliyah,Mudden,van-nimwegenfedde@example.net,055-9051597,Breukeleveen,Belgium,2024-08-27
MB002814,Dina,Werdes,jbruggeman@example.org,(032)-1683929,Maasland,Germany,2025-05-03
MB002815,Kate,Velderman,isabellaamalrada@example.net,086 4876911,Nieuwaal,France,2023-08-06
MB002816,Tristan,Hulst,vigoansems@example.com,+3110 0860936,Bodegraven,Netherlands,2024-02-19
MB002817,Anne,Reimes,tessavan-allemanie@example.com,0776 250882,Tynaarlo,Netherlands,2023-08-23
MB002818,Raf,Shupe,ihuisman@example.org,001 7204219,Wyns,Netherlands,2024-11-12
MB002819,Femke,Lambregt,hoostveen@example.org,+31848 525886,Meerssen,Netherlands,2025-01-26
MB002820,Amélie,Meeres,ojonker@example.org,+3120-1545605,Halle,Belgium,2023-12-08
MB002821,Carlijn,van der Heijden,selinakuit@example.com,+31(0)94-6851659,Manderveen,Germany,2025-11-21
MB002822,Samuel,Lijn,avan-t-houteveen@example.org,+31(0)41 1486835,Oosterhout,Germany,2025-12-14
MB002823,Ise,de Beer,de-koninglily@example.com,+31196 056254,Borssele,Belgium,2025-02-17
MB002824,Anna,Everts,van-der-pluijmfem@example.com,(011) 4540971,Meppen,France,2023-12-08
MB002825,Julian,van Ginkel,adryaensniek@example.org,(044) 4742089,Blauwhuis,France,2024-10-06
MB002826,Annabel,Hak,kramernikki@example.org,+31(0)122-324369,Oud Ootmarsum,Netherlands,2024-09-18
MB002827,Sami,de Marduras,ide-gratie@example.net,(0487)-588565,Asch,France,2025-03-30
MB002828,Tirza,Velderman,isisvan-der-smeede@example.org,(0378) 309248,Eerbeek,Belgium,2024-12-31
MB002829,Jolijn,van Loon,heerschopgiovanni@example.org,0162-726922,Meteren,Netherlands,2025-08-09
MB002830,Quinty,van Verdun,mohamed66@example.org,0151-255162,de Lutte,France,2025-11-27
MB002831,Ninthe,van Haspengouw Hesbaye,plieshout@example.com,+31(0)129-620052,Keijenborg,Netherlands,2024-04-16
MB002832,Vincent,Smit,spruitadriana@example.com,069-1272540,Bruchem,Netherlands,2023-12-03
MB002833,Jolie,Sanders,maxim18@example.net,+31093-401827,De Kwakel,France,2026-06-06
MB002834,Jesper,Suijker,rponcelet@example.com,(088)-4229252,Ruigahuizen,France,2026-04-22
MB002835,Lorenzo,Schelvis,sandersquinn@example.com,+31(0)23-4962873,Montfoort,Belgium,2025-08-08
MB002836,Amin,Brizee,pwilmont@example.net,+31905-104453,Zorgvlied,Belgium,2025-01-17
MB002837,Sofia,de Wit,chloemichielsen@example.com,+3126 7352858,Vlieland,Belgium,2026-03-01
MB002838,Dina,Rubben,de-bruynjanne@example.org,+3127-1193435,Millingen aan de Rijn,Germany,2023-12-02
MB002839,Tijs,van Gent,lise86@example.com,(009)-6589301,St.-Jacobiparochie,France,2026-07-04
MB002840,Jayden,Berends,nekelizabeth@example.com,(0611)-558141,Noordbroek,Netherlands,2024-08-19
MB002841,Mike,le Guellec,stef75@example.com,+31(0)67 5104428,Vinkenbuurt,Netherlands,2026-01-06
MB002842,Eline,van de Darnau,mette38@example.net,077-2359962,Sebaldeburen,Netherlands,2024-11-16
MB002843,Angelina,Muller,bde-backer@example.com,(085)-9431333,Badhoevedorp,Belgium,2024-02-24
MB002844,Dave,van de Brink,,(0646)-287493,Hoogvliet Rotterdam,Belgium,2026-01-31
MB002845,Eline,van Bergen,sil11@example.org,0072-874573,Bergharen,Germany,2024-06-20
MB002846,Florian,de Kale,micha36@example.com,+31042-200251,Blije,Germany,2025-09-24
MB002847,Tobias,Elbertse,ilemmens@example.com,(0731) 418148,Overloon,Germany,2025-11-08
MB002848,Laura,Mudden,schipperryan@example.org,0953 838625,Margraten,Germany,2026-05-25
MB002849,Lot,Helmerhorst,van-laonloes@example.com,(052)-4868532,Roderesch,Germany,2023-11-03
MB002850,Felix,Heymans,hfiere@example.org,(012)-1963530,Kloosterhaar,France,2024-05-02
MB002851,Nynke,Lieshout,jeltede-bruijn@example.net,021-7725910,Kuinre,France,2024-12-05
MB002852,Michael,Uphus,van-geenenisa@example.net,085-9234625,Boksum,Netherlands,2025-09-07
MB002853,Jordy,Leene,van-geffenmadelief@example.net,087-2513530,Rheezerveen,France,2024-02-29
MB002854,Maaike,Spreeuw,sverheuvel@example.net,0120-563000,Bant,Netherlands,2024-04-04
MB002855,Job,Furda,boaz73@example.net,+3120-6226966,Greonterp,Netherlands,2024-09-14
MB002856,Nikki,Wolfsdr,dstettyn@example.net,+3185-0970612,Schoondijke,Belgium,2025-06-30
MB002857,Veerle,Gerritsen,de-grusonanna@example.net,0437-112958,Houwerzijl,Germany,2024-07-24
MB002858,Kevin,van Susa,ter-waarbeekcatharina@example.com,022-2050063,Valthe,Belgium,2024-10-09
MB002859,Joy,van Nus,josephine00@example.org,054 5006224,Emmer-Compascuum,Belgium,2025-02-14
MB002860,Ilse,Serra,ade-graaf@example.org,+3100-0154848,Luinjeberd,France,2026-01-05
MB002861,Jordy,van Bruchem,qvan-de-ven@example.org,(0763)-438954,Driehuizen,Netherlands,2026-04-06
MB002862,Koen,Blom,van-ochtentara@example.net,(0697)-557819,Hijum,Belgium,2024-06-28
MB002863,Floor,Goyaerts van Waderle,tvan-laarhoven@example.net,+31640 672331,Geervliet,Belgium,2026-02-21
MB002864,Evy,Olthof,spiesanna@example.net,0205 225614,Schettens,Netherlands,2025-04-23
MB002865,Mathijs,van Grondelle,yvan-embden@example.net,050 7536650,Zwolle,Netherlands,2024-09-14
MB002866,Daniël,der Kijnder,ezwart@example.com,+31521 132366,Hellevoetsluis,France,2025-09-24
MB002867,Collin,d' Heripon,van-der-laanvalerie@example.com,0700-011424,'t Harde,Belgium,2023-12-06
MB002868,Lot,van den Brink,alexvan-beek@example.net,+3104 0721406,Hemrik,Germany,2025-11-20
MB002869,Senna,Wolffel,yvan-der-spaendonc@example.net,0480 492619,Baarle-Nassau,Netherlands,2024-03-23
MB002870,Mika,van Vermandois,xkolster@example.com,0152-055606,Tollebeek,France,2025-01-16
MB002871,Milan,Mathol,haacknathan@example.com,(0264) 648128,Zijderveld,Belgium,2025-04-14
MB002872,Yfke,Langevoort,zwartmads@example.org,+31787-107819,Zwiggelte,Belgium,2025-11-15
MB002873,Evy,Stichter,massachloe@example.com,018-3210486,Bierum,France,2026-06-08
MB002874,Eva,Sarneel,van-duyvenvoordestan@example.net,(0132)-512593,Amstelhoek,Netherlands,2024-09-23
MB002875,Kim,Paillet,marinusde-jager@example.net,0945-042452,Warstiens,Netherlands,2024-12-07
MB002876,Aimée,Nek,kuipersmark@example.org,0361 492198,Eemnes,France,2025-03-12
MB002877,Quinty,Hak,tclaassen@example.com,+31977-733497,Leiden,Germany,2026-07-29
MB002878,Renske,van der Velde,yde-kale@example.com,0649-081031,Giessen,Belgium,2024-10-02
MB002879,Noud,Oosterhout,nadiaeijkelboom@example.com,(016) 4719725,Nieuwe-Tonge,France,2023-09-28
MB002880,Nynke,Nek,ivanpierson@example.com,+3146-8917300,St.-Jacobiparochie,Netherlands,2025-07-11
MB002881,Stefan,van Schweinfurt,dewihak@example.com,+31(0)525 352992,Dalerveen,Netherlands,2025-03-06
MB002882,Julius,van het Heerenveen,zaravan-mook@example.org,+3137-8558045,Een,Netherlands,2023-09-14
MB002883,Danique,Verheuvel,jverschut@example.net,+3119 3597143,Anjum,Belgium,2025-03-06
MB002884,Lina,Huberts,wjanssens@example.com,014-5698267,Westknollendam,Germany,2024-08-11
MB002885,Jayden,Verhagen,elize09@example.com,0965-452328,Ooltgensplaat,Netherlands,2026-05-24
MB002886,Maaike,Rubben,tdiesbergen@example.com,(0557)-263343,Aalden,Netherlands,2025-08-31
MB002887,Nout,van den Eijssel,meesfiere@example.com,+31(0)00 4735912,Holtheme,Netherlands,2024-01-14
MB002888,Dirk,van Westfalen,vmens@example.net,(0748)-544908,Urmond,France,2024-09-19
MB002889,Lukas,willems van lier,jurrijenstimo@example.com,+31(0)598 207129,Hoogenweg,Germany,2025-11-08
MB002890,Zoey,Schouten,qde-groot@example.org,+31960-143163,Stroe,Netherlands,2023-08-27
MB002891,Isa,Ouwerkerk,timmermanboaz@example.net,(0435)-782744,Kerkdriel,Netherlands,2025-01-18
MB002892,Maya,Steinmeiern,pheerkens@example.net,+31(0)475-806156,Ingelum,Belgium,2023-08-30
MB002893,Luna,Schelvis,jensdie-bont@example.net,+31(0)53-9866217,Aduard,France,2024-10-11
MB002894,Suus,Blom,omathieu@example.com,+3131 4777283,Rekken,Belgium,2023-10-07
MB002895,Mare,Hellevoort,jorrisentijs@example.net,0088-025418,Zwanenburg,France,2023-10-31
MB002896,Fenne,Hermans,mariamuller@example.net,083-5697283,Roggel,Belgium,2024-04-09
MB002897,Sem,Sitters,isprong@example.org,096 6971921,IJsselham,Belgium,2024-11-15
MB002898,Amina,van Ham,dylan71@example.org,0021 844675,Onderdendam,Belgium,2025-10-24
MB002899,Mila,Moensendijk,van-kasteelennoud@example.net,+31453-566752,'s-Heer Hendrikskinderen,Germany,2025-08-16
MB002900,Jonas,Zevenboom,van-der-kinthugo@example.org,0473 079107,De Veenhoop,France,2026-03-16
MB002901,Felix,Lind,luukjansen@example.org,+31(0)464 864005,Barsingerhorn,Netherlands,2024-01-01
MB002902,Silke,van Kasteelen,uvan-schweinfurt@example.net,027 9774992,Geijsteren,France,2026-04-25
MB002903,Sam,Diesbergen,jleene@example.org,+3137 2681959,Koudekerke,Germany,2024-11-09
MB002904,Nathan,de Grote,arthurhuls@example.com,+31(0)136 914904,Lemele,Germany,2024-04-30
MB002905,Daniel,van Riet,guus44@example.net,0149-046981,Siddeburen,Germany,2024-06-02
MB002906,Aaron,Room,fslagmolen@example.com,+3138-7906904,Heinenoord,Germany,2026-05-07
MB002907,Cornelia,Mulders,lois29@example.net,+31(0)453 339981,Schijf,Germany,2025-10-16
MB002908,Emma,Timmerman,uvan-der-zijl@example.com,+3192-1046242,Woudbloem,France,2024-11-07
MB002909,Tara,Gruijl,vijoelle@example.net,0920 113331,Brakel,France,2023-10-29
MB002910,Kiki,van Drenthe,loek69@example.org,+31261 831591,Venebrugge,France,2025-07-17
MB002911,Julius,Marceron,noutelsemulder@example.com,099 0025899,Emst,Belgium,2026-02-26
MB002912,Quinn,van de Pavert,evi23@example.com,(013) 3728696,Puth,Germany,2026-01-17
MB002913,Arie,Scholten,juul08@example.com,+31134 284192,Zeeland,Germany,2025-12-14
MB002914,Tijmen,Brievingh,milan55@example.com,+31(0)807 425895,Papekop,Belgium,2023-09-16
MB002915,Ashley,Michielsen,leonvaessen@example.net,032 1986725,Ter Apelkanaal,France,2024-01-16
MB002916,Dylano,van Klaarwater,wesley05@example.org,(036) 7027024,Noordeinde Gld,Netherlands,2025-12-09
MB002917,Ayoub,van Cuijck,brentsam@example.com,+31(0)39 8503665,Zuidlaren,Belgium,2025-07-15
MB002918,Stella,de Groot,bibihelmerhorst@example.net,(031)-5589894,Arnemuiden,Netherlands,2025-09-19
MB002919,Lize,Heere,ayden28@example.net,+31(0)811 169392,Westzaan,Germany,2024-03-05
MB002920,Indy,Weylant,van-metzlina@example.org,(033) 8521393,Heiloo,Belgium,2024-10-04
MB002921,Arthur,van de Biezenbos,lucasden-teuling@example.net,(0086)-227882,Silvolde,France,2023-11-10
MB002922,Eliza,Verheuvel,noorverkade@example.net,+31(0)636 749954,'s-Graveland,France,2025-06-17
MB002923,Sophie,Heribert van Laon,jinthe98@example.net,+3161 0452822,Teeffelen,Belgium,2024-07-27
MB002924,Suus,Van Bragt,danique49@example.net,0655-230016,Oppenhuizen,France,2025-07-20
MB002925,Xavi,Verschut,hannavan-den-brand@example.com,+31(0)97 0917195,Wezup,Netherlands,2024-05-31
MB002926,Roos,Mathurin,merel90@example.net,+31(0)378-157106,Mheer,Germany,2024-02-09
MB002927,Emily,Riem,jackvan-voorhout@example.net,+31(0)436-770597,Puth,Netherlands,2025-06-06
MB002928,Ryan,Weylant,pietermolen@example.net,(045) 8115337,Haaften,Belgium,2025-07-08
MB002929,Ryan,Zuidweg,femke79@example.net,(0950)-505801,Dinxperlo,Belgium,2023-08-07
MB002930,Lieve,Sarneel,giovanni20@example.org,+3106-2960375,Anna Paulowna,Belgium,2025-06-24
MB002931,Mike,Veenstra,tansems@example.net,(073)-0519657,Ravenswoud,Germany,2026-06-20
MB002932,Amelia,Groenestein,sander57@example.com,0194-159294,Etten,France,2024-11-25
MB002933,Benthe,van Gils,hvan-verdun@example.com,0909-819587,Eppenhuizen,France,2026-02-24
MB002934,Lize,Heijmen,juliette82@example.org,(098) 1969449,Oosterend,France,2024-04-03
MB002935,Jim,Middelkoop,van-susajosephine@example.org,0933-997495,Eelderwolde,Netherlands,2024-01-17
MB002936,Linn,de Gratie,zevenboomfaye@example.org,0284 277624,Aalsum,Belgium,2024-01-31
MB002937,Annabel,Willems,krabbelara@example.net,(0944)-055497,Zaamslag,France,2025-12-04
MB002938,Elizabeth,Moensendijk,jvan-der-velden@example.org,0877-663348,'s Gravenmoer,France,2025-12-07
MB002939,Demi,Genefaas,pippa98@example.com,017-8431807,Woudbloem,France,2024-12-18
MB002940,Mila,van Gent,felixspiker@example.net,012 0111733,Wapse,Germany,2024-12-07
MB002941,Jim,Janssens,arthur81@example.net,+31699-973582,Stoutenburg Noord,Germany,2026-05-07
MB002942,Laura,van Roijen,den-buytelaarsophie@example.org,(094) 9253314,Nij Beets,France,2026-06-17
MB002943,Karlijn,van Laon,yvan-velzen@example.net,+31915 309881,Zenderen,Netherlands,2026-01-17
MB002944,Isabella,de Wit,jwever@example.net,0959 489888,Zevenhoven,Netherlands,2025-07-02
MB002945,Amélie,van der Pol,de-groteyfke@example.org,023 1616017,Oudehorne,Germany,2023-08-02
MB002946,Yara,Courtier,jvermeulen@example.com,+31(0)21-1661615,Borculo,Netherlands,2025-12-07
MB002947,Annemijn,Schakelaar,lukas65@example.com,(018)-8271967,Wassenaar,Netherlands,2024-11-11
MB002948,Loek,de Wit,rippeytwan@example.net,+31(0)923-836454,Zevenhuizen,France,2025-01-08
MB002949,Hanna,Ansems,furdathijmen@example.org,+31(0)821 981799,Oostvoorne,Netherlands,2025-06-08
MB002950,Johannes,Coret-Coredo,selena84@example.net,(008)-6755891,Slenaken,Belgium,2024-09-16
MB002951,Lana,Heere,zoeydachgelder@example.com,+31402-709680,Hendrik-Ido-Ambacht,Netherlands,2023-11-28
MB002952,Micha,Neuzerling,,+31(0)71-3474666,Tiel,Germany,2025-08-25
MB002953,Nynke,van den Henst,dave54@example.org,022-1661140,Klimmen,Netherlands,2025-06-30
MB002954,Dave,Doornhem,jansenquinten@example.com,(043)-9680967,Broek in Waterland,Germany,2026-07-11
MB002955,Jenna,Roose,xtielemans@example.net,011 2957166,Drachtstercompagnie,Belgium,2025-03-28
MB002956,Mohamed,van Laarhoven,roessinkmelle@example.net,+31(0)527 280048,Oosterbeek,Germany,2024-08-30
MB002957,Simon,Koeman,annavan-der-heijden@example.com,(0771) 475869,Born,France,2025-05-31
MB002958,Tara,Gerrits,fstettyn@example.net,+3117-0831889,Westbeemster,France,2025-08-24
MB002959,Mason,Hagendoorn,texiernoortje@example.net,(017)-7478220,Kropswolde,Belgium,2024-07-15
MB002960,Anouk,Fechant,xvan-de-ven@example.org,(013) 9634385,Vinkeveen,France,2024-02-23
MB002961,Evi,Brizee,quinten99@example.com,,Oud-Beijerland,Netherlands,2026-01-11
MB002962,Merel,Luitgardis van Neustrië,anoukvan-den-bergh@example.com,(079)-2298137,Leiderdorp,Netherlands,2026-03-11
MB002963,Milan,van der Berg,bsimonis@example.net,033 6274615,Hoorn,Germany,2025-02-09
MB002964,Lola,van den Bergh,jaydende-vries@example.com,(0319) 589757,Wateren,Netherlands,2025-02-10
MB002965,Sebastiaan,van Formbach,rlamore@example.com,016-9494029,Boerakker,France,2025-02-18
MB002966,Loïs,Blaak,ehagendoorn@example.com,060-7882008,Zwijndrecht,Belgium,2026-06-19
MB002967,Lucas,Lonen,mfrerichs@example.net,049-1449602,Dieden,Belgium,2026-01-19
MB002968,Fedde,Elberts,lois96@example.com,+31(0)95-9007964,Stadskanaal,Germany,2025-10-11
MB002969,Vajèn,van Geffen,senn62@example.net,(0787) 105687,Anevelde,France,2024-11-26
MB002970,Mika,Godfrey van Alemannië,faas71@example.com,(003) 2856945,Ellertshaar,Belgium,2024-04-03
MB002971,Noud,Becht,melissa36@example.org,040 9145695,Oud Annerveen,Belgium,2023-08-05
MB002972,Senna,van Ghoerle,svan-hemert@example.com,(010) 2060850,Lucaswolde,Belgium,2025-09-05
MB002973,Simon,Adriaansen,carlijn69@example.org,(0787) 711306,Handel,Netherlands,2026-05-04
MB002974,Noud,van Limburg,loisamalrada@example.net,(0446) 614738,Miedum,Netherlands,2026-07-14
MB002975,Guus,de Gruijl,nweeldenburg@example.net,027-0010906,Wolvega,Germany,2023-09-14
MB002976,Riley,Marceron,van-den-bergjennifer@example.org,(019) 2022651,Hoenderloo,Belgium,2024-11-06
MB002977,Matthias,Schelvis,van-der-maathdemi@example.com,0566-580463,Aerdenhout,Netherlands,2025-05-30
MB002978,Bryan,Shupe,owen29@example.com,(069) 6044939,Westendorp,France,2023-10-28
MB002979,Chloé,van Boulogne,quintende-werd@example.net,+31(0)037 939267,Oudenhoorn,Belgium,2024-06-28
MB002980,Seth,van der Meulen,wdriessen@example.net,+31964-041505,Baneheide,Belgium,2024-07-26
MB002981,Silke,de Vroege,jacobbud@example.org,+3163-0090729,Vroomshoop,France,2024-12-11
MB002982,Maurits,van Boven,honingwesley@example.net,028 3789937,Nieuw-Schoonebeek,Belgium,2026-02-11
MB002983,Lindsey,van den Heuvel,naud07@example.org,+31(0)84-1034409,Hoogenweg,Belgium,2024-11-23
MB002984,Yinthe,Estey,woutervan-zwaben@example.org,+31(0)59-1268956,Nieuweroord,Germany,2026-04-24
MB002985,Jesse,Keijser,ovan-der-laar@example.net,0689 481925,Alkmaar,France,2026-05-09
MB002986,Quinty,Jurrijens,leondoorhof@example.com,(0147) 156660,Obdam,Belgium,2024-07-04
MB002987,Senn,Tamsma,yinthe53@example.com,+31098-266355,Noord-Scharwoude,Netherlands,2023-10-29
MB002988,Elena,Amalrada,liam24@example.com,+31(0)388 824536,Zaandijk,Belgium,2024-08-07
MB002989,Seth,Verhaar,willemsayoub@example.org,(0939) 237048,Waspik,France,2025-03-07
MB002990,Dion,Brumleve,mehmet85@example.net,0809-048310,Denekamp,France,2026-01-11
MB002991,Tim,Sestig,mathijs26@example.org,(082)-9410991,Middelharnis,Netherlands,2026-04-05
MB002992,Muhammed,de Roos,owenkorstman@example.com,(0374)-761235,Overschild,Germany,2024-02-03
MB002993,Cornelia,van de Pavert,jasmijnvan-waas@example.org,0410 754113,Montfort,Belgium,2025-02-04
MB002994,Nadia,Boetet,gdijkman@example.net,+31(0)91-7167335,Reusel,France,2026-04-12
MB002995,Kyra,de Vroege,dex35@example.com,+3103-7274033,Foxhol,Belgium,2026-02-22
MB002996,Joris,Evers,esmeevan-der-pluijm@example.com,+31(0)412 777540,Bitgummole,France,2024-02-15
MB002997,Jelle,Schipper,erhoutfloortje@example.net,(083) 3666571,Ell,Germany,2025-11-11
MB002998,Bas,Thatcher,,+31(0)671 049482,Scheerwolde,Germany,2024-07-08
MB002999,Esmée,Adelaar,selinalambregt@example.com,+31(0)343-499483,Voerendaal,Netherlands,2024-09-08
MB003000,Tyler,Peronne,sebastiaan34@example.net,(058)-4811202,Waal,Germany,2025-07-01
MB003001,Lotte,Claesner,mathijsvan-de-weterink@example.com,+31(0)73-1135475,Húns,Netherlands,2025-08-29
MB003002,Roos,Verheuvel,senna00@example.net,(0874) 739581,Herten,Belgium,2026-03-18
MB003003,Tim,Ketel,lily74@example.net,0525 368974,'s-Heer Abtskerke,Belgium,2023-09-22
MB003004,Tyler,Lieshout,jenniferloreal@example.org,(0394) 680230,Nagele,Netherlands,2025-12-07
MB003005,Azra,van Haspengouw Hesbaye,doyleayden@example.net,(0539)-246710,Lierderholthuis,Netherlands,2023-09-14
MB003006,Sten,Henric van den Nuwenhuse,benjamin42@example.net,+31(0)09-3600528,Gouda,Germany,2025-07-05
MB003007,Wout,Zijlmans,livvan-der-heijden@example.com,+31796 120102,Wijlre,Belgium,2023-11-07
MB003008,Madelief,Eelman,keijzerchloe@example.org,+31(0)999-103185,Tuil,Netherlands,2024-12-10
MB003009,Annemijn,van Loon,daphne25@example.net,+31744 867797,Steenbergen,Germany,2024-10-31
MB003010,Liz,Vermeulen,esmeevan-den-velde@example.net,+31(0)128 351491,Cuijk,Netherlands,2026-02-19
MB003011,Loek,Blokland,jarischenkel@example.com,+31021 297896,Holtum,Netherlands,2023-12-01
MB003012,Dina,van Oirschot,timmermancasper@example.net,+31(0)405 771931,Winterswijk Ratum,Netherlands,2025-09-22
MB003013,Tess,van Wel,aylin39@example.org,067 2068402,Voerendaal,Belgium,2025-11-28
MB003014,Rosalie,van Enschot,vgoyaerts-van-waderle@example.net,(0915)-683731,Marijenkampen,France,2023-09-11
MB003015,Bart,Belpere,charlottevan-de-pavert@example.org,+31611-762128,Espel,Netherlands,2024-08-20
MB003016,Isabella,Blom,fbernaards@example.com,+31(0)232 727344,Veulen,Belgium,2024-03-10
MB003017,Nathan,de Grote,elif06@example.org,0787-741357,Muntendam,Belgium,2025-04-15
MB003018,Ayoub,Thomas,duukvan-munster@example.org,053-2746288,Stedum,France,2024-12-11
MB003019,Robin,Boer,van-maasgouwfatima@example.com,0440-042320,Smakt,France,2025-06-27
MB003020,Colin,Rietveld,kiki47@example.net,(0725) 542495,Zoutkamp,France,2025-12-10
MB003021,Danique,Kwaadland,janna27@example.org,(094)-6391627,Nieuwleusen,France,2023-10-11
MB003022,Luka,van den Nuwenhuijzen,jjacquot@example.org,013 6196029,Bunne,Germany,2026-02-12
MB003023,Liam,Bastiaense,jespervan-dijk@example.org,+3198 0759588,Oudewater,Netherlands,2025-06-26
MB003024,Esmee,de Roo,loiswolters@example.net,(0766)-863159,Broekhuizenvorst,Belgium,2025-07-04
MB003025,Phileine,le Luc,siemde-nijs@example.org,(0696)-171657,Wervershoof,Germany,2026-04-19
MB003026,Adriana,van de Ven,jort65@example.com,0437 990612,Winterswijk Corle,Germany,2024-01-12
MB003027,Yassin,van den Broek,corneliszaaron@example.com,(097) 7937714,Hei- en Boeicop,Belgium,2026-04-19
MB003028,Florian,Mahieu,amaas@example.net,+31490 477840,Krabbendijke,Germany,2026-07-05
MB003029,Frederique,Brievingh,den-teulingjoy@example.com,(0761) 955017,Eexterzandvoort,France,2023-09-06
MB003030,Nadia,de Werd,hvos@example.org,+31421 903104,Helden,Germany,2024-10-19
MB003031,Benthe,van Vermandois,vigo21@example.com,+31(0)589 129802,Stavenisse,Netherlands,2024-08-30
MB003032,Ivy,van Hamaland,ckoeman@example.net,(031) 2556177,Baak,Netherlands,2024-10-23
MB003033,Noah,Speijer,sjoerd56@example.org,(057) 0304100,Nijeveen,Germany,2025-11-09
MB003034,Maud,Ulrich,veldermankyara@example.net,+31(0)610 490146,Bavel,Belgium,2024-10-05
MB003035,Mirthe,Mater,benjaminhoelen@example.net,+31(0)54-4018101,Terwolde,France,2025-09-11
MB003036,Noah,Roosenboom,budwessel@example.net,(027)-9515863,Gastel,France,2025-11-20
MB003037,Esila,van de Pol,kaylee06@example.com,(067)-9569399,Ammerzoden,France,2024-02-25
MB003038,Joëlle,Slingerland,sofia68@example.net,+31(0)30 3235168,Ulicoten,France,2024-08-08
MB003039,Rosa,Kof,yvan-den-oever@example.com,0880-542563,Hoogland,France,2025-08-19
MB003040,Dewi,Tins,jbelpere@example.org,+31998-997335,Sellingen,Netherlands,2026-03-31
MB003041,Amélie,Zwijsen,nisa48@example.org,+31(0)53-6699670,Firdgum,Germany,2024-01-27
MB003042,Leah,van de Water,lauren49@example.com,0457-761144,Berkhout,Netherlands,2025-07-23
MB003043,Fleur,van Landen,nde-graaf@example.com,019-2523730,Ballum,Netherlands,2024-01-24
MB003044,Robin,de Roos,niek68@example.com,013 1476890,Beek,Germany,2025-09-15
MB003045,Aaron,Rijn,xjaceps@example.net,+31(0)275-675707,Vogelwaarde,Germany,2023-11-04
MB003046,Dylano,de Roo,alicia93@example.org,082 1471007,Schuinesloot,Germany,2025-04-18
MB003047,Jim,Shupe,greijmatthijs@example.net,+31(0)532-556715,Dussen,France,2024-05-27
MB003048,Nick,van Maasgouw,jpison@example.net,050 9382911,Kesteren,Belgium,2025-08-04
MB003049,Tessa,Miner,pippa25@example.com,+3198 9915201,Vogelwaarde,Netherlands,2024-01-22
MB003050,Liv,Kisman,jesse20@example.org,+31(0)03 7194186,Raamsdonk,Netherlands,2024-08-20
MB003051,Linde,Wouters,van-ginnekekate@example.net,+31(0)16-3036919,Schoonoord,Belgium,2025-09-22
MB003052,Elena,Kok,uhendrikse@example.net,027 9484943,Starnmeer,Netherlands,2026-05-06
MB003053,Saar,Cant,van-vermandoiseliza@example.net,0471 452204,Reuver,Netherlands,2024-02-23
MB003054,Jenna,van Schweinfurt,poncibryan@example.org,019 9738916,Papekop,Netherlands,2025-11-15
MB003055,Joshua,Bartels,kai93@example.org,(046) 7495384,Ferwert,France,2024-06-09
MB003056,Fabian,Verhoeven,wolterseline@example.net,+31(0)36-7534679,Kamperland,Germany,2026-01-16
MB003057,Arthur,Bloemendaal,esmee00@example.net,068-1254023,Sluis,France,2026-01-04
MB003058,Fenna,Otte,riley81@example.org,+31(0)77-8337456,Rotstergaast,France,2026-02-10
MB003059,Naud,Jacquot,tomhermans@example.com,+31487 390625,Hantum,France,2024-11-24
MB003060,Fenne,Broek,kianslagmolen@example.com,(0631)-261887,Vleuten,Belgium,2025-07-31
MB003061,Micha,Bertho,weverrayan@example.com,+31(0)49-3902520,Jistrum,France,2025-12-30
MB003062,Maarten,van Berkel,sven88@example.org,+31(0)626-166836,Langeveen,France,2025-03-23
MB003063,Tirza,Adriaensdr,,+31981 150275,Heelweg,Germany,2024-03-14
MB003064,Anne,Mallien,nora28@example.net,002 7501248,Dwingeloo,Germany,2026-04-09
MB003065,Zara,Woutersz,dbroeshart@example.org,+3121-9923891,Egmond-Binnen,Netherlands,2026-06-16
MB003066,Linde,Hak,vengels@example.net,(0333)-465170,Doorn,Netherlands,2026-06-03
MB003067,Pippa,Blokland,ischokman@example.net,040 5493528,Mantgum,Germany,2025-05-16
MB003068,Feline,van Ham,mirthe58@example.net,(0986) 124111,Kalenberg,Germany,2023-09-17
MB003069,Mart,Veenstra,ewest-francie-van@example.net,0677 389075,Macharen,Belgium,2024-03-07
MB003070,Vera,van Gelder,bosbibi@example.com,+31(0)81 1056582,Hegelsom,Belgium,2023-10-05
MB003071,Lizzy,Stamrood,ndavid@example.org,0626 290682,Boschoord,Belgium,2025-08-14
MB003072,Dave,Niermann,timleene@example.com,(0596)-716614,Oss,Germany,2023-08-25
MB003073,Merel,Oosterhout,merijn87@example.com,0027 978219,Bronneger,Belgium,2025-03-16
MB003074,Tijn,van Wijk,jamievan-der-meulen@example.net,0876 416768,De Bult,Germany,2025-01-28
MB003075,Fem,Eelman,noudmens@example.com,(0075)-723483,Biezenmortel,Belgium,2024-10-01
MB003076,Alexander,Wunderink,julian50@example.org,(049)-3484535,Norg,Netherlands,2024-07-09
MB003077,Colin,Bud,puckhoppenbrouwer@example.org,+31601 118097,Burgerveen,Belgium,2023-09-09
MB003078,  Laurens  ,Ramaker,van-het-heerenveenjonathan@example.org,098 7311604,Uitwijk,Germany,2025-11-28
MB003079,Kick,Riem,yvan-de-greef@example.com,(0161)-598811,Raamsdonksveer,Germany,2024-12-12
MB003080,Lara,Nihoe,ztammerijn@example.org,073 1614175,Wons,Netherlands,2025-12-26
MB003081,Adriana,le Gallen,jennifervan-dommelen@example.net,(0998)-469441,Tzum,Belgium,2026-07-10
MB003082,Wouter,Recers,rouwenhorstdina@example.org,062-3562723,Schalkwijk,France,2023-10-24
MB003083,Nisa,Le Grand,mirtevan-dokkum@example.net,+31(0)06 7529539,Roosteren,Belgium,2025-07-27
MB003084,Dewi,van Allemanië,jasper12@example.com,012-0461851,Zevenbergen,Netherlands,2025-06-15
MB003085,Jim,Winnrich,britt53@example.com,+31400 456564,Muiden,Belgium,2025-03-17
MB003086,Zakaria,Smits,de-kortemaaike@example.com,(057) 0430722,Persingen,France,2025-01-08
MB003087,Sander,Flink,invalid.email,+31207-350749,Augustinusga,Belgium,2025-10-25
MB003088,Liz,Ferran,dvan-den-assem@example.com,(053)-9984115,Surhuizum,Germany,2024-05-20
MB003089,Luc,Blaak,collin99@example.net,+31504 875800,'t Harde,Netherlands,2024-08-21
MB003090,Benjamin,Welf,kvan-waas@example.net,051 5388428,Drempt,Germany,2024-04-27
MB003091,Sterre,Lucas,tijs83@example.com,+31216-981473,Amstelveen,Germany,2025-09-07
MB003092,Rosa,Berendse,ebrisee@example.com,+31(0)99 7780968,Doeveren,Netherlands,2024-10-08
MB003093,Mehmet,Heerkens,ilinschoten@example.net,+31210 717427,Bocholtz,Belgium,2025-08-05
MB003094,Valerie,Stoffel,hamzaheribert-van-laon@example.org,+3144-4108487,Almen,Belgium,2025-06-26
MB003095,Emir,Cadefau,mathijsjdotte@example.com,+31(0)76-6039405,Ulvenhout AC,Netherlands,2024-04-25
MB003096,Bjorn,Dijkstra,sbrievingh@example.net,087-4692954,Hommerts,Netherlands,2024-12-28
MB003097,Tijn,van der Sloot,van-der-lindenjoep@example.com,+31(0)565-493318,Oosterblokker,Netherlands,2025-05-08
MB003098,Bo,VAN DE VEN,zaalmerel@example.com,+31(0)954 653118,Dedgum,Netherlands,2025-07-25
MB003099,Daphne,Elbertse,jolie53@example.org,056-9571531,Leuvenheim,France,2024-07-09
MB003100,Kyra,Blonk,xde-gruijl@example.com,+3166-3302560,Zeist,Germany,2024-05-07
MB003101,Ayoub,van Ghoerle,lucalabado@example.org,+31(0)419-067810,Hommerts,France,2025-08-22
MB003102,Mart,Verheuvel,jennifer73@example.net,0425-616835,de Woude,Belgium,2026-05-18
MB003103,Chloë,Prinsen,tvan-beek@example.org,+3152 4066594,Rottevalle,Belgium,2025-10-06
MB003104,Amir,Knuf,ketellieve@example.com,(0287)-368920,Nijensleek,Belgium,2025-11-09
MB003105,Guusje,Uphus,victor95@example.org,+31390-260039,Marijenkampen,France,2023-08-22
MB003106,Giovanni,Velderman,koretcatharina@example.org,(097)-4700150,Oudheusden,Netherlands,2024-08-11
MB003107,Selina,Vervoort,maud86@example.net,+3190 9810295,Zierikzee,Netherlands,2026-07-16
MB003108,Feline,Goyaerts van Waderle,nvan-de-kooij@example.net,+3115-7515839,Sauwerd,Belgium,2025-03-29
MB003109,James,Knuf,lensenmaaike@example.org,+31036-819420,Oudenhoorn,Netherlands,2026-07-05
MB003110,Chloé,Dorsman,hidde97@example.org,+31(0)45 1024534,Winterswijk Kotten,Germany,2024-05-24
MB003111,Justin,van Parijs,de-roopim@example.net,0786 467419,Panningen,Germany,2024-12-20
MB003112,Rowan,Vergeer,eadryaens@example.net,0341 100553,Ouderkerk aan den IJssel,Germany,2024-10-30
MB003113,Isabelle,Lambers,lisavan-haeften@example.org,(0693) 121784,Idaerd,Netherlands,2024-03-09
MB003114,Vajèn,Langevoort,maaike43@example.org,036 2660959,Windraak,France,2024-04-05
MB003115,Julian,van Roijen,van-drenthemirthe@example.org,+31(0)855-729822,Legemeer,Germany,2024-04-29
MB003116,Ilse,Broekhoven,jakevan-ghoerle@example.org,044-5474968,Heesch,Belgium,2025-07-15
MB003117,Lizzy,Wigman,selberts@example.org,(057) 3551648,Warffum,Germany,2025-06-20
MB003118,Evie,Hehl,van-neszara@example.net,+31815-597638,Klijndijk,Netherlands,2025-02-18
MB003119,Aiden,van de Velden,hoogersjasmijn@example.com,(0840) 547481,Beerze,France,2024-11-14
MB003120,Amina,Giselmeyer,abel53@example.org,(0337)-356261,Neerlangel,Netherlands,2024-03-23
MB003121,Phileine,Ariens Ansems,gbrouwer@example.org,+31330 626549,Stad aan 't Haringvliet,France,2024-02-24
MB003122,Jurre,van Mispelen,sophievink@example.org,(069)-5406022,Eerbeek,Belgium,2025-12-17
MB003123,Elizabeth,de Grunt,zde-gruijter@example.com,0766 876618,Berltsum,Germany,2023-12-15
MB003124,Femke,Aarts,twanwagenvoort@example.net,(025)-1002249,Froombosch,Germany,2025-07-05
MB003125,Sjoerd,Kof,llensen@example.org,+3100-4200711,Burgwerd,France,2025-03-26
MB003126,Yassin,Heere,annerisma@example.com,+3153 3603582,Varsselder,Belgium,2024-08-13
MB003127,Collin,van de Coterlet,kian57@example.com,(0955)-528657,Nuth,Netherlands,2024-07-12
MB003128,Boris,van Dam,ter-waarbeekmerel@example.com,054-7498341,Siebengewald,Netherlands,2026-04-30
MB003129,Mohammed,Lamotte,maximvan-den-corput@example.org,+31(0)14-3981760,Terwispel,Germany,2025-06-17
MB003130,Giel,Goudriaan,marijn67@example.org,031 7430822,Witmarsum,Germany,2025-02-28
MB003131,Bas,Vergeer,palmanmirthe@example.org,+3199-3664738,Driebruggen,France,2024-08-09
MB003132,Dean,Kuipers,xvan-den-assem@example.com,(0922) 982749,Nijverdal,Belgium,2024-07-12
MB003133,Ilse,Cant,louwsimran@example.org,+3153 9822329,Aalsmeer,Belgium,2024-03-05
MB003134,Aron,JONKER,emmamaas@example.net,+31(0)73-5669871,Hendrik-Ido-Ambacht,Netherlands,2024-07-24
MB003135,Samuel,van Tuijl,annabelvan-dokkum@example.com,0740-494501,Kring van Dorth,Germany,2026-03-14
MB003136,Meike,van Bruchem,ccharon@example.org,(009) 8320907,Nederasselt,Netherlands,2025-06-20
MB003137,Dani,Boddaugh,lafleurjamie@example.org,+3103 3618423,Eerbeek,Belgium,2024-12-09
MB003138,Morris,Dirven,mathijsnihoe@example.com,+3109 4826440,Lellens,France,2025-04-18
MB003139,Inaya,Noordijk,johannes65@example.net,+3191 0445714,Sirjansland,Germany,2025-04-27
MB003140,Kian,Oude Heer,van-der-nootevelien@example.org,0705 320460,Cuijk,Netherlands,2026-03-01
MB003141,Joep,Blonk,mustafa78@example.com,(0932) 209313,Boelenslaan,Germany,2024-06-04
MB003142,Niek,Ridder,sjoerdhollander@example.net,+31(0)96 4662205,Kapelle,Netherlands,2025-04-14
MB003143,Loes,Aertsz,daan88@example.net,073 7692826,Zandvoort,Belgium,2023-08-12
MB003144,Iris,de Plantard,matthijsgellemeyer@example.org,(075)-1648972,Tjalhuizum,Netherlands,2025-10-27
MB003145,Arthur,van Orleans,joelle10@example.com,+31591 380980,Dronten,Belgium,2024-05-30
MB003146,Tijs,Ridder,van-ginkeladam@example.com,0996 179641,Mookhoek,Germany,2025-08-16
MB003147,Catharina,Brievingh,sil47@example.org,+3197-0000180,Bosschenhoofd,Belgium,2024-01-15
MB003148,Lenn,Vermeulen,pippa51@example.net,0730-805968,Stavoren,France,2026-02-18
MB003149,Bilal,Olykan,wsaxo@example.com,+31(0)404-612936,Hoogeveen,France,2024-02-06
MB003150,Sven,Ponci,tklomp-jan@example.com,+3192 3271883,Hobrede,Netherlands,2025-03-19
MB003151,Finn,Spanhaak,scholtenjim@example.org,024 8863789,Monster,Netherlands,2025-05-17
MB003152,Pieter,die Witte,,0323 101412,Annen,Netherlands,2023-12-17
MB003153,Lily,Verboom,zeynepde-jong@example.net,+31923-665626,Gieten,France,2024-08-05
MB003154,Robin,van Wijk,tessa39@example.net,(0129) 012616,Kelpen-Oler,Germany,2026-06-30
MB003155,Puck,Mathol,olabado@example.com,(0156)-192597,Velserbroek,Germany,2025-12-13
MB003156,Maria,Zwart,gerrit16@example.net,0301-315745,Meedhuizen,Belgium,2023-08-24
MB003157,Isabella,van Noordeloos,tvan-voorhout@example.org,+31(0)414 037550,Nijeholtwolde,Germany,2026-01-24
MB003158,Tim,Die Bont,ovan-den-nyeuwenhuysen@example.net,094 1169343,Rogat,Germany,2026-05-08
MB003159,Inaya,Bierstraten,noaspreeuw@example.net,070 3879692,Zuidoostbeemster,Belgium,2025-11-11
MB003160,Megan,de Man,kunenlize@example.org,(004) 3405224,IJhorst,Netherlands,2026-04-08
MB003161,Fabian,Gnodde,jari57@example.org,(012) 3646540,Bronkhorst,Netherlands,2026-02-11
MB003162,Britt,de Marduras,rosalie57@example.org,0662 826876,Oldeberkoop,Belgium,2025-12-20
MB003163,Leon,Merkx,kuiperecrin@example.com,+31(0)969 715827,Uithuizen,France,2026-04-07
MB003164,Tijs,Billung,milabecht@example.org,(0303)-884426,Eelde,Belgium,2024-05-04
MB003165,Lise,Vermeulen,xvan-arnsberg@example.org,+3146 7059092,Basse,Germany,2025-11-22
MB003166,Amina,Pratt,abelde-boer@example.org,+31(0)31 9246634,Oostrum,Netherlands,2023-12-19
MB003167,Roos,Scheer,riddermaxim@example.com,(020)-4545736,Horssen,Germany,2023-10-24
MB003168,Ize,Schelvis,lizaverbeeck@example.org,(028)-6539114,Schinveld,Belgium,2025-10-14
MB003169,Mehmet,de Smit,gvan-stralen@example.net,(054) 1614069,Hoog-Keppel,Germany,2024-12-06
MB003170,Selena,Woutersz,van-mareimran@example.com,009 2476873,Gassel,Netherlands,2026-02-05
MB003171,James,Nedermeijer,tielemanschris@example.com,(0088)-285813,De Wilp,Netherlands,2025-08-11
MB003172,Fem,van Duvenvoirde,kian04@example.org,+31(0)514-591146,Boven-Leeuwen,Belgium,2024-10-05
MB003173,Kai,Verbruggen,rafgalenzone@example.net,096-9920061,Benneveld,Netherlands,2025-06-27
MB003174,Lisanne,van de Weterink,van-drenthegerrit@example.org,+31310 691216,Bleskensgraaf ca,Netherlands,2024-07-08
MB003175,Tirza,Vergeer,gde-bruyn@example.org,+31099-375418,Zutphen,France,2026-02-06
MB003176,Lena,Dekker,dschelvis@example.com,+3199-7791102,Woudbloem,France,2025-03-29
MB003177,Nienke,ter Waarbeek,xde-jode-vastraedsd@example.com,085 3285461,Millingen aan de Rijn,France,2023-10-27
MB003178,Jonas,Chrodtrud,juul78@example.net,0542-315510,Lottum,Netherlands,2025-10-06
MB003179,Aiden,Uittenbosch,joep16@example.com,+3136-7721988,Ootmarsum,Germany,2024-12-17
MB003180,Quinten,Hoekstra,lizzvan-den-nuwenhijsen@example.org,0644 873899,Haskerdijken,Netherlands,2026-04-04
MB003181,Teun,Neuzerling,maximpersijn@example.org,+31(0)285 525189,Lopik,Belgium,2025-01-24
MB003182,Isabella,Uphus,liamde-bruin@example.org,+3177 5515239,Nieuw-Balinge,Belgium,2023-10-25
MB003183,Fabian,Bierstraten,grecer@example.net,(098)-4524030,Schiermonnikoog,France,2024-08-16
MB003184,Ashley,Brisee,sennsanders@example.com,+31483 708435,Heel,Netherlands,2024-05-11
MB003185,Florian,van den Pol,wutkebeau@example.com,(0353)-209900,Jirnsum,Germany,2025-09-30
MB003186,Lana,Coenen,,(0782) 684137,Nieuw-Buinen,Germany,2024-09-23
MB003187,Cato,van Es,ajaceps@example.org,(007) 5610809,Stokkum,Netherlands,2025-09-24
MB003188,Angelina,Cadefau,sten91@example.com,+31(0)835-824515,Pieterzijl,Netherlands,2023-11-30
MB003189,Thijn,Stettyn,fay56@example.com,(0075)-308356,Alteveer,France,2026-06-01
MB003190,Amélie,van Dam,tvan-engelen@example.org,+3136 1509355,Den Ilp,Germany,2025-03-15
MB003191,Aylin,Schakelaar,hdemmendaal@example.org,(087) 9147807,Poortugaal,Belgium,2024-02-27
MB003192,Jenna,Huijzing,weylandsami@example.org,+31222-196562,Tiendeveen,Belgium,2026-04-17
MB003193,Olivier,Brumleve,joel00@example.com,070-0018430,Wouw,France,2025-01-18
MB003194,Kate,Scholten,lennvan-der-veen@example.org,+31(0)11-4808152,Zwinderen,Belgium,2025-01-25
MB003195,Beau,van Mil,evan-drenthe@example.net,+3108 3729886,Oud Ade,Germany,2026-02-11
MB003196,Sep,Kerkhof,josephine93@example.net,+31796 144356,IJzendijke,Belgium,2025-04-29
MB003197,Luka,de Jong,elize38@example.org,0145-790385,Baak,Germany,2026-06-16
MB003198,Jade,Jonkman,hugohorrocks@example.com,+31171 118103,Kortehemmen,Germany,2025-09-18
MB003199,Lauren,Brisee,helena43@example.com,+3113-3879012,Doornspijk,France,2026-03-29
MB003200,Puk,Vermeulen,mariade-keijzer@example.org,+3194 2762356,Hollum,Netherlands,2025-07-10
MB003201,Jennifer,Jekel,van-munstersenn@example.net,+31539-626282,Diessen,Netherlands,2026-04-10
MB003202,Laura,Lind,marevan-der-loo@example.com,+31563 294511,Nuis,France,2026-03-18
MB003203,Milan,Bruijne van der Veen,eveliendie-bont@example.net,+31(0)893 549369,Nij Altoenae,Belgium,2024-04-19
MB003204,Daniel,Brievingh,vvan-doorn@example.org,(0382)-494339,Ingber,Netherlands,2023-09-25
MB003205,Jayda,van den Bosch,nickdoesburg@example.org,(083) 5514909,Oldebroek,France,2024-11-16
MB003206,Dave,Mathurin,zoeykuijpers@example.com,(066) 1671860,Ransdaal,Netherlands,2026-03-13
MB003207,Isabel,Kof,,+31(0)403 012861,De Rips,France,2024-12-01
MB003208,Renske,Sprong,kmoensendijk@example.net,0299 482714,Koudum,Netherlands,2025-08-02
MB003209,Olivia,Janse,tygo61@example.org,+3168-8280327,De Heurne,France,2023-12-31
MB003210,Nout,van der Avoirt,annabel56@example.com,+31(0)773 848925,Vierhuizen,Germany,2024-12-16
MB003211,Ashley,de kale,nvan-der-steen@example.org,(058) 3064397,Lent,France,2024-10-07
MB003212,Rayan,Kriens,mohammedbastiaense@example.org,(093) 9271508,Molkwerum,Germany,2026-02-24
MB003213,Michael,van Mare,thijmen33@example.net,0114-477260,Suwâld,Belgium,2023-12-07
MB003214,Fleur,Draaisma,ouwellena@example.net,(0999) 877938,Easterein,Netherlands,2023-10-17
MB003215,Mia,van Hagen,yjoosten@example.net,+31(0)130 222801,Lippenhuizen,Belgium,2025-03-24
MB003216,Juliette,van Hoevel en van Zwindrecht,loes13@example.com,052 4063516,Stoutenburg Noord,France,2023-12-03
MB003217,Pleun,van Gorp,mees08@example.net,+3182 2750078,Landgraaf,Belgium,2025-04-29
MB003218,Bradley,van Embden,iariens-ansems@example.org,+3143 6951908,Tzum,France,2023-10-30
MB003219,Joshua,Rek,nynkehexspoor@example.org,+31(0)202-668861,Hellouw,Netherlands,2024-04-29
MB003220,Joep,van der Leek,genefaasmax@example.com,+31033 893508,Zoetermeer,Belgium,2025-09-12
MB003221,Janne,Kosten,maartje61@example.net,+31(0)196-965769,Vessem,Belgium,2024-05-05
MB003222,Robin,van Beaumont,wouters-van-eijndhovenjohanna@example.com,0432-774570,De Koog,Netherlands,2026-07-17
MB003223,Timo,Wunderink,gielschrant@example.org,(0382)-649802,'s-Heerenhoek,Netherlands,2025-08-20
MB003224,Lorenzo,de Vries,damianvan-den-heuvel@example.org,(0811)-772140,Nuth,France,2026-07-10
MB003225,Luc,de Backer,uvan-schevinghuizen@example.net,081 6023455,Westdorp,France,2025-04-06
MB003226,Britt,de Roo,duuk43@example.net,+31(0)57-9098182,Zijdewind,Belgium,2026-07-15
MB003227,Lucas,van Arkel,elenavan-ghoerle@example.org,+31267-006122,Oudenbosch,Germany,2025-03-30
MB003228,Joost,van Luinenburg,vkrabbe@example.net,005-5243419,Volkel,Belgium,2024-04-29
MB003229,  Zara  ,van Rijnsbergen,ksarneel@example.net,+31968 087296,Opheusden,Germany,2025-05-30
MB003230,  Dean  ,Vierdag,heijmanjanne@example.org,027 9696591,Opende,Germany,2026-04-12
MB003231,Jason,Recers,sarah47@example.org,(0577) 148784,Gemert,France,2024-06-23
MB003232,Jolie,Post,qvan-ooste@example.net,+31391-293973,Nieuwpoort,Belgium,2025-05-25
MB003233,Maartje,van Berkum,de-korterosa@example.org,+31(0)15 8876863,Lochem,France,2024-07-04
MB003234,Keano,Serra,vboddaugh@example.org,+31(0)83 1156050,Mussel,France,2023-10-24
MB003235,Berend,van Loon,jinthe63@example.org,+31403-697521,Beemte Broekland,Netherlands,2024-12-15
MB003236,Jari,Peters,fenna07@example.org,(019) 8502770,Mill,Netherlands,2023-10-27
MB003237,Evi,mARTENS,fleurzaal@example.org,+31467-067432,Blokker,Netherlands,2025-07-01
MB003238,Sjoerd,Leene,yvan-der-berg@example.net,+3108 4287259,Ee,Netherlands,2024-09-03
MB003239,Marinus,die Witte,azra86@example.net,+3132 5650227,Wilhelminaoord,France,2026-02-11
MB003240,Liv,van de Wal,jansdrbritt@example.com,0914-944072,Heibloem,France,2026-05-05
MB003241,Janna,Wouters van Eijndhoven,yshupe@example.org,0694 378301,Foxwolde,Germany,2025-12-30
MB003242,Esmee,Blonk,evelienjeggij@example.net,+31553-618644,Dalerveen,France,2023-10-30
MB003243,Eline,van Rijnsbergen,cstuivenberg@example.org,+3130 4995035,Garsthuizen,Netherlands,2023-12-26
MB003244,Nikki,Massa,pimjacobs@example.com,(0529)-069686,Well,France,2023-08-17
MB003245,Lena,van Oostendorp,kyra48@example.net,027 6259029,Baambrugge,France,2024-01-19
MB003246,Esther,Geerling,ecrinthomas@example.com,084-5883928,Ansen,France,2025-06-10
MB003247,Thijmen,Potters,dekkeresila@example.net,+31(0)009-335584,Marwijksoord,Germany,2025-01-23
MB003248,Feline,de la Fleche,teunvan-de-ven@example.org,(0164)-076340,Angerlo,Netherlands,2026-03-23
MB003249,Dex,Karels,seth89@example.com,035 5974278,Melderslo,Netherlands,2026-03-14
MB003250,Juul,Koning,liekevan-de-eerenbeemt@example.org,+31(0)038-641426,Stitswerd,Germany,2026-06-09
MB003251,Suze,Wever,de-jongematthijs@example.net,0096 757979,Linden,Belgium,2024-08-01
MB003252,  Anouk  ,van Geenen,lijnpieter@example.net,+31(0)906 291318,Krimpen aan de Lek,Netherlands,2025-07-31
MB003253,Ella,Brisee,thijn16@example.org,(047) 9507202,Hommerts,Germany,2024-02-16
MB003254,Sofie,Scharroo,ibrahim75@example.com,0841 823112,Borssele,Germany,2024-07-17
MB003255,Luuk,Kosten,sde-nijs@example.com,+31327-973565,Vethuizen,Germany,2025-11-11
MB003256,Youssef,Meijer,selenadennenberg@example.org,+31(0)547-507322,Doniaga,Netherlands,2024-06-23
MB003257,Joost,de Gruil,mayabuijs@example.org,0627-118255,Bronnegerveen,Germany,2025-08-14
MB003258,Marinus,Blokland,bilaljdotte@example.com,0332-790801,Houwerzijl,Germany,2026-02-09
MB003259,Aiden,Estey,sanne49@example.com,0261-904937,Hernen,Germany,2026-04-08
MB003260,Jaylinn,Kamp,amina84@example.org,+31(0)280-067829,Mariënberg,France,2025-08-24
MB003261,Mustafa,Bos,stan62@example.net,+31481-498942,Middelie,Belgium,2025-07-10
MB003262,Sophia,van de Noordmark,joel07@example.net,073-5755097,Odoornerveen,Germany,2025-06-22
MB003263,Joost,Kathagen,lafleurhendrik@example.org,+31(0)20 7324050,Franeker,Netherlands,2024-12-10
MB003264,Mirte,Heijmans,noahouwel@example.com,0529 998427,Leuvenheim,Germany,2024-05-10
MB003265,Micha,van der Lede,ypotters@example.org,+31(0)989-923994,Limbricht,Germany,2026-02-14
MB003266,Quinn,Schakelaar,lindseybacker@example.com,(039)-4219962,Yerseke,France,2024-01-07
MB003267,Olivia,van Stralen,wkolster@example.net,+3197 6233250,Hornhuizen,France,2023-12-27
MB003268,Maartje,Meeres,wboddaugh@example.org,+31(0)70 3517240,Eemdijk,Germany,2025-05-17
MB003269,Fenne,van Landen,vde-la-fleche@example.com,+31602-244539,Haskerdijken,Germany,2025-05-18
MB003270,Mark,Volcke,vigomuijs@example.net,+31(0)17-2765464,Hedel,Germany,2024-12-10
MB003271,Koen,Meis,joeyhoogers@example.net,043-1402327,Neerijnen,Germany,2025-02-05
MB003272,Sophia,Poncelet,lonenkick@example.net,+31860-856950,Wormer,Germany,2025-10-05
MB003273,Kyan,Wunderink,dorsmanelena@example.com,+3197-4002775,Fochteloo,France,2025-10-31
MB003274,Vigo,van Ooste,evijoosten@example.net,0454 315074,Mookhoek,Belgium,2025-04-03
MB003275,Merle,Greij,kschuurmans@example.org,(083)-3859618,Ovezande,France,2025-12-29
MB003276,Rick,Kisman,slaetsdochtervalentijn@example.org,099-4874191,Walsoorden,Belgium,2024-02-03
MB003277,Angelina,Niermann,fennedachgelder@example.net,+31(0)712-787704,Hartwerd,Belgium,2024-08-07
MB003278,Esmee,Puig,annabel69@example.org,(006)-9448727,Varsseveld,Netherlands,2023-09-08
MB003279,Felix,Scardino,kayleigh30@example.org,+31290-729305,Waarde,Netherlands,2024-08-02
MB003280,Levi,Roodesteijn,bjorn73@example.com,+31(0)48 1822882,Deil,France,2025-08-14
MB003281,Kim,Palman,matthijserhout@example.org,+31766 217981,Giethmen,Netherlands,2026-07-06
MB003282,Julian,van den Velden,elinde-groot@example.org,032-1065209,Posterholt,Netherlands,2023-12-07
MB003283,Jennifer,Kremer,van-vermandoishugo@example.org,+3169 1782995,Heerle,Belgium,2023-12-18
MB003284,Bastiaan,de Bont,arensmare@example.com,(014)-9237234,Ohé en Laak,Netherlands,2024-07-18
MB003285,Sander,Rijntjes,van-goerlepien@example.net,(043)-1299871,Swalmen,Germany,2024-03-07
MB003286,Anne,van Duivenvoorde,hde-bont@example.com,(0592) 308066,Odoorn,Germany,2026-01-27
MB003287,Levi,Peronne,mbolkesteijn@example.org,+3112-6191580,Stroe,Germany,2025-01-14
MB003288,Catharina,Stamrood,arthurgeerts@example.com,(022) 9387423,Rotsterhaule,France,2026-07-20
MB003289,Levi,van der Horst,scholtenbenthe@example.org,+31(0)02-9043966,Uithuizermeeden,Belgium,2026-04-14
MB003290,Pippa,The Elder,iwillems@example.net,+3159 4642572,Goënga,France,2025-10-22
MB003291,Sophie,Joosten,florianvan-munster@example.com,(0427) 973843,'s-Hertogenbosch,France,2026-03-28
MB003292,Justin,Dirven,elizabriere@example.net,+31913-674748,Zevenhuizen,Netherlands,2026-02-13
MB003293,Dion,Horrocks,xwensen@example.net,0710-563878,Nieuwe Wetering,Netherlands,2025-07-25
MB003294,Niels,de Vries,bolkesteijnnathan@example.org,+31101 702216,Lengel,Netherlands,2024-05-01
MB003295,Arie,de Leeuw,elisevan-den-henst@example.net,+31598-463824,Jellum,France,2026-05-04
MB003296,Mustafa,Romijn,jvierdag@example.org,0620-051612,Zenderen,Belgium,2024-07-18
MB003297,Amber,Hagendoorn,jonasvan-geenen@example.com,039-1431711,Pingjum,Netherlands,2025-07-03
MB003298,Elise,Peters,imranvan-der-noot@example.net,,Witte Paarden,Netherlands,2026-06-27
MB003299,Milou,Dijkman,puck45@example.com,(0048)-224933,Eursinge,Netherlands,2025-07-06
MB003300,Inaya,van Hoevel en van Zwindrecht,sennakruns@example.org,+31093 361190,Geesbrug,Germany,2026-07-22
MB003301,Amir,Scheffers,danique98@example.net,(0935) 295126,Gemonde,Germany,2025-12-03
MB003302,Amélie,Verharen,terrydex@example.net,(0261) 688402,Aerdt,Belgium,2025-06-24
MB003303,Abel,Bresse,broederssenna@example.org,+31110-142061,Anevelde,Germany,2024-02-22
MB003304,Lucas,Pauwels,moenensophia@example.org,+3159-7100720,Goëngahuizen,France,2025-11-02
MB003305,Vince,Vandenbergh,mees53@example.net,+31(0)135 663424,Enschede,France,2026-07-04
MB003306,Ise,Ketel,yde-jager@example.com,+3139 0142853,Sinderen,France,2024-08-25
MB003307,Anouk,Becht,beourgeoissep@example.com,034 3646028,Hoogerheide,Belgium,2024-11-11
MB003308,Thijs,van der Zijl,jvan-wickerode@example.com,+31(0)059-127850,Nispen,Netherlands,2025-07-26
MB003309,Lizzy,Soos,keijzerelena@example.org,(018) 1542735,Renswoude,France,2024-10-09
MB003310,Hugo,Stange,van-mookceylin@example.com,(009)-8434101,Doesburg,France,2025-01-27
MB003311,Dion,van Orleans,oosterhekmare@example.net,+3116-1447091,Tollebeek,France,2024-07-27
MB003312,Micha,Stuivenberg,jelle32@example.org,(030)-7485131,Nijhuizum,Germany,2024-09-16
MB003313,Jonathan,van Ginneke,mats60@example.com,0831 117243,Wagenborgen,France,2024-05-17
MB003314,Gerrit,Spanhaak,keanomatthews@example.org,061 2088548,Broekland,France,2024-10-12
MB003315,Joy,van Hamaland,jayson72@example.org,+31835 139970,Almen,Germany,2023-08-06
MB003316,Gerrit,Roukes,isabelle97@example.org,+31413 499879,Zalk,Belgium,2024-11-27
MB003317,Simon,Rijcken,lamoremilou@example.com,(0715) 363828,Britswert,Germany,2026-04-14
MB003318,Benthe,Brouwer,bastiaanvan-de-kooij@example.org,(0642) 548778,Maastricht-Airport,Belgium,2024-12-22
MB003319,Yasmin,Lafleur,muhammedvan-boulogne@example.net,(0499) 502209,Bakhuizen,France,2026-07-27
MB003320,Adam,Bekbergen,ymeis@example.org,+31(0)30-3416782,Nieuw-Lekkerland,Belgium,2024-09-23
MB003321,Gijs,van Grinsven,van-engelensiem@example.com,(0970)-555120,Sibculo,France,2026-01-16
MB003322,Bilal,Prins,wildschutdani@example.net,+3187 2306019,Rolde,Germany,2023-11-27
MB003323,Jari,Hehl,juulwijland@example.net,+31(0)704-380175,Scharsterbrug,Netherlands,2025-10-10
MB003324,Annabel,van de Noordmark,zeynepvan-baalen@example.net,+31790-211299,Baarn,Germany,2025-08-31
MB003325,Jente,Hemma van Allemanië,sepp21@example.org,+3175 8911650,Ommen,Netherlands,2026-04-27
MB003326,Kyano,de Vries,nluboch@example.org,(0887)-102977,Nijeholtpade,Netherlands,2026-04-16
MB003327,Kian,Maaswinkel,cboudewijns@example.net,+3137 9350375,Wetering,France,2024-10-22
MB003328,Jordy,van Breukeleveen,lucabourgondie-van@example.net,+31(0)264-222422,Oosthem,Belgium,2025-11-07
MB003329,Lois,Steenbeek,yassin43@example.org,+31579 082545,Maarheeze,Netherlands,2025-12-09
MB003330,Tijn,Claesdr,kuijpersisabel@example.com,+31(0)06-6499551,Middelharnis,Netherlands,2024-03-13
MB003331,Azra,Jekel,tijsschagen@example.com,+31(0)489-572358,Zuidveld,Netherlands,2025-12-19
MB003332,Ryan,van Dommelen,laurapasman@example.net,(0791) 801326,Baarle-Nassau,Netherlands,2025-06-09
MB003333,Janna,de Pauw,bakkermathijs@example.com,+31(0)127-526351,Breskens,France,2024-04-25
MB003334,Thijmen,van Maasgouw,wvan-de-weterink@example.net,+31(0)796-982969,Termunterzijl,Netherlands,2023-08-29
MB003335,Lena,Linschoten,lize00@example.com,+3197-7720677,Renesse,Netherlands,2024-09-04
MB003336,Linn,le Guellec,ivan-breugel@example.org,(067)-8091294,Laag-Soeren,Netherlands,2024-03-30
MB003337,Robin,Steenbakkers,lcharon@example.org,+3168-5850713,Lienden,Netherlands,2024-06-27
MB003338,Ryan,Waltrade Walderade,rehorstdanique@example.net,+31(0)721 037338,Castenray,Germany,2024-09-20
MB003339,Lieke,van Geenen,kimsymons@example.com,,Lucaswolde,France,2025-09-12
MB003340,Muhammed,Bronder,puck85@example.com,+3111 9356626,Valthermond,Belgium,2025-01-24
MB003341,Jade,Rackham,wessel68@example.org,+3190-6049356,Delft,Belgium,2024-12-31
MB003342,Ise,de Jode Vastraedsd,van-munsterrens@example.org,+31(0)716-886854,Nunspeet,Belgium,2025-09-10
MB003343,Vincent,van Formbach,amina41@example.org,+31164-743875,Ginnum,Netherlands,2025-09-04
MB003344,Sanne,van Kuijc,sami20@example.net,017 7050498,Hoevelaken,France,2024-04-16
MB003345,Jake,Kof,jonkerayden@example.org,044 9857355,Easterwierrum,France,2024-07-14
MB003346,Kyara,van den Broek,tijnkoeman@example.org,+3140 5478847,Klazienaveen,Germany,2026-06-22
MB003347,Jasper,Bellemans,elisavan-beeck-beeckmans@example.com,+3149-2483792,Húns,France,2024-03-18
MB003348,Benjamin,van Bentheim,helenanijman@example.org,+3130 1629689,Zundert,Germany,2025-07-25
MB003349,Jayda,Kok,bvan-veen@example.com,(014) 3565734,Smallebrugge,Germany,2025-01-10
MB003350,Bjorn,Loep,aschmanjoshua@example.com,059-6710443,Zuurdijk,France,2026-06-01
MB003351,Lex,Perrono,indymol@example.org,(0821)-611145,Bronneger,Germany,2026-07-27
MB003352,Justin,Sanders,loes35@example.org,0753-087070,Spijk,France,2024-12-19
MB003353,Maja,van Breukeleveen,,0864-107109,Nieuwaal,France,2024-07-30
MB003354,Roos,van Doorn,jansdrfiene@example.com,(0809) 189037,Aalten,Netherlands,2025-11-20
MB003355,Zoey,Wolzak,lucasde-kok@example.net,+3134 5095838,Nijeholtpade,France,2023-11-10
MB003356,Fem,Bierstraten,bvan-der-heiden@example.com,(0416)-538222,Heumen,Netherlands,2024-06-05
MB003357,Jurre,Claesdr,lindtijmen@example.com,+31(0)70 6779653,'t Goy,Belgium,2023-11-29
MB003358,Amin,Noordijk,jenna71@example.com,(087) 5110961,Stiens,Belgium,2024-08-27
MB003359,Amélie,Bresse,sam06@example.org,0166-802814,Dinteloord,Belgium,2025-08-14
MB003360,Emily,Uphaus,isabel48@example.com,003 2661767,Vessem,Netherlands,2026-05-08
MB003361,Anna,van Saksen,wfremie@example.net,(0290) 376793,Vethuizen,Netherlands,2026-06-21
MB003362,Lauren,Huisman,zvan-ham@example.net,+3162 7486290,Gasselternijveenschemond,France,2026-05-31
MB003363,Karlijn,Lagerweij,broekhovenfleur@example.org,+31763 844068,Lambertschaag,France,2023-09-24
MB003364,Bart,van de Ven,collinvan-leeuwen@example.com,(0306) 850278,Balkbrug,Belgium,2023-08-08
MB003365,Maryam,van Dommelen,lmarchal@example.com,(0959) 339775,Vorstenbosch,Belgium,2026-02-20
MB003366,Lizzy,Stange,kick58@example.net,+31(0)801 046220,Nieuw-Schoonebeek,Belgium,2025-08-14
MB003367,Leon,van Santen,noorvan-der-klein@example.org,(0489) 631756,Marijenkampen,Belgium,2024-11-01
MB003368,Aya,Kalman,de-mardurascornelia@example.net,065 1366909,Gelderswoude,Netherlands,2026-04-30
MB003369,Rens,van Baalen,cde-jager@example.com,+31(0)048 191509,Loerbeek,Germany,2025-02-12
MB003370,Jonas,Goedhart,loekde-vroege@example.com,(0895)-748755,Yerseke,Belgium,2024-12-05
MB003371,Jonathan,Guit,van-geenentobias@example.com,084-9090886,Doetinchem,France,2026-04-21
MB003372,Olivia,van Henegouwen,xwigman@example.org,(0339)-170513,Winterswijk Henxel,Germany,2026-06-19
MB003373,Vince,Timmermans,rikvan-ginneke@example.com,+31(0)100 189339,Helmond,Belgium,2024-07-26
MB003374,Emir,van Dongen,lblom@example.com,,Hoogvliet Rotterdam,France,2025-03-09
MB003375,Thom,de Graaf,pvan-de-leemput@example.org,+31(0)75-4539719,Easterlittens,Germany,2025-04-13
MB003376,Koen,Ooms,geertsenmerijn@example.net,(048) 4982441,Hieslum,France,2023-11-16
MB003377,Jorn,van den Berg,van-de-veenise@example.org,+31287 100467,Culemborg,France,2023-08-25
MB003378,Hugo,Symons,,+31(0)243-678872,Wachtum,France,2025-02-12
MB003379,Sam,Kolen,dijkmanevie@example.net,+31(0)82-0511234,Molkwerum,Netherlands,2025-08-10
MB003380,Guus,Kerkhof,wjoosten@example.com,+31(0)00 2597255,Goor,Netherlands,2026-03-07
MB003381,David,Berends,van-bovenejohannes@example.org,+31(0)872 629801,Steenenkamer,Germany,2025-04-22
MB003382,Liz,Adriaense,louwsbente@example.net,+31(0)32-6053144,Stroe,Netherlands,2024-06-21
MB003383,Ayoub,van Leuven,milan49@example.net,+31(0)96-2761935,Demen,Belgium,2024-07-21
MB003384,Sara,Lamore,bramvan-oirschot@example.org,+31(0)677-273708,Bakhuizen,France,2023-11-12
MB003385,Jesper,le Guellec,van-berniciajordy@example.com,(014)-1503175,Oudehaske,Germany,2024-02-29
MB003386,Emir,Adelaar,verboomjordy@example.net,0904-234222,Sevenum,Germany,2025-02-10
MB003387,Angelina,Boetet,feline40@example.com,+31107 638662,Zeerijp,Netherlands,2023-09-26
MB003388,Florian,Kirpenstein,van-der-berghelena@example.net,+31074 230721,Anna Paulowna,Netherlands,2024-05-23
MB003389,Laurens,Verboom,nisakrabbe@example.com,(0550) 169476,Zuidoostbeemster,France,2026-07-02
MB003390,Aron,Buijs,gruijllizz@example.org,+3184-9418577,Delft,Germany,2026-03-06
MB003391,Melle,van Dongen,kayleighmater@example.net,078 5390881,Hank,Netherlands,2024-01-23
MB003392,Cato,van der Veen,sienna80@example.com,+3156-8395630,Sumar,Germany,2025-05-15
MB003393,Thomas,Hermans,lucasmaaswinkel@example.net,(063)-0832846,Erm,Germany,2025-12-09
MB003394,Thijs,Huisman,leon79@example.org,(0409) 579079,Dalfsen,Netherlands,2024-09-08
MB003395,Melissa,van de Biesenbos,isabel36@example.net,+31(0)17 6759380,Huizen,Belgium,2026-04-08
MB003396,Vajèn,Vink,naomikoeman@example.org,+31639 063489,Onna,Germany,2023-12-13
MB003397,Mike,Bouwhuisen,zkonings@example.com,+31126 681638,Radio Kootwijk,Germany,2025-12-23
MB003398,Yasmin,d' Heripon,evie74@example.net,(079) 8702971,Tilburg,Germany,2026-07-07
MB003399,Melissa,van de Elzas,oliviervan-tuijl@example.org,(0437) 753315,Sassenheim,Netherlands,2026-05-27
MB003400,Luka,Kriens,ebecht@example.org,007-2924574,Abbega,France,2024-10-27
MB003401,Sem,van Dillen,svenslagmolen@example.com,(0334) 142230,Hoornsterzwaag,France,2025-08-31
MB003402,Morris,Everts,aliciabooden@example.com,+31(0)443 137955,Bergen L,France,2024-02-27
MB003403,Amélie,van Berkel,lauren64@example.com,+3103 0869066,Diepenveen,France,2024-09-09
MB003404,Cas,van Arnsberg,vvan-oostendorp@example.org,(0913)-342340,Mijnsheerenland,France,2024-12-07
MB003405,Noortje,van Oirschot,van-de-bergbenthe@example.com,+31(0)677-902560,Foudgum,France,2025-08-22
MB003406,Felix,van Munster,westerbeektess@example.org,+3107-4345522,Hidaard,Belgium,2025-03-25
MB003407,Fleur,Sterkman,wbacker@example.org,(0942)-294041,De Zilk,Netherlands,2024-12-04
MB003408,Sander,de Lange,jaydavan-den-eijssel@example.com,+31156 624769,Lollum,Belgium,2024-01-04
MB003409,Charlotte,van Vermandois,bilal99@example.org,0059 254659,Ellertshaar,Netherlands,2026-05-16
MB003410,Janna,de Vroege,elsenaarmirte@example.com,+3141-0798876,Diemen,Belgium,2026-02-02
MB003411,Bo,Hermans,dana70@example.net,+31(0)684-717125,Witteveen,Belgium,2023-12-01
MB003412,Jesper,van der Velden,janna20@example.org,+3117-0320016,Horn,France,2026-06-18
MB003413,Meike,van Ooyen,myrthe54@example.org,+31(0)888-976074,Snelrewaard,Netherlands,2025-12-30
MB003414,Lotte,Zuijdveld,vertoorsenn@example.net,+3183-4421333,Waalwijk,Germany,2026-06-24
MB003415,Vajèn,Levesque,,095 4203991,Vogelwaarde,Germany,2025-02-15
MB003416,Loïs,Matthews,boodenjasmijn@example.org,082 7442717,Vriezenveen,Belgium,2024-05-29
MB003417,Xavi,van Veen,berthoamir@example.org,(041)-8679631,Grathem,France,2025-10-15
MB003418,Philip,de Vries,ubuijs@example.org,080 3180290,Nijeholtpade,France,2025-05-26
MB003419,Thijn,Oemencs,schermsmerel@example.com,0300-670541,Boksum,Belgium,2025-08-19
MB003420,Roos,Jansen,aweeldenburg@example.net,+3146-6612101,Musselkanaal,Germany,2025-02-10
MB003421,Siem,Huel,mansveldlena@example.com,+31(0)532-876718,Harmelen,Belgium,2023-10-05
MB003422,Mart,van den Bosch,corstiaensvajen@example.net,+31268 258618,Achtmaal,Netherlands,2024-01-04
MB003423,Maxim,van Bernicia,valerie60@example.org,+3154 1142788,Goor,Germany,2023-10-23
MB003424,Helena,de Lange,maria52@example.com,0932 488904,Drempt,Netherlands,2024-01-15
MB003425,Amir,Govarts,van-formbachdaniel@example.org,(0070) 750045,Lauwerzijl,Belgium,2026-02-19
MB003426,Nova,Wilson,linnrecers@example.net,(0440)-115878,Lith,Belgium,2024-08-20
MB003427,Sofia,Geldens,pblom@example.org,+31(0)185 993369,Warffum,Germany,2023-09-07
MB003428,Finn,Broeckx,jvandenbergh@example.org,0133-276049,De Hoeve,Germany,2025-06-08
MB003429,Faas,van Jumiège,mustafa62@example.net,+3197-7313885,Deest,Germany,2024-08-14
MB003430,Pim,van Enschot,tijmenvan-es@example.org,0212 313146,Wijk en Aalburg,Belgium,2026-04-20
MB003431,Sanne,Doornhem,svan-der-avoirt@example.com,(0126) 012305,Hasselt,France,2024-12-23
MB003432,Kiki,Michiels,ycosman@example.org,+3107 0378756,Terschuur,Germany,2026-03-22
MB003433,Linde,van Wickerode,casper59@example.org,+3129 8187155,Koedijk,France,2024-12-22
MB003434,Jonas,Prinsen,norah52@example.net,073 1064907,Akersloot,Netherlands,2023-11-11
MB003435,Sander,Lansink,lvan-gelder@example.com,(0150) 219481,Vlaardingen,Netherlands,2023-12-06
MB003436,Emily,Diesbergen,fdekker@example.com,(0626) 149081,Hoog Soeren,Belgium,2025-05-21
MB003437,Sam,van Velthoven,nadinescherms@example.net,+31(0)93 9992757,Zwanenburg,Netherlands,2025-08-18
MB003438,Collin,van de Wal,joy89@example.org,+31403 928972,Zwiggelte,France,2025-02-16
MB003439,Bente,van Schevinghuizen,abelden-buytelaar@example.com,+3185-2292941,Amsterdam-Duivendrecht,Belgium,2024-07-26
MB003440,Dirk,VAN DER STEEN,bas66@example.com,051 1850005,Giessenburg,Belgium,2024-09-23
MB003441,Thom,Post,quinn04@example.net,+31(0)83-5071100,Lierderholthuis,Netherlands,2024-06-13
MB003442,Tijn,Mater,lise63@example.com,+31(0)925-457030,Ommen,France,2023-09-26
MB003443,Tygo,Vergeer,lenaprinsen@example.net,+31390-250581,Ellecom,Germany,2024-08-22
MB003444,Lizzy,van Beieren,de-plantardliz@example.net,+31(0)085-902729,Oude Wetering,Netherlands,2025-12-11
MB003445,Lorenzo,van Gorp,van-maarenangelina@example.com,034-9359796,Oud-Beijerland,France,2026-07-25
MB003446,Ravi,Backer,van-milisabel@example.net,+3115 2250789,Tubbergen,France,2024-08-15
MB003447,Tess,Groenendaal,qvan-de-wal@example.org,002-8315383,Reahûs,Belgium,2025-07-11
MB003448,Duuk,Doesburg,wintersvictor@example.net,091 7724547,Harlingen,Belgium,2026-05-20
MB003449,Adriana,stoffelsz,van-de-waterjob@example.org,(0831)-157112,Nijkerkerveen,Belgium,2026-05-12
MB003450,Dave,Jerusalem,hmiddelkoop@example.org,(0572) 623192,Helmond,Germany,2026-05-26
MB003451,Bart,Charon,isabellawalsteijn@example.com,069 7684768,Hezingen,Germany,2024-01-26
MB003452,Jet,van Daal,stijn01@example.net,+31(0)10 0293011,Drongelen,Belgium,2025-09-30
MB003453,Lot,Mangel,lminer@example.org,+31(0)975-496228,Zutphen,Netherlands,2025-04-01
MB003454,Amira,Bruynzeels,uschrant@example.com,+3181 3525172,Neerlangel,France,2023-12-29
MB003455,Jasper,Dekker,jennifer61@example.org,(017) 6912672,Nooitgedacht,Germany,2025-11-12
MB003456,Chris,van 't Wel,mariacornelisse@example.net,,Vijlen,Germany,2024-05-28
MB003457,Hendrik,Ernst,noelle29@example.com,074 2395552,Baarlo,Germany,2025-03-08
MB003458,Bilal,van den Hoek,levesquemick@example.net,0690 565849,Noordwijk,Netherlands,2025-02-19
MB003459,Jayda,Groenestein,rens26@example.com,+31674 940933,Neede,France,2024-11-12
MB003460,Sofie,Hermans,de-bruijnanouk@example.com,+31(0)899 202398,Dalem,Netherlands,2025-12-15
MB003461,Tristan,Verbeeck,kunenwillem@example.com,034 5667593,Ovezande,Netherlands,2024-09-06
MB003462,Tobias,de Vos,annevan-wijland@example.net,+31(0)400-667550,Idaerd,France,2026-06-08
MB003463,Ayden,Vos,bilal58@example.net,+31091-435701,Mildam,Belgium,2025-03-11
MB003464,  Noah  ,Ansems,kvan-nus@example.com,(0817) 813110,Kiel-Windeweer,France,2024-01-10
MB003465,Amin,van Noort,collinkorstman@example.net,+3173-2424015,Reek,France,2024-07-06
MB003466,Inaya,Vial,aron67@example.net,033-9742763,Kloosterzande,Belgium,2024-12-18
MB003467,Bo,Louws,dex17@example.com,044-1351289,Vrouwenparochie,France,2025-07-02
MB003468,Mathijs,le Matelot,vinkalex@example.com,001 8086939,Heinenoord,Belgium,2026-03-09
MB003469,Frederique,van Mispelen,wipstrikjuliette@example.org,(0006) 350749,Odoorn,Netherlands,2025-05-10
MB003470,Rafael,de Keijzer,noortjevan-dokkum@example.com,068-9791000,Maasbommel,Belgium,2026-07-21
MB003471,Yasmine,Uphaus,rjansen@example.com,+31637 377050,Varsseveld,France,2023-12-23
MB003472,Sander,Tuithof,hmomberg@example.net,0864 952161,Elspeet,Netherlands,2026-01-15
MB003473,Pippa,van Baalen,mfredriks@example.net,+3121-9119272,Zurich,France,2024-11-19
MB003474,Tobias,de Vroege,hvan-der-heiden@example.com,+31(0)850 856814,Zandhuizen,France,2026-07-02
MB003475,Jorn,Cornelisse,vponci@example.org,+31(0)449 198653,Anloo,Germany,2023-11-24
MB003476,Wesley,Kleibrink,kay28@example.com,+3180-1762164,Neerijnen,Belgium,2025-05-27
MB003477,Ivy,van Wijland,mijsbergthijs@example.org,+31(0)156 497705,Vinkega,Belgium,2024-11-28
MB003478,Nadia,van der Laarse,jaririppey@example.com,+31(0)14 8696383,Noordgouwe,Belgium,2025-06-17
MB003479,Nikki,van 't Wel,symonsmirte@example.net,+3188-7358625,Tull en 't Waal,Netherlands,2024-08-19
MB003480,Yassin,Ansems,emir42@example.net,,Hobrede,Netherlands,2023-08-20
MB003481,Sami,Kuijpers,julia50@example.org,(069) 3181116,Twijzel,France,2025-02-19
MB003482,Kian,Robbrechts Bruijne,alex05@example.com,+3133 0917609,Noordwelle,Netherlands,2025-11-09
MB003483,Megan,Schenkel,feddevan-westfalen@example.com,+31(0)487-634182,De Heurne,Germany,2025-10-05
MB003484,Alyssa,van de Wal,zakariabrands@example.org,030 6824416,Clinge,Belgium,2025-03-01
MB003485,Oscar,Loep,lvial@example.net,+31819-797591,Westerwijtwerd,Netherlands,2024-04-10
MB003486,Rick,Jacobs,van-loonnadia@example.com,009-8701794,Vlist,Belgium,2026-01-14
MB003487,Amin,Bökenkamp,maaike56@example.org,0713-664276,Aalsmeerderbrug,Germany,2025-08-04
MB003488,Lenn,den Buytelaar,meganvergeer@example.com,+31(0)59 2889787,Ubbena,Germany,2024-04-15
MB003489,Ivy,Woudenberg,tvan-dagsburg@example.net,(041)-7432635,Bronnegerveen,France,2026-01-09
MB003490,Stijn,Klerks,coreth-von-und-zu-coredo-und-starkenbergbenthe@example.org,+31867 278549,Hinnaard,Belgium,2024-03-13
MB003491,Loek,Weijland,kronenbergzara@example.net,(0311)-515671,Ilpendam,Belgium,2026-04-13
MB003492,Roan,Marchal,lisa92@example.org,(039)-2680717,Groesbeek,Netherlands,2025-07-29
MB003493,Femke,van Embden,helena24@example.org,+31277-638941,Sassenheim,France,2025-08-18
MB003494,Jaylinn,Kleybrink,ali94@example.net,+3151 7434886,Riethoven,Netherlands,2026-05-19
MB003495,Maud,van den Berg,furdamette@example.org,(043) 1299858,Kornhorn,Netherlands,2024-01-26
MB003496,Yusuf,van Formbach,annabel43@example.com,045-6905352,Vlieland,Belgium,2026-02-14
MB003497,Nout,van Luxemburg,ariensyara@example.com,+31(0)556 577716,Rotterdam-Albrandswaard,Netherlands,2024-01-26
MB003498,Abel,Recers,matthiaslankle@example.org,+31(0)54 8132570,Beugen,Germany,2023-09-01
MB003499,Quinten,Thout,ischilt@example.com,+31(0)91-7895630,Amstelveen,Belgium,2023-10-24
MB003500,Robin,Cadefau,bastiaan07@example.org,(0539)-296889,Haps,Germany,2024-06-03
MB002197,Mike,van de Veen,davidscharroo@example.com,0793-835305,Vegelinsoord,Germany,2024-10-14
MB000921,Lizz,Zevenboom,bloklandjulia@example.net,(018) 2814112,Berkenwoude,France,2025-04-10
MB001934,Ella,Meijer,joepde-wit@example.com,(016)-4371084,De Mortel,Belgium,2023-08-06
MB000884,Merijn,Tillmanno,molykan@example.com,008 1828212,Purmerland,Netherlands,2023-11-15
MB000890,Luke,Bekbergen,lglasses@example.net,+31(0)182 247730,Doniaga,Belgium,2024-07-07
MB001112,Maud,den Teuling,mohammedvan-baalen@example.org,086-0714846,Heino,France,2024-08-16
MB000502,Stijn,Maaswinkel,tessa02@example.net,052 2430405,Kerk-Avezaath,Belgium,2025-04-02
MB003401,Sem,van Dillen,svenslagmolen@example.com,(0334) 142230,Hoornsterzwaag,France,2025-08-31
MB000361,Jules,Coret,oliviacoreth-von-und-zu-coredo-und-starkenberg@example.com,+31(0)865-153670,Meliskerke,France,2025-02-25
MB002585,Michelle,van Geffen,sterrede-heer@example.com,+3182 6280273,Vrouwenakker,France,2024-07-20
MB000054,Jayson,Kortman,imkeduivenvoorden@example.org,041 2031990,Yerseke,Netherlands,2026-06-23
MB003391,Melle,van Dongen,kayleighmater@example.net,078 5390881,Hank,Netherlands,2024-01-23
MB000114,Evi,Huisman,hguit@example.net,(063) 0295214,Rijnsaterwoude,France,2024-02-27
MB000905,Kyano,Geerling,novade-mol@example.com,(0373)-879093,Waarder,Germany,2025-12-24
MB000787,Evie,Weijters,rademakerdemi@example.org,0793 373535,Uithuizen,Netherlands,2026-04-10
